[{"cityName":"Sogi","countryName":"American Samoa","localeCode":"en","districtName":""},{"cityName":"Utulei","countryName":"American Samoa","localeCode":"en","districtName":""},{"cityName":"Aganoa","countryName":"American Samoa","localeCode":"en","districtName":""},{"cityName":"Afulei","countryName":"American Samoa","localeCode":"en","districtName":""},{"cityName":"Afao","countryName":"American Samoa","localeCode":"en","districtName":""},{"cityName":"A`asufou","countryName":"American Samoa","localeCode":"en","districtName":""},{"cityName":"Aasu","countryName":"American Samoa","localeCode":"en","districtName":""},{"cityName":"Afono","countryName":"American Samoa","localeCode":"en","districtName":""},{"cityName":"Alofau","countryName":"American Samoa","localeCode":"en","districtName":""},{"cityName":"Alaufau","countryName":"American Samoa","localeCode":"en","districtName":""},{"cityName":"Alao","countryName":"American Samoa","localeCode":"en","districtName":""},{"cityName":"Alega","countryName":"American Samoa","localeCode":"en","districtName":""},{"cityName":"Agugulu","countryName":"American Samoa","localeCode":"en","districtName":""},{"cityName":"A`oloaufou","countryName":"American Samoa","localeCode":"en","districtName":""},{"cityName":"Amalau","countryName":"American Samoa","localeCode":"en","districtName":""},{"cityName":"`Amanave","countryName":"American Samoa","localeCode":"en","districtName":""},{"cityName":"Amaluia","countryName":"American Samoa","localeCode":"en","districtName":""},{"cityName":"Amaua","countryName":"American Samoa","localeCode":"en","districtName":""},{"cityName":"Amouli","countryName":"American Samoa","localeCode":"en","districtName":""},{"cityName":"Anasosopo","countryName":"American Samoa","localeCode":"en","districtName":""},{"cityName":"Aoloautuai","countryName":"American Samoa","localeCode":"en","districtName":""},{"cityName":"Tafeta","countryName":"American Samoa","localeCode":"en","districtName":""},{"cityName":"Anua","countryName":"American Samoa","localeCode":"en","districtName":""},{"cityName":"Asili","countryName":"American Samoa","localeCode":"en","districtName":""},{"cityName":"`Aoa","countryName":"American Samoa","localeCode":"en","districtName":""},{"cityName":"Atu`u","countryName":"American Samoa","localeCode":"en","districtName":""},{"cityName":"Aua","countryName":"American Samoa","localeCode":"en","districtName":""},{"cityName":"Auasi","countryName":"American Samoa","localeCode":"en","districtName":""},{"cityName":"Aoloau","countryName":"American Samoa","localeCode":"en","districtName":""},{"cityName":"Auma","countryName":"American Samoa","localeCode":"en","districtName":""},{"cityName":"Aumi","countryName":"American Samoa","localeCode":"en","districtName":""},{"cityName":"Aunu`u","countryName":"American Samoa","localeCode":"en","districtName":""},{"cityName":"Auto","countryName":"American Samoa","localeCode":"en","districtName":""},{"cityName":"Avau","countryName":"American Samoa","localeCode":"en","districtName":""},{"cityName":"Autapini","countryName":"American Samoa","localeCode":"en","districtName":""},{"cityName":"Avaio","countryName":"American Samoa","localeCode":"en","districtName":""},{"cityName":"Vatia","countryName":"American Samoa","localeCode":"en","districtName":""},{"cityName":"Vasaaiga","countryName":"American Samoa","localeCode":"en","districtName":""},{"cityName":"Faalaaga","countryName":"American Samoa","localeCode":"en","districtName":""},{"cityName":"Vaitogi","countryName":"American Samoa","localeCode":"en","districtName":""},{"cityName":"Faga`itua","countryName":"American Samoa","localeCode":"en","districtName":""},{"cityName":"Fagalea","countryName":"American Samoa","localeCode":"en","districtName":""},{"cityName":"Vailoatai","countryName":"American Samoa","localeCode":"en","districtName":""},{"cityName":"Fagali`i","countryName":"American Samoa","localeCode":"en","districtName":""},{"cityName":"Fagamalo","countryName":"American Samoa","localeCode":"en","districtName":""},{"cityName":"Vaiala","countryName":"American Samoa","localeCode":"en","districtName":""},{"cityName":"Tafananai","countryName":"American Samoa","localeCode":"en","districtName":""},{"cityName":"Utusia","countryName":"American Samoa","localeCode":"en","districtName":""},{"cityName":"Se`etaga","countryName":"American Samoa","localeCode":"en","districtName":""},{"cityName":"Sa`ilele","countryName":"American Samoa","localeCode":"en","districtName":""},{"cityName":"Satala","countryName":"American Samoa","localeCode":"en","districtName":""},{"cityName":"Samoi","countryName":"American Samoa","localeCode":"en","districtName":""},{"cityName":"Saua","countryName":"American Samoa","localeCode":"en","districtName":""},{"cityName":"Fiti`uta","countryName":"American Samoa","localeCode":"en","districtName":""},{"cityName":"Si`ufaga","countryName":"American Samoa","localeCode":"en","districtName":""},{"cityName":"Sili","countryName":"American Samoa","localeCode":"en","districtName":""},{"cityName":"Utumea East","countryName":"American Samoa","localeCode":"en","districtName":""},{"cityName":"Utumea West","countryName":"American Samoa","localeCode":"en","districtName":""},{"cityName":"Utumea","countryName":"American Samoa","localeCode":"en","districtName":""},{"cityName":"Utuloa","countryName":"American Samoa","localeCode":"en","districtName":""},{"cityName":"Tulauta","countryName":"American Samoa","localeCode":"en","districtName":""},{"cityName":"Tula","countryName":"American Samoa","localeCode":"en","districtName":""},{"cityName":"Faiava","countryName":"American Samoa","localeCode":"en","districtName":""},{"cityName":"Tuaolo","countryName":"American Samoa","localeCode":"en","districtName":""},{"cityName":"Tuafanua","countryName":"American Samoa","localeCode":"en","districtName":""},{"cityName":"To`aga","countryName":"American Samoa","localeCode":"en","districtName":""},{"cityName":"Taulaga","countryName":"American Samoa","localeCode":"en","districtName":""},{"cityName":"Ta`u","countryName":"American Samoa","localeCode":"en","districtName":""},{"cityName":"Taputimu","countryName":"American Samoa","localeCode":"en","districtName":""},{"cityName":"Falili","countryName":"American Samoa","localeCode":"en","districtName":""},{"cityName":"Tafunafou","countryName":"American Samoa","localeCode":"en","districtName":""},{"cityName":"Tagapofu","countryName":"American Samoa","localeCode":"en","districtName":""},{"cityName":"Tafuna","countryName":"American Samoa","localeCode":"en","districtName":""},{"cityName":"Puapua","countryName":"American Samoa","localeCode":"en","districtName":""},{"cityName":"Tafalau","countryName":"American Samoa","localeCode":"en","districtName":""},{"cityName":"Etena - Jennings Residency","countryName":"American Samoa","localeCode":"en","districtName":""},{"cityName":"Faalefu","countryName":"American Samoa","localeCode":"en","districtName":""},{"cityName":"Faleniu","countryName":"American Samoa","localeCode":"en","districtName":""},{"cityName":"Faganeanea","countryName":"American Samoa","localeCode":"en","districtName":""},{"cityName":"Faga","countryName":"American Samoa","localeCode":"en","districtName":""},{"cityName":"Faga`alu","countryName":"American Samoa","localeCode":"en","districtName":""},{"cityName":"Fagamutu","countryName":"American Samoa","localeCode":"en","districtName":""},{"cityName":"Fagalele","countryName":"American Samoa","localeCode":"en","districtName":""},{"cityName":"Fagatogo","countryName":"American Samoa","localeCode":"en","districtName":""},{"cityName":"Fagatele","countryName":"American Samoa","localeCode":"en","districtName":""},{"cityName":"Fagasa","countryName":"American Samoa","localeCode":"en","districtName":""},{"cityName":"Failolo","countryName":"American Samoa","localeCode":"en","districtName":""},{"cityName":"Faleasao","countryName":"American Samoa","localeCode":"en","districtName":""},{"cityName":"Fatumafuti","countryName":"American Samoa","localeCode":"en","districtName":""},{"cityName":"Fogagogo","countryName":"American Samoa","localeCode":"en","districtName":""},{"cityName":"Fogaau","countryName":"American Samoa","localeCode":"en","districtName":""},{"cityName":"Itu`au","countryName":"American Samoa","localeCode":"en","districtName":""},{"cityName":"Fusi","countryName":"American Samoa","localeCode":"en","districtName":""},{"cityName":"Fogausa","countryName":"American Samoa","localeCode":"en","districtName":""},{"cityName":"Ili`ili","countryName":"American Samoa","localeCode":"en","districtName":""},{"cityName":"Lalopua","countryName":"American Samoa","localeCode":"en","districtName":""},{"cityName":"Lauagae","countryName":"American Samoa","localeCode":"en","districtName":""},{"cityName":"Lauliituai","countryName":"American Samoa","localeCode":"en","districtName":""},{"cityName":"Leloaloa","countryName":"American Samoa","localeCode":"en","districtName":""},{"cityName":"Leone","countryName":"American Samoa","localeCode":"en","districtName":""},{"cityName":"Lepua","countryName":"American Samoa","localeCode":"en","districtName":""},{"cityName":"Lepine","countryName":"American Samoa","localeCode":"en","districtName":""},{"cityName":"Lauliifou","countryName":"American Samoa","localeCode":"en","districtName":""},{"cityName":"Lepisi","countryName":"American Samoa","localeCode":"en","districtName":""},{"cityName":"Lauli`i","countryName":"American Samoa","localeCode":"en","districtName":""},{"cityName":"Lepula","countryName":"American Samoa","localeCode":"en","districtName":""},{"cityName":"Leusoali`i","countryName":"American Samoa","localeCode":"en","districtName":""},{"cityName":"Letula","countryName":"American Samoa","localeCode":"en","districtName":""},{"cityName":"Luamaa","countryName":"American Samoa","localeCode":"en","districtName":""},{"cityName":"Luma","countryName":"American Samoa","localeCode":"en","districtName":""},{"cityName":"Malaeloa/Ituau","countryName":"American Samoa","localeCode":"en","districtName":""},{"cityName":"Mafafa","countryName":"American Samoa","localeCode":"en","districtName":""},{"cityName":"Malaeloa/Aitulagi","countryName":"American Samoa","localeCode":"en","districtName":""},{"cityName":"Malaeimi","countryName":"American Samoa","localeCode":"en","districtName":""},{"cityName":"Maia","countryName":"American Samoa","localeCode":"en","districtName":""},{"cityName":"Malaeloa","countryName":"American Samoa","localeCode":"en","districtName":""},{"cityName":"Malaloa","countryName":"American Samoa","localeCode":"en","districtName":""},{"cityName":"Lalomoana","countryName":"American Samoa","localeCode":"en","districtName":""},{"cityName":"Maloata","countryName":"American Samoa","localeCode":"en","districtName":""},{"cityName":"Mapusaga","countryName":"American Samoa","localeCode":"en","districtName":""},{"cityName":"Mapusagafou","countryName":"American Samoa","localeCode":"en","districtName":""},{"cityName":"Masefau","countryName":"American Samoa","localeCode":"en","districtName":""},{"cityName":"Masausi","countryName":"American Samoa","localeCode":"en","districtName":""},{"cityName":"Matu`u","countryName":"American Samoa","localeCode":"en","districtName":""},{"cityName":"Mesepa","countryName":"American Samoa","localeCode":"en","districtName":""},{"cityName":"Maupua","countryName":"American Samoa","localeCode":"en","districtName":""},{"cityName":"Nua","countryName":"American Samoa","localeCode":"en","districtName":""},{"cityName":"Nu`uuli","countryName":"American Samoa","localeCode":"en","districtName":""},{"cityName":"Ofu","countryName":"American Samoa","localeCode":"en","districtName":""},{"cityName":"Oa","countryName":"American Samoa","localeCode":"en","districtName":""},{"cityName":"Oge","countryName":"American Samoa","localeCode":"en","districtName":""},{"cityName":"Ogegase","countryName":"American Samoa","localeCode":"en","districtName":""},{"cityName":"Ogefao","countryName":"American Samoa","localeCode":"en","districtName":""},{"cityName":"Olosega","countryName":"American Samoa","localeCode":"en","districtName":""},{"cityName":"Pago Pago","countryName":"American Samoa","localeCode":"en","districtName":""},{"cityName":"Oneoneloa","countryName":"American Samoa","localeCode":"en","districtName":""},{"cityName":"Onenoa","countryName":"American Samoa","localeCode":"en","districtName":""},{"cityName":"Ottoville","countryName":"American Samoa","localeCode":"en","districtName":""},{"cityName":"Pagai","countryName":"American Samoa","localeCode":"en","districtName":""},{"cityName":"Futiga","countryName":"American Samoa","localeCode":"en","districtName":""},{"cityName":"Poloa","countryName":"American Samoa","localeCode":"en","districtName":""},{"cityName":"Pava`ia`i","countryName":"American Samoa","localeCode":"en","districtName":""}]