[{"cityName":"Sogi","countryName":"American Samoa"},{"cityName":"Utulei","countryName":"American Samoa"},{"cityName":"Aganoa","countryName":"American Samoa"},{"cityName":"Afulei","countryName":"American Samoa"},{"cityName":"Afao","countryName":"American Samoa"},{"cityName":"A`asufou","countryName":"American Samoa"},{"cityName":"Aasu","countryName":"American Samoa"},{"cityName":"Afono","countryName":"American Samoa"},{"cityName":"Alofau","countryName":"American Samoa"},{"cityName":"Alaufau","countryName":"American Samoa"},{"cityName":"Alao","countryName":"American Samoa"},{"cityName":"Alega","countryName":"American Samoa"},{"cityName":"Agugulu","countryName":"American Samoa"},{"cityName":"A`oloaufou","countryName":"American Samoa"},{"cityName":"Amalau","countryName":"American Samoa"},{"cityName":"`Amanave","countryName":"American Samoa"},{"cityName":"Amaluia","countryName":"American Samoa"},{"cityName":"Amaua","countryName":"American Samoa"},{"cityName":"Amouli","countryName":"American Samoa"},{"cityName":"Anasosopo","countryName":"American Samoa"},{"cityName":"Aoloautuai","countryName":"American Samoa"},{"cityName":"Tafeta","countryName":"American Samoa"},{"cityName":"Anua","countryName":"American Samoa"},{"cityName":"Asili","countryName":"American Samoa"},{"cityName":"`Aoa","countryName":"American Samoa"},{"cityName":"Atu`u","countryName":"American Samoa"},{"cityName":"Aua","countryName":"American Samoa"},{"cityName":"Auasi","countryName":"American Samoa"},{"cityName":"Aoloau","countryName":"American Samoa"},{"cityName":"Auma","countryName":"American Samoa"},{"cityName":"Aumi","countryName":"American Samoa"},{"cityName":"Aunu`u","countryName":"American Samoa"},{"cityName":"Auto","countryName":"American Samoa"},{"cityName":"Avau","countryName":"American Samoa"},{"cityName":"Autapini","countryName":"American Samoa"},{"cityName":"Avaio","countryName":"American Samoa"},{"cityName":"Vatia","countryName":"American Samoa"},{"cityName":"Vasaaiga","countryName":"American Samoa"},{"cityName":"Faalaaga","countryName":"American Samoa"},{"cityName":"Vaitogi","countryName":"American Samoa"},{"cityName":"Faga`itua","countryName":"American Samoa"},{"cityName":"Fagalea","countryName":"American Samoa"},{"cityName":"Vailoatai","countryName":"American Samoa"},{"cityName":"Fagali`i","countryName":"American Samoa"},{"cityName":"Fagamalo","countryName":"American Samoa"},{"cityName":"Vaiala","countryName":"American Samoa"},{"cityName":"Tafananai","countryName":"American Samoa"},{"cityName":"Utusia","countryName":"American Samoa"},{"cityName":"Se`etaga","countryName":"American Samoa"},{"cityName":"Sa`ilele","countryName":"American Samoa"},{"cityName":"Satala","countryName":"American Samoa"},{"cityName":"Samoi","countryName":"American Samoa"},{"cityName":"Saua","countryName":"American Samoa"},{"cityName":"Fiti`uta","countryName":"American Samoa"},{"cityName":"Si`ufaga","countryName":"American Samoa"},{"cityName":"Sili","countryName":"American Samoa"},{"cityName":"Utumea East","countryName":"American Samoa"},{"cityName":"Utumea West","countryName":"American Samoa"},{"cityName":"Utumea","countryName":"American Samoa"},{"cityName":"Utuloa","countryName":"American Samoa"},{"cityName":"Tulauta","countryName":"American Samoa"},{"cityName":"Tula","countryName":"American Samoa"},{"cityName":"Faiava","countryName":"American Samoa"},{"cityName":"Tuaolo","countryName":"American Samoa"},{"cityName":"Tuafanua","countryName":"American Samoa"},{"cityName":"To`aga","countryName":"American Samoa"},{"cityName":"Taulaga","countryName":"American Samoa"},{"cityName":"Ta`u","countryName":"American Samoa"},{"cityName":"Taputimu","countryName":"American Samoa"},{"cityName":"Falili","countryName":"American Samoa"},{"cityName":"Tafunafou","countryName":"American Samoa"},{"cityName":"Tagapofu","countryName":"American Samoa"},{"cityName":"Tafuna","countryName":"American Samoa"},{"cityName":"Puapua","countryName":"American Samoa"},{"cityName":"Tafalau","countryName":"American Samoa"},{"cityName":"Etena - Jennings Residency","countryName":"American Samoa"},{"cityName":"Faalefu","countryName":"American Samoa"},{"cityName":"Faleniu","countryName":"American Samoa"},{"cityName":"Faganeanea","countryName":"American Samoa"},{"cityName":"Faga","countryName":"American Samoa"},{"cityName":"Faga`alu","countryName":"American Samoa"},{"cityName":"Fagamutu","countryName":"American Samoa"},{"cityName":"Fagalele","countryName":"American Samoa"},{"cityName":"Fagatogo","countryName":"American Samoa"},{"cityName":"Fagatele","countryName":"American Samoa"},{"cityName":"Fagasa","countryName":"American Samoa"},{"cityName":"Failolo","countryName":"American Samoa"},{"cityName":"Faleasao","countryName":"American Samoa"},{"cityName":"Fatumafuti","countryName":"American Samoa"},{"cityName":"Fogagogo","countryName":"American Samoa"},{"cityName":"Fogaau","countryName":"American Samoa"},{"cityName":"Itu`au","countryName":"American Samoa"},{"cityName":"Fusi","countryName":"American Samoa"},{"cityName":"Fogausa","countryName":"American Samoa"},{"cityName":"Ili`ili","countryName":"American Samoa"},{"cityName":"Lalopua","countryName":"American Samoa"},{"cityName":"Lauagae","countryName":"American Samoa"},{"cityName":"Lauliituai","countryName":"American Samoa"},{"cityName":"Leloaloa","countryName":"American Samoa"},{"cityName":"Leone","countryName":"American Samoa"},{"cityName":"Lepua","countryName":"American Samoa"},{"cityName":"Lepine","countryName":"American Samoa"},{"cityName":"Lauliifou","countryName":"American Samoa"},{"cityName":"Lepisi","countryName":"American Samoa"},{"cityName":"Lauli`i","countryName":"American Samoa"},{"cityName":"Lepula","countryName":"American Samoa"},{"cityName":"Leusoali`i","countryName":"American Samoa"},{"cityName":"Letula","countryName":"American Samoa"},{"cityName":"Luamaa","countryName":"American Samoa"},{"cityName":"Luma","countryName":"American Samoa"},{"cityName":"Malaeloa/Ituau","countryName":"American Samoa"},{"cityName":"Mafafa","countryName":"American Samoa"},{"cityName":"Malaeloa/Aitulagi","countryName":"American Samoa"},{"cityName":"Malaeimi","countryName":"American Samoa"},{"cityName":"Maia","countryName":"American Samoa"},{"cityName":"Malaeloa","countryName":"American Samoa"},{"cityName":"Malaloa","countryName":"American Samoa"},{"cityName":"Lalomoana","countryName":"American Samoa"},{"cityName":"Maloata","countryName":"American Samoa"},{"cityName":"Mapusaga","countryName":"American Samoa"},{"cityName":"Mapusagafou","countryName":"American Samoa"},{"cityName":"Masefau","countryName":"American Samoa"},{"cityName":"Masausi","countryName":"American Samoa"},{"cityName":"Matu`u","countryName":"American Samoa"},{"cityName":"Mesepa","countryName":"American Samoa"},{"cityName":"Maupua","countryName":"American Samoa"},{"cityName":"Nua","countryName":"American Samoa"},{"cityName":"Nu`uuli","countryName":"American Samoa"},{"cityName":"Ofu","countryName":"American Samoa"},{"cityName":"Oa","countryName":"American Samoa"},{"cityName":"Oge","countryName":"American Samoa"},{"cityName":"Ogegase","countryName":"American Samoa"},{"cityName":"Ogefao","countryName":"American Samoa"},{"cityName":"Olosega","countryName":"American Samoa"},{"cityName":"Pago Pago","countryName":"American Samoa"},{"cityName":"Oneoneloa","countryName":"American Samoa"},{"cityName":"Onenoa","countryName":"American Samoa"},{"cityName":"Ottoville","countryName":"American Samoa"},{"cityName":"Pagai","countryName":"American Samoa"},{"cityName":"Futiga","countryName":"American Samoa"},{"cityName":"Poloa","countryName":"American Samoa"},{"cityName":"Pava`ia`i","countryName":"American Samoa"}]