[{"cityName":"Xixerella","countryName":"Andorra","localeCode":"en","districtName":""},{"cityName":"Vila","countryName":"Andorra","localeCode":"en","districtName":""},{"cityName":"Sornas","countryName":"Andorra","localeCode":"en","districtName":""},{"cityName":"Soldeu","countryName":"Andorra","localeCode":"en","districtName":""},{"cityName":"Sispony","countryName":"Andorra","localeCode":"en","districtName":""},{"cityName":"Segudet","countryName":"Andorra","localeCode":"en","districtName":""},{"cityName":"El Tarter","countryName":"Andorra","localeCode":"en","districtName":""},{"cityName":"Sant Julia de Loria","countryName":"Andorra","localeCode":"en","districtName":""},{"cityName":"Sant Joan de Caselles","countryName":"Andorra","localeCode":"en","districtName":""},{"cityName":"Santa Coloma","countryName":"Andorra","localeCode":"en","districtName":""},{"cityName":"Ransol","countryName":"Andorra","localeCode":"en","districtName":""},{"cityName":"Prats","countryName":"Andorra","localeCode":"en","districtName":""},{"cityName":"Pas de la Casa","countryName":"Andorra","localeCode":"en","districtName":""},{"cityName":"Pal","countryName":"Andorra","localeCode":"en","districtName":""},{"cityName":"Ordino","countryName":"Andorra","localeCode":"en","districtName":""},{"cityName":"Nagol","countryName":"Andorra","localeCode":"en","districtName":""},{"cityName":"Molleres","countryName":"Andorra","localeCode":"en","districtName":""},{"cityName":"Meritxell","countryName":"Andorra","localeCode":"en","districtName":""},{"cityName":"Mas de Ribafeta","countryName":"Andorra","localeCode":"en","districtName":""},{"cityName":"Mas d'Alins","countryName":"Andorra","localeCode":"en","districtName":""},{"cityName":"Llumeneres","countryName":"Andorra","localeCode":"en","districtName":""},{"cityName":"Llorts","countryName":"Andorra","localeCode":"en","districtName":""},{"cityName":"Les Salines","countryName":"Andorra","localeCode":"en","districtName":""},{"cityName":"les Escaldes","countryName":"Andorra","localeCode":"en","districtName":""},{"cityName":"Les Bons","countryName":"Andorra","localeCode":"en","districtName":""},{"cityName":"la Massana","countryName":"Andorra","localeCode":"en","districtName":""},{"cityName":"l'Aldosa de canillo","countryName":"Andorra","localeCode":"en","districtName":""},{"cityName":"l'Aldosa","countryName":"Andorra","localeCode":"en","districtName":""},{"cityName":"La Cortinada","countryName":"Andorra","localeCode":"en","districtName":""},{"cityName":"Juberri","countryName":"Andorra","localeCode":"en","districtName":""},{"cityName":"Fontaneda","countryName":"Andorra","localeCode":"en","districtName":""},{"cityName":"Escas","countryName":"Andorra","localeCode":"en","districtName":""},{"cityName":"Erts","countryName":"Andorra","localeCode":"en","districtName":""},{"cityName":"Engordany","countryName":"Andorra","localeCode":"en","districtName":""},{"cityName":"Encamp","countryName":"Andorra","localeCode":"en","districtName":""},{"cityName":"El Vilar","countryName":"Andorra","localeCode":"en","districtName":""},{"cityName":"Els Plans","countryName":"Andorra","localeCode":"en","districtName":""},{"cityName":"El Serrat","countryName":"Andorra","localeCode":"en","districtName":""},{"cityName":"Certers","countryName":"Andorra","localeCode":"en","districtName":""},{"cityName":"Canillo","countryName":"Andorra","localeCode":"en","districtName":""},{"cityName":"Bixessarri","countryName":"Andorra","localeCode":"en","districtName":""},{"cityName":"Aubinya","countryName":"Andorra","localeCode":"en","districtName":""},{"cityName":"Arinsal","countryName":"Andorra","localeCode":"en","districtName":""},{"cityName":"Arans","countryName":"Andorra","localeCode":"en","districtName":""},{"cityName":"Anyos","countryName":"Andorra","localeCode":"en","districtName":""},{"cityName":"Ansalonga","countryName":"Andorra","localeCode":"en","districtName":""},{"cityName":"Andorra la Vella","countryName":"Andorra","localeCode":"en","districtName":""},{"cityName":"Aixovall","countryName":"Andorra","localeCode":"en","districtName":""},{"cityName":"Aixirivall","countryName":"Andorra","localeCode":"en","districtName":""},{"cityName":"Aixas","countryName":"Andorra","localeCode":"en","districtName":""},{"cityName":"La Margineda","countryName":"Andorra","localeCode":"en","districtName":""},{"cityName":"Incles","countryName":"Andorra","localeCode":"en","districtName":""},{"cityName":"Bordes d'Envalira","countryName":"Andorra","localeCode":"en","districtName":""},{"cityName":"Sant Miquel d'Engolasters","countryName":"Andorra","localeCode":"en","districtName":""}]