[{"cityName":"Xixerella","countryName":"Andorra"},{"cityName":"Vila","countryName":"Andorra"},{"cityName":"Sornas","countryName":"Andorra"},{"cityName":"Soldeu","countryName":"Andorra"},{"cityName":"Sispony","countryName":"Andorra"},{"cityName":"Segudet","countryName":"Andorra"},{"cityName":"El Tarter","countryName":"Andorra"},{"cityName":"Sant Julia de Loria","countryName":"Andorra"},{"cityName":"Sant Joan de Caselles","countryName":"Andorra"},{"cityName":"Santa Coloma","countryName":"Andorra"},{"cityName":"Ransol","countryName":"Andorra"},{"cityName":"Prats","countryName":"Andorra"},{"cityName":"Pas de la Casa","countryName":"Andorra"},{"cityName":"Pal","countryName":"Andorra"},{"cityName":"Ordino","countryName":"Andorra"},{"cityName":"Nagol","countryName":"Andorra"},{"cityName":"Molleres","countryName":"Andorra"},{"cityName":"Meritxell","countryName":"Andorra"},{"cityName":"Mas de Ribafeta","countryName":"Andorra"},{"cityName":"Mas d'Alins","countryName":"Andorra"},{"cityName":"Llumeneres","countryName":"Andorra"},{"cityName":"Llorts","countryName":"Andorra"},{"cityName":"Les Salines","countryName":"Andorra"},{"cityName":"les Escaldes","countryName":"Andorra"},{"cityName":"Les Bons","countryName":"Andorra"},{"cityName":"la Massana","countryName":"Andorra"},{"cityName":"l'Aldosa de canillo","countryName":"Andorra"},{"cityName":"l'Aldosa","countryName":"Andorra"},{"cityName":"La Cortinada","countryName":"Andorra"},{"cityName":"Juberri","countryName":"Andorra"},{"cityName":"Fontaneda","countryName":"Andorra"},{"cityName":"Escas","countryName":"Andorra"},{"cityName":"Erts","countryName":"Andorra"},{"cityName":"Engordany","countryName":"Andorra"},{"cityName":"Encamp","countryName":"Andorra"},{"cityName":"El Vilar","countryName":"Andorra"},{"cityName":"Els Plans","countryName":"Andorra"},{"cityName":"El Serrat","countryName":"Andorra"},{"cityName":"Certers","countryName":"Andorra"},{"cityName":"Canillo","countryName":"Andorra"},{"cityName":"Bixessarri","countryName":"Andorra"},{"cityName":"Aubinya","countryName":"Andorra"},{"cityName":"Arinsal","countryName":"Andorra"},{"cityName":"Arans","countryName":"Andorra"},{"cityName":"Anyos","countryName":"Andorra"},{"cityName":"Ansalonga","countryName":"Andorra"},{"cityName":"Andorra la Vella","countryName":"Andorra"},{"cityName":"Aixovall","countryName":"Andorra"},{"cityName":"Aixirivall","countryName":"Andorra"},{"cityName":"Aixas","countryName":"Andorra"},{"cityName":"La Margineda","countryName":"Andorra"},{"cityName":"Incles","countryName":"Andorra"},{"cityName":"Bordes d'Envalira","countryName":"Andorra"},{"cityName":"Sant Miquel d'Engolasters","countryName":"Andorra"}]