[{"cityName":"White Hill","countryName":"Anguilla"},{"cityName":"West End Village","countryName":"Anguilla"},{"cityName":"Welches Hill","countryName":"Anguilla"},{"cityName":"Wattices","countryName":"Anguilla"},{"cityName":"The Valley","countryName":"Anguilla"},{"cityName":"The Quarter","countryName":"Anguilla"},{"cityName":"The Forest","countryName":"Anguilla"},{"cityName":"The Farrington","countryName":"Anguilla"},{"cityName":"The Copse","countryName":"Anguilla"},{"cityName":"Stoney Ground","countryName":"Anguilla"},{"cityName":"South Hill Village","countryName":"Anguilla"},{"cityName":"Shoal Bay Village","countryName":"Anguilla"},{"cityName":"Sandy Ground Village","countryName":"Anguilla"},{"cityName":"Rey Hill","countryName":"Anguilla"},{"cityName":"North Side","countryName":"Anguilla"},{"cityName":"North Hill Village","countryName":"Anguilla"},{"cityName":"Mount Fortune","countryName":"Anguilla"},{"cityName":"Mahogany Tree","countryName":"Anguilla"},{"cityName":"Lower South Hill","countryName":"Anguilla"},{"cityName":"Long Path","countryName":"Anguilla"},{"cityName":"Long Ground","countryName":"Anguilla"},{"cityName":"Long Bay Village","countryName":"Anguilla"},{"cityName":"Little Dix","countryName":"Anguilla"},{"cityName":"Junks Hole","countryName":"Anguilla"},{"cityName":"Island Harbour","countryName":"Anguilla"},{"cityName":"George Hill","countryName":"Anguilla"},{"cityName":"Ebenezer","countryName":"Anguilla"},{"cityName":"East End Village","countryName":"Anguilla"},{"cityName":"Deep Waters","countryName":"Anguilla"},{"cityName":"Crocus Hill","countryName":"Anguilla"},{"cityName":"Chalvilles","countryName":"Anguilla"},{"cityName":"Cauls Bottom","countryName":"Anguilla"},{"cityName":"Cannifist","countryName":"Anguilla"},{"cityName":"Blowing Point Village","countryName":"Anguilla"},{"cityName":"Betty Hill","countryName":"Anguilla"},{"cityName":"Bethel","countryName":"Anguilla"}]