[{"cityName":"Westpunt","countryName":"Aruba","localeCode":"en","districtName":""},{"cityName":"Wayaca","countryName":"Aruba","localeCode":"en","districtName":""},{"cityName":"Washington","countryName":"Aruba","localeCode":"en","districtName":""},{"cityName":"Tarabana","countryName":"Aruba","localeCode":"en","districtName":""},{"cityName":"Tanki Lender","countryName":"Aruba","localeCode":"en","districtName":""},{"cityName":"Tanki Flip","countryName":"Aruba","localeCode":"en","districtName":""},{"cityName":"Tamarijn","countryName":"Aruba","localeCode":"en","districtName":""},{"cityName":"Solito","countryName":"Aruba","localeCode":"en","districtName":""},{"cityName":"Soledad","countryName":"Aruba","localeCode":"en","districtName":""},{"cityName":"Siribana","countryName":"Aruba","localeCode":"en","districtName":""},{"cityName":"Sint Nicolaas","countryName":"Aruba","localeCode":"en","districtName":""},{"cityName":"Sint Anna","countryName":"Aruba","localeCode":"en","districtName":""},{"cityName":"Simeon Antonio","countryName":"Aruba","localeCode":"en","districtName":""},{"cityName":"Shiribana","countryName":"Aruba","localeCode":"en","districtName":""},{"cityName":"Shete","countryName":"Aruba","localeCode":"en","districtName":""},{"cityName":"Shabiruri","countryName":"Aruba","localeCode":"en","districtName":""},{"cityName":"Shaba","countryName":"Aruba","localeCode":"en","districtName":""},{"cityName":"Ceru Colorado","countryName":"Aruba","localeCode":"en","districtName":""},{"cityName":"Sero Blanco","countryName":"Aruba","localeCode":"en","districtName":""},{"cityName":"Santa Martha","countryName":"Aruba","localeCode":"en","districtName":""},{"cityName":"Santa Helena","countryName":"Aruba","localeCode":"en","districtName":""},{"cityName":"Santa Cruz","countryName":"Aruba","localeCode":"en","districtName":""},{"cityName":"San Fuego","countryName":"Aruba","localeCode":"en","districtName":""},{"cityName":"San Barbola","countryName":"Aruba","localeCode":"en","districtName":""},{"cityName":"Salina Cerca","countryName":"Aruba","localeCode":"en","districtName":""},{"cityName":"Sabania Abao","countryName":"Aruba","localeCode":"en","districtName":""},{"cityName":"Sabaneta","countryName":"Aruba","localeCode":"en","districtName":""},{"cityName":"Sabana Liber","countryName":"Aruba","localeCode":"en","districtName":""},{"cityName":"Sabana Grandi","countryName":"Aruba","localeCode":"en","districtName":""},{"cityName":"Sabana Blanco","countryName":"Aruba","localeCode":"en","districtName":""},{"cityName":"Sabana Berde","countryName":"Aruba","localeCode":"en","districtName":""},{"cityName":"Sabana Basora","countryName":"Aruba","localeCode":"en","districtName":""},{"cityName":"Rooi Prikichi","countryName":"Aruba","localeCode":"en","districtName":""},{"cityName":"Rooi Master","countryName":"Aruba","localeCode":"en","districtName":""},{"cityName":"Rooi Hundo","countryName":"Aruba","localeCode":"en","districtName":""},{"cityName":"Rooi Congo","countryName":"Aruba","localeCode":"en","districtName":""},{"cityName":"Rooi Cochi","countryName":"Aruba","localeCode":"en","districtName":""},{"cityName":"Rooi Bosal","countryName":"Aruba","localeCode":"en","districtName":""},{"cityName":"Rooi Afo","countryName":"Aruba","localeCode":"en","districtName":""},{"cityName":"Roncado","countryName":"Aruba","localeCode":"en","districtName":""},{"cityName":"Primavera","countryName":"Aruba","localeCode":"en","districtName":""},{"cityName":"Pos Chikito","countryName":"Aruba","localeCode":"en","districtName":""},{"cityName":"Pos Abao","countryName":"Aruba","localeCode":"en","districtName":""},{"cityName":"Ponton","countryName":"Aruba","localeCode":"en","districtName":""},{"cityName":"Plantersrust","countryName":"Aruba","localeCode":"en","districtName":""},{"cityName":"Piedra Plat","countryName":"Aruba","localeCode":"en","districtName":""},{"cityName":"Picaron","countryName":"Aruba","localeCode":"en","districtName":""},{"cityName":"Pavia","countryName":"Aruba","localeCode":"en","districtName":""},{"cityName":"Parkietenbos","countryName":"Aruba","localeCode":"en","districtName":""},{"cityName":"Paraguana","countryName":"Aruba","localeCode":"en","districtName":""},{"cityName":"Paradijs","countryName":"Aruba","localeCode":"en","districtName":""},{"cityName":"Paradera","countryName":"Aruba","localeCode":"en","districtName":""},{"cityName":"Palm Beach","countryName":"Aruba","localeCode":"en","districtName":""},{"cityName":"Oranjestad","countryName":"Aruba","localeCode":"en","districtName":""},{"cityName":"Nune","countryName":"Aruba","localeCode":"en","districtName":""},{"cityName":"Noord Cura Cabai","countryName":"Aruba","localeCode":"en","districtName":""},{"cityName":"Noord","countryName":"Aruba","localeCode":"en","districtName":""},{"cityName":"Morgenster","countryName":"Aruba","localeCode":"en","districtName":""},{"cityName":"Mon Pos","countryName":"Aruba","localeCode":"en","districtName":""},{"cityName":"Modansa","countryName":"Aruba","localeCode":"en","districtName":""},{"cityName":"Moco","countryName":"Aruba","localeCode":"en","districtName":""},{"cityName":"Meiveld","countryName":"Aruba","localeCode":"en","districtName":""},{"cityName":"Maria Mai","countryName":"Aruba","localeCode":"en","districtName":""},{"cityName":"Marawiel","countryName":"Aruba","localeCode":"en","districtName":""},{"cityName":"Mahuma","countryName":"Aruba","localeCode":"en","districtName":""},{"cityName":"Madiki","countryName":"Aruba","localeCode":"en","districtName":""},{"cityName":"Macuarima","countryName":"Aruba","localeCode":"en","districtName":""},{"cityName":"Mabon","countryName":"Aruba","localeCode":"en","districtName":""},{"cityName":"Juwana Morto","countryName":"Aruba","localeCode":"en","districtName":""},{"cityName":"Jan Flemming","countryName":"Aruba","localeCode":"en","districtName":""},{"cityName":"Jamanota","countryName":"Aruba","localeCode":"en","districtName":""},{"cityName":"Gasparito","countryName":"Aruba","localeCode":"en","districtName":""},{"cityName":"Fontein","countryName":"Aruba","localeCode":"en","districtName":""},{"cityName":"Falcon","countryName":"Aruba","localeCode":"en","districtName":""},{"cityName":"Eagle Beach","countryName":"Aruba","localeCode":"en","districtName":""},{"cityName":"Druif","countryName":"Aruba","localeCode":"en","districtName":""},{"cityName":"Dacota","countryName":"Aruba","localeCode":"en","districtName":""},{"cityName":"Cura Cabai","countryName":"Aruba","localeCode":"en","districtName":""},{"cityName":"Cunucu Abao","countryName":"Aruba","localeCode":"en","districtName":""},{"cityName":"Cumana","countryName":"Aruba","localeCode":"en","districtName":""},{"cityName":"Coba Lodo","countryName":"Aruba","localeCode":"en","districtName":""},{"cityName":"Catiri","countryName":"Aruba","localeCode":"en","districtName":""},{"cityName":"Catashi","countryName":"Aruba","localeCode":"en","districtName":""},{"cityName":"Casibari","countryName":"Aruba","localeCode":"en","districtName":""},{"cityName":"Cashero","countryName":"Aruba","localeCode":"en","districtName":""},{"cityName":"Cas di Paloma","countryName":"Aruba","localeCode":"en","districtName":""},{"cityName":"Cas Ariba","countryName":"Aruba","localeCode":"en","districtName":""},{"cityName":"Canashito","countryName":"Aruba","localeCode":"en","districtName":""},{"cityName":"Camacuri","countryName":"Aruba","localeCode":"en","districtName":""},{"cityName":"Calabas","countryName":"Aruba","localeCode":"en","districtName":""},{"cityName":"Largo Cadushi","countryName":"Aruba","localeCode":"en","districtName":""},{"cityName":"Butucu","countryName":"Aruba","localeCode":"en","districtName":""},{"cityName":"Bushiribana","countryName":"Aruba","localeCode":"en","districtName":""},{"cityName":"Bubali","countryName":"Aruba","localeCode":"en","districtName":""},{"cityName":"Bringamosa","countryName":"Aruba","localeCode":"en","districtName":""},{"cityName":"Brasil","countryName":"Aruba","localeCode":"en","districtName":""},{"cityName":"Boton","countryName":"Aruba","localeCode":"en","districtName":""},{"cityName":"Blumond","countryName":"Aruba","localeCode":"en","districtName":""},{"cityName":"Barcelona","countryName":"Aruba","localeCode":"en","districtName":""},{"cityName":"Balashi","countryName":"Aruba","localeCode":"en","districtName":""},{"cityName":"Babijn","countryName":"Aruba","localeCode":"en","districtName":""},{"cityName":"Arasji","countryName":"Aruba","localeCode":"en","districtName":""},{"cityName":"Angochi","countryName":"Aruba","localeCode":"en","districtName":""},{"cityName":"Boegoeroei","countryName":"Aruba","localeCode":"en","districtName":""}]