[{"cityName":"Westpunt","countryName":"Aruba"},{"cityName":"Wayaca","countryName":"Aruba"},{"cityName":"Washington","countryName":"Aruba"},{"cityName":"Tarabana","countryName":"Aruba"},{"cityName":"Tanki Lender","countryName":"Aruba"},{"cityName":"Tanki Flip","countryName":"Aruba"},{"cityName":"Tamarijn","countryName":"Aruba"},{"cityName":"Solito","countryName":"Aruba"},{"cityName":"Soledad","countryName":"Aruba"},{"cityName":"Siribana","countryName":"Aruba"},{"cityName":"Sint Nicolaas","countryName":"Aruba"},{"cityName":"Sint Anna","countryName":"Aruba"},{"cityName":"Simeon Antonio","countryName":"Aruba"},{"cityName":"Shiribana","countryName":"Aruba"},{"cityName":"Shete","countryName":"Aruba"},{"cityName":"Shabiruri","countryName":"Aruba"},{"cityName":"Shaba","countryName":"Aruba"},{"cityName":"Ceru Colorado","countryName":"Aruba"},{"cityName":"Sero Blanco","countryName":"Aruba"},{"cityName":"Santa Martha","countryName":"Aruba"},{"cityName":"Santa Helena","countryName":"Aruba"},{"cityName":"Santa Cruz","countryName":"Aruba"},{"cityName":"San Fuego","countryName":"Aruba"},{"cityName":"San Barbola","countryName":"Aruba"},{"cityName":"Salina Cerca","countryName":"Aruba"},{"cityName":"Sabania Abao","countryName":"Aruba"},{"cityName":"Sabaneta","countryName":"Aruba"},{"cityName":"Sabana Liber","countryName":"Aruba"},{"cityName":"Sabana Grandi","countryName":"Aruba"},{"cityName":"Sabana Blanco","countryName":"Aruba"},{"cityName":"Sabana Berde","countryName":"Aruba"},{"cityName":"Sabana Basora","countryName":"Aruba"},{"cityName":"Rooi Prikichi","countryName":"Aruba"},{"cityName":"Rooi Master","countryName":"Aruba"},{"cityName":"Rooi Hundo","countryName":"Aruba"},{"cityName":"Rooi Congo","countryName":"Aruba"},{"cityName":"Rooi Cochi","countryName":"Aruba"},{"cityName":"Rooi Bosal","countryName":"Aruba"},{"cityName":"Rooi Afo","countryName":"Aruba"},{"cityName":"Roncado","countryName":"Aruba"},{"cityName":"Primavera","countryName":"Aruba"},{"cityName":"Pos Chikito","countryName":"Aruba"},{"cityName":"Pos Abao","countryName":"Aruba"},{"cityName":"Ponton","countryName":"Aruba"},{"cityName":"Plantersrust","countryName":"Aruba"},{"cityName":"Piedra Plat","countryName":"Aruba"},{"cityName":"Picaron","countryName":"Aruba"},{"cityName":"Pavia","countryName":"Aruba"},{"cityName":"Parkietenbos","countryName":"Aruba"},{"cityName":"Paraguana","countryName":"Aruba"},{"cityName":"Paradijs","countryName":"Aruba"},{"cityName":"Paradera","countryName":"Aruba"},{"cityName":"Palm Beach","countryName":"Aruba"},{"cityName":"Oranjestad","countryName":"Aruba"},{"cityName":"Nune","countryName":"Aruba"},{"cityName":"Noord Cura Cabai","countryName":"Aruba"},{"cityName":"Noord","countryName":"Aruba"},{"cityName":"Morgenster","countryName":"Aruba"},{"cityName":"Mon Pos","countryName":"Aruba"},{"cityName":"Modansa","countryName":"Aruba"},{"cityName":"Moco","countryName":"Aruba"},{"cityName":"Meiveld","countryName":"Aruba"},{"cityName":"Maria Mai","countryName":"Aruba"},{"cityName":"Marawiel","countryName":"Aruba"},{"cityName":"Mahuma","countryName":"Aruba"},{"cityName":"Madiki","countryName":"Aruba"},{"cityName":"Macuarima","countryName":"Aruba"},{"cityName":"Mabon","countryName":"Aruba"},{"cityName":"Juwana Morto","countryName":"Aruba"},{"cityName":"Jan Flemming","countryName":"Aruba"},{"cityName":"Jamanota","countryName":"Aruba"},{"cityName":"Gasparito","countryName":"Aruba"},{"cityName":"Fontein","countryName":"Aruba"},{"cityName":"Falcon","countryName":"Aruba"},{"cityName":"Eagle Beach","countryName":"Aruba"},{"cityName":"Druif","countryName":"Aruba"},{"cityName":"Dacota","countryName":"Aruba"},{"cityName":"Cura Cabai","countryName":"Aruba"},{"cityName":"Cunucu Abao","countryName":"Aruba"},{"cityName":"Cumana","countryName":"Aruba"},{"cityName":"Coba Lodo","countryName":"Aruba"},{"cityName":"Catiri","countryName":"Aruba"},{"cityName":"Catashi","countryName":"Aruba"},{"cityName":"Casibari","countryName":"Aruba"},{"cityName":"Cashero","countryName":"Aruba"},{"cityName":"Cas di Paloma","countryName":"Aruba"},{"cityName":"Cas Ariba","countryName":"Aruba"},{"cityName":"Canashito","countryName":"Aruba"},{"cityName":"Camacuri","countryName":"Aruba"},{"cityName":"Calabas","countryName":"Aruba"},{"cityName":"Largo Cadushi","countryName":"Aruba"},{"cityName":"Butucu","countryName":"Aruba"},{"cityName":"Bushiribana","countryName":"Aruba"},{"cityName":"Bubali","countryName":"Aruba"},{"cityName":"Bringamosa","countryName":"Aruba"},{"cityName":"Brasil","countryName":"Aruba"},{"cityName":"Boton","countryName":"Aruba"},{"cityName":"Blumond","countryName":"Aruba"},{"cityName":"Barcelona","countryName":"Aruba"},{"cityName":"Balashi","countryName":"Aruba"},{"cityName":"Babijn","countryName":"Aruba"},{"cityName":"Arasji","countryName":"Aruba"},{"cityName":"Angochi","countryName":"Aruba"},{"cityName":"Boegoeroei","countryName":"Aruba"}]