[{"cityName":"Wadiyan","countryName":"Bahrain"},{"cityName":"Umm Jidr","countryName":"Bahrain"},{"cityName":"Umm ash Sha`um","countryName":"Bahrain"},{"cityName":"Umm ash Shajar","countryName":"Bahrain"},{"cityName":"Umm al Hassam","countryName":"Bahrain"},{"cityName":"Tubli","countryName":"Bahrain"},{"cityName":"Tashshan","countryName":"Bahrain"},{"cityName":"Sufalah","countryName":"Bahrain"},{"cityName":"Sitrah","countryName":"Bahrain"},{"cityName":"Shahrakkan","countryName":"Bahrain"},{"cityName":"Sar","countryName":"Bahrain"},{"cityName":"Sanad","countryName":"Bahrain"},{"cityName":"Sanabis","countryName":"Bahrain"},{"cityName":"Samahij","countryName":"Bahrain"},{"cityName":"Salmabad","countryName":"Bahrain"},{"cityName":"Safirah","countryName":"Bahrain"},{"cityName":"Sadad","countryName":"Bahrain"},{"cityName":"Rayya","countryName":"Bahrain"},{"cityName":"Qubayt","countryName":"Bahrain"},{"cityName":"Qalali","countryName":"Bahrain"},{"cityName":"Nur Juruft","countryName":"Bahrain"},{"cityName":"Marwazan","countryName":"Bahrain"},{"cityName":"Marquban","countryName":"Bahrain"},{"cityName":"Maqaba","countryName":"Bahrain"},{"cityName":"Mani","countryName":"Bahrain"},{"cityName":"Mahazzah","countryName":"Bahrain"},{"cityName":"Madinat `Isa","countryName":"Bahrain"},{"cityName":"Khuways","countryName":"Bahrain"},{"cityName":"Kawrah","countryName":"Bahrain"},{"cityName":"Karzakkan","countryName":"Bahrain"},{"cityName":"Karranah","countryName":"Bahrain"},{"cityName":"Karbabad","countryName":"Bahrain"},{"cityName":"Kaflan","countryName":"Bahrain"},{"cityName":"Jusayrah","countryName":"Bahrain"},{"cityName":"Jurdab","countryName":"Bahrain"},{"cityName":"Jidd Hafs","countryName":"Bahrain"},{"cityName":"Jidd `Ali","countryName":"Bahrain"},{"cityName":"Jidd al Hajj","countryName":"Bahrain"},{"cityName":"Jaww","countryName":"Bahrain"},{"cityName":"Jannusan","countryName":"Bahrain"},{"cityName":"Jamalah","countryName":"Bahrain"},{"cityName":"Jabalat Habashi","countryName":"Bahrain"},{"cityName":"Hillat as Suq","countryName":"Bahrain"},{"cityName":"Hillat `Abd as Salih","countryName":"Bahrain"},{"cityName":"Harbadiyah","countryName":"Bahrain"},{"cityName":"Madinat Hamad","countryName":"Bahrain"},{"cityName":"Halat Umm al Bayd","countryName":"Bahrain"},{"cityName":"Halat as Sultah","countryName":"Bahrain"},{"cityName":"Halat an Na`im","countryName":"Bahrain"},{"cityName":"Halat al Khulayfat","countryName":"Bahrain"},{"cityName":"Halat Abu Mahir","countryName":"Bahrain"},{"cityName":"Halah","countryName":"Bahrain"},{"cityName":"Dumistan","countryName":"Bahrain"},{"cityName":"Dar Kulayb","countryName":"Bahrain"},{"cityName":"Buri","countryName":"Bahrain"},{"cityName":"Bu Quwah","countryName":"Bahrain"},{"cityName":"Bu `Ashirah","countryName":"Bahrain"},{"cityName":"Bilad al Qadim","countryName":"Bahrain"},{"cityName":"Barbar","countryName":"Bahrain"},{"cityName":"Bani Jamrah","countryName":"Bahrain"},{"cityName":"Az Zinj","countryName":"Bahrain"},{"cityName":"Az Zimmah","countryName":"Bahrain"},{"cityName":"Az Zallaq","countryName":"Bahrain"},{"cityName":"`Ayn ad Dar","countryName":"Bahrain"},{"cityName":"Oil City","countryName":"Bahrain"},{"cityName":"As Salihiyah","countryName":"Bahrain"},{"cityName":"As Sakhir","countryName":"Bahrain"},{"cityName":"`Askar","countryName":"Bahrain"},{"cityName":"Ash Shakhurah","countryName":"Bahrain"},{"cityName":"Ar Ruq`ah","countryName":"Bahrain"},{"cityName":"Ar Rumaythah","countryName":"Bahrain"},{"cityName":"Ar Rifa` ash Sharqi","countryName":"Bahrain"},{"cityName":"Ar Rifa` ash Shamali","countryName":"Bahrain"},{"cityName":"Ar Rifa` al Gharbi","countryName":"Bahrain"},{"cityName":"`Arad","countryName":"Bahrain"},{"cityName":"An Nuwaydirat","countryName":"Bahrain"},{"cityName":"Al Wasmiyah","countryName":"Bahrain"},{"cityName":"Al Qurayyah","countryName":"Bahrain"},{"cityName":"Al Qaryah","countryName":"Bahrain"},{"cityName":"Al Qadam","countryName":"Bahrain"},{"cityName":"Al Muwaylighah","countryName":"Bahrain"},{"cityName":"Al Musalla","countryName":"Bahrain"},{"cityName":"Al Muqsha`","countryName":"Bahrain"},{"cityName":"Al Muharraq","countryName":"Bahrain"},{"cityName":"Al Markh","countryName":"Bahrain"},{"cityName":"Manama","countryName":"Bahrain"},{"cityName":"Al Mamtalah","countryName":"Bahrain"},{"cityName":"Al Malikiyah","countryName":"Bahrain"},{"cityName":"Al Mahuz","countryName":"Bahrain"},{"cityName":"Al Ma`amir","countryName":"Bahrain"},{"cityName":"Al Kharijiyah","countryName":"Bahrain"},{"cityName":"Al Jufayr","countryName":"Bahrain"},{"cityName":"Al Jubaylat","countryName":"Bahrain"},{"cityName":"Al Jasrah","countryName":"Bahrain"},{"cityName":"Al Janabiyah","countryName":"Bahrain"},{"cityName":"Jabalat al Burhamah","countryName":"Bahrain"},{"cityName":"`Ali","countryName":"Bahrain"},{"cityName":"Al Hujayr","countryName":"Bahrain"},{"cityName":"Al Hamalah","countryName":"Bahrain"},{"cityName":"Al Hajar","countryName":"Bahrain"},{"cityName":"Al Hadd","countryName":"Bahrain"},{"cityName":"Al Ghurayfah","countryName":"Bahrain"},{"cityName":"Al Busaytin","countryName":"Bahrain"},{"cityName":"Al Budayyi`","countryName":"Bahrain"},{"cityName":"Al Bid`ah","countryName":"Bahrain"},{"cityName":"Al `Amar","countryName":"Bahrain"},{"cityName":"Al `Akr","countryName":"Bahrain"},{"cityName":"Al `Adliyah","countryName":"Bahrain"},{"cityName":"Ad Dur","countryName":"Bahrain"},{"cityName":"Ad Diraz","countryName":"Bahrain"},{"cityName":"Ad Dayr","countryName":"Bahrain"},{"cityName":"Abu Saybi`","countryName":"Bahrain"},{"cityName":"Abu Baham","countryName":"Bahrain"},{"cityName":"As Sahlah al Fawqiyah","countryName":"Bahrain"},{"cityName":"As Sahlat al Hadriyah","countryName":"Bahrain"},{"cityName":"Ar Rifa'","countryName":"Bahrain"},{"cityName":"Al Qal`ah","countryName":"Bahrain"}]