[{"cityName":"Yo Creek","countryName":"Belize"},{"cityName":"Yo Chen","countryName":"Belize"},{"cityName":"Yalbac Camp","countryName":"Belize"},{"cityName":"Xpicilha Village","countryName":"Belize"},{"cityName":"Xcanluum","countryName":"Belize"},{"cityName":"Xcanha","countryName":"Belize"},{"cityName":"Xaxe Venic","countryName":"Belize"},{"cityName":"Xaibe","countryName":"Belize"},{"cityName":"Willows Bank","countryName":"Belize"},{"cityName":"White Hill","countryName":"Belize"},{"cityName":"Watters Bank","countryName":"Belize"},{"cityName":"Water Bank","countryName":"Belize"},{"cityName":"Washing Tree","countryName":"Belize"},{"cityName":"Warrie Camp","countryName":"Belize"},{"cityName":"Wamil","countryName":"Belize"},{"cityName":"Waha Leaf Camp","countryName":"Belize"},{"cityName":"Villa Alfonso","countryName":"Belize"},{"cityName":"Vaqueros","countryName":"Belize"},{"cityName":"Valentin Camp","countryName":"Belize"},{"cityName":"Vaca","countryName":"Belize"},{"cityName":"Unitedville","countryName":"Belize"},{"cityName":"Campamento Union","countryName":"Belize"},{"cityName":"Union Camp","countryName":"Belize"},{"cityName":"Tu-Tu Camp","countryName":"Belize"},{"cityName":"Tropical Park","countryName":"Belize"},{"cityName":"Trio Camp","countryName":"Belize"},{"cityName":"Trinidad","countryName":"Belize"},{"cityName":"Trial Farm","countryName":"Belize"},{"cityName":"Tres Leguas Mennonite Settlement","countryName":"Belize"},{"cityName":"Tres Leguas","countryName":"Belize"},{"cityName":"Tres Brazos","countryName":"Belize"},{"cityName":"Trapiche","countryName":"Belize"},{"cityName":"Toro","countryName":"Belize"},{"cityName":"Toledo Settlement","countryName":"Belize"},{"cityName":"Teakettle Village","countryName":"Belize"},{"cityName":"Teakettle Camp","countryName":"Belize"},{"cityName":"Tacistal","countryName":"Belize"},{"cityName":"Swasey Branch Barquedier","countryName":"Belize"},{"cityName":"Spring Camp","countryName":"Belize"},{"cityName":"Spanish Lookout","countryName":"Belize"},{"cityName":"South View Point","countryName":"Belize"},{"cityName":"Solomon Camp","countryName":"Belize"},{"cityName":"Sittee","countryName":"Belize"},{"cityName":"Silver Creek Camp","countryName":"Belize"},{"cityName":"Silver Creek","countryName":"Belize"},{"cityName":"Silk Grass","countryName":"Belize"},{"cityName":"Sierra de Agua","countryName":"Belize"},{"cityName":"Sibun Camp","countryName":"Belize"},{"cityName":"Shipyard","countryName":"Belize"},{"cityName":"Shipstern Landing","countryName":"Belize"},{"cityName":"Shipstern","countryName":"Belize"},{"cityName":"Seine Bight Village","countryName":"Belize"},{"cityName":"Scotland","countryName":"Belize"},{"cityName":"Sayab Camp","countryName":"Belize"},{"cityName":"Savannah Bank","countryName":"Belize"},{"cityName":"Saturday Creek","countryName":"Belize"},{"cityName":"Sarteneja","countryName":"Belize"},{"cityName":"Sarawina","countryName":"Belize"},{"cityName":"San Victor","countryName":"Belize"},{"cityName":"Santa Theresa","countryName":"Belize"},{"cityName":"Santa Rosa","countryName":"Belize"},{"cityName":"Santa Rita","countryName":"Belize"},{"cityName":"Santana","countryName":"Belize"},{"cityName":"Santa Familia","countryName":"Belize"},{"cityName":"Santa Elena","countryName":"Belize"},{"cityName":"Santa Cruz","countryName":"Belize"},{"cityName":"Santa Clara","countryName":"Belize"},{"cityName":"Santa Anna","countryName":"Belize"},{"cityName":"San Roman","countryName":"Belize"},{"cityName":"San Pedro Landing","countryName":"Belize"},{"cityName":"San Pedro","countryName":"Belize"},{"cityName":"San Pastor Camp","countryName":"Belize"},{"cityName":"San Pablo","countryName":"Belize"},{"cityName":"San Narciso","countryName":"Belize"},{"cityName":"San Miguel","countryName":"Belize"},{"cityName":"San Luis","countryName":"Belize"},{"cityName":"San Lucas","countryName":"Belize"},{"cityName":"San Lorenzo","countryName":"Belize"},{"cityName":"San Lazaro","countryName":"Belize"},{"cityName":"San Juan Bank","countryName":"Belize"},{"cityName":"San Juan","countryName":"Belize"},{"cityName":"San Jose Soccoths","countryName":"Belize"},{"cityName":"San Jose Palmer","countryName":"Belize"},{"cityName":"San Jose","countryName":"Belize"},{"cityName":"San Joaquin","countryName":"Belize"},{"cityName":"San Ignacio","countryName":"Belize"},{"cityName":"San Francisco","countryName":"Belize"},{"cityName":"San Fernando","countryName":"Belize"},{"cityName":"San Felipe","countryName":"Belize"},{"cityName":"San Estevan","countryName":"Belize"},{"cityName":"Sand Hill","countryName":"Belize"},{"cityName":"San Benito Poite","countryName":"Belize"},{"cityName":"San Antonio","countryName":"Belize"},{"cityName":"San Andres","countryName":"Belize"},{"cityName":"Saltillo","countryName":"Belize"},{"cityName":"Sale si Puede","countryName":"Belize"},{"cityName":"Saint Vincent Block","countryName":"Belize"},{"cityName":"Saint Thomas","countryName":"Belize"},{"cityName":"Saint Paul's","countryName":"Belize"},{"cityName":"Round Hole Bank","countryName":"Belize"},{"cityName":"Round Hole","countryName":"Belize"},{"cityName":"Rosita","countryName":"Belize"},{"cityName":"Rockville","countryName":"Belize"},{"cityName":"Rockstone Pond","countryName":"Belize"},{"cityName":"Rock Dondo","countryName":"Belize"},{"cityName":"Roaring Creek","countryName":"Belize"},{"cityName":"Rito Bonillo","countryName":"Belize"},{"cityName":"Rio Blanco","countryName":"Belize"},{"cityName":"Rice Station","countryName":"Belize"},{"cityName":"Revenge","countryName":"Belize"},{"cityName":"Retiro","countryName":"Belize"},{"cityName":"Resumadero Camp","countryName":"Belize"},{"cityName":"Remate","countryName":"Belize"},{"cityName":"Rejolla","countryName":"Belize"},{"cityName":"Reinland","countryName":"Belize"},{"cityName":"Regalia","countryName":"Belize"},{"cityName":"Red Bank","countryName":"Belize"},{"cityName":"Ranger Camp","countryName":"Belize"},{"cityName":"Rancho Grande","countryName":"Belize"},{"cityName":"Rancho Dolores","countryName":"Belize"},{"cityName":"Rancho Corozal","countryName":"Belize"},{"cityName":"Rancho","countryName":"Belize"},{"cityName":"Ranchito","countryName":"Belize"},{"cityName":"Ramonal","countryName":"Belize"},{"cityName":"Quatro Leguas","countryName":"Belize"},{"cityName":"Quarry Hill","countryName":"Belize"},{"cityName":"Punta Gorda","countryName":"Belize"},{"cityName":"Pueblo Viejo","countryName":"Belize"},{"cityName":"Pueblo Nuevo","countryName":"Belize"},{"cityName":"Puebla Nueva","countryName":"Belize"},{"cityName":"Pucte","countryName":"Belize"},{"cityName":"Puchituk Camp","countryName":"Belize"},{"cityName":"Providencien","countryName":"Belize"},{"cityName":"Progresso","countryName":"Belize"},{"cityName":"Privassion Camp","countryName":"Belize"},{"cityName":"Pomona","countryName":"Belize"},{"cityName":"Plant Sucker","countryName":"Belize"},{"cityName":"Placentia Village","countryName":"Belize"},{"cityName":"Pilgrimage Valley","countryName":"Belize"},{"cityName":"Piedregal","countryName":"Belize"},{"cityName":"Piebra","countryName":"Belize"},{"cityName":"Pettville","countryName":"Belize"},{"cityName":"Pescado Camp","countryName":"Belize"},{"cityName":"Perry Bank","countryName":"Belize"},{"cityName":"Patchchacan","countryName":"Belize"},{"cityName":"Pascua Camp","countryName":"Belize"},{"cityName":"Paraiso","countryName":"Belize"},{"cityName":"Panama","countryName":"Belize"},{"cityName":"Palmar Camp","countryName":"Belize"},{"cityName":"Otoxha Village","countryName":"Belize"},{"cityName":"Orange Walk","countryName":"Belize"},{"cityName":"Ontario Village","countryName":"Belize"},{"cityName":"Norland","countryName":"Belize"},{"cityName":"Nimu Punit","countryName":"Belize"},{"cityName":"New Town","countryName":"Belize"},{"cityName":"New Home","countryName":"Belize"},{"cityName":"New Haven","countryName":"Belize"},{"cityName":"Never Delay","countryName":"Belize"},{"cityName":"Neustadt","countryName":"Belize"},{"cityName":"Neuendorf","countryName":"Belize"},{"cityName":"Negroman","countryName":"Belize"},{"cityName":"Nasario Perez","countryName":"Belize"},{"cityName":"Narrows Landing","countryName":"Belize"},{"cityName":"Nago Bank","countryName":"Belize"},{"cityName":"Nafreda","countryName":"Belize"},{"cityName":"Mullins River","countryName":"Belize"},{"cityName":"Mount Hope","countryName":"Belize"},{"cityName":"Mountain Cow","countryName":"Belize"},{"cityName":"More Tomorrow","countryName":"Belize"},{"cityName":"More Force","countryName":"Belize"},{"cityName":"Monkey River Town","countryName":"Belize"},{"cityName":"Monkey Fall","countryName":"Belize"},{"cityName":"Millionario","countryName":"Belize"},{"cityName":"Middlesex","countryName":"Belize"},{"cityName":"Middle Bank","countryName":"Belize"},{"cityName":"Melvin's Bank","countryName":"Belize"},{"cityName":"Meditation","countryName":"Belize"},{"cityName":"Medina Bank","countryName":"Belize"},{"cityName":"May Pen","countryName":"Belize"},{"cityName":"Maya Mopan","countryName":"Belize"},{"cityName":"Maya Beach","countryName":"Belize"},{"cityName":"Maskall","countryName":"Belize"},{"cityName":"Mango Creek","countryName":"Belize"},{"cityName":"Mammee Camp","countryName":"Belize"},{"cityName":"Mai Gate","countryName":"Belize"},{"cityName":"Machaca Camp","countryName":"Belize"},{"cityName":"Machaca","countryName":"Belize"},{"cityName":"Macaw Bank","countryName":"Belize"},{"cityName":"Lucky Strike","countryName":"Belize"},{"cityName":"Louisville","countryName":"Belize"},{"cityName":"Los Lirios Camp","countryName":"Belize"},{"cityName":"Los Altos","countryName":"Belize"},{"cityName":"Lord's Bank","countryName":"Belize"},{"cityName":"Long Bridge","countryName":"Belize"},{"cityName":"Logan's Bank","countryName":"Belize"},{"cityName":"Locust Bank","countryName":"Belize"},{"cityName":"Little Bermudian Landing","countryName":"Belize"},{"cityName":"Little Belize","countryName":"Belize"},{"cityName":"Listowel","countryName":"Belize"},{"cityName":"Lime Walk","countryName":"Belize"},{"cityName":"Libertad","countryName":"Belize"},{"cityName":"Lemonal","countryName":"Belize"},{"cityName":"Laguna","countryName":"Belize"},{"cityName":"Lagoona","countryName":"Belize"},{"cityName":"Lagarto Bank","countryName":"Belize"},{"cityName":"Lagarto","countryName":"Belize"},{"cityName":"La Flor Camp","countryName":"Belize"},{"cityName":"Ladyville","countryName":"Belize"},{"cityName":"La Democracia","countryName":"Belize"},{"cityName":"Kendal","countryName":"Belize"},{"cityName":"Kaway Camp","countryName":"Belize"},{"cityName":"Joventud","countryName":"Belize"},{"cityName":"Joe Wagner Boom","countryName":"Belize"},{"cityName":"Jimmy Cut","countryName":"Belize"},{"cityName":"Jalacte","countryName":"Belize"},{"cityName":"Jacinto Landing","countryName":"Belize"},{"cityName":"Isabella","countryName":"Belize"},{"cityName":"Indian Church","countryName":"Belize"},{"cityName":"Independence","countryName":"Belize"},{"cityName":"Iguana Creek Bank","countryName":"Belize"},{"cityName":"Hopkins","countryName":"Belize"},{"cityName":"Hopital","countryName":"Belize"},{"cityName":"Honey Camp","countryName":"Belize"},{"cityName":"Hill Bank","countryName":"Belize"},{"cityName":"High Sand","countryName":"Belize"},{"cityName":"Hellgate","countryName":"Belize"},{"cityName":"Hattieville","countryName":"Belize"},{"cityName":"Hamidli Creek Settlement","countryName":"Belize"},{"cityName":"Guinea Grass","countryName":"Belize"},{"cityName":"Guana Church Bank","countryName":"Belize"},{"cityName":"Guacamallo","countryName":"Belize"},{"cityName":"Graham Creek","countryName":"Belize"},{"cityName":"Gracy Rock Bank","countryName":"Belize"},{"cityName":"Grace Bank","countryName":"Belize"},{"cityName":"Good Living Camp","countryName":"Belize"},{"cityName":"Gongora","countryName":"Belize"},{"cityName":"Gnadenthal","countryName":"Belize"},{"cityName":"Gnadenfeld","countryName":"Belize"},{"cityName":"Georgeville","countryName":"Belize"},{"cityName":"Georgetown","countryName":"Belize"},{"cityName":"Garbutt's Falls","countryName":"Belize"},{"cityName":"Gallon Jug","countryName":"Belize"},{"cityName":"Gales Point","countryName":"Belize"},{"cityName":"Freetown Sibun","countryName":"Belize"},{"cityName":"Freetown Area","countryName":"Belize"},{"cityName":"Fort George","countryName":"Belize"},{"cityName":"Fork Camp","countryName":"Belize"},{"cityName":"Forest Home","countryName":"Belize"},{"cityName":"Flowers Bank","countryName":"Belize"},{"cityName":"Flour Camp","countryName":"Belize"},{"cityName":"Fermin Reyes","countryName":"Belize"},{"cityName":"Ferguson Bank","countryName":"Belize"},{"cityName":"Estrella","countryName":"Belize"},{"cityName":"Estero","countryName":"Belize"},{"cityName":"Esperanza Camp","countryName":"Belize"},{"cityName":"Esperanza","countryName":"Belize"},{"cityName":"El Remate","countryName":"Belize"},{"cityName":"El Brazo","countryName":"Belize"},{"cityName":"Egypt","countryName":"Belize"},{"cityName":"Central Edwards","countryName":"Belize"},{"cityName":"Edenthal","countryName":"Belize"},{"cityName":"Duffy Bank","countryName":"Belize"},{"cityName":"Duck Run","countryName":"Belize"},{"cityName":"Dry Creek Bank","countryName":"Belize"},{"cityName":"Driving Camp","countryName":"Belize"},{"cityName":"Drill Camp","countryName":"Belize"},{"cityName":"Douglas","countryName":"Belize"},{"cityName":"Double Head Cabbage","countryName":"Belize"},{"cityName":"Dolores","countryName":"Belize"},{"cityName":"Davis Bank","countryName":"Belize"},{"cityName":"Dangriga","countryName":"Belize"},{"cityName":"Dancing Pool","countryName":"Belize"},{"cityName":"Cubetas","countryName":"Belize"},{"cityName":"Crossing Landing Bank","countryName":"Belize"},{"cityName":"Crooked Tree","countryName":"Belize"},{"cityName":"Cristo Rey","countryName":"Belize"},{"cityName":"Crique Sarco","countryName":"Belize"},{"cityName":"Crique Jute","countryName":"Belize"},{"cityName":"Cowpen","countryName":"Belize"},{"cityName":"Cowhead Creek","countryName":"Belize"},{"cityName":"Cowboy Camp","countryName":"Belize"},{"cityName":"Cotton Tree Bank","countryName":"Belize"},{"cityName":"Cotton Tree","countryName":"Belize"},{"cityName":"Corozon","countryName":"Belize"},{"cityName":"Corozalito","countryName":"Belize"},{"cityName":"Corozal","countryName":"Belize"},{"cityName":"Coquericot","countryName":"Belize"},{"cityName":"Cool Shade","countryName":"Belize"},{"cityName":"Consejo","countryName":"Belize"},{"cityName":"Conejo","countryName":"Belize"},{"cityName":"Concepcion","countryName":"Belize"},{"cityName":"Commerce Bight Village","countryName":"Belize"},{"cityName":"Cohune Ridge","countryName":"Belize"},{"cityName":"Cocos","countryName":"Belize"},{"cityName":"Churchyard","countryName":"Belize"},{"cityName":"Chunox","countryName":"Belize"},{"cityName":"Chunch","countryName":"Belize"},{"cityName":"Chun Bank","countryName":"Belize"},{"cityName":"Chorro","countryName":"Belize"},{"cityName":"Chicago","countryName":"Belize"},{"cityName":"Chial","countryName":"Belize"},{"cityName":"Chapayal","countryName":"Belize"},{"cityName":"Chan Sapote","countryName":"Belize"},{"cityName":"Chan Quebrada","countryName":"Belize"},{"cityName":"Chan Pond","countryName":"Belize"},{"cityName":"Chan Pine Ridge","countryName":"Belize"},{"cityName":"Chan Limon","countryName":"Belize"},{"cityName":"Chan Chen","countryName":"Belize"},{"cityName":"Chan Bank","countryName":"Belize"},{"cityName":"Chacan Chac Mol","countryName":"Belize"},{"cityName":"Central","countryName":"Belize"},{"cityName":"Cedar Crossing","countryName":"Belize"},{"cityName":"Cedar Bank","countryName":"Belize"},{"cityName":"Cebada Camp","countryName":"Belize"},{"cityName":"Caye Caulker","countryName":"Belize"},{"cityName":"Caves Branch","countryName":"Belize"},{"cityName":"Cattle Landing","countryName":"Belize"},{"cityName":"Castile","countryName":"Belize"},{"cityName":"Cashew Tree","countryName":"Belize"},{"cityName":"Carolina","countryName":"Belize"},{"cityName":"Carmelita","countryName":"Belize"},{"cityName":"Canal Bank","countryName":"Belize"},{"cityName":"Campa Pita","countryName":"Belize"},{"cityName":"Camelote","countryName":"Belize"},{"cityName":"Callar Creek","countryName":"Belize"},{"cityName":"Calera Camp","countryName":"Belize"},{"cityName":"Caledonia","countryName":"Belize"},{"cityName":"Calcutta","countryName":"Belize"},{"cityName":"Cadena Creek Camp","countryName":"Belize"},{"cityName":"Cabro","countryName":"Belize"},{"cityName":"Butcher Burns","countryName":"Belize"},{"cityName":"Burrell Boom","countryName":"Belize"},{"cityName":"Burnt Ground","countryName":"Belize"},{"cityName":"Burnham Hall","countryName":"Belize"},{"cityName":"Bullet Tree Falls","countryName":"Belize"},{"cityName":"Buena Vista","countryName":"Belize"},{"cityName":"Branch Mouth","countryName":"Belize"},{"cityName":"Bomba","countryName":"Belize"},{"cityName":"Bocotora","countryName":"Belize"},{"cityName":"Bob Eiley","countryName":"Belize"},{"cityName":"Blumenfeld","countryName":"Belize"},{"cityName":"Blue Hole Camp","countryName":"Belize"},{"cityName":"Blue Creek Village","countryName":"Belize"},{"cityName":"Blossom Bank","countryName":"Belize"},{"cityName":"Blancaneau","countryName":"Belize"},{"cityName":"Black Rock","countryName":"Belize"},{"cityName":"Black Man Eddy","countryName":"Belize"},{"cityName":"Biscayne","countryName":"Belize"},{"cityName":"Big Falls","countryName":"Belize"},{"cityName":"Big Fall","countryName":"Belize"},{"cityName":"Big Eddy","countryName":"Belize"},{"cityName":"Big Creek","countryName":"Belize"},{"cityName":"Bermudian Landing","countryName":"Belize"},{"cityName":"Benque Viejo del Carmen","countryName":"Belize"},{"cityName":"Benque Viejo","countryName":"Belize"},{"cityName":"Benque Ceiba","countryName":"Belize"},{"cityName":"Belmopan","countryName":"Belize"},{"cityName":"Belize City","countryName":"Belize"},{"cityName":"Beattie Pen","countryName":"Belize"},{"cityName":"Basil Jones","countryName":"Belize"},{"cityName":"Barton Ramie","countryName":"Belize"},{"cityName":"Barranco","countryName":"Belize"},{"cityName":"Barquedier Sierra","countryName":"Belize"},{"cityName":"Banana Bank","countryName":"Belize"},{"cityName":"Baldy Sibun","countryName":"Belize"},{"cityName":"Baldy Beacon","countryName":"Belize"},{"cityName":"Baking Pot","countryName":"Belize"},{"cityName":"Bakers","countryName":"Belize"},{"cityName":"Backlanding","countryName":"Belize"},{"cityName":"Bacalar Chico","countryName":"Belize"},{"cityName":"Aventura","countryName":"Belize"},{"cityName":"August Pine Ridge","countryName":"Belize"},{"cityName":"Augustine","countryName":"Belize"},{"cityName":"Arenal","countryName":"Belize"},{"cityName":"Arabato Camp","countryName":"Belize"},{"cityName":"Andersons Camp","countryName":"Belize"},{"cityName":"America","countryName":"Belize"},{"cityName":"Alta Vista","countryName":"Belize"},{"cityName":"Alabama Wharf","countryName":"Belize"},{"cityName":"Alabama","countryName":"Belize"},{"cityName":"Aguacate Camp","countryName":"Belize"},{"cityName":"Aguacate","countryName":"Belize"},{"cityName":"Valley of Peace","countryName":"Belize"},{"cityName":"San Pedro Town","countryName":"Belize"},{"cityName":"Stann Creek District","countryName":"Belize"},{"cityName":"Corozal District","countryName":"Belize"},{"cityName":"Glover's Reef Atoll","countryName":"Belize"},{"cityName":"Ambergris Caye","countryName":"Belize"}]