[{"cityName":"Yo Creek","countryName":"Belize","localeCode":"en","districtName":""},{"cityName":"Yo Chen","countryName":"Belize","localeCode":"en","districtName":""},{"cityName":"Yalbac Camp","countryName":"Belize","localeCode":"en","districtName":""},{"cityName":"Xpicilha Village","countryName":"Belize","localeCode":"en","districtName":""},{"cityName":"Xcanluum","countryName":"Belize","localeCode":"en","districtName":""},{"cityName":"Xcanha","countryName":"Belize","localeCode":"en","districtName":""},{"cityName":"Xaxe Venic","countryName":"Belize","localeCode":"en","districtName":""},{"cityName":"Xaibe","countryName":"Belize","localeCode":"en","districtName":""},{"cityName":"Willows Bank","countryName":"Belize","localeCode":"en","districtName":""},{"cityName":"White Hill","countryName":"Belize","localeCode":"en","districtName":""},{"cityName":"Watters Bank","countryName":"Belize","localeCode":"en","districtName":""},{"cityName":"Water Bank","countryName":"Belize","localeCode":"en","districtName":""},{"cityName":"Washing Tree","countryName":"Belize","localeCode":"en","districtName":""},{"cityName":"Warrie Camp","countryName":"Belize","localeCode":"en","districtName":""},{"cityName":"Wamil","countryName":"Belize","localeCode":"en","districtName":""},{"cityName":"Waha Leaf Camp","countryName":"Belize","localeCode":"en","districtName":""},{"cityName":"Villa Alfonso","countryName":"Belize","localeCode":"en","districtName":""},{"cityName":"Vaqueros","countryName":"Belize","localeCode":"en","districtName":""},{"cityName":"Valentin Camp","countryName":"Belize","localeCode":"en","districtName":""},{"cityName":"Vaca","countryName":"Belize","localeCode":"en","districtName":""},{"cityName":"Unitedville","countryName":"Belize","localeCode":"en","districtName":""},{"cityName":"Campamento Union","countryName":"Belize","localeCode":"en","districtName":""},{"cityName":"Union Camp","countryName":"Belize","localeCode":"en","districtName":""},{"cityName":"Tu-Tu Camp","countryName":"Belize","localeCode":"en","districtName":""},{"cityName":"Tropical Park","countryName":"Belize","localeCode":"en","districtName":""},{"cityName":"Trio Camp","countryName":"Belize","localeCode":"en","districtName":""},{"cityName":"Trinidad","countryName":"Belize","localeCode":"en","districtName":""},{"cityName":"Trial Farm","countryName":"Belize","localeCode":"en","districtName":""},{"cityName":"Tres Leguas Mennonite Settlement","countryName":"Belize","localeCode":"en","districtName":""},{"cityName":"Tres Leguas","countryName":"Belize","localeCode":"en","districtName":""},{"cityName":"Tres Brazos","countryName":"Belize","localeCode":"en","districtName":""},{"cityName":"Trapiche","countryName":"Belize","localeCode":"en","districtName":""},{"cityName":"Toro","countryName":"Belize","localeCode":"en","districtName":""},{"cityName":"Toledo Settlement","countryName":"Belize","localeCode":"en","districtName":""},{"cityName":"Teakettle Village","countryName":"Belize","localeCode":"en","districtName":""},{"cityName":"Teakettle Camp","countryName":"Belize","localeCode":"en","districtName":""},{"cityName":"Tacistal","countryName":"Belize","localeCode":"en","districtName":""},{"cityName":"Swasey Branch Barquedier","countryName":"Belize","localeCode":"en","districtName":""},{"cityName":"Spring Camp","countryName":"Belize","localeCode":"en","districtName":""},{"cityName":"Spanish Lookout","countryName":"Belize","localeCode":"en","districtName":""},{"cityName":"South View Point","countryName":"Belize","localeCode":"en","districtName":""},{"cityName":"Solomon Camp","countryName":"Belize","localeCode":"en","districtName":""},{"cityName":"Sittee","countryName":"Belize","localeCode":"en","districtName":""},{"cityName":"Silver Creek Camp","countryName":"Belize","localeCode":"en","districtName":""},{"cityName":"Silver Creek","countryName":"Belize","localeCode":"en","districtName":""},{"cityName":"Silk Grass","countryName":"Belize","localeCode":"en","districtName":""},{"cityName":"Sierra de Agua","countryName":"Belize","localeCode":"en","districtName":""},{"cityName":"Sibun Camp","countryName":"Belize","localeCode":"en","districtName":""},{"cityName":"Shipyard","countryName":"Belize","localeCode":"en","districtName":""},{"cityName":"Shipstern Landing","countryName":"Belize","localeCode":"en","districtName":""},{"cityName":"Shipstern","countryName":"Belize","localeCode":"en","districtName":""},{"cityName":"Seine Bight Village","countryName":"Belize","localeCode":"en","districtName":""},{"cityName":"Scotland","countryName":"Belize","localeCode":"en","districtName":""},{"cityName":"Sayab Camp","countryName":"Belize","localeCode":"en","districtName":""},{"cityName":"Savannah Bank","countryName":"Belize","localeCode":"en","districtName":""},{"cityName":"Saturday Creek","countryName":"Belize","localeCode":"en","districtName":""},{"cityName":"Sarteneja","countryName":"Belize","localeCode":"en","districtName":""},{"cityName":"Sarawina","countryName":"Belize","localeCode":"en","districtName":""},{"cityName":"San Victor","countryName":"Belize","localeCode":"en","districtName":""},{"cityName":"Santa Theresa","countryName":"Belize","localeCode":"en","districtName":""},{"cityName":"Santa Rosa","countryName":"Belize","localeCode":"en","districtName":""},{"cityName":"Santa Rita","countryName":"Belize","localeCode":"en","districtName":""},{"cityName":"Santana","countryName":"Belize","localeCode":"en","districtName":""},{"cityName":"Santa Familia","countryName":"Belize","localeCode":"en","districtName":""},{"cityName":"Santa Elena","countryName":"Belize","localeCode":"en","districtName":""},{"cityName":"Santa Cruz","countryName":"Belize","localeCode":"en","districtName":""},{"cityName":"Santa Clara","countryName":"Belize","localeCode":"en","districtName":""},{"cityName":"Santa Anna","countryName":"Belize","localeCode":"en","districtName":""},{"cityName":"San Roman","countryName":"Belize","localeCode":"en","districtName":""},{"cityName":"San Pedro Landing","countryName":"Belize","localeCode":"en","districtName":""},{"cityName":"San Pedro","countryName":"Belize","localeCode":"en","districtName":""},{"cityName":"San Pastor Camp","countryName":"Belize","localeCode":"en","districtName":""},{"cityName":"San Pablo","countryName":"Belize","localeCode":"en","districtName":""},{"cityName":"San Narciso","countryName":"Belize","localeCode":"en","districtName":""},{"cityName":"San Miguel","countryName":"Belize","localeCode":"en","districtName":""},{"cityName":"San Luis","countryName":"Belize","localeCode":"en","districtName":""},{"cityName":"San Lucas","countryName":"Belize","localeCode":"en","districtName":""},{"cityName":"San Lorenzo","countryName":"Belize","localeCode":"en","districtName":""},{"cityName":"San Lazaro","countryName":"Belize","localeCode":"en","districtName":""},{"cityName":"San Juan Bank","countryName":"Belize","localeCode":"en","districtName":""},{"cityName":"San Juan","countryName":"Belize","localeCode":"en","districtName":""},{"cityName":"San Jose Soccoths","countryName":"Belize","localeCode":"en","districtName":""},{"cityName":"San Jose Palmer","countryName":"Belize","localeCode":"en","districtName":""},{"cityName":"San Jose","countryName":"Belize","localeCode":"en","districtName":""},{"cityName":"San Joaquin","countryName":"Belize","localeCode":"en","districtName":""},{"cityName":"San Ignacio","countryName":"Belize","localeCode":"en","districtName":""},{"cityName":"San Francisco","countryName":"Belize","localeCode":"en","districtName":""},{"cityName":"San Fernando","countryName":"Belize","localeCode":"en","districtName":""},{"cityName":"San Felipe","countryName":"Belize","localeCode":"en","districtName":""},{"cityName":"San Estevan","countryName":"Belize","localeCode":"en","districtName":""},{"cityName":"Sand Hill","countryName":"Belize","localeCode":"en","districtName":""},{"cityName":"San Benito Poite","countryName":"Belize","localeCode":"en","districtName":""},{"cityName":"San Antonio","countryName":"Belize","localeCode":"en","districtName":""},{"cityName":"San Andres","countryName":"Belize","localeCode":"en","districtName":""},{"cityName":"Saltillo","countryName":"Belize","localeCode":"en","districtName":""},{"cityName":"Sale si Puede","countryName":"Belize","localeCode":"en","districtName":""},{"cityName":"Saint Vincent Block","countryName":"Belize","localeCode":"en","districtName":""},{"cityName":"Saint Thomas","countryName":"Belize","localeCode":"en","districtName":""},{"cityName":"Saint Paul's","countryName":"Belize","localeCode":"en","districtName":""},{"cityName":"Round Hole Bank","countryName":"Belize","localeCode":"en","districtName":""},{"cityName":"Round Hole","countryName":"Belize","localeCode":"en","districtName":""},{"cityName":"Rosita","countryName":"Belize","localeCode":"en","districtName":""},{"cityName":"Rockville","countryName":"Belize","localeCode":"en","districtName":""},{"cityName":"Rockstone Pond","countryName":"Belize","localeCode":"en","districtName":""},{"cityName":"Rock Dondo","countryName":"Belize","localeCode":"en","districtName":""},{"cityName":"Roaring Creek","countryName":"Belize","localeCode":"en","districtName":""},{"cityName":"Rito Bonillo","countryName":"Belize","localeCode":"en","districtName":""},{"cityName":"Rio Blanco","countryName":"Belize","localeCode":"en","districtName":""},{"cityName":"Rice Station","countryName":"Belize","localeCode":"en","districtName":""},{"cityName":"Revenge","countryName":"Belize","localeCode":"en","districtName":""},{"cityName":"Retiro","countryName":"Belize","localeCode":"en","districtName":""},{"cityName":"Resumadero Camp","countryName":"Belize","localeCode":"en","districtName":""},{"cityName":"Remate","countryName":"Belize","localeCode":"en","districtName":""},{"cityName":"Rejolla","countryName":"Belize","localeCode":"en","districtName":""},{"cityName":"Reinland","countryName":"Belize","localeCode":"en","districtName":""},{"cityName":"Regalia","countryName":"Belize","localeCode":"en","districtName":""},{"cityName":"Red Bank","countryName":"Belize","localeCode":"en","districtName":""},{"cityName":"Ranger Camp","countryName":"Belize","localeCode":"en","districtName":""},{"cityName":"Rancho Grande","countryName":"Belize","localeCode":"en","districtName":""},{"cityName":"Rancho Dolores","countryName":"Belize","localeCode":"en","districtName":""},{"cityName":"Rancho Corozal","countryName":"Belize","localeCode":"en","districtName":""},{"cityName":"Rancho","countryName":"Belize","localeCode":"en","districtName":""},{"cityName":"Ranchito","countryName":"Belize","localeCode":"en","districtName":""},{"cityName":"Ramonal","countryName":"Belize","localeCode":"en","districtName":""},{"cityName":"Quatro Leguas","countryName":"Belize","localeCode":"en","districtName":""},{"cityName":"Quarry Hill","countryName":"Belize","localeCode":"en","districtName":""},{"cityName":"Punta Gorda","countryName":"Belize","localeCode":"en","districtName":""},{"cityName":"Pueblo Viejo","countryName":"Belize","localeCode":"en","districtName":""},{"cityName":"Pueblo Nuevo","countryName":"Belize","localeCode":"en","districtName":""},{"cityName":"Puebla Nueva","countryName":"Belize","localeCode":"en","districtName":""},{"cityName":"Pucte","countryName":"Belize","localeCode":"en","districtName":""},{"cityName":"Puchituk Camp","countryName":"Belize","localeCode":"en","districtName":""},{"cityName":"Providencien","countryName":"Belize","localeCode":"en","districtName":""},{"cityName":"Progresso","countryName":"Belize","localeCode":"en","districtName":""},{"cityName":"Privassion Camp","countryName":"Belize","localeCode":"en","districtName":""},{"cityName":"Pomona","countryName":"Belize","localeCode":"en","districtName":""},{"cityName":"Plant Sucker","countryName":"Belize","localeCode":"en","districtName":""},{"cityName":"Placentia Village","countryName":"Belize","localeCode":"en","districtName":""},{"cityName":"Pilgrimage Valley","countryName":"Belize","localeCode":"en","districtName":""},{"cityName":"Piedregal","countryName":"Belize","localeCode":"en","districtName":""},{"cityName":"Piebra","countryName":"Belize","localeCode":"en","districtName":""},{"cityName":"Pettville","countryName":"Belize","localeCode":"en","districtName":""},{"cityName":"Pescado Camp","countryName":"Belize","localeCode":"en","districtName":""},{"cityName":"Perry Bank","countryName":"Belize","localeCode":"en","districtName":""},{"cityName":"Patchchacan","countryName":"Belize","localeCode":"en","districtName":""},{"cityName":"Pascua Camp","countryName":"Belize","localeCode":"en","districtName":""},{"cityName":"Paraiso","countryName":"Belize","localeCode":"en","districtName":""},{"cityName":"Panama","countryName":"Belize","localeCode":"en","districtName":""},{"cityName":"Palmar Camp","countryName":"Belize","localeCode":"en","districtName":""},{"cityName":"Otoxha Village","countryName":"Belize","localeCode":"en","districtName":""},{"cityName":"Orange Walk","countryName":"Belize","localeCode":"en","districtName":""},{"cityName":"Ontario Village","countryName":"Belize","localeCode":"en","districtName":""},{"cityName":"Norland","countryName":"Belize","localeCode":"en","districtName":""},{"cityName":"Nimu Punit","countryName":"Belize","localeCode":"en","districtName":""},{"cityName":"New Town","countryName":"Belize","localeCode":"en","districtName":""},{"cityName":"New Home","countryName":"Belize","localeCode":"en","districtName":""},{"cityName":"New Haven","countryName":"Belize","localeCode":"en","districtName":""},{"cityName":"Never Delay","countryName":"Belize","localeCode":"en","districtName":""},{"cityName":"Neustadt","countryName":"Belize","localeCode":"en","districtName":""},{"cityName":"Neuendorf","countryName":"Belize","localeCode":"en","districtName":""},{"cityName":"Negroman","countryName":"Belize","localeCode":"en","districtName":""},{"cityName":"Nasario Perez","countryName":"Belize","localeCode":"en","districtName":""},{"cityName":"Narrows Landing","countryName":"Belize","localeCode":"en","districtName":""},{"cityName":"Nago Bank","countryName":"Belize","localeCode":"en","districtName":""},{"cityName":"Nafreda","countryName":"Belize","localeCode":"en","districtName":""},{"cityName":"Mullins River","countryName":"Belize","localeCode":"en","districtName":""},{"cityName":"Mount Hope","countryName":"Belize","localeCode":"en","districtName":""},{"cityName":"Mountain Cow","countryName":"Belize","localeCode":"en","districtName":""},{"cityName":"More Tomorrow","countryName":"Belize","localeCode":"en","districtName":""},{"cityName":"More Force","countryName":"Belize","localeCode":"en","districtName":""},{"cityName":"Monkey River Town","countryName":"Belize","localeCode":"en","districtName":""},{"cityName":"Monkey Fall","countryName":"Belize","localeCode":"en","districtName":""},{"cityName":"Millionario","countryName":"Belize","localeCode":"en","districtName":""},{"cityName":"Middlesex","countryName":"Belize","localeCode":"en","districtName":""},{"cityName":"Middle Bank","countryName":"Belize","localeCode":"en","districtName":""},{"cityName":"Melvin's Bank","countryName":"Belize","localeCode":"en","districtName":""},{"cityName":"Meditation","countryName":"Belize","localeCode":"en","districtName":""},{"cityName":"Medina Bank","countryName":"Belize","localeCode":"en","districtName":""},{"cityName":"May Pen","countryName":"Belize","localeCode":"en","districtName":""},{"cityName":"Maya Mopan","countryName":"Belize","localeCode":"en","districtName":""},{"cityName":"Maya Beach","countryName":"Belize","localeCode":"en","districtName":""},{"cityName":"Maskall","countryName":"Belize","localeCode":"en","districtName":""},{"cityName":"Mango Creek","countryName":"Belize","localeCode":"en","districtName":""},{"cityName":"Mammee Camp","countryName":"Belize","localeCode":"en","districtName":""},{"cityName":"Mai Gate","countryName":"Belize","localeCode":"en","districtName":""},{"cityName":"Machaca Camp","countryName":"Belize","localeCode":"en","districtName":""},{"cityName":"Machaca","countryName":"Belize","localeCode":"en","districtName":""},{"cityName":"Macaw Bank","countryName":"Belize","localeCode":"en","districtName":""},{"cityName":"Lucky Strike","countryName":"Belize","localeCode":"en","districtName":""},{"cityName":"Louisville","countryName":"Belize","localeCode":"en","districtName":""},{"cityName":"Los Lirios Camp","countryName":"Belize","localeCode":"en","districtName":""},{"cityName":"Los Altos","countryName":"Belize","localeCode":"en","districtName":""},{"cityName":"Lord's Bank","countryName":"Belize","localeCode":"en","districtName":""},{"cityName":"Long Bridge","countryName":"Belize","localeCode":"en","districtName":""},{"cityName":"Logan's Bank","countryName":"Belize","localeCode":"en","districtName":""},{"cityName":"Locust Bank","countryName":"Belize","localeCode":"en","districtName":""},{"cityName":"Little Bermudian Landing","countryName":"Belize","localeCode":"en","districtName":""},{"cityName":"Little Belize","countryName":"Belize","localeCode":"en","districtName":""},{"cityName":"Listowel","countryName":"Belize","localeCode":"en","districtName":""},{"cityName":"Lime Walk","countryName":"Belize","localeCode":"en","districtName":""},{"cityName":"Libertad","countryName":"Belize","localeCode":"en","districtName":""},{"cityName":"Lemonal","countryName":"Belize","localeCode":"en","districtName":""},{"cityName":"Laguna","countryName":"Belize","localeCode":"en","districtName":""},{"cityName":"Lagoona","countryName":"Belize","localeCode":"en","districtName":""},{"cityName":"Lagarto Bank","countryName":"Belize","localeCode":"en","districtName":""},{"cityName":"Lagarto","countryName":"Belize","localeCode":"en","districtName":""},{"cityName":"La Flor Camp","countryName":"Belize","localeCode":"en","districtName":""},{"cityName":"Ladyville","countryName":"Belize","localeCode":"en","districtName":""},{"cityName":"La Democracia","countryName":"Belize","localeCode":"en","districtName":""},{"cityName":"Kendal","countryName":"Belize","localeCode":"en","districtName":""},{"cityName":"Kaway Camp","countryName":"Belize","localeCode":"en","districtName":""},{"cityName":"Joventud","countryName":"Belize","localeCode":"en","districtName":""},{"cityName":"Joe Wagner Boom","countryName":"Belize","localeCode":"en","districtName":""},{"cityName":"Jimmy Cut","countryName":"Belize","localeCode":"en","districtName":""},{"cityName":"Jalacte","countryName":"Belize","localeCode":"en","districtName":""},{"cityName":"Jacinto Landing","countryName":"Belize","localeCode":"en","districtName":""},{"cityName":"Isabella","countryName":"Belize","localeCode":"en","districtName":""},{"cityName":"Indian Church","countryName":"Belize","localeCode":"en","districtName":""},{"cityName":"Independence","countryName":"Belize","localeCode":"en","districtName":""},{"cityName":"Iguana Creek Bank","countryName":"Belize","localeCode":"en","districtName":""},{"cityName":"Hopkins","countryName":"Belize","localeCode":"en","districtName":""},{"cityName":"Hopital","countryName":"Belize","localeCode":"en","districtName":""},{"cityName":"Honey Camp","countryName":"Belize","localeCode":"en","districtName":""},{"cityName":"Hill Bank","countryName":"Belize","localeCode":"en","districtName":""},{"cityName":"High Sand","countryName":"Belize","localeCode":"en","districtName":""},{"cityName":"Hellgate","countryName":"Belize","localeCode":"en","districtName":""},{"cityName":"Hattieville","countryName":"Belize","localeCode":"en","districtName":""},{"cityName":"Hamidli Creek Settlement","countryName":"Belize","localeCode":"en","districtName":""},{"cityName":"Guinea Grass","countryName":"Belize","localeCode":"en","districtName":""},{"cityName":"Guana Church Bank","countryName":"Belize","localeCode":"en","districtName":""},{"cityName":"Guacamallo","countryName":"Belize","localeCode":"en","districtName":""},{"cityName":"Graham Creek","countryName":"Belize","localeCode":"en","districtName":""},{"cityName":"Gracy Rock Bank","countryName":"Belize","localeCode":"en","districtName":""},{"cityName":"Grace Bank","countryName":"Belize","localeCode":"en","districtName":""},{"cityName":"Good Living Camp","countryName":"Belize","localeCode":"en","districtName":""},{"cityName":"Gongora","countryName":"Belize","localeCode":"en","districtName":""},{"cityName":"Gnadenthal","countryName":"Belize","localeCode":"en","districtName":""},{"cityName":"Gnadenfeld","countryName":"Belize","localeCode":"en","districtName":""},{"cityName":"Georgeville","countryName":"Belize","localeCode":"en","districtName":""},{"cityName":"Georgetown","countryName":"Belize","localeCode":"en","districtName":""},{"cityName":"Garbutt's Falls","countryName":"Belize","localeCode":"en","districtName":""},{"cityName":"Gallon Jug","countryName":"Belize","localeCode":"en","districtName":""},{"cityName":"Gales Point","countryName":"Belize","localeCode":"en","districtName":""},{"cityName":"Freetown Sibun","countryName":"Belize","localeCode":"en","districtName":""},{"cityName":"Freetown Area","countryName":"Belize","localeCode":"en","districtName":""},{"cityName":"Fort George","countryName":"Belize","localeCode":"en","districtName":""},{"cityName":"Fork Camp","countryName":"Belize","localeCode":"en","districtName":""},{"cityName":"Forest Home","countryName":"Belize","localeCode":"en","districtName":""},{"cityName":"Flowers Bank","countryName":"Belize","localeCode":"en","districtName":""},{"cityName":"Flour Camp","countryName":"Belize","localeCode":"en","districtName":""},{"cityName":"Fermin Reyes","countryName":"Belize","localeCode":"en","districtName":""},{"cityName":"Ferguson Bank","countryName":"Belize","localeCode":"en","districtName":""},{"cityName":"Estrella","countryName":"Belize","localeCode":"en","districtName":""},{"cityName":"Estero","countryName":"Belize","localeCode":"en","districtName":""},{"cityName":"Esperanza Camp","countryName":"Belize","localeCode":"en","districtName":""},{"cityName":"Esperanza","countryName":"Belize","localeCode":"en","districtName":""},{"cityName":"El Remate","countryName":"Belize","localeCode":"en","districtName":""},{"cityName":"El Brazo","countryName":"Belize","localeCode":"en","districtName":""},{"cityName":"Egypt","countryName":"Belize","localeCode":"en","districtName":""},{"cityName":"Central Edwards","countryName":"Belize","localeCode":"en","districtName":""},{"cityName":"Edenthal","countryName":"Belize","localeCode":"en","districtName":""},{"cityName":"Duffy Bank","countryName":"Belize","localeCode":"en","districtName":""},{"cityName":"Duck Run","countryName":"Belize","localeCode":"en","districtName":""},{"cityName":"Dry Creek Bank","countryName":"Belize","localeCode":"en","districtName":""},{"cityName":"Driving Camp","countryName":"Belize","localeCode":"en","districtName":""},{"cityName":"Drill Camp","countryName":"Belize","localeCode":"en","districtName":""},{"cityName":"Douglas","countryName":"Belize","localeCode":"en","districtName":""},{"cityName":"Double Head Cabbage","countryName":"Belize","localeCode":"en","districtName":""},{"cityName":"Dolores","countryName":"Belize","localeCode":"en","districtName":""},{"cityName":"Davis Bank","countryName":"Belize","localeCode":"en","districtName":""},{"cityName":"Dangriga","countryName":"Belize","localeCode":"en","districtName":""},{"cityName":"Dancing Pool","countryName":"Belize","localeCode":"en","districtName":""},{"cityName":"Cubetas","countryName":"Belize","localeCode":"en","districtName":""},{"cityName":"Crossing Landing Bank","countryName":"Belize","localeCode":"en","districtName":""},{"cityName":"Crooked Tree","countryName":"Belize","localeCode":"en","districtName":""},{"cityName":"Cristo Rey","countryName":"Belize","localeCode":"en","districtName":""},{"cityName":"Crique Sarco","countryName":"Belize","localeCode":"en","districtName":""},{"cityName":"Crique Jute","countryName":"Belize","localeCode":"en","districtName":""},{"cityName":"Cowpen","countryName":"Belize","localeCode":"en","districtName":""},{"cityName":"Cowhead Creek","countryName":"Belize","localeCode":"en","districtName":""},{"cityName":"Cowboy Camp","countryName":"Belize","localeCode":"en","districtName":""},{"cityName":"Cotton Tree Bank","countryName":"Belize","localeCode":"en","districtName":""},{"cityName":"Cotton Tree","countryName":"Belize","localeCode":"en","districtName":""},{"cityName":"Corozon","countryName":"Belize","localeCode":"en","districtName":""},{"cityName":"Corozalito","countryName":"Belize","localeCode":"en","districtName":""},{"cityName":"Corozal","countryName":"Belize","localeCode":"en","districtName":""},{"cityName":"Coquericot","countryName":"Belize","localeCode":"en","districtName":""},{"cityName":"Cool Shade","countryName":"Belize","localeCode":"en","districtName":""},{"cityName":"Consejo","countryName":"Belize","localeCode":"en","districtName":""},{"cityName":"Conejo","countryName":"Belize","localeCode":"en","districtName":""},{"cityName":"Concepcion","countryName":"Belize","localeCode":"en","districtName":""},{"cityName":"Commerce Bight Village","countryName":"Belize","localeCode":"en","districtName":""},{"cityName":"Cohune Ridge","countryName":"Belize","localeCode":"en","districtName":""},{"cityName":"Cocos","countryName":"Belize","localeCode":"en","districtName":""},{"cityName":"Churchyard","countryName":"Belize","localeCode":"en","districtName":""},{"cityName":"Chunox","countryName":"Belize","localeCode":"en","districtName":""},{"cityName":"Chunch","countryName":"Belize","localeCode":"en","districtName":""},{"cityName":"Chun Bank","countryName":"Belize","localeCode":"en","districtName":""},{"cityName":"Chorro","countryName":"Belize","localeCode":"en","districtName":""},{"cityName":"Chicago","countryName":"Belize","localeCode":"en","districtName":""},{"cityName":"Chial","countryName":"Belize","localeCode":"en","districtName":""},{"cityName":"Chapayal","countryName":"Belize","localeCode":"en","districtName":""},{"cityName":"Chan Sapote","countryName":"Belize","localeCode":"en","districtName":""},{"cityName":"Chan Quebrada","countryName":"Belize","localeCode":"en","districtName":""},{"cityName":"Chan Pond","countryName":"Belize","localeCode":"en","districtName":""},{"cityName":"Chan Pine Ridge","countryName":"Belize","localeCode":"en","districtName":""},{"cityName":"Chan Limon","countryName":"Belize","localeCode":"en","districtName":""},{"cityName":"Chan Chen","countryName":"Belize","localeCode":"en","districtName":""},{"cityName":"Chan Bank","countryName":"Belize","localeCode":"en","districtName":""},{"cityName":"Chacan Chac Mol","countryName":"Belize","localeCode":"en","districtName":""},{"cityName":"Central","countryName":"Belize","localeCode":"en","districtName":""},{"cityName":"Cedar Crossing","countryName":"Belize","localeCode":"en","districtName":""},{"cityName":"Cedar Bank","countryName":"Belize","localeCode":"en","districtName":""},{"cityName":"Cebada Camp","countryName":"Belize","localeCode":"en","districtName":""},{"cityName":"Caye Caulker","countryName":"Belize","localeCode":"en","districtName":""},{"cityName":"Caves Branch","countryName":"Belize","localeCode":"en","districtName":""},{"cityName":"Cattle Landing","countryName":"Belize","localeCode":"en","districtName":""},{"cityName":"Castile","countryName":"Belize","localeCode":"en","districtName":""},{"cityName":"Cashew Tree","countryName":"Belize","localeCode":"en","districtName":""},{"cityName":"Carolina","countryName":"Belize","localeCode":"en","districtName":""},{"cityName":"Carmelita","countryName":"Belize","localeCode":"en","districtName":""},{"cityName":"Canal Bank","countryName":"Belize","localeCode":"en","districtName":""},{"cityName":"Campa Pita","countryName":"Belize","localeCode":"en","districtName":""},{"cityName":"Camelote","countryName":"Belize","localeCode":"en","districtName":""},{"cityName":"Callar Creek","countryName":"Belize","localeCode":"en","districtName":""},{"cityName":"Calera Camp","countryName":"Belize","localeCode":"en","districtName":""},{"cityName":"Caledonia","countryName":"Belize","localeCode":"en","districtName":""},{"cityName":"Calcutta","countryName":"Belize","localeCode":"en","districtName":""},{"cityName":"Cadena Creek Camp","countryName":"Belize","localeCode":"en","districtName":""},{"cityName":"Cabro","countryName":"Belize","localeCode":"en","districtName":""},{"cityName":"Butcher Burns","countryName":"Belize","localeCode":"en","districtName":""},{"cityName":"Burrell Boom","countryName":"Belize","localeCode":"en","districtName":""},{"cityName":"Burnt Ground","countryName":"Belize","localeCode":"en","districtName":""},{"cityName":"Burnham Hall","countryName":"Belize","localeCode":"en","districtName":""},{"cityName":"Bullet Tree Falls","countryName":"Belize","localeCode":"en","districtName":""},{"cityName":"Buena Vista","countryName":"Belize","localeCode":"en","districtName":""},{"cityName":"Branch Mouth","countryName":"Belize","localeCode":"en","districtName":""},{"cityName":"Bomba","countryName":"Belize","localeCode":"en","districtName":""},{"cityName":"Bocotora","countryName":"Belize","localeCode":"en","districtName":""},{"cityName":"Bob Eiley","countryName":"Belize","localeCode":"en","districtName":""},{"cityName":"Blumenfeld","countryName":"Belize","localeCode":"en","districtName":""},{"cityName":"Blue Hole Camp","countryName":"Belize","localeCode":"en","districtName":""},{"cityName":"Blue Creek Village","countryName":"Belize","localeCode":"en","districtName":""},{"cityName":"Blossom Bank","countryName":"Belize","localeCode":"en","districtName":""},{"cityName":"Blancaneau","countryName":"Belize","localeCode":"en","districtName":""},{"cityName":"Black Rock","countryName":"Belize","localeCode":"en","districtName":""},{"cityName":"Black Man Eddy","countryName":"Belize","localeCode":"en","districtName":""},{"cityName":"Biscayne","countryName":"Belize","localeCode":"en","districtName":""},{"cityName":"Big Falls","countryName":"Belize","localeCode":"en","districtName":""},{"cityName":"Big Fall","countryName":"Belize","localeCode":"en","districtName":""},{"cityName":"Big Eddy","countryName":"Belize","localeCode":"en","districtName":""},{"cityName":"Big Creek","countryName":"Belize","localeCode":"en","districtName":""},{"cityName":"Bermudian Landing","countryName":"Belize","localeCode":"en","districtName":""},{"cityName":"Benque Viejo del Carmen","countryName":"Belize","localeCode":"en","districtName":""},{"cityName":"Benque Viejo","countryName":"Belize","localeCode":"en","districtName":""},{"cityName":"Benque Ceiba","countryName":"Belize","localeCode":"en","districtName":""},{"cityName":"Belmopan","countryName":"Belize","localeCode":"en","districtName":""},{"cityName":"Belize City","countryName":"Belize","localeCode":"en","districtName":""},{"cityName":"Beattie Pen","countryName":"Belize","localeCode":"en","districtName":""},{"cityName":"Basil Jones","countryName":"Belize","localeCode":"en","districtName":""},{"cityName":"Barton Ramie","countryName":"Belize","localeCode":"en","districtName":""},{"cityName":"Barranco","countryName":"Belize","localeCode":"en","districtName":""},{"cityName":"Barquedier Sierra","countryName":"Belize","localeCode":"en","districtName":""},{"cityName":"Banana Bank","countryName":"Belize","localeCode":"en","districtName":""},{"cityName":"Baldy Sibun","countryName":"Belize","localeCode":"en","districtName":""},{"cityName":"Baldy Beacon","countryName":"Belize","localeCode":"en","districtName":""},{"cityName":"Baking Pot","countryName":"Belize","localeCode":"en","districtName":""},{"cityName":"Bakers","countryName":"Belize","localeCode":"en","districtName":""},{"cityName":"Backlanding","countryName":"Belize","localeCode":"en","districtName":""},{"cityName":"Bacalar Chico","countryName":"Belize","localeCode":"en","districtName":""},{"cityName":"Aventura","countryName":"Belize","localeCode":"en","districtName":""},{"cityName":"August Pine Ridge","countryName":"Belize","localeCode":"en","districtName":""},{"cityName":"Augustine","countryName":"Belize","localeCode":"en","districtName":""},{"cityName":"Arenal","countryName":"Belize","localeCode":"en","districtName":""},{"cityName":"Arabato Camp","countryName":"Belize","localeCode":"en","districtName":""},{"cityName":"Andersons Camp","countryName":"Belize","localeCode":"en","districtName":""},{"cityName":"America","countryName":"Belize","localeCode":"en","districtName":""},{"cityName":"Alta Vista","countryName":"Belize","localeCode":"en","districtName":""},{"cityName":"Alabama Wharf","countryName":"Belize","localeCode":"en","districtName":""},{"cityName":"Alabama","countryName":"Belize","localeCode":"en","districtName":""},{"cityName":"Aguacate Camp","countryName":"Belize","localeCode":"en","districtName":""},{"cityName":"Aguacate","countryName":"Belize","localeCode":"en","districtName":""},{"cityName":"Valley of Peace","countryName":"Belize","localeCode":"en","districtName":""},{"cityName":"San Pedro Town","countryName":"Belize","localeCode":"en","districtName":""},{"cityName":"Stann Creek District","countryName":"Belize","localeCode":"en","districtName":""},{"cityName":"Corozal District","countryName":"Belize","localeCode":"en","districtName":""},{"cityName":"Glover's Reef Atoll","countryName":"Belize","localeCode":"en","districtName":""},{"cityName":"Ambergris Caye","countryName":"Belize","localeCode":"en","districtName":""}]