[{"cityName":"Zarafi","countryName":"Bhutan","localeCode":"en","districtName":""},{"cityName":"Yuwak","countryName":"Bhutan","localeCode":"en","districtName":""},{"cityName":"Yalang","countryName":"Bhutan","localeCode":"en","districtName":""},{"cityName":"Wangdue Phodrang","countryName":"Bhutan","localeCode":"en","districtName":""},{"cityName":"Wangchukling","countryName":"Bhutan","localeCode":"en","districtName":""},{"cityName":"Usak","countryName":"Bhutan","localeCode":"en","districtName":""},{"cityName":"Ura","countryName":"Bhutan","localeCode":"en","districtName":""},{"cityName":"Tungka La","countryName":"Bhutan","localeCode":"en","districtName":""},{"cityName":"Tse Kang","countryName":"Bhutan","localeCode":"en","districtName":""},{"cityName":"Tsangka","countryName":"Bhutan","localeCode":"en","districtName":""},{"cityName":"Tosumani","countryName":"Bhutan","localeCode":"en","districtName":""},{"cityName":"Tormoshangsa","countryName":"Bhutan","localeCode":"en","districtName":""},{"cityName":"Trongsa","countryName":"Bhutan","localeCode":"en","districtName":""},{"cityName":"Tongla Kenga","countryName":"Bhutan","localeCode":"en","districtName":""},{"cityName":"Tobrang","countryName":"Bhutan","localeCode":"en","districtName":""},{"cityName":"Tima","countryName":"Bhutan","localeCode":"en","districtName":""},{"cityName":"Khenpa Dzong","countryName":"Bhutan","localeCode":"en","districtName":""},{"cityName":"Thumgaon","countryName":"Bhutan","localeCode":"en","districtName":""},{"cityName":"Thimphu","countryName":"Bhutan","localeCode":"en","districtName":""},{"cityName":"Thebong","countryName":"Bhutan","localeCode":"en","districtName":""},{"cityName":"Tendu","countryName":"Bhutan","localeCode":"en","districtName":""},{"cityName":"Tashtanje","countryName":"Bhutan","localeCode":"en","districtName":""},{"cityName":"Trashi Yangtse","countryName":"Bhutan","localeCode":"en","districtName":""},{"cityName":"Trashigang","countryName":"Bhutan","localeCode":"en","districtName":""},{"cityName":"Tashi Chho Dzong","countryName":"Bhutan","localeCode":"en","districtName":""},{"cityName":"Taripe","countryName":"Bhutan","localeCode":"en","districtName":""},{"cityName":"Tangsebi","countryName":"Bhutan","localeCode":"en","districtName":""},{"cityName":"Tamji","countryName":"Bhutan","localeCode":"en","districtName":""},{"cityName":"Tamjee","countryName":"Bhutan","localeCode":"en","districtName":""},{"cityName":"Tala","countryName":"Bhutan","localeCode":"en","districtName":""},{"cityName":"Daga","countryName":"Bhutan","localeCode":"en","districtName":""},{"cityName":"Sufali","countryName":"Bhutan","localeCode":"en","districtName":""},{"cityName":"Suchha","countryName":"Bhutan","localeCode":"en","districtName":""},{"cityName":"Sangbay","countryName":"Bhutan","localeCode":"en","districtName":""},{"cityName":"Singye Dzong","countryName":"Bhutan","localeCode":"en","districtName":""},{"cityName":"Shuri","countryName":"Bhutan","localeCode":"en","districtName":""},{"cityName":"Shongar Dzong","countryName":"Bhutan","localeCode":"en","districtName":""},{"cityName":"Shodug","countryName":"Bhutan","localeCode":"en","districtName":""},{"cityName":"Shiuji","countryName":"Bhutan","localeCode":"en","districtName":""},{"cityName":"Shingkarap","countryName":"Bhutan","localeCode":"en","districtName":""},{"cityName":"Shingbe","countryName":"Bhutan","localeCode":"en","districtName":""},{"cityName":"Shegaria","countryName":"Bhutan","localeCode":"en","districtName":""},{"cityName":"Sharithang","countryName":"Bhutan","localeCode":"en","districtName":""},{"cityName":"Shapang","countryName":"Bhutan","localeCode":"en","districtName":""},{"cityName":"Shemgang","countryName":"Bhutan","localeCode":"en","districtName":""},{"cityName":"Shali","countryName":"Bhutan","localeCode":"en","districtName":""},{"cityName":"Shabling","countryName":"Bhutan","localeCode":"en","districtName":""},{"cityName":"Sengor","countryName":"Bhutan","localeCode":"en","districtName":""},{"cityName":"Sawaphu","countryName":"Bhutan","localeCode":"en","districtName":""},{"cityName":"Sawang","countryName":"Bhutan","localeCode":"en","districtName":""},{"cityName":"Sassi","countryName":"Bhutan","localeCode":"en","districtName":""},{"cityName":"Sasoka","countryName":"Bhutan","localeCode":"en","districtName":""},{"cityName":"Sarpang","countryName":"Bhutan","localeCode":"en","districtName":""},{"cityName":"Sangkari","countryName":"Bhutan","localeCode":"en","districtName":""},{"cityName":"Sanchi","countryName":"Bhutan","localeCode":"en","districtName":""},{"cityName":"Sana","countryName":"Bhutan","localeCode":"en","districtName":""},{"cityName":"Samtengang","countryName":"Bhutan","localeCode":"en","districtName":""},{"cityName":"Samdrup Choling","countryName":"Bhutan","localeCode":"en","districtName":""},{"cityName":"Sakteng","countryName":"Bhutan","localeCode":"en","districtName":""},{"cityName":"Saidu","countryName":"Bhutan","localeCode":"en","districtName":""},{"cityName":"Rungzyung","countryName":"Bhutan","localeCode":"en","districtName":""},{"cityName":"Ritang","countryName":"Bhutan","localeCode":"en","districtName":""},{"cityName":"Rife","countryName":"Bhutan","localeCode":"en","districtName":""},{"cityName":"Rapley","countryName":"Bhutan","localeCode":"en","districtName":""},{"cityName":"Raga","countryName":"Bhutan","localeCode":"en","districtName":""},{"cityName":"Rading","countryName":"Bhutan","localeCode":"en","districtName":""},{"cityName":"Punakha","countryName":"Bhutan","localeCode":"en","districtName":""},{"cityName":"Pinsoperi","countryName":"Bhutan","localeCode":"en","districtName":""},{"cityName":"Pimi","countryName":"Bhutan","localeCode":"en","districtName":""},{"cityName":"Pieksao","countryName":"Bhutan","localeCode":"en","districtName":""},{"cityName":"Phuntsholing","countryName":"Bhutan","localeCode":"en","districtName":""},{"cityName":"Phisugaon","countryName":"Bhutan","localeCode":"en","districtName":""},{"cityName":"Pinkhua","countryName":"Bhutan","localeCode":"en","districtName":""},{"cityName":"Paro","countryName":"Bhutan","localeCode":"en","districtName":""},{"cityName":"Pangkha","countryName":"Bhutan","localeCode":"en","districtName":""},{"cityName":"Pajo","countryName":"Bhutan","localeCode":"en","districtName":""},{"cityName":"Pachu","countryName":"Bhutan","localeCode":"en","districtName":""},{"cityName":"Ningsang La","countryName":"Bhutan","localeCode":"en","districtName":""},{"cityName":"Nimgong","countryName":"Bhutan","localeCode":"en","districtName":""},{"cityName":"Niche Kalikhola","countryName":"Bhutan","localeCode":"en","districtName":""},{"cityName":"Ngalangkang","countryName":"Bhutan","localeCode":"en","districtName":""},{"cityName":"Naspe","countryName":"Bhutan","localeCode":"en","districtName":""},{"cityName":"Namtir","countryName":"Bhutan","localeCode":"en","districtName":""},{"cityName":"Naktsang","countryName":"Bhutan","localeCode":"en","districtName":""},{"cityName":"Naitola","countryName":"Bhutan","localeCode":"en","districtName":""},{"cityName":"Nab Chote","countryName":"Bhutan","localeCode":"en","districtName":""},{"cityName":"Monka","countryName":"Bhutan","localeCode":"en","districtName":""},{"cityName":"Mongar","countryName":"Bhutan","localeCode":"en","districtName":""},{"cityName":"Momai Thang","countryName":"Bhutan","localeCode":"en","districtName":""},{"cityName":"Mochhu","countryName":"Bhutan","localeCode":"en","districtName":""},{"cityName":"Maogaon","countryName":"Bhutan","localeCode":"en","districtName":""},{"cityName":"Manikyangsa","countryName":"Bhutan","localeCode":"en","districtName":""},{"cityName":"Lung Chen","countryName":"Bhutan","localeCode":"en","districtName":""},{"cityName":"Louri","countryName":"Bhutan","localeCode":"en","districtName":""},{"cityName":"Lobnig","countryName":"Bhutan","localeCode":"en","districtName":""},{"cityName":"Lhuentse","countryName":"Bhutan","localeCode":"en","districtName":""},{"cityName":"Lhedang","countryName":"Bhutan","localeCode":"en","districtName":""},{"cityName":"Lao","countryName":"Bhutan","localeCode":"en","districtName":""},{"cityName":"Lamti","countryName":"Bhutan","localeCode":"en","districtName":""},{"cityName":"Lamedada","countryName":"Bhutan","localeCode":"en","districtName":""},{"cityName":"Chapchha","countryName":"Bhutan","localeCode":"en","districtName":""},{"cityName":"Kungtar","countryName":"Bhutan","localeCode":"en","districtName":""},{"cityName":"Kisona","countryName":"Bhutan","localeCode":"en","districtName":""},{"cityName":"Khitokha","countryName":"Bhutan","localeCode":"en","districtName":""},{"cityName":"Khar","countryName":"Bhutan","localeCode":"en","districtName":""},{"cityName":"Kengkhar","countryName":"Bhutan","localeCode":"en","districtName":""},{"cityName":"Kencho","countryName":"Bhutan","localeCode":"en","districtName":""},{"cityName":"Kechungka","countryName":"Bhutan","localeCode":"en","districtName":""},{"cityName":"Kangpar","countryName":"Bhutan","localeCode":"en","districtName":""},{"cityName":"Kamganka","countryName":"Bhutan","localeCode":"en","districtName":""},{"cityName":"Kagha","countryName":"Bhutan","localeCode":"en","districtName":""},{"cityName":"Hlari","countryName":"Bhutan","localeCode":"en","districtName":""},{"cityName":"Geylegphug","countryName":"Bhutan","localeCode":"en","districtName":""},{"cityName":"Haracha","countryName":"Bhutan","localeCode":"en","districtName":""},{"cityName":"Ha","countryName":"Bhutan","localeCode":"en","districtName":""},{"cityName":"Gyetsa","countryName":"Bhutan","localeCode":"en","districtName":""},{"cityName":"Gonphu","countryName":"Bhutan","localeCode":"en","districtName":""},{"cityName":"Gongchuandgaon","countryName":"Bhutan","localeCode":"en","districtName":""},{"cityName":"Gnimthenla","countryName":"Bhutan","localeCode":"en","districtName":""},{"cityName":"Giala","countryName":"Bhutan","localeCode":"en","districtName":""},{"cityName":"Ghunkarah","countryName":"Bhutan","localeCode":"en","districtName":""},{"cityName":"Gasila","countryName":"Bhutan","localeCode":"en","districtName":""},{"cityName":"Gasa","countryName":"Bhutan","localeCode":"en","districtName":""},{"cityName":"Galechugaon","countryName":"Bhutan","localeCode":"en","districtName":""},{"cityName":"Dzongsa Dzong","countryName":"Bhutan","localeCode":"en","districtName":""},{"cityName":"Dungna","countryName":"Bhutan","localeCode":"en","districtName":""},{"cityName":"Dotanang","countryName":"Bhutan","localeCode":"en","districtName":""},{"cityName":"Doronagaon","countryName":"Bhutan","localeCode":"en","districtName":""},{"cityName":"Doring","countryName":"Bhutan","localeCode":"en","districtName":""},{"cityName":"Donkar","countryName":"Bhutan","localeCode":"en","districtName":""},{"cityName":"Domka","countryName":"Bhutan","localeCode":"en","districtName":""},{"cityName":"Dogsar","countryName":"Bhutan","localeCode":"en","districtName":""},{"cityName":"Diptsang","countryName":"Bhutan","localeCode":"en","districtName":""},{"cityName":"Dhur","countryName":"Bhutan","localeCode":"en","districtName":""},{"cityName":"Dhaje","countryName":"Bhutan","localeCode":"en","districtName":""},{"cityName":"Dewangiri","countryName":"Bhutan","localeCode":"en","districtName":""},{"cityName":"Denchukha","countryName":"Bhutan","localeCode":"en","districtName":""},{"cityName":"Dametsi","countryName":"Bhutan","localeCode":"en","districtName":""},{"cityName":"Daphu","countryName":"Bhutan","localeCode":"en","districtName":""},{"cityName":"Dam","countryName":"Bhutan","localeCode":"en","districtName":""},{"cityName":"Chuyul","countryName":"Bhutan","localeCode":"en","districtName":""},{"cityName":"Chungkar","countryName":"Bhutan","localeCode":"en","districtName":""},{"cityName":"Tsirang","countryName":"Bhutan","localeCode":"en","districtName":""},{"cityName":"Chilo","countryName":"Bhutan","localeCode":"en","districtName":""},{"cityName":"Tsimasham","countryName":"Bhutan","localeCode":"en","districtName":""},{"cityName":"Chendebi","countryName":"Bhutan","localeCode":"en","districtName":""},{"cityName":"Chemaito","countryName":"Bhutan","localeCode":"en","districtName":""},{"cityName":"Changra","countryName":"Bhutan","localeCode":"en","districtName":""},{"cityName":"Changchukha Dzong","countryName":"Bhutan","localeCode":"en","districtName":""},{"cityName":"Chamarchi","countryName":"Bhutan","localeCode":"en","districtName":""},{"cityName":"Chalaika","countryName":"Bhutan","localeCode":"en","districtName":""},{"cityName":"Byaradingka","countryName":"Bhutan","localeCode":"en","districtName":""},{"cityName":"Byakar Dzong","countryName":"Bhutan","localeCode":"en","districtName":""},{"cityName":"Buri Chu","countryName":"Bhutan","localeCode":"en","districtName":""},{"cityName":"Bumtang Tang","countryName":"Bhutan","localeCode":"en","districtName":""},{"cityName":"Bitana","countryName":"Bhutan","localeCode":"en","districtName":""},{"cityName":"Bioka","countryName":"Bhutan","localeCode":"en","districtName":""},{"cityName":"Bhurgaon","countryName":"Bhutan","localeCode":"en","districtName":""},{"cityName":"Bhangbarai","countryName":"Bhutan","localeCode":"en","districtName":""},{"cityName":"Beteni","countryName":"Bhutan","localeCode":"en","districtName":""},{"cityName":"Barshong","countryName":"Bhutan","localeCode":"en","districtName":""},{"cityName":"Bali","countryName":"Bhutan","localeCode":"en","districtName":""},{"cityName":"Balfai","countryName":"Bhutan","localeCode":"en","districtName":""},{"cityName":"Bachap","countryName":"Bhutan","localeCode":"en","districtName":""},{"cityName":"Ama","countryName":"Bhutan","localeCode":"en","districtName":""},{"cityName":"Alla","countryName":"Bhutan","localeCode":"en","districtName":""},{"cityName":"Lingshi","countryName":"Bhutan","localeCode":"en","districtName":""},{"cityName":"Jakar","countryName":"Bhutan","localeCode":"en","districtName":""},{"cityName":"Kurjey","countryName":"Bhutan","localeCode":"en","districtName":""},{"cityName":"Nangnang","countryName":"Bhutan","localeCode":"en","districtName":""},{"cityName":"Gangtey Gonpa","countryName":"Bhutan","localeCode":"en","districtName":""},{"cityName":"Lalai","countryName":"Bhutan","localeCode":"en","districtName":""},{"cityName":"Panbang","countryName":"Bhutan","localeCode":"en","districtName":""},{"cityName":"Nganglam","countryName":"Bhutan","localeCode":"en","districtName":""},{"cityName":"Kalikhola","countryName":"Bhutan","localeCode":"en","districtName":""},{"cityName":"Samtse","countryName":"Bhutan","localeCode":"en","districtName":""},{"cityName":"Chengmari","countryName":"Bhutan","localeCode":"en","districtName":""},{"cityName":"Dorokha","countryName":"Bhutan","localeCode":"en","districtName":""},{"cityName":"Sibsu","countryName":"Bhutan","localeCode":"en","districtName":""},{"cityName":"Damphu","countryName":"Bhutan","localeCode":"en","districtName":""},{"cityName":"Lamidangra","countryName":"Bhutan","localeCode":"en","districtName":""},{"cityName":"Dagapela","countryName":"Bhutan","localeCode":"en","districtName":""},{"cityName":"Radi","countryName":"Bhutan","localeCode":"en","districtName":""},{"cityName":"Gyepozhing","countryName":"Bhutan","localeCode":"en","districtName":""},{"cityName":"Thrimshing","countryName":"Bhutan","localeCode":"en","districtName":""},{"cityName":"Wamrong","countryName":"Bhutan","localeCode":"en","districtName":""},{"cityName":"Pemagatshel","countryName":"Bhutan","localeCode":"en","districtName":""},{"cityName":"Tseshinang","countryName":"Bhutan","localeCode":"en","districtName":""},{"cityName":"Dawakha","countryName":"Bhutan","localeCode":"en","districtName":""},{"cityName":"Drugyel Dzong","countryName":"Bhutan","localeCode":"en","districtName":""},{"cityName":"Damthang","countryName":"Bhutan","localeCode":"en","districtName":""},{"cityName":"Tshalunang","countryName":"Bhutan","localeCode":"en","districtName":""},{"cityName":"Atsho Chhubar","countryName":"Bhutan","localeCode":"en","districtName":""},{"cityName":"Daifam","countryName":"Bhutan","localeCode":"en","districtName":""},{"cityName":"Bhangtar","countryName":"Bhutan","localeCode":"en","districtName":""},{"cityName":"Samdrup Jongkhar","countryName":"Bhutan","localeCode":"en","districtName":""},{"cityName":"Laya","countryName":"Bhutan","localeCode":"en","districtName":""},{"cityName":"Lunana","countryName":"Bhutan","localeCode":"en","districtName":""},{"cityName":"Pele La","countryName":"Bhutan","localeCode":"en","districtName":""},{"cityName":"Kanglung","countryName":"Bhutan","localeCode":"en","districtName":""},{"cityName":"Autsho","countryName":"Bhutan","localeCode":"en","districtName":""},{"cityName":"Shari","countryName":"Bhutan","localeCode":"en","districtName":""},{"cityName":"Lobeysa","countryName":"Bhutan","localeCode":"en","districtName":""},{"cityName":"Phuentsholing","countryName":"Bhutan","localeCode":"en","districtName":""},{"cityName":"Paro populated 1","countryName":"Bhutan","localeCode":"en","districtName":""},{"cityName":"Paro Populated2","countryName":"Bhutan","localeCode":"en","districtName":""},{"cityName":"Paro Populated3","countryName":"Bhutan","localeCode":"en","districtName":""},{"cityName":"Paro Populated4","countryName":"Bhutan","localeCode":"en","districtName":""},{"cityName":"Dumte","countryName":"Bhutan","localeCode":"en","districtName":""},{"cityName":"Hingslo","countryName":"Bhutan","localeCode":"en","districtName":""},{"cityName":"Bumtaka","countryName":"Bhutan","localeCode":"en","districtName":""},{"cityName":"Gipsa","countryName":"Bhutan","localeCode":"en","districtName":""},{"cityName":"Rachau","countryName":"Bhutan","localeCode":"en","districtName":""},{"cityName":"Yekho","countryName":"Bhutan","localeCode":"en","districtName":""},{"cityName":"Rukubji","countryName":"Bhutan","localeCode":"en","districtName":""},{"cityName":"Chela","countryName":"Bhutan","localeCode":"en","districtName":""},{"cityName":"Gamling","countryName":"Bhutan","localeCode":"en","districtName":""},{"cityName":"Shingkhar","countryName":"Bhutan","localeCode":"en","districtName":""},{"cityName":"Pangsu","countryName":"Bhutan","localeCode":"en","districtName":""},{"cityName":"Chungsing","countryName":"Bhutan","localeCode":"en","districtName":""},{"cityName":"Majgaon","countryName":"Bhutan","localeCode":"en","districtName":""},{"cityName":"Nepaltargaon","countryName":"Bhutan","localeCode":"en","districtName":""},{"cityName":"Dumegaon","countryName":"Bhutan","localeCode":"en","districtName":""},{"cityName":"Ajingregaon","countryName":"Bhutan","localeCode":"en","districtName":""},{"cityName":"Samatung","countryName":"Bhutan","localeCode":"en","districtName":""},{"cityName":"Momring","countryName":"Bhutan","localeCode":"en","districtName":""},{"cityName":"Kho Ling","countryName":"Bhutan","localeCode":"en","districtName":""},{"cityName":"Pangthang","countryName":"Bhutan","localeCode":"en","districtName":""},{"cityName":"Jimkhar","countryName":"Bhutan","localeCode":"en","districtName":""},{"cityName":"Jam Khar","countryName":"Bhutan","localeCode":"en","districtName":""},{"cityName":"Ga Ling","countryName":"Bhutan","localeCode":"en","districtName":""},{"cityName":"Drakhang","countryName":"Bhutan","localeCode":"en","districtName":""},{"cityName":"Mago","countryName":"Bhutan","localeCode":"en","districtName":""},{"cityName":"Gorjo","countryName":"Bhutan","localeCode":"en","districtName":""},{"cityName":"Ankaling","countryName":"Bhutan","localeCode":"en","districtName":""}]