[{"cityName":"Zarafi","countryName":"Bhutan"},{"cityName":"Yuwak","countryName":"Bhutan"},{"cityName":"Yalang","countryName":"Bhutan"},{"cityName":"Wangdue Phodrang","countryName":"Bhutan"},{"cityName":"Wangchukling","countryName":"Bhutan"},{"cityName":"Usak","countryName":"Bhutan"},{"cityName":"Ura","countryName":"Bhutan"},{"cityName":"Tungka La","countryName":"Bhutan"},{"cityName":"Tse Kang","countryName":"Bhutan"},{"cityName":"Tsangka","countryName":"Bhutan"},{"cityName":"Tosumani","countryName":"Bhutan"},{"cityName":"Tormoshangsa","countryName":"Bhutan"},{"cityName":"Trongsa","countryName":"Bhutan"},{"cityName":"Tongla Kenga","countryName":"Bhutan"},{"cityName":"Tobrang","countryName":"Bhutan"},{"cityName":"Tima","countryName":"Bhutan"},{"cityName":"Khenpa Dzong","countryName":"Bhutan"},{"cityName":"Thumgaon","countryName":"Bhutan"},{"cityName":"Thimphu","countryName":"Bhutan"},{"cityName":"Thebong","countryName":"Bhutan"},{"cityName":"Tendu","countryName":"Bhutan"},{"cityName":"Tashtanje","countryName":"Bhutan"},{"cityName":"Trashi Yangtse","countryName":"Bhutan"},{"cityName":"Trashigang","countryName":"Bhutan"},{"cityName":"Tashi Chho Dzong","countryName":"Bhutan"},{"cityName":"Taripe","countryName":"Bhutan"},{"cityName":"Tangsebi","countryName":"Bhutan"},{"cityName":"Tamji","countryName":"Bhutan"},{"cityName":"Tamjee","countryName":"Bhutan"},{"cityName":"Tala","countryName":"Bhutan"},{"cityName":"Daga","countryName":"Bhutan"},{"cityName":"Sufali","countryName":"Bhutan"},{"cityName":"Suchha","countryName":"Bhutan"},{"cityName":"Sangbay","countryName":"Bhutan"},{"cityName":"Singye Dzong","countryName":"Bhutan"},{"cityName":"Shuri","countryName":"Bhutan"},{"cityName":"Shongar Dzong","countryName":"Bhutan"},{"cityName":"Shodug","countryName":"Bhutan"},{"cityName":"Shiuji","countryName":"Bhutan"},{"cityName":"Shingkarap","countryName":"Bhutan"},{"cityName":"Shingbe","countryName":"Bhutan"},{"cityName":"Shegaria","countryName":"Bhutan"},{"cityName":"Sharithang","countryName":"Bhutan"},{"cityName":"Shapang","countryName":"Bhutan"},{"cityName":"Shemgang","countryName":"Bhutan"},{"cityName":"Shali","countryName":"Bhutan"},{"cityName":"Shabling","countryName":"Bhutan"},{"cityName":"Sengor","countryName":"Bhutan"},{"cityName":"Sawaphu","countryName":"Bhutan"},{"cityName":"Sawang","countryName":"Bhutan"},{"cityName":"Sassi","countryName":"Bhutan"},{"cityName":"Sasoka","countryName":"Bhutan"},{"cityName":"Sarpang","countryName":"Bhutan"},{"cityName":"Sangkari","countryName":"Bhutan"},{"cityName":"Sanchi","countryName":"Bhutan"},{"cityName":"Sana","countryName":"Bhutan"},{"cityName":"Samtengang","countryName":"Bhutan"},{"cityName":"Samdrup Choling","countryName":"Bhutan"},{"cityName":"Sakteng","countryName":"Bhutan"},{"cityName":"Saidu","countryName":"Bhutan"},{"cityName":"Rungzyung","countryName":"Bhutan"},{"cityName":"Ritang","countryName":"Bhutan"},{"cityName":"Rife","countryName":"Bhutan"},{"cityName":"Rapley","countryName":"Bhutan"},{"cityName":"Raga","countryName":"Bhutan"},{"cityName":"Rading","countryName":"Bhutan"},{"cityName":"Punakha","countryName":"Bhutan"},{"cityName":"Pinsoperi","countryName":"Bhutan"},{"cityName":"Pimi","countryName":"Bhutan"},{"cityName":"Pieksao","countryName":"Bhutan"},{"cityName":"Phuntsholing","countryName":"Bhutan"},{"cityName":"Phisugaon","countryName":"Bhutan"},{"cityName":"Pinkhua","countryName":"Bhutan"},{"cityName":"Paro","countryName":"Bhutan"},{"cityName":"Pangkha","countryName":"Bhutan"},{"cityName":"Pajo","countryName":"Bhutan"},{"cityName":"Pachu","countryName":"Bhutan"},{"cityName":"Ningsang La","countryName":"Bhutan"},{"cityName":"Nimgong","countryName":"Bhutan"},{"cityName":"Niche Kalikhola","countryName":"Bhutan"},{"cityName":"Ngalangkang","countryName":"Bhutan"},{"cityName":"Naspe","countryName":"Bhutan"},{"cityName":"Namtir","countryName":"Bhutan"},{"cityName":"Naktsang","countryName":"Bhutan"},{"cityName":"Naitola","countryName":"Bhutan"},{"cityName":"Nab Chote","countryName":"Bhutan"},{"cityName":"Monka","countryName":"Bhutan"},{"cityName":"Mongar","countryName":"Bhutan"},{"cityName":"Momai Thang","countryName":"Bhutan"},{"cityName":"Mochhu","countryName":"Bhutan"},{"cityName":"Maogaon","countryName":"Bhutan"},{"cityName":"Manikyangsa","countryName":"Bhutan"},{"cityName":"Lung Chen","countryName":"Bhutan"},{"cityName":"Louri","countryName":"Bhutan"},{"cityName":"Lobnig","countryName":"Bhutan"},{"cityName":"Lhuentse","countryName":"Bhutan"},{"cityName":"Lhedang","countryName":"Bhutan"},{"cityName":"Lao","countryName":"Bhutan"},{"cityName":"Lamti","countryName":"Bhutan"},{"cityName":"Lamedada","countryName":"Bhutan"},{"cityName":"Chapchha","countryName":"Bhutan"},{"cityName":"Kungtar","countryName":"Bhutan"},{"cityName":"Kisona","countryName":"Bhutan"},{"cityName":"Khitokha","countryName":"Bhutan"},{"cityName":"Khar","countryName":"Bhutan"},{"cityName":"Kengkhar","countryName":"Bhutan"},{"cityName":"Kencho","countryName":"Bhutan"},{"cityName":"Kechungka","countryName":"Bhutan"},{"cityName":"Kangpar","countryName":"Bhutan"},{"cityName":"Kamganka","countryName":"Bhutan"},{"cityName":"Kagha","countryName":"Bhutan"},{"cityName":"Hlari","countryName":"Bhutan"},{"cityName":"Geylegphug","countryName":"Bhutan"},{"cityName":"Haracha","countryName":"Bhutan"},{"cityName":"Ha","countryName":"Bhutan"},{"cityName":"Gyetsa","countryName":"Bhutan"},{"cityName":"Gonphu","countryName":"Bhutan"},{"cityName":"Gongchuandgaon","countryName":"Bhutan"},{"cityName":"Gnimthenla","countryName":"Bhutan"},{"cityName":"Giala","countryName":"Bhutan"},{"cityName":"Ghunkarah","countryName":"Bhutan"},{"cityName":"Gasila","countryName":"Bhutan"},{"cityName":"Gasa","countryName":"Bhutan"},{"cityName":"Galechugaon","countryName":"Bhutan"},{"cityName":"Dzongsa Dzong","countryName":"Bhutan"},{"cityName":"Dungna","countryName":"Bhutan"},{"cityName":"Dotanang","countryName":"Bhutan"},{"cityName":"Doronagaon","countryName":"Bhutan"},{"cityName":"Doring","countryName":"Bhutan"},{"cityName":"Donkar","countryName":"Bhutan"},{"cityName":"Domka","countryName":"Bhutan"},{"cityName":"Dogsar","countryName":"Bhutan"},{"cityName":"Diptsang","countryName":"Bhutan"},{"cityName":"Dhur","countryName":"Bhutan"},{"cityName":"Dhaje","countryName":"Bhutan"},{"cityName":"Dewangiri","countryName":"Bhutan"},{"cityName":"Denchukha","countryName":"Bhutan"},{"cityName":"Dametsi","countryName":"Bhutan"},{"cityName":"Daphu","countryName":"Bhutan"},{"cityName":"Dam","countryName":"Bhutan"},{"cityName":"Chuyul","countryName":"Bhutan"},{"cityName":"Chungkar","countryName":"Bhutan"},{"cityName":"Tsirang","countryName":"Bhutan"},{"cityName":"Chilo","countryName":"Bhutan"},{"cityName":"Tsimasham","countryName":"Bhutan"},{"cityName":"Chendebi","countryName":"Bhutan"},{"cityName":"Chemaito","countryName":"Bhutan"},{"cityName":"Changra","countryName":"Bhutan"},{"cityName":"Changchukha Dzong","countryName":"Bhutan"},{"cityName":"Chamarchi","countryName":"Bhutan"},{"cityName":"Chalaika","countryName":"Bhutan"},{"cityName":"Byaradingka","countryName":"Bhutan"},{"cityName":"Byakar Dzong","countryName":"Bhutan"},{"cityName":"Buri Chu","countryName":"Bhutan"},{"cityName":"Bumtang Tang","countryName":"Bhutan"},{"cityName":"Bitana","countryName":"Bhutan"},{"cityName":"Bioka","countryName":"Bhutan"},{"cityName":"Bhurgaon","countryName":"Bhutan"},{"cityName":"Bhangbarai","countryName":"Bhutan"},{"cityName":"Beteni","countryName":"Bhutan"},{"cityName":"Barshong","countryName":"Bhutan"},{"cityName":"Bali","countryName":"Bhutan"},{"cityName":"Balfai","countryName":"Bhutan"},{"cityName":"Bachap","countryName":"Bhutan"},{"cityName":"Ama","countryName":"Bhutan"},{"cityName":"Alla","countryName":"Bhutan"},{"cityName":"Lingshi","countryName":"Bhutan"},{"cityName":"Jakar","countryName":"Bhutan"},{"cityName":"Kurjey","countryName":"Bhutan"},{"cityName":"Nangnang","countryName":"Bhutan"},{"cityName":"Gangtey Gonpa","countryName":"Bhutan"},{"cityName":"Lalai","countryName":"Bhutan"},{"cityName":"Panbang","countryName":"Bhutan"},{"cityName":"Nganglam","countryName":"Bhutan"},{"cityName":"Kalikhola","countryName":"Bhutan"},{"cityName":"Samtse","countryName":"Bhutan"},{"cityName":"Chengmari","countryName":"Bhutan"},{"cityName":"Dorokha","countryName":"Bhutan"},{"cityName":"Sibsu","countryName":"Bhutan"},{"cityName":"Damphu","countryName":"Bhutan"},{"cityName":"Lamidangra","countryName":"Bhutan"},{"cityName":"Dagapela","countryName":"Bhutan"},{"cityName":"Radi","countryName":"Bhutan"},{"cityName":"Gyepozhing","countryName":"Bhutan"},{"cityName":"Thrimshing","countryName":"Bhutan"},{"cityName":"Wamrong","countryName":"Bhutan"},{"cityName":"Pemagatshel","countryName":"Bhutan"},{"cityName":"Tseshinang","countryName":"Bhutan"},{"cityName":"Dawakha","countryName":"Bhutan"},{"cityName":"Drugyel Dzong","countryName":"Bhutan"},{"cityName":"Damthang","countryName":"Bhutan"},{"cityName":"Tshalunang","countryName":"Bhutan"},{"cityName":"Atsho Chhubar","countryName":"Bhutan"},{"cityName":"Daifam","countryName":"Bhutan"},{"cityName":"Bhangtar","countryName":"Bhutan"},{"cityName":"Samdrup Jongkhar","countryName":"Bhutan"},{"cityName":"Laya","countryName":"Bhutan"},{"cityName":"Lunana","countryName":"Bhutan"},{"cityName":"Pele La","countryName":"Bhutan"},{"cityName":"Kanglung","countryName":"Bhutan"},{"cityName":"Autsho","countryName":"Bhutan"},{"cityName":"Shari","countryName":"Bhutan"},{"cityName":"Lobeysa","countryName":"Bhutan"},{"cityName":"Phuentsholing","countryName":"Bhutan"},{"cityName":"Paro populated 1","countryName":"Bhutan"},{"cityName":"Paro Populated2","countryName":"Bhutan"},{"cityName":"Paro Populated3","countryName":"Bhutan"},{"cityName":"Paro Populated4","countryName":"Bhutan"},{"cityName":"Dumte","countryName":"Bhutan"},{"cityName":"Hingslo","countryName":"Bhutan"},{"cityName":"Bumtaka","countryName":"Bhutan"},{"cityName":"Gipsa","countryName":"Bhutan"},{"cityName":"Rachau","countryName":"Bhutan"},{"cityName":"Yekho","countryName":"Bhutan"},{"cityName":"Rukubji","countryName":"Bhutan"},{"cityName":"Chela","countryName":"Bhutan"},{"cityName":"Gamling","countryName":"Bhutan"},{"cityName":"Shingkhar","countryName":"Bhutan"},{"cityName":"Pangsu","countryName":"Bhutan"},{"cityName":"Chungsing","countryName":"Bhutan"},{"cityName":"Majgaon","countryName":"Bhutan"},{"cityName":"Nepaltargaon","countryName":"Bhutan"},{"cityName":"Dumegaon","countryName":"Bhutan"},{"cityName":"Ajingregaon","countryName":"Bhutan"},{"cityName":"Samatung","countryName":"Bhutan"},{"cityName":"Momring","countryName":"Bhutan"},{"cityName":"Kho Ling","countryName":"Bhutan"},{"cityName":"Pangthang","countryName":"Bhutan"},{"cityName":"Jimkhar","countryName":"Bhutan"},{"cityName":"Jam Khar","countryName":"Bhutan"},{"cityName":"Ga Ling","countryName":"Bhutan"},{"cityName":"Drakhang","countryName":"Bhutan"},{"cityName":"Mago","countryName":"Bhutan"},{"cityName":"Gorjo","countryName":"Bhutan"},{"cityName":"Ankaling","countryName":"Bhutan"}]