[{"cityName":"Wesley Will","countryName":"British Virgin Islands","localeCode":"en","districtName":""},{"cityName":"Threllfall","countryName":"British Virgin Islands","localeCode":"en","districtName":""},{"cityName":"The Settlement","countryName":"British Virgin Islands","localeCode":"en","districtName":""},{"cityName":"The Mill","countryName":"British Virgin Islands","localeCode":"en","districtName":""},{"cityName":"Spanish Town","countryName":"British Virgin Islands","localeCode":"en","districtName":""},{"cityName":"South Sound","countryName":"British Virgin Islands","localeCode":"en","districtName":""},{"cityName":"Road Town","countryName":"British Virgin Islands","localeCode":"en","districtName":""},{"cityName":"Maya Cove","countryName":"British Virgin Islands","localeCode":"en","districtName":""},{"cityName":"Long Swamp","countryName":"British Virgin Islands","localeCode":"en","districtName":""},{"cityName":"Little Harbour","countryName":"British Virgin Islands","localeCode":"en","districtName":""},{"cityName":"Little Carrot Bay","countryName":"British Virgin Islands","localeCode":"en","districtName":""},{"cityName":"Lettsome Settlement","countryName":"British Virgin Islands","localeCode":"en","districtName":""},{"cityName":"Leonards","countryName":"British Virgin Islands","localeCode":"en","districtName":""},{"cityName":"Kingstown","countryName":"British Virgin Islands","localeCode":"en","districtName":""},{"cityName":"Hannah","countryName":"British Virgin Islands","localeCode":"en","districtName":""},{"cityName":"Great Mountain","countryName":"British Virgin Islands","localeCode":"en","districtName":""},{"cityName":"Great Carrot Bay","countryName":"British Virgin Islands","localeCode":"en","districtName":""},{"cityName":"Freshwater Pond","countryName":"British Virgin Islands","localeCode":"en","districtName":""},{"cityName":"Cane Garden Bay","countryName":"British Virgin Islands","localeCode":"en","districtName":""},{"cityName":"Belle Vue","countryName":"British Virgin Islands","localeCode":"en","districtName":""},{"cityName":"Anderson","countryName":"British Virgin Islands","localeCode":"en","districtName":""},{"cityName":"Creek Village","countryName":"British Virgin Islands","localeCode":"en","districtName":""}]