[{"cityName":"Whitehall Estate","countryName":"Cayman Islands"},{"cityName":"West End","countryName":"Cayman Islands"},{"cityName":"West Bay","countryName":"Cayman Islands"},{"cityName":"Water Ground","countryName":"Cayman Islands"},{"cityName":"Vicksville","countryName":"Cayman Islands"},{"cityName":"Upper Land","countryName":"Cayman Islands"},{"cityName":"Tropical Gardens","countryName":"Cayman Islands"},{"cityName":"Town Hall Crescent","countryName":"Cayman Islands"},{"cityName":"Tibbetts Turn","countryName":"Cayman Islands"},{"cityName":"The Moorings","countryName":"Cayman Islands"},{"cityName":"The Common","countryName":"Cayman Islands"},{"cityName":"Spotts","countryName":"Cayman Islands"},{"cityName":"Spot Bay","countryName":"Cayman Islands"},{"cityName":"South Town","countryName":"Cayman Islands"},{"cityName":"Savannah Acres","countryName":"Cayman Islands"},{"cityName":"Savannah","countryName":"Cayman Islands"},{"cityName":"Sand Bluff","countryName":"Cayman Islands"},{"cityName":"Saint James","countryName":"Cayman Islands"},{"cityName":"Rock Hole","countryName":"Cayman Islands"},{"cityName":"Red Bay Estate","countryName":"Cayman Islands"},{"cityName":"Prospect Park","countryName":"Cayman Islands"},{"cityName":"Prospect","countryName":"Cayman Islands"},{"cityName":"Pedro","countryName":"Cayman Islands"},{"cityName":"Pease Bay","countryName":"Cayman Islands"},{"cityName":"Omega Gardens","countryName":"Cayman Islands"},{"cityName":"Old Stores","countryName":"Cayman Islands"},{"cityName":"Old Man Bay","countryName":"Cayman Islands"},{"cityName":"North Ward","countryName":"Cayman Islands"},{"cityName":"North Sound Estates","countryName":"Cayman Islands"},{"cityName":"North Side","countryName":"Cayman Islands"},{"cityName":"Newlands","countryName":"Cayman Islands"},{"cityName":"Mount Pleasant","countryName":"Cayman Islands"},{"cityName":"Molusca Heights","countryName":"Cayman Islands"},{"cityName":"Midland Acres","countryName":"Cayman Islands"},{"cityName":"Lower Valley","countryName":"Cayman Islands"},{"cityName":"Lambert House","countryName":"Cayman Islands"},{"cityName":"Knob Hill","countryName":"Cayman Islands"},{"cityName":"Hutland","countryName":"Cayman Islands"},{"cityName":"High Rock Estates","countryName":"Cayman Islands"},{"cityName":"Hell","countryName":"Cayman Islands"},{"cityName":"Head of Bay","countryName":"Cayman Islands"},{"cityName":"Half Way Pond","countryName":"Cayman Islands"},{"cityName":"Half Moon Bay","countryName":"Cayman Islands"},{"cityName":"Gun Bay","countryName":"Cayman Islands"},{"cityName":"George Town","countryName":"Cayman Islands"},{"cityName":"Frenchman's Fort","countryName":"Cayman Islands"},{"cityName":"East End","countryName":"Cayman Islands"},{"cityName":"Dusty Place","countryName":"Cayman Islands"},{"cityName":"Driftwood Village","countryName":"Cayman Islands"},{"cityName":"Dog City","countryName":"Cayman Islands"},{"cityName":"Creek","countryName":"Cayman Islands"},{"cityName":"Coral Gables","countryName":"Cayman Islands"},{"cityName":"Cayman Palms","countryName":"Cayman Islands"},{"cityName":"Brinkleys","countryName":"Cayman Islands"},{"cityName":"Breezy Castle","countryName":"Cayman Islands"},{"cityName":"Breakers","countryName":"Cayman Islands"},{"cityName":"Botabano","countryName":"Cayman Islands"},{"cityName":"Bodden Town","countryName":"Cayman Islands"},{"cityName":"Blossom Point","countryName":"Cayman Islands"},{"cityName":"Blakes","countryName":"Cayman Islands"},{"cityName":"Birch Tree Hill","countryName":"Cayman Islands"},{"cityName":"Belford Estates","countryName":"Cayman Islands"},{"cityName":"Battle Ground","countryName":"Cayman Islands"},{"cityName":"Banksville","countryName":"Cayman Islands"}]