[{"cityName":"Whitehall Estate","countryName":"Cayman Islands","localeCode":"en","districtName":""},{"cityName":"West End","countryName":"Cayman Islands","localeCode":"en","districtName":""},{"cityName":"West Bay","countryName":"Cayman Islands","localeCode":"en","districtName":""},{"cityName":"Water Ground","countryName":"Cayman Islands","localeCode":"en","districtName":""},{"cityName":"Vicksville","countryName":"Cayman Islands","localeCode":"en","districtName":""},{"cityName":"Upper Land","countryName":"Cayman Islands","localeCode":"en","districtName":""},{"cityName":"Tropical Gardens","countryName":"Cayman Islands","localeCode":"en","districtName":""},{"cityName":"Town Hall Crescent","countryName":"Cayman Islands","localeCode":"en","districtName":""},{"cityName":"Tibbetts Turn","countryName":"Cayman Islands","localeCode":"en","districtName":""},{"cityName":"The Moorings","countryName":"Cayman Islands","localeCode":"en","districtName":""},{"cityName":"The Common","countryName":"Cayman Islands","localeCode":"en","districtName":""},{"cityName":"Spotts","countryName":"Cayman Islands","localeCode":"en","districtName":""},{"cityName":"Spot Bay","countryName":"Cayman Islands","localeCode":"en","districtName":""},{"cityName":"South Town","countryName":"Cayman Islands","localeCode":"en","districtName":""},{"cityName":"Savannah Acres","countryName":"Cayman Islands","localeCode":"en","districtName":""},{"cityName":"Savannah","countryName":"Cayman Islands","localeCode":"en","districtName":""},{"cityName":"Sand Bluff","countryName":"Cayman Islands","localeCode":"en","districtName":""},{"cityName":"Saint James","countryName":"Cayman Islands","localeCode":"en","districtName":""},{"cityName":"Rock Hole","countryName":"Cayman Islands","localeCode":"en","districtName":""},{"cityName":"Red Bay Estate","countryName":"Cayman Islands","localeCode":"en","districtName":""},{"cityName":"Prospect Park","countryName":"Cayman Islands","localeCode":"en","districtName":""},{"cityName":"Prospect","countryName":"Cayman Islands","localeCode":"en","districtName":""},{"cityName":"Pedro","countryName":"Cayman Islands","localeCode":"en","districtName":""},{"cityName":"Pease Bay","countryName":"Cayman Islands","localeCode":"en","districtName":""},{"cityName":"Omega Gardens","countryName":"Cayman Islands","localeCode":"en","districtName":""},{"cityName":"Old Stores","countryName":"Cayman Islands","localeCode":"en","districtName":""},{"cityName":"Old Man Bay","countryName":"Cayman Islands","localeCode":"en","districtName":""},{"cityName":"North Ward","countryName":"Cayman Islands","localeCode":"en","districtName":""},{"cityName":"North Sound Estates","countryName":"Cayman Islands","localeCode":"en","districtName":""},{"cityName":"North Side","countryName":"Cayman Islands","localeCode":"en","districtName":""},{"cityName":"Newlands","countryName":"Cayman Islands","localeCode":"en","districtName":""},{"cityName":"Mount Pleasant","countryName":"Cayman Islands","localeCode":"en","districtName":""},{"cityName":"Molusca Heights","countryName":"Cayman Islands","localeCode":"en","districtName":""},{"cityName":"Midland Acres","countryName":"Cayman Islands","localeCode":"en","districtName":""},{"cityName":"Lower Valley","countryName":"Cayman Islands","localeCode":"en","districtName":""},{"cityName":"Lambert House","countryName":"Cayman Islands","localeCode":"en","districtName":""},{"cityName":"Knob Hill","countryName":"Cayman Islands","localeCode":"en","districtName":""},{"cityName":"Hutland","countryName":"Cayman Islands","localeCode":"en","districtName":""},{"cityName":"High Rock Estates","countryName":"Cayman Islands","localeCode":"en","districtName":""},{"cityName":"Hell","countryName":"Cayman Islands","localeCode":"en","districtName":""},{"cityName":"Head of Bay","countryName":"Cayman Islands","localeCode":"en","districtName":""},{"cityName":"Half Way Pond","countryName":"Cayman Islands","localeCode":"en","districtName":""},{"cityName":"Half Moon Bay","countryName":"Cayman Islands","localeCode":"en","districtName":""},{"cityName":"Gun Bay","countryName":"Cayman Islands","localeCode":"en","districtName":""},{"cityName":"George Town","countryName":"Cayman Islands","localeCode":"en","districtName":""},{"cityName":"Frenchman's Fort","countryName":"Cayman Islands","localeCode":"en","districtName":""},{"cityName":"East End","countryName":"Cayman Islands","localeCode":"en","districtName":""},{"cityName":"Dusty Place","countryName":"Cayman Islands","localeCode":"en","districtName":""},{"cityName":"Driftwood Village","countryName":"Cayman Islands","localeCode":"en","districtName":""},{"cityName":"Dog City","countryName":"Cayman Islands","localeCode":"en","districtName":""},{"cityName":"Creek","countryName":"Cayman Islands","localeCode":"en","districtName":""},{"cityName":"Coral Gables","countryName":"Cayman Islands","localeCode":"en","districtName":""},{"cityName":"Cayman Palms","countryName":"Cayman Islands","localeCode":"en","districtName":""},{"cityName":"Brinkleys","countryName":"Cayman Islands","localeCode":"en","districtName":""},{"cityName":"Breezy Castle","countryName":"Cayman Islands","localeCode":"en","districtName":""},{"cityName":"Breakers","countryName":"Cayman Islands","localeCode":"en","districtName":""},{"cityName":"Botabano","countryName":"Cayman Islands","localeCode":"en","districtName":""},{"cityName":"Bodden Town","countryName":"Cayman Islands","localeCode":"en","districtName":""},{"cityName":"Blossom Point","countryName":"Cayman Islands","localeCode":"en","districtName":""},{"cityName":"Blakes","countryName":"Cayman Islands","localeCode":"en","districtName":""},{"cityName":"Birch Tree Hill","countryName":"Cayman Islands","localeCode":"en","districtName":""},{"cityName":"Belford Estates","countryName":"Cayman Islands","localeCode":"en","districtName":""},{"cityName":"Battle Ground","countryName":"Cayman Islands","localeCode":"en","districtName":""},{"cityName":"Banksville","countryName":"Cayman Islands","localeCode":"en","districtName":""}]