[{"cityName":"Ouanani","countryName":"Comoros","localeCode":"en","districtName":""},{"cityName":"Vouani","countryName":"Comoros","localeCode":"en","districtName":""},{"cityName":"Vassy","countryName":"Comoros","localeCode":"en","districtName":""},{"cityName":"Vanambouani","countryName":"Comoros","localeCode":"en","districtName":""},{"cityName":"Tsimbeo","countryName":"Comoros","localeCode":"en","districtName":""},{"cityName":"Singani","countryName":"Comoros","localeCode":"en","districtName":""},{"cityName":"Sima","countryName":"Comoros","localeCode":"en","districtName":""},{"cityName":"Sanadani","countryName":"Comoros","localeCode":"en","districtName":""},{"cityName":"Sambia","countryName":"Comoros","localeCode":"en","districtName":""},{"cityName":"Samba-Madi","countryName":"Comoros","localeCode":"en","districtName":""},{"cityName":"Salimani","countryName":"Comoros","localeCode":"en","districtName":""},{"cityName":"Pomoni","countryName":"Comoros","localeCode":"en","districtName":""},{"cityName":"Pidjani","countryName":"Comoros","localeCode":"en","districtName":""},{"cityName":"Patsi","countryName":"Comoros","localeCode":"en","districtName":""},{"cityName":"Panda","countryName":"Comoros","localeCode":"en","districtName":""},{"cityName":"Ouzini","countryName":"Comoros","localeCode":"en","districtName":""},{"cityName":"Ajaho","countryName":"Comoros","localeCode":"en","districtName":""},{"cityName":"Oussivo","countryName":"Comoros","localeCode":"en","districtName":""},{"cityName":"Ouroveni","countryName":"Comoros","localeCode":"en","districtName":""},{"cityName":"Ouemani","countryName":"Comoros","localeCode":"en","districtName":""},{"cityName":"Ouela","countryName":"Comoros","localeCode":"en","districtName":""},{"cityName":"Ouani","countryName":"Comoros","localeCode":"en","districtName":""},{"cityName":"Ouallah","countryName":"Comoros","localeCode":"en","districtName":""},{"cityName":"Ongoujou","countryName":"Comoros","localeCode":"en","districtName":""},{"cityName":"Ongoni","countryName":"Comoros","localeCode":"en","districtName":""},{"cityName":"Nounga","countryName":"Comoros","localeCode":"en","districtName":""},{"cityName":"Ntsoudjini","countryName":"Comoros","localeCode":"en","districtName":""},{"cityName":"Ntsazou","countryName":"Comoros","localeCode":"en","districtName":""},{"cityName":"Ntsaoueni","countryName":"Comoros","localeCode":"en","districtName":""},{"cityName":"Nioumbadjou","countryName":"Comoros","localeCode":"en","districtName":""},{"cityName":"Chaoueni","countryName":"Comoros","localeCode":"en","districtName":""},{"cityName":"Nioumadzaha Mvoumbari","countryName":"Comoros","localeCode":"en","districtName":""},{"cityName":"Nioumachoua","countryName":"Comoros","localeCode":"en","districtName":""},{"cityName":"Kyo","countryName":"Comoros","localeCode":"en","districtName":""},{"cityName":"Ndzaouze","countryName":"Comoros","localeCode":"en","districtName":""},{"cityName":"Moutsamoudou","countryName":"Comoros","localeCode":"en","districtName":""},{"cityName":"Mtsamdou","countryName":"Comoros","localeCode":"en","districtName":""},{"cityName":"Mremani","countryName":"Comoros","localeCode":"en","districtName":""},{"cityName":"Mramani","countryName":"Comoros","localeCode":"en","districtName":""},{"cityName":"Moya","countryName":"Comoros","localeCode":"en","districtName":""},{"cityName":"Mouroumouli","countryName":"Comoros","localeCode":"en","districtName":""},{"cityName":"Moujou","countryName":"Comoros","localeCode":"en","districtName":""},{"cityName":"Moroni","countryName":"Comoros","localeCode":"en","districtName":""},{"cityName":"Mouahani","countryName":"Comoros","localeCode":"en","districtName":""},{"cityName":"Mohoro","countryName":"Comoros","localeCode":"en","districtName":""},{"cityName":"Mjimandra","countryName":"Comoros","localeCode":"en","districtName":""},{"cityName":"Mjamaoue","countryName":"Comoros","localeCode":"en","districtName":""},{"cityName":"Mitsoudje","countryName":"Comoros","localeCode":"en","districtName":""},{"cityName":"Mitsamiouli","countryName":"Comoros","localeCode":"en","districtName":""},{"cityName":"Mirondoni","countryName":"Comoros","localeCode":"en","districtName":""},{"cityName":"Miringoni","countryName":"Comoros","localeCode":"en","districtName":""},{"cityName":"Mirereni","countryName":"Comoros","localeCode":"en","districtName":""},{"cityName":"Milevani","countryName":"Comoros","localeCode":"en","districtName":""},{"cityName":"Mifoni","countryName":"Comoros","localeCode":"en","districtName":""},{"cityName":"Membeni","countryName":"Comoros","localeCode":"en","districtName":""},{"cityName":"Mdjoyezi","countryName":"Comoros","localeCode":"en","districtName":""},{"cityName":"Mdjoizema","countryName":"Comoros","localeCode":"en","districtName":""},{"cityName":"Mde","countryName":"Comoros","localeCode":"en","districtName":""},{"cityName":"Mboude","countryName":"Comoros","localeCode":"en","districtName":""},{"cityName":"Mbeni","countryName":"Comoros","localeCode":"en","districtName":""},{"cityName":"Mbatse","countryName":"Comoros","localeCode":"en","districtName":""},{"cityName":"Mbachile","countryName":"Comoros","localeCode":"en","districtName":""},{"cityName":"Mrijou","countryName":"Comoros","localeCode":"en","districtName":""},{"cityName":"Marahare","countryName":"Comoros","localeCode":"en","districtName":""},{"cityName":"Malhani","countryName":"Comoros","localeCode":"en","districtName":""},{"cityName":"Male","countryName":"Comoros","localeCode":"en","districtName":""},{"cityName":"Madjoumadjou","countryName":"Comoros","localeCode":"en","districtName":""},{"cityName":"Longoni","countryName":"Comoros","localeCode":"en","districtName":""},{"cityName":"La Grotte","countryName":"Comoros","localeCode":"en","districtName":""},{"cityName":"La Grille","countryName":"Comoros","localeCode":"en","districtName":""},{"cityName":"Labanda","countryName":"Comoros","localeCode":"en","districtName":""},{"cityName":"Kouhani","countryName":"Comoros","localeCode":"en","districtName":""},{"cityName":"Koni-Djodjo","countryName":"Comoros","localeCode":"en","districtName":""},{"cityName":"Koni-Ngani","countryName":"Comoros","localeCode":"en","districtName":""},{"cityName":"Kondroni","countryName":"Comoros","localeCode":"en","districtName":""},{"cityName":"Kouambani","countryName":"Comoros","localeCode":"en","districtName":""},{"cityName":"Koki","countryName":"Comoros","localeCode":"en","districtName":""},{"cityName":"Koimbani","countryName":"Comoros","localeCode":"en","districtName":""},{"cityName":"Kangani","countryName":"Comoros","localeCode":"en","districtName":""},{"cityName":"Jiroudain","countryName":"Comoros","localeCode":"en","districtName":""},{"cityName":"Jimilime","countryName":"Comoros","localeCode":"en","districtName":""},{"cityName":"Ivouani","countryName":"Comoros","localeCode":"en","districtName":""},{"cityName":"Ivembeni","countryName":"Comoros","localeCode":"en","districtName":""},{"cityName":"Itsoadjou","countryName":"Comoros","localeCode":"en","districtName":""},{"cityName":"Itsikoudi","countryName":"Comoros","localeCode":"en","districtName":""},{"cityName":"Itsandra","countryName":"Comoros","localeCode":"en","districtName":""},{"cityName":"Itsamia","countryName":"Comoros","localeCode":"en","districtName":""},{"cityName":"Heroumbili","countryName":"Comoros","localeCode":"en","districtName":""},{"cityName":"Ifoundihe Chambouani","countryName":"Comoros","localeCode":"en","districtName":""},{"cityName":"Ifoundihe","countryName":"Comoros","localeCode":"en","districtName":""},{"cityName":"Idjikoundzi","countryName":"Comoros","localeCode":"en","districtName":""},{"cityName":"Iconi","countryName":"Comoros","localeCode":"en","districtName":""},{"cityName":"Hoani","countryName":"Comoros","localeCode":"en","districtName":""},{"cityName":"Hetsa","countryName":"Comoros","localeCode":"en","districtName":""},{"cityName":"Helendje","countryName":"Comoros","localeCode":"en","districtName":""},{"cityName":"Hantzinzi","countryName":"Comoros","localeCode":"en","districtName":""},{"cityName":"Hambo","countryName":"Comoros","localeCode":"en","districtName":""},{"cityName":"Hahaia","countryName":"Comoros","localeCode":"en","districtName":""},{"cityName":"Hagniamada","countryName":"Comoros","localeCode":"en","districtName":""},{"cityName":"Hadjambo","countryName":"Comoros","localeCode":"en","districtName":""},{"cityName":"Guamarumbo","countryName":"Comoros","localeCode":"en","districtName":""},{"cityName":"Foumbouni","countryName":"Comoros","localeCode":"en","districtName":""},{"cityName":"Fongapepo","countryName":"Comoros","localeCode":"en","districtName":""},{"cityName":"Fomboni","countryName":"Comoros","localeCode":"en","districtName":""},{"cityName":"Fombani","countryName":"Comoros","localeCode":"en","districtName":""},{"cityName":"Dziani","countryName":"Comoros","localeCode":"en","districtName":""},{"cityName":"Dzahadjou","countryName":"Comoros","localeCode":"en","districtName":""},{"cityName":"Domoni","countryName":"Comoros","localeCode":"en","districtName":""},{"cityName":"Djoumbe","countryName":"Comoros","localeCode":"en","districtName":""},{"cityName":"Djoumadounia","countryName":"Comoros","localeCode":"en","districtName":""},{"cityName":"Djomani","countryName":"Comoros","localeCode":"en","districtName":""},{"cityName":"Djoyezi","countryName":"Comoros","localeCode":"en","districtName":""},{"cityName":"Dindi","countryName":"Comoros","localeCode":"en","districtName":""},{"cityName":"Dibouani","countryName":"Comoros","localeCode":"en","districtName":""},{"cityName":"Demeani","countryName":"Comoros","localeCode":"en","districtName":""},{"cityName":"Dembeni","countryName":"Comoros","localeCode":"en","districtName":""},{"cityName":"Damou","countryName":"Comoros","localeCode":"en","districtName":""},{"cityName":"La Convalescence","countryName":"Comoros","localeCode":"en","districtName":""},{"cityName":"Chomoni","countryName":"Comoros","localeCode":"en","districtName":""},{"cityName":"Chironkamba","countryName":"Comoros","localeCode":"en","districtName":""},{"cityName":"Chindini","countryName":"Comoros","localeCode":"en","districtName":""},{"cityName":"Chezani","countryName":"Comoros","localeCode":"en","districtName":""},{"cityName":"Chandra","countryName":"Comoros","localeCode":"en","districtName":""},{"cityName":"Chouani","countryName":"Comoros","localeCode":"en","districtName":""},{"cityName":"Buanitonque","countryName":"Comoros","localeCode":"en","districtName":""},{"cityName":"Bouni","countryName":"Comoros","localeCode":"en","districtName":""},{"cityName":"Boungoueni","countryName":"Comoros","localeCode":"en","districtName":""},{"cityName":"Bouejou","countryName":"Comoros","localeCode":"en","districtName":""},{"cityName":"Boboni","countryName":"Comoros","localeCode":"en","districtName":""},{"cityName":"Bimbini","countryName":"Comoros","localeCode":"en","districtName":""},{"cityName":"Bazimini","countryName":"Comoros","localeCode":"en","districtName":""},{"cityName":"Barakani","countryName":"Comoros","localeCode":"en","districtName":""},{"cityName":"Bangoma","countryName":"Comoros","localeCode":"en","districtName":""},{"cityName":"Bangoua Kouni","countryName":"Comoros","localeCode":"en","districtName":""},{"cityName":"Bangoi","countryName":"Comoros","localeCode":"en","districtName":""},{"cityName":"Bandani","countryName":"Comoros","localeCode":"en","districtName":""},{"cityName":"Bandani-Vouani","countryName":"Comoros","localeCode":"en","districtName":""},{"cityName":"Bandamadzi","countryName":"Comoros","localeCode":"en","districtName":""},{"cityName":"Bambao","countryName":"Comoros","localeCode":"en","districtName":""},{"cityName":"Babani","countryName":"Comoros","localeCode":"en","districtName":""},{"cityName":"Assimpao","countryName":"Comoros","localeCode":"en","districtName":""},{"cityName":"Antsahe","countryName":"Comoros","localeCode":"en","districtName":""},{"cityName":"Kobela","countryName":"Comoros","localeCode":"en","districtName":""},{"cityName":"Hamba","countryName":"Comoros","localeCode":"en","districtName":""},{"cityName":"Chikoni","countryName":"Comoros","localeCode":"en","districtName":""},{"cityName":"Miremani","countryName":"Comoros","localeCode":"en","districtName":""},{"cityName":"Ndrondroni","countryName":"Comoros","localeCode":"en","districtName":""},{"cityName":"Ngamaroumbo","countryName":"Comoros","localeCode":"en","districtName":""},{"cityName":"Gnambo Yamaore","countryName":"Comoros","localeCode":"en","districtName":""},{"cityName":"Mtakoudja","countryName":"Comoros","localeCode":"en","districtName":""},{"cityName":"Bandaressalam","countryName":"Comoros","localeCode":"en","districtName":""},{"cityName":"Mnadzi Modja","countryName":"Comoros","localeCode":"en","districtName":""},{"cityName":"Ndremeani","countryName":"Comoros","localeCode":"en","districtName":""},{"cityName":"Mihoungouni","countryName":"Comoros","localeCode":"en","districtName":""},{"cityName":"Siri","countryName":"Comoros","localeCode":"en","districtName":""},{"cityName":"Ziroudani","countryName":"Comoros","localeCode":"en","districtName":""},{"cityName":"Gnombeni","countryName":"Comoros","localeCode":"en","districtName":""},{"cityName":"Mlabanda","countryName":"Comoros","localeCode":"en","districtName":""},{"cityName":"Kirimani","countryName":"Comoros","localeCode":"en","districtName":""},{"cityName":"Hagnengele","countryName":"Comoros","localeCode":"en","districtName":""},{"cityName":"Mouhou","countryName":"Comoros","localeCode":"en","districtName":""},{"cityName":"Hamavouna","countryName":"Comoros","localeCode":"en","districtName":""},{"cityName":"Hagnamouada","countryName":"Comoros","localeCode":"en","districtName":""},{"cityName":"Ntakoudja","countryName":"Comoros","localeCode":"en","districtName":""},{"cityName":"Bangouelamvouera","countryName":"Comoros","localeCode":"en","districtName":""},{"cityName":"Ntsajou","countryName":"Comoros","localeCode":"en","districtName":""},{"cityName":"Souni","countryName":"Comoros","localeCode":"en","districtName":""},{"cityName":"Mirongani","countryName":"Comoros","localeCode":"en","districtName":""},{"cityName":"Milembeni","countryName":"Comoros","localeCode":"en","districtName":""},{"cityName":"Kavani","countryName":"Comoros","localeCode":"en","districtName":""},{"cityName":"Majouani","countryName":"Comoros","localeCode":"en","districtName":""},{"cityName":"Mtsangamleni","countryName":"Comoros","localeCode":"en","districtName":""},{"cityName":"Bandajou","countryName":"Comoros","localeCode":"en","districtName":""},{"cityName":"Lamboue","countryName":"Comoros","localeCode":"en","districtName":""},{"cityName":"Imere","countryName":"Comoros","localeCode":"en","districtName":""},{"cityName":"Mro Mouhouli","countryName":"Comoros","localeCode":"en","districtName":""},{"cityName":"Mitreni","countryName":"Comoros","localeCode":"en","districtName":""},{"cityName":"Chitsangachele","countryName":"Comoros","localeCode":"en","districtName":""},{"cityName":"Vindjajou","countryName":"Comoros","localeCode":"en","districtName":""},{"cityName":"Mkirijou","countryName":"Comoros","localeCode":"en","districtName":""},{"cityName":"Sombe","countryName":"Comoros","localeCode":"en","districtName":""},{"cityName":"Chongochahari","countryName":"Comoros","localeCode":"en","districtName":""},{"cityName":"Chitrouni","countryName":"Comoros","localeCode":"en","districtName":""},{"cityName":"Hadongo","countryName":"Comoros","localeCode":"en","districtName":""},{"cityName":"Dzindri Mtsangani","countryName":"Comoros","localeCode":"en","districtName":""},{"cityName":"Salamani","countryName":"Comoros","localeCode":"en","districtName":""},{"cityName":"Dzindri","countryName":"Comoros","localeCode":"en","districtName":""},{"cityName":"Bandani Mtsangani","countryName":"Comoros","localeCode":"en","districtName":""},{"cityName":"Maoueni","countryName":"Comoros","localeCode":"en","districtName":""},{"cityName":"Ankibani","countryName":"Comoros","localeCode":"en","districtName":""},{"cityName":"Marontronii","countryName":"Comoros","localeCode":"en","districtName":""},{"cityName":"Dar Salam","countryName":"Comoros","localeCode":"en","districtName":""},{"cityName":"Choungoui","countryName":"Comoros","localeCode":"en","districtName":""},{"cityName":"Banda Mtsanga","countryName":"Comoros","localeCode":"en","districtName":""},{"cityName":"Hajoho","countryName":"Comoros","localeCode":"en","districtName":""},{"cityName":"Ndrangani","countryName":"Comoros","localeCode":"en","districtName":""},{"cityName":"Gnantranga","countryName":"Comoros","localeCode":"en","districtName":""},{"cityName":"Harembo","countryName":"Comoros","localeCode":"en","districtName":""},{"cityName":"Lamahale","countryName":"Comoros","localeCode":"en","districtName":""},{"cityName":"Goungouamoue","countryName":"Comoros","localeCode":"en","districtName":""},{"cityName":"Mirontsi","countryName":"Comoros","localeCode":"en","districtName":""},{"cityName":"Hombo","countryName":"Comoros","localeCode":"en","districtName":""},{"cityName":"Sangani","countryName":"Comoros","localeCode":"en","districtName":""},{"cityName":"Paje","countryName":"Comoros","localeCode":"en","districtName":""},{"cityName":"Moujimouvia","countryName":"Comoros","localeCode":"en","districtName":""},{"cityName":"Mouamoua","countryName":"Comoros","localeCode":"en","districtName":""},{"cityName":"Mromagi","countryName":"Comoros","localeCode":"en","districtName":""},{"cityName":"Jeje","countryName":"Comoros","localeCode":"en","districtName":""},{"cityName":"Limbi","countryName":"Comoros","localeCode":"en","districtName":""},{"cityName":"Lingoni","countryName":"Comoros","localeCode":"en","districtName":""},{"cityName":"Hamamboua","countryName":"Comoros","localeCode":"en","districtName":""},{"cityName":"Mboueladoungou","countryName":"Comoros","localeCode":"en","districtName":""},{"cityName":"Outsa","countryName":"Comoros","localeCode":"en","districtName":""},{"cityName":"Magnassini-Nindri","countryName":"Comoros","localeCode":"en","districtName":""},{"cityName":"Koue","countryName":"Comoros","localeCode":"en","districtName":""},{"cityName":"Nkozini","countryName":"Comoros","localeCode":"en","districtName":""},{"cityName":"Adda-Doueni","countryName":"Comoros","localeCode":"en","districtName":""},{"cityName":"Jandza","countryName":"Comoros","localeCode":"en","districtName":""},{"cityName":"Bandakouni","countryName":"Comoros","localeCode":"en","districtName":""},{"cityName":"Bandamaji","countryName":"Comoros","localeCode":"en","districtName":""},{"cityName":"Mnazichoumoue","countryName":"Comoros","localeCode":"en","districtName":""},{"cityName":"Daji","countryName":"Comoros","localeCode":"en","districtName":""},{"cityName":"Chindrini","countryName":"Comoros","localeCode":"en","districtName":""},{"cityName":"Bouijou","countryName":"Comoros","localeCode":"en","districtName":""},{"cityName":"Salapouani","countryName":"Comoros","localeCode":"en","districtName":""},{"cityName":"Trou du Prophete","countryName":"Comoros","localeCode":"en","districtName":""},{"cityName":"Memboua Bouani","countryName":"Comoros","localeCode":"en","districtName":""},{"cityName":"Nkourani","countryName":"Comoros","localeCode":"en","districtName":""},{"cityName":"Songomani","countryName":"Comoros","localeCode":"en","districtName":""},{"cityName":"Bangouamafsakoa","countryName":"Comoros","localeCode":"en","districtName":""},{"cityName":"Ntsadjeni","countryName":"Comoros","localeCode":"en","districtName":""},{"cityName":"Fassi","countryName":"Comoros","localeCode":"en","districtName":""},{"cityName":"Ouhozi","countryName":"Comoros","localeCode":"en","districtName":""},{"cityName":"Founga","countryName":"Comoros","localeCode":"en","districtName":""},{"cityName":"Anihani","countryName":"Comoros","localeCode":"en","districtName":""},{"cityName":"Toyifa","countryName":"Comoros","localeCode":"en","districtName":""},{"cityName":"Membouadjou","countryName":"Comoros","localeCode":"en","districtName":""},{"cityName":"Koua","countryName":"Comoros","localeCode":"en","districtName":""},{"cityName":"Balsa","countryName":"Comoros","localeCode":"en","districtName":""},{"cityName":"Ouzio","countryName":"Comoros","localeCode":"en","districtName":""},{"cityName":"Ndroude","countryName":"Comoros","localeCode":"en","districtName":""},{"cityName":"Mrouadjou","countryName":"Comoros","localeCode":"en","districtName":""},{"cityName":"Massihini","countryName":"Comoros","localeCode":"en","districtName":""},{"cityName":"Bandamadji","countryName":"Comoros","localeCode":"en","districtName":""},{"cityName":"Maore","countryName":"Comoros","localeCode":"en","districtName":""},{"cityName":"Mandza","countryName":"Comoros","localeCode":"en","districtName":""},{"cityName":"Douniani","countryName":"Comoros","localeCode":"en","districtName":""},{"cityName":"Mchenazi","countryName":"Comoros","localeCode":"en","districtName":""},{"cityName":"Zouda","countryName":"Comoros","localeCode":"en","districtName":""},{"cityName":"Haignandrama","countryName":"Comoros","localeCode":"en","districtName":""},{"cityName":"Hantsindzi","countryName":"Comoros","localeCode":"en","districtName":""},{"cityName":"Nioumamilina","countryName":"Comoros","localeCode":"en","districtName":""},{"cityName":"Minoungouni","countryName":"Comoros","localeCode":"en","districtName":""},{"cityName":"Manda","countryName":"Comoros","localeCode":"en","districtName":""},{"cityName":"Chamle","countryName":"Comoros","localeCode":"en","districtName":""},{"cityName":"Djoengoe","countryName":"Comoros","localeCode":"en","districtName":""},{"cityName":"Simboussa","countryName":"Comoros","localeCode":"en","districtName":""},{"cityName":"Mouadja","countryName":"Comoros","localeCode":"en","districtName":""},{"cityName":"Dimadjou","countryName":"Comoros","localeCode":"en","districtName":""},{"cityName":"Ngole","countryName":"Comoros","localeCode":"en","districtName":""},{"cityName":"Niadoumboueni","countryName":"Comoros","localeCode":"en","districtName":""},{"cityName":"Itsandzeni","countryName":"Comoros","localeCode":"en","districtName":""},{"cityName":"Bambadjani","countryName":"Comoros","localeCode":"en","districtName":""},{"cityName":"Mdjibari","countryName":"Comoros","localeCode":"en","districtName":""},{"cityName":"Domoni Adjou","countryName":"Comoros","localeCode":"en","districtName":""},{"cityName":"Domoni Ambouani","countryName":"Comoros","localeCode":"en","districtName":""},{"cityName":"Batou","countryName":"Comoros","localeCode":"en","districtName":""},{"cityName":"Touaifa","countryName":"Comoros","localeCode":"en","districtName":""},{"cityName":"Kourani","countryName":"Comoros","localeCode":"en","districtName":""},{"cityName":"Sada Mouamboua","countryName":"Comoros","localeCode":"en","districtName":""},{"cityName":"Seleyani","countryName":"Comoros","localeCode":"en","districtName":""},{"cityName":"Salemani","countryName":"Comoros","localeCode":"en","districtName":""},{"cityName":"Sada-Chihoue","countryName":"Comoros","localeCode":"en","districtName":""},{"cityName":"Mnoungou","countryName":"Comoros","localeCode":"en","districtName":""},{"cityName":"Mbaleni","countryName":"Comoros","localeCode":"en","districtName":""},{"cityName":"Kangalinda","countryName":"Comoros","localeCode":"en","districtName":""},{"cityName":"Bouenindi","countryName":"Comoros","localeCode":"en","districtName":""},{"cityName":"Bibavou","countryName":"Comoros","localeCode":"en","districtName":""},{"cityName":"Bangahani","countryName":"Comoros","localeCode":"en","districtName":""},{"cityName":"Dzaheni","countryName":"Comoros","localeCode":"en","districtName":""},{"cityName":"Vounambadani","countryName":"Comoros","localeCode":"en","districtName":""},{"cityName":"Vanadjou","countryName":"Comoros","localeCode":"en","districtName":""},{"cityName":"Hassendje","countryName":"Comoros","localeCode":"en","districtName":""},{"cityName":"Batsa","countryName":"Comoros","localeCode":"en","districtName":""},{"cityName":"Boueni","countryName":"Comoros","localeCode":"en","districtName":""},{"cityName":"Sada","countryName":"Comoros","localeCode":"en","districtName":""},{"cityName":"Sadani","countryName":"Comoros","localeCode":"en","districtName":""},{"cityName":"Irouhe","countryName":"Comoros","localeCode":"en","districtName":""},{"cityName":"Bahani","countryName":"Comoros","localeCode":"en","districtName":""},{"cityName":"Zivandani","countryName":"Comoros","localeCode":"en","districtName":""},{"cityName":"Vouadjou","countryName":"Comoros","localeCode":"en","districtName":""},{"cityName":"Sambakouni","countryName":"Comoros","localeCode":"en","districtName":""},{"cityName":"Gouni","countryName":"Comoros","localeCode":"en","districtName":""},{"cityName":"Hantsambou","countryName":"Comoros","localeCode":"en","districtName":""},{"cityName":"Samba","countryName":"Comoros","localeCode":"en","districtName":""},{"cityName":"Minassini","countryName":"Comoros","localeCode":"en","districtName":""},{"cityName":"Dzahani","countryName":"Comoros","localeCode":"en","districtName":""},{"cityName":"Ouella","countryName":"Comoros","localeCode":"en","districtName":""},{"cityName":"Chamro","countryName":"Comoros","localeCode":"en","districtName":""},{"cityName":"Sidjou","countryName":"Comoros","localeCode":"en","districtName":""},{"cityName":"Ntsorale","countryName":"Comoros","localeCode":"en","districtName":""},{"cityName":"Itsambouni","countryName":"Comoros","localeCode":"en","districtName":""},{"cityName":"Tsidje","countryName":"Comoros","localeCode":"en","districtName":""},{"cityName":"Foumboudzivouni","countryName":"Comoros","localeCode":"en","districtName":""},{"cityName":"Tsangadjou","countryName":"Comoros","localeCode":"en","districtName":""},{"cityName":"Idjouandradja","countryName":"Comoros","localeCode":"en","districtName":""},{"cityName":"Mvouni","countryName":"Comoros","localeCode":"en","districtName":""},{"cityName":"Dache","countryName":"Comoros","localeCode":"en","districtName":""},{"cityName":"Mavingouni","countryName":"Comoros","localeCode":"en","districtName":""},{"cityName":"Sahani","countryName":"Comoros","localeCode":"en","districtName":""},{"cityName":"Mkazi","countryName":"Comoros","localeCode":"en","districtName":""},{"cityName":"Djitache","countryName":"Comoros","localeCode":"en","districtName":""},{"cityName":"Vouvouni","countryName":"Comoros","localeCode":"en","districtName":""},{"cityName":"Ikoni","countryName":"Comoros","localeCode":"en","districtName":""},{"cityName":"Napa Beau","countryName":"Comoros","localeCode":"en","districtName":""},{"cityName":"Serehini","countryName":"Comoros","localeCode":"en","districtName":""},{"cityName":"Ndroini","countryName":"Comoros","localeCode":"en","districtName":""},{"cityName":"Mouandzaza Ambouani","countryName":"Comoros","localeCode":"en","districtName":""},{"cityName":"Daoueni","countryName":"Comoros","localeCode":"en","districtName":""},{"cityName":"Boude-Adjou","countryName":"Comoros","localeCode":"en","districtName":""},{"cityName":"Mouandzaza Djoumbe","countryName":"Comoros","localeCode":"en","districtName":""},{"cityName":"Oungoni","countryName":"Comoros","localeCode":"en","districtName":""},{"cityName":"Banda Daoueni","countryName":"Comoros","localeCode":"en","districtName":""},{"cityName":"Mahavani","countryName":"Comoros","localeCode":"en","districtName":""},{"cityName":"Selea","countryName":"Comoros","localeCode":"en","districtName":""},{"cityName":"Nioumadzaha","countryName":"Comoros","localeCode":"en","districtName":""},{"cityName":"Tsinimouapanga","countryName":"Comoros","localeCode":"en","districtName":""},{"cityName":"Mrondadjou","countryName":"Comoros","localeCode":"en","districtName":""},{"cityName":"Itsangoue","countryName":"Comoros","localeCode":"en","districtName":""},{"cityName":"Komioni","countryName":"Comoros","localeCode":"en","districtName":""},{"cityName":"Djoumouachongo","countryName":"Comoros","localeCode":"en","districtName":""},{"cityName":"Magaridjou","countryName":"Comoros","localeCode":"en","districtName":""},{"cityName":"Zikaledjou","countryName":"Comoros","localeCode":"en","districtName":""},{"cityName":"Madjeoueni","countryName":"Comoros","localeCode":"en","districtName":""},{"cityName":"Hamsaoua","countryName":"Comoros","localeCode":"en","districtName":""},{"cityName":"Nioumamilima","countryName":"Comoros","localeCode":"en","districtName":""},{"cityName":"Mdjoua Hahia","countryName":"Comoros","localeCode":"en","districtName":""},{"cityName":"Kanzile","countryName":"Comoros","localeCode":"en","districtName":""},{"cityName":"Tsinimouachongo","countryName":"Comoros","localeCode":"en","districtName":""},{"cityName":"Makorani","countryName":"Comoros","localeCode":"en","districtName":""},{"cityName":"Djivani","countryName":"Comoros","localeCode":"en","districtName":""},{"cityName":"Mbambani","countryName":"Comoros","localeCode":"en","districtName":""},{"cityName":"Bangoua","countryName":"Comoros","localeCode":"en","districtName":""},{"cityName":"Mdji Diakagnoa","countryName":"Comoros","localeCode":"en","districtName":""},{"cityName":"Dzouadjou","countryName":"Comoros","localeCode":"en","districtName":""},{"cityName":"Famare","countryName":"Comoros","localeCode":"en","districtName":""},{"cityName":"Mlalouankoudjou","countryName":"Comoros","localeCode":"en","districtName":""},{"cityName":"Missouiri","countryName":"Comoros","localeCode":"en","districtName":""},{"cityName":"Kove","countryName":"Comoros","localeCode":"en","districtName":""},{"cityName":"Mindralou","countryName":"Comoros","localeCode":"en","districtName":""},{"cityName":"Ourondroni","countryName":"Comoros","localeCode":"en","districtName":""},{"cityName":"Mandzissani","countryName":"Comoros","localeCode":"en","districtName":""},{"cityName":"Mlimani","countryName":"Comoros","localeCode":"en","districtName":""},{"cityName":"Ouziouani","countryName":"Comoros","localeCode":"en","districtName":""},{"cityName":"Dima","countryName":"Comoros","localeCode":"en","districtName":""},{"cityName":"Kourani-Mkanga","countryName":"Comoros","localeCode":"en","districtName":""},{"cityName":"Inane","countryName":"Comoros","localeCode":"en","districtName":""},{"cityName":"Ngnambeni","countryName":"Comoros","localeCode":"en","districtName":""},{"cityName":"Didjoni","countryName":"Comoros","localeCode":"en","districtName":""},{"cityName":"Ndzouani","countryName":"Comoros","localeCode":"en","districtName":""},{"cityName":"Midjendjeni","countryName":"Comoros","localeCode":"en","districtName":""},{"cityName":"Sima Ambouani","countryName":"Comoros","localeCode":"en","districtName":""},{"cityName":"Hada-Haia","countryName":"Comoros","localeCode":"en","districtName":""},{"cityName":"Sima Oichili","countryName":"Comoros","localeCode":"en","districtName":""},{"cityName":"Mkiriwadjumoi","countryName":"Comoros","localeCode":"en","districtName":""}]