[{"cityName":"Zompopa","countryName":"Costa Rica"},{"cityName":"Zent","countryName":"Costa Rica"},{"cityName":"Zarcero","countryName":"Costa Rica"},{"cityName":"Zaragoza","countryName":"Costa Rica"},{"cityName":"Zapote","countryName":"Costa Rica"},{"cityName":"Zapotal","countryName":"Costa Rica"},{"cityName":"Zapaton","countryName":"Costa Rica"},{"cityName":"Zancudo","countryName":"Costa Rica"},{"cityName":"Zagala Vieja","countryName":"Costa Rica"},{"cityName":"Zagala Nueva","countryName":"Costa Rica"},{"cityName":"Yolanda","countryName":"Costa Rica"},{"cityName":"Yas","countryName":"Costa Rica"},{"cityName":"Xiroles","countryName":"Costa Rica"},{"cityName":"Williamsburg","countryName":"Costa Rica"},{"cityName":"Westfalia","countryName":"Costa Rica"},{"cityName":"Waldeck","countryName":"Costa Rica"},{"cityName":"Vueltas","countryName":"Costa Rica"},{"cityName":"Vuelta del Virilla","countryName":"Costa Rica"},{"cityName":"Vuelta de Jorco","countryName":"Costa Rica"},{"cityName":"Volio","countryName":"Costa Rica"},{"cityName":"Volcancito","countryName":"Costa Rica"},{"cityName":"Volcan","countryName":"Costa Rica"},{"cityName":"Vista de Mar","countryName":"Costa Rica"},{"cityName":"Vista del Mar","countryName":"Costa Rica"},{"cityName":"Virginia","countryName":"Costa Rica"},{"cityName":"Violeta","countryName":"Costa Rica"},{"cityName":"Villarreal","countryName":"Costa Rica"},{"cityName":"Villa Nueva","countryName":"Costa Rica"},{"cityName":"Villa Mills","countryName":"Costa Rica"},{"cityName":"Villalta","countryName":"Costa Rica"},{"cityName":"Villa Franca","countryName":"Costa Rica"},{"cityName":"Villa Colon","countryName":"Costa Rica"},{"cityName":"Villa Briceno","countryName":"Costa Rica"},{"cityName":"Vigia","countryName":"Costa Rica"},{"cityName":"Vieja","countryName":"Costa Rica"},{"cityName":"Victoria","countryName":"Costa Rica"},{"cityName":"Vesta","countryName":"Costa Rica"},{"cityName":"Vergel","countryName":"Costa Rica"},{"cityName":"Verbena Sur","countryName":"Costa Rica"},{"cityName":"Verbena Norte","countryName":"Costa Rica"},{"cityName":"Verbena","countryName":"Costa Rica"},{"cityName":"Veracruz","countryName":"Costa Rica"},{"cityName":"Ventanas","countryName":"Costa Rica"},{"cityName":"Venecia","countryName":"Costa Rica"},{"cityName":"Venado","countryName":"Costa Rica"},{"cityName":"Veintisiete de Abril","countryName":"Costa Rica"},{"cityName":"Vara de Roble","countryName":"Costa Rica"},{"cityName":"Vara Blanca","countryName":"Costa Rica"},{"cityName":"Vapor","countryName":"Costa Rica"},{"cityName":"Valle Bonito","countryName":"Costa Rica"},{"cityName":"Vainilla","countryName":"Costa Rica"},{"cityName":"Uvita","countryName":"Costa Rica"},{"cityName":"Uruchico","countryName":"Costa Rica"},{"cityName":"Uruca","countryName":"Costa Rica"},{"cityName":"Urinama","countryName":"Costa Rica"},{"cityName":"Uriche","countryName":"Costa Rica"},{"cityName":"Urasca","countryName":"Costa Rica"},{"cityName":"Upala","countryName":"Costa Rica"},{"cityName":"Universidad","countryName":"Costa Rica"},{"cityName":"Union Vieja","countryName":"Costa Rica"},{"cityName":"Union","countryName":"Costa Rica"},{"cityName":"Ujarras","countryName":"Costa Rica"},{"cityName":"Uatsi","countryName":"Costa Rica"},{"cityName":"Tziola","countryName":"Costa Rica"},{"cityName":"Turrujal","countryName":"Costa Rica"},{"cityName":"Turrucares","countryName":"Costa Rica"},{"cityName":"Turrialba","countryName":"Costa Rica"},{"cityName":"Turin","countryName":"Costa Rica"},{"cityName":"Tunsula","countryName":"Costa Rica"},{"cityName":"Tumbas","countryName":"Costa Rica"},{"cityName":"Tulin","countryName":"Costa Rica"},{"cityName":"Tuis","countryName":"Costa Rica"},{"cityName":"Tufares","countryName":"Costa Rica"},{"cityName":"Tuetal Norte","countryName":"Costa Rica"},{"cityName":"Tucurrique","countryName":"Costa Rica"},{"cityName":"Tuba Creek","countryName":"Costa Rica"},{"cityName":"Troya","countryName":"Costa Rica"},{"cityName":"Tronconal","countryName":"Costa Rica"},{"cityName":"Tronadora","countryName":"Costa Rica"},{"cityName":"Trojas","countryName":"Costa Rica"},{"cityName":"Triunfo","countryName":"Costa Rica"},{"cityName":"Punta Trinidad","countryName":"Costa Rica"},{"cityName":"Trinidad","countryName":"Costa Rica"},{"cityName":"Tres Rios","countryName":"Costa Rica"},{"cityName":"Tres Millas","countryName":"Costa Rica"},{"cityName":"Tres Hermanos","countryName":"Costa Rica"},{"cityName":"Tres de Junio","countryName":"Costa Rica"},{"cityName":"Tres Amigos","countryName":"Costa Rica"},{"cityName":"Trenzas","countryName":"Costa Rica"},{"cityName":"Trebol","countryName":"Costa Rica"},{"cityName":"Trapiche","countryName":"Costa Rica"},{"cityName":"Tranquerillas","countryName":"Costa Rica"},{"cityName":"Tortuguero","countryName":"Costa Rica"},{"cityName":"Tortugal","countryName":"Costa Rica"},{"cityName":"Torrotillo","countryName":"Costa Rica"},{"cityName":"Toro Amarillo","countryName":"Costa Rica"},{"cityName":"Toro","countryName":"Costa Rica"},{"cityName":"Tornos","countryName":"Costa Rica"},{"cityName":"Torno","countryName":"Costa Rica"},{"cityName":"Torito","countryName":"Costa Rica"},{"cityName":"Tonjibe","countryName":"Costa Rica"},{"cityName":"Toledo","countryName":"Costa Rica"},{"cityName":"Tobosi","countryName":"Costa Rica"},{"cityName":"Tivives","countryName":"Costa Rica"},{"cityName":"Tirimbina","countryName":"Costa Rica"},{"cityName":"Tiquirusas","countryName":"Costa Rica"},{"cityName":"Tinamaste","countryName":"Costa Rica"},{"cityName":"Tilaran","countryName":"Costa Rica"},{"cityName":"Tigre","countryName":"Costa Rica"},{"cityName":"Tigra","countryName":"Costa Rica"},{"cityName":"Tieso","countryName":"Costa Rica"},{"cityName":"Tierras Morenas","countryName":"Costa Rica"},{"cityName":"Tierra Colorada","countryName":"Costa Rica"},{"cityName":"Tierra Blanca","countryName":"Costa Rica"},{"cityName":"Ticufres","countryName":"Costa Rica"},{"cityName":"Tetsalia","countryName":"Costa Rica"},{"cityName":"Teruel","countryName":"Costa Rica"},{"cityName":"Terrero","countryName":"Costa Rica"},{"cityName":"Terraba","countryName":"Costa Rica"},{"cityName":"Terciopelo","countryName":"Costa Rica"},{"cityName":"Tenorio","countryName":"Costa Rica"},{"cityName":"Tendal","countryName":"Costa Rica"},{"cityName":"Tempate","countryName":"Costa Rica"},{"cityName":"Telire","countryName":"Costa Rica"},{"cityName":"Tejona","countryName":"Costa Rica"},{"cityName":"Tejarcillos","countryName":"Costa Rica"},{"cityName":"Tejar","countryName":"Costa Rica"},{"cityName":"Tayutic","countryName":"Costa Rica"},{"cityName":"Tausito","countryName":"Costa Rica"},{"cityName":"Taus","countryName":"Costa Rica"},{"cityName":"Tarcoles","countryName":"Costa Rica"},{"cityName":"Tarbaca","countryName":"Costa Rica"},{"cityName":"Taras","countryName":"Costa Rica"},{"cityName":"Tapezco","countryName":"Costa Rica"},{"cityName":"Tapanti","countryName":"Costa Rica"},{"cityName":"Tanques","countryName":"Costa Rica"},{"cityName":"Tanque","countryName":"Costa Rica"},{"cityName":"Tambor","countryName":"Costa Rica"},{"cityName":"Hacienda Tamarindo","countryName":"Costa Rica"},{"cityName":"Talolinga","countryName":"Costa Rica"},{"cityName":"Talamanca","countryName":"Costa Rica"},{"cityName":"Tajo Alto","countryName":"Costa Rica"},{"cityName":"Tacares","countryName":"Costa Rica"},{"cityName":"Tacanis","countryName":"Costa Rica"},{"cityName":"Tacacori","countryName":"Costa Rica"},{"cityName":"Tabores","countryName":"Costa Rica"},{"cityName":"Taboga","countryName":"Costa Rica"},{"cityName":"Tablones","countryName":"Costa Rica"},{"cityName":"Tablon","countryName":"Costa Rica"},{"cityName":"Tabla Grande","countryName":"Costa Rica"},{"cityName":"Tabla","countryName":"Costa Rica"},{"cityName":"Taberi","countryName":"Costa Rica"},{"cityName":"Tabarcia","countryName":"Costa Rica"},{"cityName":"Swamp Mouth","countryName":"Costa Rica"},{"cityName":"Surubres","countryName":"Costa Rica"},{"cityName":"Surisi","countryName":"Costa Rica"},{"cityName":"Suretka","countryName":"Costa Rica"},{"cityName":"Suerre","countryName":"Costa Rica"},{"cityName":"Sucre","countryName":"Costa Rica"},{"cityName":"Stafford","countryName":"Costa Rica"},{"cityName":"Sonzapotal","countryName":"Costa Rica"},{"cityName":"Solania","countryName":"Costa Rica"},{"cityName":"Socorro","countryName":"Costa Rica"},{"cityName":"Sixaola","countryName":"Costa Rica"},{"cityName":"Sitio","countryName":"Costa Rica"},{"cityName":"Sirena","countryName":"Costa Rica"},{"cityName":"Siquirres","countryName":"Costa Rica"},{"cityName":"Siquiares","countryName":"Costa Rica"},{"cityName":"Sipurio","countryName":"Costa Rica"},{"cityName":"Sinoi","countryName":"Costa Rica"},{"cityName":"Silencio","countryName":"Costa Rica"},{"cityName":"Siete","countryName":"Costa Rica"},{"cityName":"Sierra","countryName":"Costa Rica"},{"cityName":"Sierpe","countryName":"Costa Rica"},{"cityName":"Sibubeta","countryName":"Costa Rica"},{"cityName":"Sibube","countryName":"Costa Rica"},{"cityName":"Siberia","countryName":"Costa Rica"},{"cityName":"Sevilla","countryName":"Costa Rica"},{"cityName":"Setillal","countryName":"Costa Rica"},{"cityName":"Sereno","countryName":"Costa Rica"},{"cityName":"Selva","countryName":"Costa Rica"},{"cityName":"Savegre Abajo","countryName":"Costa Rica"},{"cityName":"Savegre","countryName":"Costa Rica"},{"cityName":"Sarmiento","countryName":"Costa Rica"},{"cityName":"Sardinal","countryName":"Costa Rica"},{"cityName":"Sarchi Sur","countryName":"Costa Rica"},{"cityName":"Sarchi","countryName":"Costa Rica"},{"cityName":"Sarapiqui","countryName":"Costa Rica"},{"cityName":"Sara","countryName":"Costa Rica"},{"cityName":"Sapoa","countryName":"Costa Rica"},{"cityName":"San Vito","countryName":"Costa Rica"},{"cityName":"San Vicente","countryName":"Costa Rica"},{"cityName":"Santo Tomas","countryName":"Costa Rica"},{"cityName":"Santo Domingo","countryName":"Costa Rica"},{"cityName":"Santiago","countryName":"Costa Rica"},{"cityName":"Santa Teresita","countryName":"Costa Rica"},{"cityName":"Santa Teresa","countryName":"Costa Rica"},{"cityName":"Santa Rosa","countryName":"Costa Rica"},{"cityName":"Santa Rogelia","countryName":"Costa Rica"},{"cityName":"Santa Rita","countryName":"Costa Rica"},{"cityName":"Santa Marta","countryName":"Costa Rica"},{"cityName":"Santa Maria","countryName":"Costa Rica"},{"cityName":"Santa Luisa","countryName":"Costa Rica"},{"cityName":"Santa Lucia","countryName":"Costa Rica"},{"cityName":"Santa Juana","countryName":"Costa Rica"},{"cityName":"Santa Isabel","countryName":"Costa Rica"},{"cityName":"Santa Ines","countryName":"Costa Rica"},{"cityName":"Santa Gertrudis Sur","countryName":"Costa Rica"},{"cityName":"Santa Gertrudis Norte","countryName":"Costa Rica"},{"cityName":"Santa Eulalia","countryName":"Costa Rica"},{"cityName":"Santa Elena Arriba","countryName":"Costa Rica"},{"cityName":"Santa Elena","countryName":"Costa Rica"},{"cityName":"Santa Eduviges","countryName":"Costa Rica"},{"cityName":"Santa Cruz","countryName":"Costa Rica"},{"cityName":"Santa Clara","countryName":"Costa Rica"},{"cityName":"Santa Cecilia","countryName":"Costa Rica"},{"cityName":"Santa Barbaraa","countryName":"Costa Rica"},{"cityName":"Santa Barbara","countryName":"Costa Rica"},{"cityName":"Santa Anita","countryName":"Costa Rica"},{"cityName":"Santa Ana","countryName":"Costa Rica"},{"cityName":"San Sebastian","countryName":"Costa Rica"},{"cityName":"San Salvador","countryName":"Costa Rica"},{"cityName":"San Roque","countryName":"Costa Rica"},{"cityName":"San Ramon Sur","countryName":"Costa Rica"},{"cityName":"San Ramon Norte","countryName":"Costa Rica"},{"cityName":"San Ramon","countryName":"Costa Rica"},{"cityName":"San Rafael Sur","countryName":"Costa Rica"},{"cityName":"San Rafael Norte","countryName":"Costa Rica"},{"cityName":"San Rafael Arriba","countryName":"Costa Rica"},{"cityName":"San Rafael Abajo","countryName":"Costa Rica"},{"cityName":"San Rafael","countryName":"Costa Rica"},{"cityName":"San Pedro","countryName":"Costa Rica"},{"cityName":"San Pedrito","countryName":"Costa Rica"},{"cityName":"San Pedrillo","countryName":"Costa Rica"},{"cityName":"San Pablo Viejo","countryName":"Costa Rica"},{"cityName":"San Pablo","countryName":"Costa Rica"},{"cityName":"San Pablito","countryName":"Costa Rica"},{"cityName":"San Miguel Norte","countryName":"Costa Rica"},{"cityName":"San Miguel","countryName":"Costa Rica"},{"cityName":"San Mateo","countryName":"Costa Rica"},{"cityName":"San Martin","countryName":"Costa Rica"},{"cityName":"San Marcos","countryName":"Costa Rica"},{"cityName":"San Luis","countryName":"Costa Rica"},{"cityName":"San Lucas","countryName":"Costa Rica"},{"cityName":"San Lorenzo","countryName":"Costa Rica"},{"cityName":"San Lazaro","countryName":"Costa Rica"},{"cityName":"San Julian","countryName":"Costa Rica"},{"cityName":"San Judas","countryName":"Costa Rica"},{"cityName":"San Juan Sur","countryName":"Costa Rica"},{"cityName":"San Juan Norte","countryName":"Costa Rica"},{"cityName":"San Juanillo","countryName":"Costa Rica"},{"cityName":"San Juan Grande","countryName":"Costa Rica"},{"cityName":"San Juan de Mata","countryName":"Costa Rica"},{"cityName":"San Juan de Dios","countryName":"Costa Rica"},{"cityName":"San Juan Chiquito","countryName":"Costa Rica"},{"cityName":"San Juan Chicoa","countryName":"Costa Rica"},{"cityName":"San Juan Bosco","countryName":"Costa Rica"},{"cityName":"San Juan Arriba","countryName":"Costa Rica"},{"cityName":"San Juan Abajo","countryName":"Costa Rica"},{"cityName":"San Juan","countryName":"Costa Rica"},{"cityName":"San Jose Pinilla","countryName":"Costa Rica"},{"cityName":"San Jose Norte","countryName":"Costa Rica"},{"cityName":"San Jose de la Montana","countryName":"Costa Rica"},{"cityName":"San Josecito","countryName":"Costa Rica"},{"cityName":"San Jose Cabecar","countryName":"Costa Rica"},{"cityName":"San Jose","countryName":"Costa Rica"},{"cityName":"San Jorge","countryName":"Costa Rica"},{"cityName":"San Joaquin","countryName":"Costa Rica"},{"cityName":"San Jeronimo","countryName":"Costa Rica"},{"cityName":"San Isidro","countryName":"Costa Rica"},{"cityName":"San Ignacio","countryName":"Costa Rica"},{"cityName":"San Gerardo","countryName":"Costa Rica"},{"cityName":"San Gabriel","countryName":"Costa Rica"},{"cityName":"San Francisco","countryName":"Costa Rica"},{"cityName":"San Felipe","countryName":"Costa Rica"},{"cityName":"San Emilio","countryName":"Costa Rica"},{"cityName":"Sandoval","countryName":"Costa Rica"},{"cityName":"San Dimas","countryName":"Costa Rica"},{"cityName":"San Diego","countryName":"Costa Rica"},{"cityName":"Sandalo","countryName":"Costa Rica"},{"cityName":"San Cristobal Sur","countryName":"Costa Rica"},{"cityName":"San Cristobal Norte","countryName":"Costa Rica"},{"cityName":"San Cristobal","countryName":"Costa Rica"},{"cityName":"San Clemente","countryName":"Costa Rica"},{"cityName":"Sanchiri","countryName":"Costa Rica"},{"cityName":"San Carlos","countryName":"Costa Rica"},{"cityName":"San Buenaventura","countryName":"Costa Rica"},{"cityName":"San Bosco","countryName":"Costa Rica"},{"cityName":"San Blas","countryName":"Costa Rica"},{"cityName":"San Antonio","countryName":"Costa Rica"},{"cityName":"San Andres","countryName":"Costa Rica"},{"cityName":"San Alberto Nuevo","countryName":"Costa Rica"},{"cityName":"Samen","countryName":"Costa Rica"},{"cityName":"Samara","countryName":"Costa Rica"},{"cityName":"Salvador","countryName":"Costa Rica"},{"cityName":"Salto","countryName":"Costa Rica"},{"cityName":"Salitrillos","countryName":"Costa Rica"},{"cityName":"Salitre","countryName":"Costa Rica"},{"cityName":"Salitrales","countryName":"Costa Rica"},{"cityName":"Salitral","countryName":"Costa Rica"},{"cityName":"Salinas","countryName":"Costa Rica"},{"cityName":"Salado","countryName":"Costa Rica"},{"cityName":"Sagrada Familia","countryName":"Costa Rica"},{"cityName":"Sacramento","countryName":"Costa Rica"},{"cityName":"Saborio","countryName":"Costa Rica"},{"cityName":"Sabogal","countryName":"Costa Rica"},{"cityName":"Sabanilla","countryName":"Costa Rica"},{"cityName":"Sabanas","countryName":"Costa Rica"},{"cityName":"Sabana Redonda","countryName":"Costa Rica"},{"cityName":"Sabana Grande","countryName":"Costa Rica"},{"cityName":"Sabalo","countryName":"Costa Rica"},{"cityName":"Sabalito","countryName":"Costa Rica"},{"cityName":"Roxana","countryName":"Costa Rica"},{"cityName":"Rosario","countryName":"Costa Rica"},{"cityName":"Rosalia","countryName":"Costa Rica"},{"cityName":"Rosales","countryName":"Costa Rica"},{"cityName":"Ron Ron","countryName":"Costa Rica"},{"cityName":"Roncha","countryName":"Costa Rica"},{"cityName":"Rodeo","countryName":"Costa Rica"},{"cityName":"Robles","countryName":"Costa Rica"},{"cityName":"Roble Alto","countryName":"Costa Rica"},{"cityName":"Roble","countryName":"Costa Rica"},{"cityName":"Roblar","countryName":"Costa Rica"},{"cityName":"Rivas","countryName":"Costa Rica"},{"cityName":"Rio Sequito","countryName":"Costa Rica"},{"cityName":"Rio Segundo","countryName":"Costa Rica"},{"cityName":"Rio Seco","countryName":"Costa Rica"},{"cityName":"Rios","countryName":"Costa Rica"},{"cityName":"Rio Oro","countryName":"Costa Rica"},{"cityName":"Rio Nuevo","countryName":"Costa Rica"},{"cityName":"Rio Negro","countryName":"Costa Rica"},{"cityName":"Rio Madre","countryName":"Costa Rica"},{"cityName":"Rio Macho","countryName":"Costa Rica"},{"cityName":"Rio Largo","countryName":"Costa Rica"},{"cityName":"Rio Jimenez","countryName":"Costa Rica"},{"cityName":"Rio Hondo","countryName":"Costa Rica"},{"cityName":"Rio Grande","countryName":"Costa Rica"},{"cityName":"Rio Frio","countryName":"Costa Rica"},{"cityName":"Rio de Ora","countryName":"Costa Rica"},{"cityName":"Rio Cuarto","countryName":"Costa Rica"},{"cityName":"Rio Conejo","countryName":"Costa Rica"},{"cityName":"Rio Claro","countryName":"Costa Rica"},{"cityName":"Rio Chiquito","countryName":"Costa Rica"},{"cityName":"Rio Canas","countryName":"Costa Rica"},{"cityName":"Rio Brujo","countryName":"Costa Rica"},{"cityName":"Rio Blanco","countryName":"Costa Rica"},{"cityName":"Rio Azul","countryName":"Costa Rica"},{"cityName":"Rincon Zaragoza","countryName":"Costa Rica"},{"cityName":"Rincon Salas","countryName":"Costa Rica"},{"cityName":"Rincon Grande","countryName":"Costa Rica"},{"cityName":"Rincon de la Cruz","countryName":"Costa Rica"},{"cityName":"Rincon Colorado","countryName":"Costa Rica"},{"cityName":"Rinconada","countryName":"Costa Rica"},{"cityName":"Rincon","countryName":"Costa Rica"},{"cityName":"Reyes","countryName":"Costa Rica"},{"cityName":"Retes","countryName":"Costa Rica"},{"cityName":"Retana","countryName":"Costa Rica"},{"cityName":"Respingue","countryName":"Costa Rica"},{"cityName":"Repunta","countryName":"Costa Rica"},{"cityName":"Refundores","countryName":"Costa Rica"},{"cityName":"Recreo","countryName":"Costa Rica"},{"cityName":"Rastrojales","countryName":"Costa Rica"},{"cityName":"Rancho Redondo","countryName":"Costa Rica"},{"cityName":"Rancho Largo","countryName":"Costa Rica"},{"cityName":"Rancho Grande","countryName":"Costa Rica"},{"cityName":"Rancho Chico","countryName":"Costa Rica"},{"cityName":"Rancho Alegre","countryName":"Costa Rica"},{"cityName":"Ramos","countryName":"Costa Rica"},{"cityName":"Raicero","countryName":"Costa Rica"},{"cityName":"Quizarra","countryName":"Costa Rica"},{"cityName":"Quivel","countryName":"Costa Rica"},{"cityName":"Quitirriel","countryName":"Costa Rica"},{"cityName":"Quitaria","countryName":"Costa Rica"},{"cityName":"Quirimancito","countryName":"Costa Rica"},{"cityName":"Quiriman","countryName":"Costa Rica"},{"cityName":"Quircot","countryName":"Costa Rica"},{"cityName":"Quintana","countryName":"Costa Rica"},{"cityName":"Quina","countryName":"Costa Rica"},{"cityName":"Quiel","countryName":"Costa Rica"},{"cityName":"Quesera","countryName":"Costa Rica"},{"cityName":"Quesada","countryName":"Costa Rica"},{"cityName":"Quepos","countryName":"Costa Rica"},{"cityName":"Quebradillas","countryName":"Costa Rica"},{"cityName":"Quebrada Yeguas","countryName":"Costa Rica"},{"cityName":"Quebrada Seca","countryName":"Costa Rica"},{"cityName":"Quebradas","countryName":"Costa Rica"},{"cityName":"Quebrada Nando","countryName":"Costa Rica"},{"cityName":"Quebrada Honda","countryName":"Costa Rica"},{"cityName":"Quebrada Grande","countryName":"Costa Rica"},{"cityName":"Quebrada Cuba","countryName":"Costa Rica"},{"cityName":"Quebrada Bonita","countryName":"Costa Rica"},{"cityName":"Quebrada Azul","countryName":"Costa Rica"},{"cityName":"Purrujal","countryName":"Costa Rica"},{"cityName":"Purral","countryName":"Costa Rica"},{"cityName":"Purisil","countryName":"Costa Rica"},{"cityName":"Purires","countryName":"Costa Rica"},{"cityName":"Puntarenitas","countryName":"Costa Rica"},{"cityName":"Puntarenas","countryName":"Costa Rica"},{"cityName":"Punta Mala","countryName":"Costa Rica"},{"cityName":"Punta de Riel","countryName":"Costa Rica"},{"cityName":"Punta de Lanza","countryName":"Costa Rica"},{"cityName":"Puerto Viejo","countryName":"Costa Rica"},{"cityName":"Puerto Vargas","countryName":"Costa Rica"},{"cityName":"Puerto Thiel","countryName":"Costa Rica"},{"cityName":"Puerto Soley","countryName":"Costa Rica"},{"cityName":"Puerto Quepos","countryName":"Costa Rica"},{"cityName":"Puerto Nuevo","countryName":"Costa Rica"},{"cityName":"Manzanillo","countryName":"Costa Rica"},{"cityName":"Puerto Limon","countryName":"Costa Rica"},{"cityName":"Puerto Jimenez","countryName":"Costa Rica"},{"cityName":"Puerto Jesus","countryName":"Costa Rica"},{"cityName":"Puerto Humo","countryName":"Costa Rica"},{"cityName":"Puerto Gonzalez","countryName":"Costa Rica"},{"cityName":"Puerto Escondido","countryName":"Costa Rica"},{"cityName":"Puerto Culebra","countryName":"Costa Rica"},{"cityName":"Puerto Coyote","countryName":"Costa Rica"},{"cityName":"Puerto Coyolar","countryName":"Costa Rica"},{"cityName":"Puerto Carazo","countryName":"Costa Rica"},{"cityName":"Puerto Carao","countryName":"Costa Rica"},{"cityName":"Puerto Cahuita","countryName":"Costa Rica"},{"cityName":"Puerto Amoroso","countryName":"Costa Rica"},{"cityName":"Puente de Piedra","countryName":"Costa Rica"},{"cityName":"Puente de Casa","countryName":"Costa Rica"},{"cityName":"Pueblo Viejo","countryName":"Costa Rica"},{"cityName":"Pueblo Nuevo","countryName":"Costa Rica"},{"cityName":"Providencia","countryName":"Costa Rica"},{"cityName":"Primavera","countryName":"Costa Rica"},{"cityName":"Pozos","countryName":"Costa Rica"},{"cityName":"Pozon","countryName":"Costa Rica"},{"cityName":"Pozo de Agua","countryName":"Costa Rica"},{"cityName":"Pozo Azul","countryName":"Costa Rica"},{"cityName":"Potrero Grande","countryName":"Costa Rica"},{"cityName":"Potrero Cerrado","countryName":"Costa Rica"},{"cityName":"Potrero","countryName":"Costa Rica"},{"cityName":"Potrerillos","countryName":"Costa Rica"},{"cityName":"Porvenir","countryName":"Costa Rica"},{"cityName":"Portete","countryName":"Costa Rica"},{"cityName":"Portegolpe","countryName":"Costa Rica"},{"cityName":"Portalon","countryName":"Costa Rica"},{"cityName":"Porrosati","countryName":"Costa Rica"},{"cityName":"Porosal","countryName":"Costa Rica"},{"cityName":"Poro","countryName":"Costa Rica"},{"cityName":"Polvazales","countryName":"Costa Rica"},{"cityName":"Polca","countryName":"Costa Rica"},{"cityName":"Pocosol","countryName":"Costa Rica"},{"cityName":"Pocora Este","countryName":"Costa Rica"},{"cityName":"Pocora","countryName":"Costa Rica"},{"cityName":"Pocitos","countryName":"Costa Rica"},{"cityName":"Pochote","countryName":"Costa Rica"},{"cityName":"Pochotal","countryName":"Costa Rica"},{"cityName":"Pocares","countryName":"Costa Rica"},{"cityName":"Poasito","countryName":"Costa Rica"},{"cityName":"Poas","countryName":"Costa Rica"},{"cityName":"Plevades","countryName":"Costa Rica"},{"cityName":"Plazuela","countryName":"Costa Rica"},{"cityName":"Playuelas","countryName":"Costa Rica"},{"cityName":"Playon","countryName":"Costa Rica"},{"cityName":"Playa Hermosa","countryName":"Costa Rica"},{"cityName":"Playa Bonita","countryName":"Costa Rica"},{"cityName":"Playa Blanca","countryName":"Costa Rica"},{"cityName":"Platanillo","countryName":"Costa Rica"},{"cityName":"Platanillal","countryName":"Costa Rica"},{"cityName":"Platanares","countryName":"Costa Rica"},{"cityName":"Platanar","countryName":"Costa Rica"},{"cityName":"Platanal","countryName":"Costa Rica"},{"cityName":"Planton","countryName":"Costa Rica"},{"cityName":"Piuta","countryName":"Costa Rica"},{"cityName":"Pital","countryName":"Costa Rica"},{"cityName":"Pitahaya","countryName":"Costa Rica"},{"cityName":"Pita","countryName":"Costa Rica"},{"cityName":"Pilas Blancas","countryName":"Costa Rica"},{"cityName":"Pilas","countryName":"Costa Rica"},{"cityName":"Pilangosta","countryName":"Costa Rica"},{"cityName":"Pijije","countryName":"Costa Rica"},{"cityName":"Pigres","countryName":"Costa Rica"},{"cityName":"Piedras Negras","countryName":"Costa Rica"},{"cityName":"Piedras Grandes","countryName":"Costa Rica"},{"cityName":"Piedras Blancas","countryName":"Costa Rica"},{"cityName":"Piedras","countryName":"Costa Rica"},{"cityName":"Piedra Grande","countryName":"Costa Rica"},{"cityName":"Piedra Blanca","countryName":"Costa Rica"},{"cityName":"Piedra","countryName":"Costa Rica"},{"cityName":"Piedades Sur","countryName":"Costa Rica"},{"cityName":"Piedades Norte","countryName":"Costa Rica"},{"cityName":"Piedades","countryName":"Costa Rica"},{"cityName":"Picute","countryName":"Costa Rica"},{"cityName":"Picagres","countryName":"Costa Rica"},{"cityName":"Picada","countryName":"Costa Rica"},{"cityName":"Philadelphia","countryName":"Costa Rica"},{"cityName":"Perla","countryName":"Costa Rica"},{"cityName":"Perico","countryName":"Costa Rica"},{"cityName":"Perez","countryName":"Costa Rica"},{"cityName":"Peralta","countryName":"Costa Rica"},{"cityName":"Penshurst","countryName":"Costa Rica"},{"cityName":"Penjamo","countryName":"Costa Rica"},{"cityName":"Penca","countryName":"Costa Rica"},{"cityName":"Penas Blancas","countryName":"Costa Rica"},{"cityName":"Pena Blanca","countryName":"Costa Rica"},{"cityName":"Pena","countryName":"Costa Rica"},{"cityName":"Peluelcha","countryName":"Costa Rica"},{"cityName":"Pelon de la Altura","countryName":"Costa Rica"},{"cityName":"Pejibaye","countryName":"Costa Rica"},{"cityName":"Peje Viejo","countryName":"Costa Rica"},{"cityName":"Peje","countryName":"Costa Rica"},{"cityName":"Pedregoso","countryName":"Costa Rica"},{"cityName":"Pedregal","countryName":"Costa Rica"},{"cityName":"Pedernal","countryName":"Costa Rica"},{"cityName":"Pavones","countryName":"Costa Rica"},{"cityName":"Pavona","countryName":"Costa Rica"},{"cityName":"Pavon","countryName":"Costa Rica"},{"cityName":"Pavo","countryName":"Costa Rica"},{"cityName":"Pavas","countryName":"Costa Rica"},{"cityName":"Patos","countryName":"Costa Rica"},{"cityName":"Patio de Agua","countryName":"Costa Rica"},{"cityName":"Patillos","countryName":"Costa Rica"},{"cityName":"Pataste","countryName":"Costa Rica"},{"cityName":"Patarra","countryName":"Costa Rica"},{"cityName":"Pasqui","countryName":"Costa Rica"},{"cityName":"Paso Tempisque","countryName":"Costa Rica"},{"cityName":"Paso Real","countryName":"Costa Rica"},{"cityName":"Paso Nosara","countryName":"Costa Rica"},{"cityName":"Paso Malo","countryName":"Costa Rica"},{"cityName":"Paso Macho","countryName":"Costa Rica"},{"cityName":"Paso Llano","countryName":"Costa Rica"},{"cityName":"Paso Hondo","countryName":"Costa Rica"},{"cityName":"Paso de Vigia","countryName":"Costa Rica"},{"cityName":"Paso del Tempisque","countryName":"Costa Rica"},{"cityName":"Paso del Machete","countryName":"Costa Rica"},{"cityName":"Paso Ancho","countryName":"Costa Rica"},{"cityName":"Pasito","countryName":"Costa Rica"},{"cityName":"Pascua","countryName":"Costa Rica"},{"cityName":"Pascon","countryName":"Costa Rica"},{"cityName":"Parrita","countryName":"Costa Rica"},{"cityName":"Parismina","countryName":"Costa Rica"},{"cityName":"Paraiso","countryName":"Costa Rica"},{"cityName":"Paracito","countryName":"Costa Rica"},{"cityName":"Paquita","countryName":"Costa Rica"},{"cityName":"Paquera","countryName":"Costa Rica"},{"cityName":"Panica","countryName":"Costa Rica"},{"cityName":"Pandora","countryName":"Costa Rica"},{"cityName":"Pan de Azucar","countryName":"Costa Rica"},{"cityName":"Panama","countryName":"Costa Rica"},{"cityName":"Panales","countryName":"Costa Rica"},{"cityName":"Pampas","countryName":"Costa Rica"},{"cityName":"Palo Verde","countryName":"Costa Rica"},{"cityName":"Palo Seco","countryName":"Costa Rica"},{"cityName":"Palomo","countryName":"Costa Rica"},{"cityName":"Palomas","countryName":"Costa Rica"},{"cityName":"Palo de Jabon","countryName":"Costa Rica"},{"cityName":"Palo","countryName":"Costa Rica"},{"cityName":"Palmitos Sur","countryName":"Costa Rica"},{"cityName":"Palmitos","countryName":"Costa Rica"},{"cityName":"Palmital","countryName":"Costa Rica"},{"cityName":"Palmira","countryName":"Costa Rica"},{"cityName":"Palmichal","countryName":"Costa Rica"},{"cityName":"Palmera","countryName":"Costa Rica"},{"cityName":"Palmas","countryName":"Costa Rica"},{"cityName":"Palmar Sur","countryName":"Costa Rica"},{"cityName":"Palmar Norte","countryName":"Costa Rica"},{"cityName":"Palmares","countryName":"Costa Rica"},{"cityName":"Palmar","countryName":"Costa Rica"},{"cityName":"Palma","countryName":"Costa Rica"},{"cityName":"Palito","countryName":"Costa Rica"},{"cityName":"Palestina","countryName":"Costa Rica"},{"cityName":"Palenque Manuel","countryName":"Costa Rica"},{"cityName":"Paires","countryName":"Costa Rica"},{"cityName":"Paez","countryName":"Costa Rica"},{"cityName":"Pacuarito","countryName":"Costa Rica"},{"cityName":"Pacuar","countryName":"Costa Rica"},{"cityName":"Pacayas","countryName":"Costa Rica"},{"cityName":"Pacaya","countryName":"Costa Rica"},{"cityName":"Pabellon","countryName":"Costa Rica"},{"cityName":"Ortega","countryName":"Costa Rica"},{"cityName":"Orotina","countryName":"Costa Rica"},{"cityName":"Orosi","countryName":"Costa Rica"},{"cityName":"Oriente","countryName":"Costa Rica"},{"cityName":"Oratorio","countryName":"Costa Rica"},{"cityName":"Ora","countryName":"Costa Rica"},{"cityName":"Olochal","countryName":"Costa Rica"},{"cityName":"Olla Cero","countryName":"Costa Rica"},{"cityName":"Olivia","countryName":"Costa Rica"},{"cityName":"Ojo de Agua","countryName":"Costa Rica"},{"cityName":"Ojochal","countryName":"Costa Rica"},{"cityName":"Ocotal","countryName":"Costa Rica"},{"cityName":"Ococa","countryName":"Costa Rica"},{"cityName":"Ochomogo","countryName":"Costa Rica"},{"cityName":"Ochoa","countryName":"Costa Rica"},{"cityName":"Obandito","countryName":"Costa Rica"},{"cityName":"Nuevo Colon","countryName":"Costa Rica"},{"cityName":"Nueve Millas","countryName":"Costa Rica"},{"cityName":"Nuestro Amo","countryName":"Costa Rica"},{"cityName":"Nubes","countryName":"Costa Rica"},{"cityName":"Nosara","countryName":"Costa Rica"},{"cityName":"Nicoya","countryName":"Costa Rica"},{"cityName":"New Castle","countryName":"Costa Rica"},{"cityName":"Neily","countryName":"Costa Rica"},{"cityName":"Navarro","countryName":"Costa Rica"},{"cityName":"Naranjos Agrios","countryName":"Costa Rica"},{"cityName":"Naranjo","countryName":"Costa Rica"},{"cityName":"Naranjito","countryName":"Costa Rica"},{"cityName":"Naranjal","countryName":"Costa Rica"},{"cityName":"Napoles","countryName":"Costa Rica"},{"cityName":"Nantalz","countryName":"Costa Rica"},{"cityName":"Nandayure","countryName":"Costa Rica"},{"cityName":"Nancite","countryName":"Costa Rica"},{"cityName":"Nances","countryName":"Costa Rica"},{"cityName":"Nambi","countryName":"Costa Rica"},{"cityName":"Nacascolo","countryName":"Costa Rica"},{"cityName":"Nacaome","countryName":"Costa Rica"},{"cityName":"Murcia","countryName":"Costa Rica"},{"cityName":"Muneco","countryName":"Costa Rica"},{"cityName":"Muelle del Arenal","countryName":"Costa Rica"},{"cityName":"Muelle","countryName":"Costa Rica"},{"cityName":"Mozotal","countryName":"Costa Rica"},{"cityName":"Mosca","countryName":"Costa Rica"},{"cityName":"Morovia","countryName":"Costa Rica"},{"cityName":"Morote","countryName":"Costa Rica"},{"cityName":"Morazan","countryName":"Costa Rica"},{"cityName":"Moravia","countryName":"Costa Rica"},{"cityName":"Moralito","countryName":"Costa Rica"},{"cityName":"Morales","countryName":"Costa Rica"},{"cityName":"Morado","countryName":"Costa Rica"},{"cityName":"Moracia","countryName":"Costa Rica"},{"cityName":"Mora","countryName":"Costa Rica"},{"cityName":"Montezuma","countryName":"Costa Rica"},{"cityName":"Monte Verde","countryName":"Costa Rica"},{"cityName":"Monteverde","countryName":"Costa Rica"},{"cityName":"Monterrey","countryName":"Costa Rica"},{"cityName":"Monte Romo","countryName":"Costa Rica"},{"cityName":"Montero","countryName":"Costa Rica"},{"cityName":"Monte Redondo","countryName":"Costa Rica"},{"cityName":"Montenegro","countryName":"Costa Rica"},{"cityName":"Montelimar","countryName":"Costa Rica"},{"cityName":"Monte Galan","countryName":"Costa Rica"},{"cityName":"Montecristo","countryName":"Costa Rica"},{"cityName":"Monte Alto","countryName":"Costa Rica"},{"cityName":"Montano","countryName":"Costa Rica"},{"cityName":"Montanita","countryName":"Costa Rica"},{"cityName":"Montana Grande","countryName":"Costa Rica"},{"cityName":"Montana Azul","countryName":"Costa Rica"},{"cityName":"Montana","countryName":"Costa Rica"},{"cityName":"Mongito","countryName":"Costa Rica"},{"cityName":"Mona","countryName":"Costa Rica"},{"cityName":"Mollejones","countryName":"Costa Rica"},{"cityName":"Mojones","countryName":"Costa Rica"},{"cityName":"Mojica","countryName":"Costa Rica"},{"cityName":"Moin","countryName":"Costa Rica"},{"cityName":"Mogos","countryName":"Costa Rica"},{"cityName":"Miravalles","countryName":"Costa Rica"},{"cityName":"Miramar","countryName":"Costa Rica"},{"cityName":"Mirador","countryName":"Costa Rica"},{"cityName":"Millal","countryName":"Costa Rica"},{"cityName":"Milla Cinco","countryName":"Costa Rica"},{"cityName":"Mexico","countryName":"Costa Rica"},{"cityName":"Meson","countryName":"Costa Rica"},{"cityName":"Mesetas Arriba","countryName":"Costa Rica"},{"cityName":"Mesetas","countryName":"Costa Rica"},{"cityName":"Meseta","countryName":"Costa Rica"},{"cityName":"Mesas","countryName":"Costa Rica"},{"cityName":"Mesa","countryName":"Costa Rica"},{"cityName":"Mercedes Sur","countryName":"Costa Rica"},{"cityName":"Mercedes Norte","countryName":"Costa Rica"},{"cityName":"Mercedes","countryName":"Costa Rica"},{"cityName":"Meneses","countryName":"Costa Rica"},{"cityName":"Medios","countryName":"Costa Rica"},{"cityName":"Medio Queso","countryName":"Costa Rica"},{"cityName":"Matinilla","countryName":"Costa Rica"},{"cityName":"Matina","countryName":"Costa Rica"},{"cityName":"Matapalo","countryName":"Costa Rica"},{"cityName":"Matambuguito","countryName":"Costa Rica"},{"cityName":"Matambu","countryName":"Costa Rica"},{"cityName":"Mata de Platano","countryName":"Costa Rica"},{"cityName":"Mata de Palo","countryName":"Costa Rica"},{"cityName":"Mata de Limon","countryName":"Costa Rica"},{"cityName":"Mata de Guineo","countryName":"Costa Rica"},{"cityName":"Mata de Cana","countryName":"Costa Rica"},{"cityName":"Martirio","countryName":"Costa Rica"},{"cityName":"Marsella","countryName":"Costa Rica"},{"cityName":"Marichal","countryName":"Costa Rica"},{"cityName":"Margot","countryName":"Costa Rica"},{"cityName":"Margarita","countryName":"Costa Rica"},{"cityName":"Marbella","countryName":"Costa Rica"},{"cityName":"Maravilla","countryName":"Costa Rica"},{"cityName":"Maranonal","countryName":"Costa Rica"},{"cityName":"Maquenco","countryName":"Costa Rica"},{"cityName":"Maquencal","countryName":"Costa Rica"},{"cityName":"Mansion","countryName":"Costa Rica"},{"cityName":"Manila","countryName":"Costa Rica"},{"cityName":"Mangos","countryName":"Costa Rica"},{"cityName":"Mal Pais","countryName":"Costa Rica"},{"cityName":"Maiz de los Uva","countryName":"Costa Rica"},{"cityName":"Maiz de Boruca","countryName":"Costa Rica"},{"cityName":"Maicillal","countryName":"Costa Rica"},{"cityName":"Magnolia","countryName":"Costa Rica"},{"cityName":"Magallanes","countryName":"Costa Rica"},{"cityName":"Madrigal","countryName":"Costa Rica"},{"cityName":"Madre de Dios","countryName":"Costa Rica"},{"cityName":"Maderal","countryName":"Costa Rica"},{"cityName":"Macacona","countryName":"Costa Rica"},{"cityName":"Luna Park","countryName":"Costa Rica"},{"cityName":"Luisiana","countryName":"Costa Rica"},{"cityName":"Luisa","countryName":"Costa Rica"},{"cityName":"Lucha","countryName":"Costa Rica"},{"cityName":"Lourdes","countryName":"Costa Rica"},{"cityName":"Louisiana","countryName":"Costa Rica"},{"cityName":"Lotsinyak","countryName":"Costa Rica"},{"cityName":"Los Yoses","countryName":"Costa Rica"},{"cityName":"Los Planes","countryName":"Costa Rica"},{"cityName":"Los Perdidos","countryName":"Costa Rica"},{"cityName":"Los Organos","countryName":"Costa Rica"},{"cityName":"Los Obando","countryName":"Costa Rica"},{"cityName":"Los Negritos","countryName":"Costa Rica"},{"cityName":"Los Gavilanes","countryName":"Costa Rica"},{"cityName":"Los Chiles","countryName":"Costa Rica"},{"cityName":"Los Cerros","countryName":"Costa Rica"},{"cityName":"Los Cartagos","countryName":"Costa Rica"},{"cityName":"Los Angeles","countryName":"Costa Rica"},{"cityName":"Los Andes","countryName":"Costa Rica"},{"cityName":"Lorena","countryName":"Costa Rica"},{"cityName":"Loras","countryName":"Costa Rica"},{"cityName":"Londres","countryName":"Costa Rica"},{"cityName":"Lombardia","countryName":"Costa Rica"},{"cityName":"Lomas","countryName":"Costa Rica"},{"cityName":"Loma de Buey","countryName":"Costa Rica"},{"cityName":"Loma Bonita","countryName":"Costa Rica"},{"cityName":"Loma","countryName":"Costa Rica"},{"cityName":"Loaiza","countryName":"Costa Rica"},{"cityName":"Llorente","countryName":"Costa Rica"},{"cityName":"Llanos","countryName":"Costa Rica"},{"cityName":"Llano Hermoso","countryName":"Costa Rica"},{"cityName":"Llano Grande","countryName":"Costa Rica"},{"cityName":"Llano de Piedra","countryName":"Costa Rica"},{"cityName":"Llano Brenes","countryName":"Costa Rica"},{"cityName":"Llano Bonito","countryName":"Costa Rica"},{"cityName":"Llano Angeles","countryName":"Costa Rica"},{"cityName":"Llano","countryName":"Costa Rica"},{"cityName":"Liverpool","countryName":"Costa Rica"},{"cityName":"Linea B","countryName":"Costa Rica"},{"cityName":"Lindora","countryName":"Costa Rica"},{"cityName":"Linda Vista","countryName":"Costa Rica"},{"cityName":"Linda","countryName":"Costa Rica"},{"cityName":"Limoncito","countryName":"Costa Rica"},{"cityName":"Limonal","countryName":"Costa Rica"},{"cityName":"Limon","countryName":"Costa Rica"},{"cityName":"Limas","countryName":"Costa Rica"},{"cityName":"Libertad","countryName":"Costa Rica"},{"cityName":"Liberia","countryName":"Costa Rica"},{"cityName":"Libano","countryName":"Costa Rica"},{"cityName":"Letras","countryName":"Costa Rica"},{"cityName":"Lepanto","countryName":"Costa Rica"},{"cityName":"Legua Naranjo","countryName":"Costa Rica"},{"cityName":"Legua","countryName":"Costa Rica"},{"cityName":"La Virgen","countryName":"Costa Rica"},{"cityName":"La Villanea","countryName":"Costa Rica"},{"cityName":"La Verbena","countryName":"Costa Rica"},{"cityName":"La Vega","countryName":"Costa Rica"},{"cityName":"La Uruca","countryName":"Costa Rica"},{"cityName":"Laurel Galan","countryName":"Costa Rica"},{"cityName":"Laurel","countryName":"Costa Rica"},{"cityName":"La Union","countryName":"Costa Rica"},{"cityName":"La Suiza","countryName":"Costa Rica"},{"cityName":"Las Pilas","countryName":"Costa Rica"},{"cityName":"Las Mesas","countryName":"Costa Rica"},{"cityName":"Las Mercedes","countryName":"Costa Rica"},{"cityName":"Las Mantas","countryName":"Costa Rica"},{"cityName":"Las Juntas","countryName":"Costa Rica"},{"cityName":"Las Ciruelas","countryName":"Costa Rica"},{"cityName":"Las Canas","countryName":"Costa Rica"},{"cityName":"Las Camas","countryName":"Costa Rica"},{"cityName":"Las Animas","countryName":"Costa Rica"},{"cityName":"La Saca","countryName":"Costa Rica"},{"cityName":"La Ribera","countryName":"Costa Rica"},{"cityName":"Larga Distancia","countryName":"Costa Rica"},{"cityName":"La Puebla","countryName":"Costa Rica"},{"cityName":"La Plazoleta","countryName":"Costa Rica"},{"cityName":"La Pitahaya","countryName":"Costa Rica"},{"cityName":"Lapita","countryName":"Costa Rica"},{"cityName":"La Pastora","countryName":"Costa Rica"},{"cityName":"Lapas","countryName":"Costa Rica"},{"cityName":"La Palmita","countryName":"Costa Rica"},{"cityName":"La Palma","countryName":"Costa Rica"},{"cityName":"La Pacifica","countryName":"Costa Rica"},{"cityName":"Lamparas","countryName":"Costa Rica"},{"cityName":"La Mora","countryName":"Costa Rica"},{"cityName":"La Mona","countryName":"Costa Rica"},{"cityName":"La Masilla","countryName":"Costa Rica"},{"cityName":"La Marina","countryName":"Costa Rica"},{"cityName":"La Lucha","countryName":"Costa Rica"},{"cityName":"La Llorona","countryName":"Costa Rica"},{"cityName":"La Laja","countryName":"Costa Rica"},{"cityName":"Lajon","countryName":"Costa Rica"},{"cityName":"Lajas","countryName":"Costa Rica"},{"cityName":"Laja","countryName":"Costa Rica"},{"cityName":"La Isla","countryName":"Costa Rica"},{"cityName":"Lagunilla","countryName":"Costa Rica"},{"cityName":"Laguna","countryName":"Costa Rica"},{"cityName":"La Girona","countryName":"Costa Rica"},{"cityName":"La Giralda","countryName":"Costa Rica"},{"cityName":"Lagarto","countryName":"Costa Rica"},{"cityName":"La Garita","countryName":"Costa Rica"},{"cityName":"La Gallega","countryName":"Costa Rica"},{"cityName":"La Flor","countryName":"Costa Rica"},{"cityName":"La Ese","countryName":"Costa Rica"},{"cityName":"La Cuesta","countryName":"Costa Rica"},{"cityName":"La Cruz","countryName":"Costa Rica"},{"cityName":"La Chorrera","countryName":"Costa Rica"},{"cityName":"La Chiva","countryName":"Costa Rica"},{"cityName":"La Chimba","countryName":"Costa Rica"},{"cityName":"La California","countryName":"Costa Rica"},{"cityName":"La Calera","countryName":"Costa Rica"},{"cityName":"La Caja","countryName":"Costa Rica"},{"cityName":"La Cabana","countryName":"Costa Rica"},{"cityName":"Labrador","countryName":"Costa Rica"},{"cityName":"La Asuncion","countryName":"Costa Rica"},{"cityName":"La America","countryName":"Costa Rica"},{"cityName":"La Aldea","countryName":"Costa Rica"},{"cityName":"La Abuela","countryName":"Costa Rica"},{"cityName":"Koschny","countryName":"Costa Rica"},{"cityName":"Kody","countryName":"Costa Rica"},{"cityName":"Kilometro Veintinueve","countryName":"Costa Rica"},{"cityName":"Kilometro Teinta y Tres","countryName":"Costa Rica"},{"cityName":"Keith","countryName":"Costa Rica"},{"cityName":"Katsi","countryName":"Costa Rica"},{"cityName":"Juntas","countryName":"Costa Rica"},{"cityName":"Junta","countryName":"Costa Rica"},{"cityName":"Junquillo Arriba","countryName":"Costa Rica"},{"cityName":"Junquillo Abajo","countryName":"Costa Rica"},{"cityName":"Judas","countryName":"Costa Rica"},{"cityName":"Juan Vinas","countryName":"Costa Rica"},{"cityName":"Juanilama","countryName":"Costa Rica"},{"cityName":"Juan Diaz","countryName":"Costa Rica"},{"cityName":"Juan de Leon","countryName":"Costa Rica"},{"cityName":"Joya","countryName":"Costa Rica"},{"cityName":"Josefina","countryName":"Costa Rica"},{"cityName":"Jocote","countryName":"Costa Rica"},{"cityName":"Jobos","countryName":"Costa Rica"},{"cityName":"Jobo","countryName":"Costa Rica"},{"cityName":"Jobal","countryName":"Costa Rica"},{"cityName":"Jirona","countryName":"Costa Rica"},{"cityName":"Jimenez","countryName":"Costa Rica"},{"cityName":"Jilgueral","countryName":"Costa Rica"},{"cityName":"Jicotea","countryName":"Costa Rica"},{"cityName":"Jicarito","countryName":"Costa Rica"},{"cityName":"Jicaral","countryName":"Costa Rica"},{"cityName":"Jesus Maria","countryName":"Costa Rica"},{"cityName":"Jesus","countryName":"Costa Rica"},{"cityName":"Jerico","countryName":"Costa Rica"},{"cityName":"Jaular","countryName":"Costa Rica"},{"cityName":"Jateo","countryName":"Costa Rica"},{"cityName":"Jaris","countryName":"Costa Rica"},{"cityName":"Jardin","countryName":"Costa Rica"},{"cityName":"Jarasal","countryName":"Costa Rica"},{"cityName":"Jamaica Town","countryName":"Costa Rica"},{"cityName":"Jamaica","countryName":"Costa Rica"},{"cityName":"Jaloba","countryName":"Costa Rica"},{"cityName":"Jaco","countryName":"Costa Rica"},{"cityName":"Jaboncillo","countryName":"Costa Rica"},{"cityName":"Jaboncillal","countryName":"Costa Rica"},{"cityName":"Jabonal","countryName":"Costa Rica"},{"cityName":"Jabillos","countryName":"Costa Rica"},{"cityName":"Jabillo","countryName":"Costa Rica"},{"cityName":"Jabilla Arriba","countryName":"Costa Rica"},{"cityName":"Jabilla Abajo","countryName":"Costa Rica"},{"cityName":"Jabilla","countryName":"Costa Rica"},{"cityName":"Itiquis","countryName":"Costa Rica"},{"cityName":"Italcancori","countryName":"Costa Rica"},{"cityName":"Islita","countryName":"Costa Rica"},{"cityName":"Isla de Tibas","countryName":"Costa Rica"},{"cityName":"Isabel","countryName":"Costa Rica"},{"cityName":"Iroquois","countryName":"Costa Rica"},{"cityName":"Ipis","countryName":"Costa Rica"},{"cityName":"Inocentes","countryName":"Costa Rica"},{"cityName":"Infiernillo","countryName":"Costa Rica"},{"cityName":"Indiana Tres","countryName":"Costa Rica"},{"cityName":"Indiana Dos","countryName":"Costa Rica"},{"cityName":"Ilusion","countryName":"Costa Rica"},{"cityName":"Iguanita","countryName":"Costa Rica"},{"cityName":"Humo","countryName":"Costa Rica"},{"cityName":"Huecos","countryName":"Costa Rica"},{"cityName":"Huacas","countryName":"Costa Rica"},{"cityName":"Huacalito","countryName":"Costa Rica"},{"cityName":"Huacalillo","countryName":"Costa Rica"},{"cityName":"Huacal","countryName":"Costa Rica"},{"cityName":"Hotel","countryName":"Costa Rica"},{"cityName":"Horcones","countryName":"Costa Rica"},{"cityName":"Hone Creek","countryName":"Costa Rica"},{"cityName":"Honduras","countryName":"Costa Rica"},{"cityName":"Hojancha","countryName":"Costa Rica"},{"cityName":"Higuito","countryName":"Costa Rica"},{"cityName":"Higueronal","countryName":"Costa Rica"},{"cityName":"Higueron","countryName":"Costa Rica"},{"cityName":"Higuerillo","countryName":"Costa Rica"},{"cityName":"Hervidero","countryName":"Costa Rica"},{"cityName":"Herradura","countryName":"Costa Rica"},{"cityName":"Hernandez","countryName":"Costa Rica"},{"cityName":"Hermosa","countryName":"Costa Rica"},{"cityName":"Herediana","countryName":"Costa Rica"},{"cityName":"Heredia","countryName":"Costa Rica"},{"cityName":"Hatillo","countryName":"Costa Rica"},{"cityName":"Hacienda Vieja","countryName":"Costa Rica"},{"cityName":"Hacienda Tres Amigos","countryName":"Costa Rica"},{"cityName":"Hacienda Trancas","countryName":"Costa Rica"},{"cityName":"Hacienda Santa Maria","countryName":"Costa Rica"},{"cityName":"Hacienda Santa Elena","countryName":"Costa Rica"},{"cityName":"Hacienda San Roque","countryName":"Costa Rica"},{"cityName":"Hacienda Queveri","countryName":"Costa Rica"},{"cityName":"Hacienda Quesada","countryName":"Costa Rica"},{"cityName":"Hacienda Puerto Alto","countryName":"Costa Rica"},{"cityName":"Hacienda Porvenir","countryName":"Costa Rica"},{"cityName":"Hacienda Pelon de la Bajura","countryName":"Costa Rica"},{"cityName":"Hacienda Palestina","countryName":"Costa Rica"},{"cityName":"Hacienda Orosi","countryName":"Costa Rica"},{"cityName":"Hacienda Naranjo","countryName":"Costa Rica"},{"cityName":"Hacienda Murcielago","countryName":"Costa Rica"},{"cityName":"Hacienda Monteverde","countryName":"Costa Rica"},{"cityName":"Hacienda Miravalles","countryName":"Costa Rica"},{"cityName":"Hacienda La Ester","countryName":"Costa Rica"},{"cityName":"Hacienda La Cueva","countryName":"Costa Rica"},{"cityName":"Hacienda La Albertina","countryName":"Costa Rica"},{"cityName":"Hacienda Guapote","countryName":"Costa Rica"},{"cityName":"Hacienda Flor","countryName":"Costa Rica"},{"cityName":"Hacienda El Salto","countryName":"Costa Rica"},{"cityName":"Hacienda El Porvenir","countryName":"Costa Rica"},{"cityName":"Hacienda El Jobo","countryName":"Costa Rica"},{"cityName":"Hacienda Delicias","countryName":"Costa Rica"},{"cityName":"Hacienda Coronado","countryName":"Costa Rica"},{"cityName":"Hacienda Chapernal","countryName":"Costa Rica"},{"cityName":"Hacienda Alaska","countryName":"Costa Rica"},{"cityName":"Hacha","countryName":"Costa Rica"},{"cityName":"Guerra","countryName":"Costa Rica"},{"cityName":"Guayacan","countryName":"Costa Rica"},{"cityName":"Guayabos","countryName":"Costa Rica"},{"cityName":"Guayabo","countryName":"Costa Rica"},{"cityName":"Guayabal","countryName":"Costa Rica"},{"cityName":"Guatuso","countryName":"Costa Rica"},{"cityName":"Guatusito","countryName":"Costa Rica"},{"cityName":"Guatemala","countryName":"Costa Rica"},{"cityName":"Guastomatal","countryName":"Costa Rica"},{"cityName":"Guarumal","countryName":"Costa Rica"},{"cityName":"Guarra","countryName":"Costa Rica"},{"cityName":"Guaria","countryName":"Costa Rica"},{"cityName":"Guardia","countryName":"Costa Rica"},{"cityName":"Guapinol","countryName":"Costa Rica"},{"cityName":"Guapiles","countryName":"Costa Rica"},{"cityName":"Guaitil","countryName":"Costa Rica"},{"cityName":"Guadarrama","countryName":"Costa Rica"},{"cityName":"Guadalupe","countryName":"Costa Rica"},{"cityName":"Guacimo","countryName":"Costa Rica"},{"cityName":"Guacimal","countryName":"Costa Rica"},{"cityName":"Guacima","countryName":"Costa Rica"},{"cityName":"Guachipelin","countryName":"Costa Rica"},{"cityName":"Guacalito","countryName":"Costa Rica"},{"cityName":"Guabo","countryName":"Costa Rica"},{"cityName":"Guabata","countryName":"Costa Rica"},{"cityName":"Grifo Bajo","countryName":"Costa Rica"},{"cityName":"Grifo Alto","countryName":"Costa Rica"},{"cityName":"Griega","countryName":"Costa Rica"},{"cityName":"Grecia","countryName":"Costa Rica"},{"cityName":"Granja","countryName":"Costa Rica"},{"cityName":"Granadilla","countryName":"Costa Rica"},{"cityName":"Goschen","countryName":"Costa Rica"},{"cityName":"Gongolona","countryName":"Costa Rica"},{"cityName":"Golfito","countryName":"Costa Rica"},{"cityName":"Golden Grove","countryName":"Costa Rica"},{"cityName":"Gloria","countryName":"Costa Rica"},{"cityName":"Gigantes","countryName":"Costa Rica"},{"cityName":"Giganta","countryName":"Costa Rica"},{"cityName":"Gibre","countryName":"Costa Rica"},{"cityName":"Getsemani","countryName":"Costa Rica"},{"cityName":"Germania","countryName":"Costa Rica"},{"cityName":"General Viejo","countryName":"Costa Rica"},{"cityName":"Gato","countryName":"Costa Rica"},{"cityName":"Garza","countryName":"Costa Rica"},{"cityName":"Garita","countryName":"Costa Rica"},{"cityName":"Garcia Flamenco","countryName":"Costa Rica"},{"cityName":"Garabito","countryName":"Costa Rica"},{"cityName":"Gandoca","countryName":"Costa Rica"},{"cityName":"Gamalotillo","countryName":"Costa Rica"},{"cityName":"Gamalotal","countryName":"Costa Rica"},{"cityName":"Galilea","countryName":"Costa Rica"},{"cityName":"Fuentes","countryName":"Costa Rica"},{"cityName":"Fresca","countryName":"Costa Rica"},{"cityName":"Francia","countryName":"Costa Rica"},{"cityName":"Frailes","countryName":"Costa Rica"},{"cityName":"Fraijanes","countryName":"Costa Rica"},{"cityName":"Fourth Cliff","countryName":"Costa Rica"},{"cityName":"Fortuna","countryName":"Costa Rica"},{"cityName":"Florida","countryName":"Costa Rica"},{"cityName":"Florencia","countryName":"Costa Rica"},{"cityName":"Florecilla","countryName":"Costa Rica"},{"cityName":"Flor","countryName":"Costa Rica"},{"cityName":"Finca Cote","countryName":"Costa Rica"},{"cityName":"Fila Negra","countryName":"Costa Rica"},{"cityName":"Filadelfia","countryName":"Costa Rica"},{"cityName":"Fila Aguacate","countryName":"Costa Rica"},{"cityName":"Fila","countryName":"Costa Rica"},{"cityName":"Favorita","countryName":"Costa Rica"},{"cityName":"Fatima","countryName":"Costa Rica"},{"cityName":"Estrella","countryName":"Costa Rica"},{"cityName":"Estrada","countryName":"Costa Rica"},{"cityName":"Estero","countryName":"Costa Rica"},{"cityName":"Esterillos Este","countryName":"Costa Rica"},{"cityName":"Esterillos","countryName":"Costa Rica"},{"cityName":"Esquipulas","countryName":"Costa Rica"},{"cityName":"Esquinas","countryName":"Costa Rica"},{"cityName":"Esperanzas","countryName":"Costa Rica"},{"cityName":"Esperanza","countryName":"Costa Rica"},{"cityName":"Espavel","countryName":"Costa Rica"},{"cityName":"Esparza","countryName":"Costa Rica"},{"cityName":"Esmeralda","countryName":"Costa Rica"},{"cityName":"Escuadra","countryName":"Costa Rica"},{"cityName":"Escocia","countryName":"Costa Rica"},{"cityName":"Escobal","countryName":"Costa Rica"},{"cityName":"Escazu","countryName":"Costa Rica"},{"cityName":"Encanto","countryName":"Costa Rica"},{"cityName":"Empalme","countryName":"Costa Rica"},{"cityName":"El Zapotal","countryName":"Costa Rica"},{"cityName":"El Viejo","countryName":"Costa Rica"},{"cityName":"El Tigre","countryName":"Costa Rica"},{"cityName":"El Tieso","countryName":"Costa Rica"},{"cityName":"El Sur","countryName":"Costa Rica"},{"cityName":"El Sol","countryName":"Costa Rica"},{"cityName":"El Salvador","countryName":"Costa Rica"},{"cityName":"El Roble","countryName":"Costa Rica"},{"cityName":"El Reventado","countryName":"Costa Rica"},{"cityName":"El Real","countryName":"Costa Rica"},{"cityName":"El Prado","countryName":"Costa Rica"},{"cityName":"El Porvenir","countryName":"Costa Rica"},{"cityName":"El Pato","countryName":"Costa Rica"},{"cityName":"El Pajaro","countryName":"Costa Rica"},{"cityName":"El Obispo","countryName":"Costa Rica"},{"cityName":"El Muerto","countryName":"Costa Rica"},{"cityName":"El Molino","countryName":"Costa Rica"},{"cityName":"El Millal","countryName":"Costa Rica"},{"cityName":"El Llano","countryName":"Costa Rica"},{"cityName":"El Jocote","countryName":"Costa Rica"},{"cityName":"El Jobo","countryName":"Costa Rica"},{"cityName":"El Hogar","countryName":"Costa Rica"},{"cityName":"El Guayabo","countryName":"Costa Rica"},{"cityName":"El Gallo","countryName":"Costa Rica"},{"cityName":"El Empalme","countryName":"Costa Rica"},{"cityName":"Electriona","countryName":"Costa Rica"},{"cityName":"El Duan","countryName":"Costa Rica"},{"cityName":"El Dos","countryName":"Costa Rica"},{"cityName":"El Cortes","countryName":"Costa Rica"},{"cityName":"El Cordel","countryName":"Costa Rica"},{"cityName":"El Coco","countryName":"Costa Rica"},{"cityName":"El Cipres","countryName":"Costa Rica"},{"cityName":"El Chaguite","countryName":"Costa Rica"},{"cityName":"El Cedral","countryName":"Costa Rica"},{"cityName":"El Carmen","countryName":"Costa Rica"},{"cityName":"El Carbonal","countryName":"Costa Rica"},{"cityName":"El Canal","countryName":"Costa Rica"},{"cityName":"El Cacao","countryName":"Costa Rica"},{"cityName":"El Amo","countryName":"Costa Rica"},{"cityName":"El Alto","countryName":"Costa Rica"},{"cityName":"Eden","countryName":"Costa Rica"},{"cityName":"Echeverria","countryName":"Costa Rica"},{"cityName":"Durazno","countryName":"Costa Rica"},{"cityName":"Duran","countryName":"Costa Rica"},{"cityName":"Dulce Nombre","countryName":"Costa Rica"},{"cityName":"Duendes","countryName":"Costa Rica"},{"cityName":"Dubondi","countryName":"Costa Rica"},{"cityName":"Drake","countryName":"Costa Rica"},{"cityName":"Dos Quebradas","countryName":"Costa Rica"},{"cityName":"Dos Brazos","countryName":"Costa Rica"},{"cityName":"Dos Bocas","countryName":"Costa Rica"},{"cityName":"Dorotea","countryName":"Costa Rica"},{"cityName":"Don Matias","countryName":"Costa Rica"},{"cityName":"Don Jaime","countryName":"Costa Rica"},{"cityName":"Dominical","countryName":"Costa Rica"},{"cityName":"Dominica","countryName":"Costa Rica"},{"cityName":"Domingas","countryName":"Costa Rica"},{"cityName":"Doboncragua","countryName":"Costa Rica"},{"cityName":"Division","countryName":"Costa Rica"},{"cityName":"Diria","countryName":"Costa Rica"},{"cityName":"Dikoguicha","countryName":"Costa Rica"},{"cityName":"Destierro","countryName":"Costa Rica"},{"cityName":"Desmonte","countryName":"Costa Rica"},{"cityName":"Descanso","countryName":"Costa Rica"},{"cityName":"Desamparados","countryName":"Costa Rica"},{"cityName":"Desamparaditos","countryName":"Costa Rica"},{"cityName":"Delicias","countryName":"Costa Rica"},{"cityName":"Delicia","countryName":"Costa Rica"},{"cityName":"Daytonia","countryName":"Costa Rica"},{"cityName":"Dantas","countryName":"Costa Rica"},{"cityName":"Danta","countryName":"Costa Rica"},{"cityName":"Daniel Flores","countryName":"Costa Rica"},{"cityName":"Damita","countryName":"Costa Rica"},{"cityName":"Damas","countryName":"Costa Rica"},{"cityName":"Curubande","countryName":"Costa Rica"},{"cityName":"Curu","countryName":"Costa Rica"},{"cityName":"Curridabat","countryName":"Costa Rica"},{"cityName":"Curre","countryName":"Costa Rica"},{"cityName":"Curiol","countryName":"Costa Rica"},{"cityName":"Curime","countryName":"Costa Rica"},{"cityName":"Curazao","countryName":"Costa Rica"},{"cityName":"Cultivez","countryName":"Costa Rica"},{"cityName":"Culebra","countryName":"Costa Rica"},{"cityName":"Cuipilapa","countryName":"Costa Rica"},{"cityName":"Cuesta Grande","countryName":"Costa Rica"},{"cityName":"Cuesta Colorada","countryName":"Costa Rica"},{"cityName":"Cuchillo","countryName":"Costa Rica"},{"cityName":"Cucaracha","countryName":"Costa Rica"},{"cityName":"Cuatro Millas","countryName":"Costa Rica"},{"cityName":"Cuatro Esquinas","countryName":"Costa Rica"},{"cityName":"Cuatro Bocas","countryName":"Costa Rica"},{"cityName":"Cuajiniquil","countryName":"Costa Rica"},{"cityName":"Crucero","countryName":"Costa Rica"},{"cityName":"Cristo","countryName":"Costa Rica"},{"cityName":"Coyolito","countryName":"Costa Rica"},{"cityName":"Coyolar","countryName":"Costa Rica"},{"cityName":"Coyol","countryName":"Costa Rica"},{"cityName":"Cotos","countryName":"Costa Rica"},{"cityName":"Coto Independiente","countryName":"Costa Rica"},{"cityName":"Coto Brus","countryName":"Costa Rica"},{"cityName":"Cot","countryName":"Costa Rica"},{"cityName":"Corrogres","countryName":"Costa Rica"},{"cityName":"Corredor","countryName":"Costa Rica"},{"cityName":"Corralillo","countryName":"Costa Rica"},{"cityName":"Corrales","countryName":"Costa Rica"},{"cityName":"Corralar","countryName":"Costa Rica"},{"cityName":"Corozalito","countryName":"Costa Rica"},{"cityName":"Corozal","countryName":"Costa Rica"},{"cityName":"Coronado","countryName":"Costa Rica"},{"cityName":"Coroma","countryName":"Costa Rica"},{"cityName":"Corobici","countryName":"Costa Rica"},{"cityName":"Coris","countryName":"Costa Rica"},{"cityName":"Corina","countryName":"Costa Rica"},{"cityName":"Cordoncillo","countryName":"Costa Rica"},{"cityName":"Corazon de Jesus","countryName":"Costa Rica"},{"cityName":"Copey","countryName":"Costa Rica"},{"cityName":"Copalchi","countryName":"Costa Rica"},{"cityName":"Copal","countryName":"Costa Rica"},{"cityName":"Cooper","countryName":"Costa Rica"},{"cityName":"Convento","countryName":"Costa Rica"},{"cityName":"Conventillos","countryName":"Costa Rica"},{"cityName":"Conte","countryName":"Costa Rica"},{"cityName":"Constancia","countryName":"Costa Rica"},{"cityName":"Congo","countryName":"Costa Rica"},{"cityName":"Concordia","countryName":"Costa Rica"},{"cityName":"Concepcion","countryName":"Costa Rica"},{"cityName":"Comunidad","countryName":"Costa Rica"},{"cityName":"Comun","countryName":"Costa Rica"},{"cityName":"Comadre","countryName":"Costa Rica"},{"cityName":"Colorado","countryName":"Costa Rica"},{"cityName":"Colonia Salvador","countryName":"Costa Rica"},{"cityName":"Colonia Rodrigo Facio","countryName":"Costa Rica"},{"cityName":"Colonia Palmarena","countryName":"Costa Rica"},{"cityName":"Colonia Dos Rios","countryName":"Costa Rica"},{"cityName":"Colonia Carvajal","countryName":"Costa Rica"},{"cityName":"Colonia","countryName":"Costa Rica"},{"cityName":"Colon","countryName":"Costa Rica"},{"cityName":"Colombiana","countryName":"Costa Rica"},{"cityName":"Colima","countryName":"Costa Rica"},{"cityName":"Coliblanco","countryName":"Costa Rica"},{"cityName":"Coeza","countryName":"Costa Rica"},{"cityName":"Cocoles","countryName":"Costa Rica"},{"cityName":"Coco","countryName":"Costa Rica"},{"cityName":"Cocles","countryName":"Costa Rica"},{"cityName":"Cocal","countryName":"Costa Rica"},{"cityName":"Cobano","countryName":"Costa Rica"},{"cityName":"Clavera","countryName":"Costa Rica"},{"cityName":"Claret","countryName":"Costa Rica"},{"cityName":"Ciudad Cortes","countryName":"Costa Rica"},{"cityName":"Ciruelas","countryName":"Costa Rica"},{"cityName":"Cirri","countryName":"Costa Rica"},{"cityName":"Cipreses","countryName":"Costa Rica"},{"cityName":"Cinco Esquinas","countryName":"Costa Rica"},{"cityName":"Cinchona","countryName":"Costa Rica"},{"cityName":"Cimarrones","countryName":"Costa Rica"},{"cityName":"Cima","countryName":"Costa Rica"},{"cityName":"Cieneguita","countryName":"Costa Rica"},{"cityName":"Chumburan","countryName":"Costa Rica"},{"cityName":"Chorro","countryName":"Costa Rica"},{"cityName":"Chontales","countryName":"Costa Rica"},{"cityName":"Chonta","countryName":"Costa Rica"},{"cityName":"Chomes","countryName":"Costa Rica"},{"cityName":"Chiz","countryName":"Costa Rica"},{"cityName":"Chiverral","countryName":"Costa Rica"},{"cityName":"Chitaria","countryName":"Costa Rica"},{"cityName":"Chirripo","countryName":"Costa Rica"},{"cityName":"Chirracal","countryName":"Costa Rica"},{"cityName":"Chira","countryName":"Costa Rica"},{"cityName":"Chinampas","countryName":"Costa Rica"},{"cityName":"China Kicha","countryName":"Costa Rica"},{"cityName":"Chimurinak","countryName":"Costa Rica"},{"cityName":"Chimirol","countryName":"Costa Rica"},{"cityName":"Chiles","countryName":"Costa Rica"},{"cityName":"Chile","countryName":"Costa Rica"},{"cityName":"Chilamate","countryName":"Costa Rica"},{"cityName":"Chayote","countryName":"Costa Rica"},{"cityName":"Chase","countryName":"Costa Rica"},{"cityName":"Charcos","countryName":"Costa Rica"},{"cityName":"Charcon","countryName":"Costa Rica"},{"cityName":"Chaparron","countryName":"Costa Rica"},{"cityName":"Chaparral","countryName":"Costa Rica"},{"cityName":"Changuena","countryName":"Costa Rica"},{"cityName":"Chambacu","countryName":"Costa Rica"},{"cityName":"Chaguite","countryName":"Costa Rica"},{"cityName":"Chachagua","countryName":"Costa Rica"},{"cityName":"Chacarita","countryName":"Costa Rica"},{"cityName":"Chacara","countryName":"Costa Rica"},{"cityName":"Cervantes","countryName":"Costa Rica"},{"cityName":"Cerro Frio","countryName":"Costa Rica"},{"cityName":"Cerro Azul","countryName":"Costa Rica"},{"cityName":"Cerrillos","countryName":"Costa Rica"},{"cityName":"Cerrillal","countryName":"Costa Rica"},{"cityName":"Cerbatana","countryName":"Costa Rica"},{"cityName":"Ceniza","countryName":"Costa Rica"},{"cityName":"Celia","countryName":"Costa Rica"},{"cityName":"Ceibo","countryName":"Costa Rica"},{"cityName":"Ceiba Este","countryName":"Costa Rica"},{"cityName":"Ceiba Baja","countryName":"Costa Rica"},{"cityName":"Ceiba","countryName":"Costa Rica"},{"cityName":"Cedro","countryName":"Costa Rica"},{"cityName":"Cedral","countryName":"Costa Rica"},{"cityName":"Cedar Creek","countryName":"Costa Rica"},{"cityName":"Cebadilla","countryName":"Costa Rica"},{"cityName":"Catorce Millas","countryName":"Costa Rica"},{"cityName":"Catarina","countryName":"Costa Rica"},{"cityName":"Catarata","countryName":"Costa Rica"},{"cityName":"Cataluna","countryName":"Costa Rica"},{"cityName":"Catalina","countryName":"Costa Rica"},{"cityName":"Castro","countryName":"Costa Rica"},{"cityName":"Castilla de Oro","countryName":"Costa Rica"},{"cityName":"Castilla","countryName":"Costa Rica"},{"cityName":"Caspirola","countryName":"Costa Rica"},{"cityName":"Casitas","countryName":"Costa Rica"},{"cityName":"Cascante","countryName":"Costa Rica"},{"cityName":"Cascajal","countryName":"Costa Rica"},{"cityName":"Casa Vieja","countryName":"Costa Rica"},{"cityName":"Casa Quemada","countryName":"Costa Rica"},{"cityName":"Casa Mata","countryName":"Costa Rica"},{"cityName":"Cartagos","countryName":"Costa Rica"},{"cityName":"Cartago","countryName":"Costa Rica"},{"cityName":"Cartagena","countryName":"Costa Rica"},{"cityName":"Carrizales","countryName":"Costa Rica"},{"cityName":"Carrizal","countryName":"Costa Rica"},{"cityName":"Carrillos","countryName":"Costa Rica"},{"cityName":"Carrillo","countryName":"Costa Rica"},{"cityName":"Carrera Buena","countryName":"Costa Rica"},{"cityName":"Carpintero","countryName":"Costa Rica"},{"cityName":"Carmona","countryName":"Costa Rica"},{"cityName":"Carmen","countryName":"Costa Rica"},{"cityName":"Carit","countryName":"Costa Rica"},{"cityName":"Cariblanco","countryName":"Costa Rica"},{"cityName":"Carate","countryName":"Costa Rica"},{"cityName":"Carara","countryName":"Costa Rica"},{"cityName":"Carana","countryName":"Costa Rica"},{"cityName":"Caragral","countryName":"Costa Rica"},{"cityName":"Caracol","countryName":"Costa Rica"},{"cityName":"Capulin","countryName":"Costa Rica"},{"cityName":"Capital","countryName":"Costa Rica"},{"cityName":"Capira","countryName":"Costa Rica"},{"cityName":"Capellades","countryName":"Costa Rica"},{"cityName":"Canuela","countryName":"Costa Rica"},{"cityName":"Cantil","countryName":"Costa Rica"},{"cityName":"Cano Seco","countryName":"Costa Rica"},{"cityName":"Cano Negro","countryName":"Costa Rica"},{"cityName":"Canon","countryName":"Costa Rica"},{"cityName":"Cano Ciego","countryName":"Costa Rica"},{"cityName":"Canoas","countryName":"Costa Rica"},{"cityName":"Canjel","countryName":"Costa Rica"},{"cityName":"Canitas","countryName":"Costa Rica"},{"cityName":"Cangrejal","countryName":"Costa Rica"},{"cityName":"Cangreja","countryName":"Costa Rica"},{"cityName":"Canet","countryName":"Costa Rica"},{"cityName":"Candelillo","countryName":"Costa Rica"},{"cityName":"Candelarita","countryName":"Costa Rica"},{"cityName":"Candelaria","countryName":"Costa Rica"},{"cityName":"Canas Gordas","countryName":"Costa Rica"},{"cityName":"Canas Dulces","countryName":"Costa Rica"},{"cityName":"Canas","countryName":"Costa Rica"},{"cityName":"Canamazo","countryName":"Costa Rica"},{"cityName":"Canalete","countryName":"Costa Rica"},{"cityName":"Canales","countryName":"Costa Rica"},{"cityName":"Canafistula","countryName":"Costa Rica"},{"cityName":"Canada","countryName":"Costa Rica"},{"cityName":"Cana Blanca","countryName":"Costa Rica"},{"cityName":"Canaan","countryName":"Costa Rica"},{"cityName":"Campo Viejo","countryName":"Costa Rica"},{"cityName":"Campinas","countryName":"Costa Rica"},{"cityName":"Campero","countryName":"Costa Rica"},{"cityName":"Camibar","countryName":"Costa Rica"},{"cityName":"Cambalache","countryName":"Costa Rica"},{"cityName":"Camarones","countryName":"Costa Rica"},{"cityName":"Camaronal","countryName":"Costa Rica"},{"cityName":"Calle Moras","countryName":"Costa Rica"},{"cityName":"Calle Blancos","countryName":"Costa Rica"},{"cityName":"Callao","countryName":"Costa Rica"},{"cityName":"Caldera","countryName":"Costa Rica"},{"cityName":"Cajon","countryName":"Costa Rica"},{"cityName":"Cairo","countryName":"Costa Rica"},{"cityName":"Caimito","countryName":"Costa Rica"},{"cityName":"Caimital","countryName":"Costa Rica"},{"cityName":"Cahuita","countryName":"Costa Rica"},{"cityName":"Cacique","countryName":"Costa Rica"},{"cityName":"Cachito","countryName":"Costa Rica"},{"cityName":"Cachi","countryName":"Costa Rica"},{"cityName":"Cacao","countryName":"Costa Rica"},{"cityName":"Cabuyal","countryName":"Costa Rica"},{"cityName":"Cabuya","countryName":"Costa Rica"},{"cityName":"Cabro","countryName":"Costa Rica"},{"cityName":"Cabo Blanco","countryName":"Costa Rica"},{"cityName":"Cabeza de Leon","countryName":"Costa Rica"},{"cityName":"Cabecera Rio Ora","countryName":"Costa Rica"},{"cityName":"Cabecera de Lajas","countryName":"Costa Rica"},{"cityName":"Cabecera de Canas","countryName":"Costa Rica"},{"cityName":"Cabanga","countryName":"Costa Rica"},{"cityName":"Caballo Blanco","countryName":"Costa Rica"},{"cityName":"Caballito","countryName":"Costa Rica"},{"cityName":"Cabagra","countryName":"Costa Rica"},{"cityName":"Bustamante","countryName":"Costa Rica"},{"cityName":"Burio","countryName":"Costa Rica"},{"cityName":"Bureal","countryName":"Costa Rica"},{"cityName":"Buffalo","countryName":"Costa Rica"},{"cityName":"Buenos Aires","countryName":"Costa Rica"},{"cityName":"Buena Vista","countryName":"Costa Rica"},{"cityName":"Brujo","countryName":"Costa Rica"},{"cityName":"Bristol","countryName":"Costa Rica"},{"cityName":"Brisas","countryName":"Costa Rica"},{"cityName":"Bribri","countryName":"Costa Rica"},{"cityName":"Brenon","countryName":"Costa Rica"},{"cityName":"Bratsi","countryName":"Costa Rica"},{"cityName":"Brasilito","countryName":"Costa Rica"},{"cityName":"Brasil","countryName":"Costa Rica"},{"cityName":"Botija","countryName":"Costa Rica"},{"cityName":"Boston","countryName":"Costa Rica"},{"cityName":"Boruca","countryName":"Costa Rica"},{"cityName":"Boquete","countryName":"Costa Rica"},{"cityName":"Boqueron","countryName":"Costa Rica"},{"cityName":"Bonilla Abajo","countryName":"Costa Rica"},{"cityName":"Bonilla","countryName":"Costa Rica"},{"cityName":"Bonifacio","countryName":"Costa Rica"},{"cityName":"Bomba","countryName":"Costa Rica"},{"cityName":"Bolson","countryName":"Costa Rica"},{"cityName":"Bolivia","countryName":"Costa Rica"},{"cityName":"Bolivar","countryName":"Costa Rica"},{"cityName":"Bolas","countryName":"Costa Rica"},{"cityName":"Bocana","countryName":"Costa Rica"},{"cityName":"Boca de los Chiles","countryName":"Costa Rica"},{"cityName":"Boca Chocuaco","countryName":"Costa Rica"},{"cityName":"Boca Barranca","countryName":"Costa Rica"},{"cityName":"Boca Arenal","countryName":"Costa Rica"},{"cityName":"Blanco","countryName":"Costa Rica"},{"cityName":"Birrisito","countryName":"Costa Rica"},{"cityName":"Birris","countryName":"Costa Rica"},{"cityName":"Birri","countryName":"Costa Rica"},{"cityName":"Bijagualito","countryName":"Costa Rica"},{"cityName":"Bijagual","countryName":"Costa Rica"},{"cityName":"Bijagua","countryName":"Costa Rica"},{"cityName":"Punta Bichiri Turrialba","countryName":"Costa Rica"},{"cityName":"Beverly","countryName":"Costa Rica"},{"cityName":"Berrugate","countryName":"Costa Rica"},{"cityName":"Bernabela","countryName":"Costa Rica"},{"cityName":"Bermejo","countryName":"Costa Rica"},{"cityName":"Berlin","countryName":"Costa Rica"},{"cityName":"Bellavista","countryName":"Costa Rica"},{"cityName":"Bella Vista","countryName":"Costa Rica"},{"cityName":"Belen","countryName":"Costa Rica"},{"cityName":"Bejuco","countryName":"Costa Rica"},{"cityName":"Bebliyak","countryName":"Costa Rica"},{"cityName":"Bebedero","countryName":"Costa Rica"},{"cityName":"Batan","countryName":"Costa Rica"},{"cityName":"Barva","countryName":"Costa Rica"},{"cityName":"Baru","countryName":"Costa Rica"},{"cityName":"Barro Morado","countryName":"Costa Rica"},{"cityName":"Barroeta","countryName":"Costa Rica"},{"cityName":"Barrio Mendez","countryName":"Costa Rica"},{"cityName":"Barrio La Equitativa","countryName":"Costa Rica"},{"cityName":"Barrio Jesus","countryName":"Costa Rica"},{"cityName":"Barrio Hispano","countryName":"Costa Rica"},{"cityName":"Barrio Escalante","countryName":"Costa Rica"},{"cityName":"Barrigones","countryName":"Costa Rica"},{"cityName":"Barrial","countryName":"Costa Rica"},{"cityName":"Barrantes","countryName":"Costa Rica"},{"cityName":"Barranquilla","countryName":"Costa Rica"},{"cityName":"Barrancas","countryName":"Costa Rica"},{"cityName":"Barranca","countryName":"Costa Rica"},{"cityName":"Barra Honda","countryName":"Costa Rica"},{"cityName":"Baron","countryName":"Costa Rica"},{"cityName":"Barmouth Oeste","countryName":"Costa Rica"},{"cityName":"Barmouth Este","countryName":"Costa Rica"},{"cityName":"Barco Quebrado","countryName":"Costa Rica"},{"cityName":"Barbudal","countryName":"Costa Rica"},{"cityName":"Barbacoas","countryName":"Costa Rica"},{"cityName":"Banderilla","countryName":"Costa Rica"},{"cityName":"Banca Lucia","countryName":"Costa Rica"},{"cityName":"Bananito Sur","countryName":"Costa Rica"},{"cityName":"Balsilla","countryName":"Costa Rica"},{"cityName":"Balsa","countryName":"Costa Rica"},{"cityName":"Ballena","countryName":"Costa Rica"},{"cityName":"Bajo Tigre","countryName":"Costa Rica"},{"cityName":"Bajos Tigre","countryName":"Costa Rica"},{"cityName":"Bajos Jamaical","countryName":"Costa Rica"},{"cityName":"Bajos Bijagual","countryName":"Costa Rica"},{"cityName":"Bajo Palma","countryName":"Costa Rica"},{"cityName":"Bajo Paires","countryName":"Costa Rica"},{"cityName":"Bajo Negro","countryName":"Costa Rica"},{"cityName":"Bajo Moras","countryName":"Costa Rica"},{"cityName":"Bajo La Legua","countryName":"Costa Rica"},{"cityName":"Bajo Guevara","countryName":"Costa Rica"},{"cityName":"Bajo del Tulin","countryName":"Costa Rica"},{"cityName":"Bajo del Torres","countryName":"Costa Rica"},{"cityName":"Bajo del Espino","countryName":"Costa Rica"},{"cityName":"Bajo de las Labores","countryName":"Costa Rica"},{"cityName":"Bajo Congo","countryName":"Costa Rica"},{"cityName":"Bajo Claras","countryName":"Costa Rica"},{"cityName":"Bajo Chanchos","countryName":"Costa Rica"},{"cityName":"Bajo Castillo","countryName":"Costa Rica"},{"cityName":"Bajo Cardenas","countryName":"Costa Rica"},{"cityName":"Bajo Caliente","countryName":"Costa Rica"},{"cityName":"Bajo Bonita","countryName":"Costa Rica"},{"cityName":"Bajo Badilla","countryName":"Costa Rica"},{"cityName":"Bajamar","countryName":"Costa Rica"},{"cityName":"Bagaces","countryName":"Costa Rica"},{"cityName":"Azul","countryName":"Costa Rica"},{"cityName":"Ayala","countryName":"Costa Rica"},{"cityName":"Avance","countryName":"Costa Rica"},{"cityName":"Atirro","countryName":"Costa Rica"},{"cityName":"Atenas","countryName":"Costa Rica"},{"cityName":"Atalanta","countryName":"Costa Rica"},{"cityName":"Asuncion","countryName":"Costa Rica"},{"cityName":"Asientillo","countryName":"Costa Rica"},{"cityName":"Aserri","countryName":"Costa Rica"},{"cityName":"Artola","countryName":"Costa Rica"},{"cityName":"Artieda","countryName":"Costa Rica"},{"cityName":"Arrepentidos","countryName":"Costa Rica"},{"cityName":"Arizona","countryName":"Costa Rica"},{"cityName":"Ario","countryName":"Costa Rica"},{"cityName":"Argentina","countryName":"Costa Rica"},{"cityName":"Argelia","countryName":"Costa Rica"},{"cityName":"Arenilla","countryName":"Costa Rica"},{"cityName":"Arenal","countryName":"Costa Rica"},{"cityName":"Arena","countryName":"Costa Rica"},{"cityName":"Arcangeles","countryName":"Costa Rica"},{"cityName":"Arbolito","countryName":"Costa Rica"},{"cityName":"Aranjuez","countryName":"Costa Rica"},{"cityName":"Aranjuecito","countryName":"Costa Rica"},{"cityName":"Arancibia","countryName":"Costa Rica"},{"cityName":"Aragon","countryName":"Costa Rica"},{"cityName":"Arado","countryName":"Costa Rica"},{"cityName":"Aquiares","countryName":"Costa Rica"},{"cityName":"Animas","countryName":"Costa Rica"},{"cityName":"Angostura","countryName":"Costa Rica"},{"cityName":"Angeles","countryName":"Costa Rica"},{"cityName":"Angel","countryName":"Costa Rica"},{"cityName":"Anateri","countryName":"Costa Rica"},{"cityName":"Amubri","countryName":"Costa Rica"},{"cityName":"Amparo","countryName":"Costa Rica"},{"cityName":"Alto Villegas","countryName":"Costa Rica"},{"cityName":"Altos Pascua","countryName":"Costa Rica"},{"cityName":"Alto Socorro","countryName":"Costa Rica"},{"cityName":"Altos Herediana","countryName":"Costa Rica"},{"cityName":"Altos Aguacate","countryName":"Costa Rica"},{"cityName":"Alto Poro","countryName":"Costa Rica"},{"cityName":"Alto del Roble","countryName":"Costa Rica"},{"cityName":"Alto de los Chantos","countryName":"Costa Rica"},{"cityName":"Alto del Monte","countryName":"Costa Rica"},{"cityName":"Alto de las Cruces","countryName":"Costa Rica"},{"cityName":"Alto de Domingo Mora","countryName":"Costa Rica"},{"cityName":"Alto Angeles","countryName":"Costa Rica"},{"cityName":"Alto","countryName":"Costa Rica"},{"cityName":"Altamira","countryName":"Costa Rica"},{"cityName":"Alfaro","countryName":"Costa Rica"},{"cityName":"Alemania","countryName":"Costa Rica"},{"cityName":"Alegria","countryName":"Costa Rica"},{"cityName":"Alcantaro","countryName":"Costa Rica"},{"cityName":"Alaska","countryName":"Costa Rica"},{"cityName":"Alajuelita","countryName":"Costa Rica"},{"cityName":"Alajuela","countryName":"Costa Rica"},{"cityName":"Ahogados","countryName":"Costa Rica"},{"cityName":"Agujitas","countryName":"Costa Rica"},{"cityName":"Agujas","countryName":"Costa Rica"},{"cityName":"Aguilares","countryName":"Costa Rica"},{"cityName":"Aguila Abajo","countryName":"Costa Rica"},{"cityName":"Agueta","countryName":"Costa Rica"},{"cityName":"Aguas Zarcas","countryName":"Costa Rica"},{"cityName":"Aguas Negras","countryName":"Costa Rica"},{"cityName":"Aguas Claras","countryName":"Costa Rica"},{"cityName":"Aguas Buenas","countryName":"Costa Rica"},{"cityName":"Aguas","countryName":"Costa Rica"},{"cityName":"Aguacate","countryName":"Costa Rica"},{"cityName":"Agua Caliente","countryName":"Costa Rica"},{"cityName":"Agua Buena","countryName":"Costa Rica"},{"cityName":"Agua Blanca","countryName":"Costa Rica"},{"cityName":"Agua Azul","countryName":"Costa Rica"},{"cityName":"Africa","countryName":"Costa Rica"},{"cityName":"Aeropuerto","countryName":"Costa Rica"},{"cityName":"Achiote","countryName":"Costa Rica"},{"cityName":"Abundancia","countryName":"Costa Rica"},{"cityName":"Abangaritos","countryName":"Costa Rica"},{"cityName":"Jaco Beach","countryName":"Costa Rica"},{"cityName":"Guanacaste","countryName":"Costa Rica"},{"cityName":"San Vicente de Moravia","countryName":"Costa Rica"},{"cityName":"San Isidro de Coronado","countryName":"Costa Rica"},{"cityName":"Tamarindo","countryName":"Costa Rica"},{"cityName":"Horquetas","countryName":"Costa Rica"},{"cityName":"Silvia Eugenia","countryName":"Costa Rica"},{"cityName":"Urb Silvia Eugenia","countryName":"Costa Rica"},{"cityName":"Manuel Antonio","countryName":"Costa Rica"},{"cityName":"Cariari, Heredia","countryName":"Costa Rica"},{"cityName":"Playa Azul","countryName":"Costa Rica"},{"cityName":"Playa Junquillal","countryName":"Costa Rica"},{"cityName":"Los Santos","countryName":"Costa Rica"},{"cityName":"Paso Canoas","countryName":"Costa Rica"},{"cityName":"Malpais","countryName":"Costa Rica"},{"cityName":"Quizales Beach","countryName":"Costa Rica"},{"cityName":"Puerto Viejo de Talamanca","countryName":"Costa Rica"},{"cityName":"Drake Bay","countryName":"Costa Rica"},{"cityName":"San Rafael Escazu","countryName":"Costa Rica"},{"cityName":"Playa Flamingo","countryName":"Costa Rica"},{"cityName":"National Park Arenal","countryName":"Costa Rica"}]