[{"cityName":"Pamboula","countryName":"Cyprus","localeCode":"en","districtName":""},{"cityName":"Loura","countryName":"Cyprus","localeCode":"en","districtName":""},{"cityName":"Podhimata","countryName":"Cyprus","localeCode":"en","districtName":""},{"cityName":"Chiftlikoudhkia","countryName":"Cyprus","localeCode":"en","districtName":""},{"cityName":"Berengaria Village","countryName":"Cyprus","localeCode":"en","districtName":""},{"cityName":"Kondovouna","countryName":"Cyprus","localeCode":"en","districtName":""},{"cityName":"Aloupi","countryName":"Cyprus","localeCode":"en","districtName":""},{"cityName":"Kokkinoyia","countryName":"Cyprus","localeCode":"en","districtName":""},{"cityName":"Polemidhia Camp","countryName":"Cyprus","localeCode":"en","districtName":""},{"cityName":"Soularavia","countryName":"Cyprus","localeCode":"en","districtName":""},{"cityName":"Souni","countryName":"Cyprus","localeCode":"en","districtName":""},{"cityName":"Zanaja","countryName":"Cyprus","localeCode":"en","districtName":""},{"cityName":"Sterakovou","countryName":"Cyprus","localeCode":"en","districtName":""},{"cityName":"Kionia","countryName":"Cyprus","localeCode":"en","districtName":""},{"cityName":"Marathovouno","countryName":"Cyprus","localeCode":"en","districtName":""},{"cityName":"Potamos tou Kambou","countryName":"Cyprus","localeCode":"en","districtName":""},{"cityName":"Ayios Ioannis","countryName":"Cyprus","localeCode":"en","districtName":""},{"cityName":"New Site of Kholetria","countryName":"Cyprus","localeCode":"en","districtName":""},{"cityName":"Statos and Ayios Photios","countryName":"Cyprus","localeCode":"en","districtName":""},{"cityName":"Ayia","countryName":"Cyprus","localeCode":"en","districtName":""},{"cityName":"Pano Pyrgos","countryName":"Cyprus","localeCode":"en","districtName":""},{"cityName":"Paliambela","countryName":"Cyprus","localeCode":"en","districtName":""},{"cityName":"Nea Dhimmata","countryName":"Cyprus","localeCode":"en","districtName":""},{"cityName":"Maa","countryName":"Cyprus","localeCode":"en","districtName":""},{"cityName":"Protaras","countryName":"Cyprus","localeCode":"en","districtName":""},{"cityName":"Ayia Trias","countryName":"Cyprus","localeCode":"en","districtName":""},{"cityName":"Ayios Efstathios","countryName":"Cyprus","localeCode":"en","districtName":""},{"cityName":"Panayia Apakou","countryName":"Cyprus","localeCode":"en","districtName":""},{"cityName":"Prophitis Dhaniil","countryName":"Cyprus","localeCode":"en","districtName":""},{"cityName":"Selenias","countryName":"Cyprus","localeCode":"en","districtName":""},{"cityName":"Hajinikoloues","countryName":"Cyprus","localeCode":"en","districtName":""},{"cityName":"Ayios Nikolaos","countryName":"Cyprus","localeCode":"en","districtName":""},{"cityName":"Otoun Yiolou","countryName":"Cyprus","localeCode":"en","districtName":""},{"cityName":"Ayios Yeoryios","countryName":"Cyprus","localeCode":"en","districtName":""},{"cityName":"Alakati","countryName":"Cyprus","localeCode":"en","districtName":""},{"cityName":"Ayia Varvara","countryName":"Cyprus","localeCode":"en","districtName":""},{"cityName":"Panayia","countryName":"Cyprus","localeCode":"en","districtName":""},{"cityName":"Yerondas","countryName":"Cyprus","localeCode":"en","districtName":""},{"cityName":"Vokolomandia","countryName":"Cyprus","localeCode":"en","districtName":""},{"cityName":"Zyyi","countryName":"Cyprus","localeCode":"en","districtName":""},{"cityName":"Zoopiyi","countryName":"Cyprus","localeCode":"en","districtName":""},{"cityName":"Zakharia","countryName":"Cyprus","localeCode":"en","districtName":""},{"cityName":"Zakaki","countryName":"Cyprus","localeCode":"en","districtName":""},{"cityName":"Ypsonas","countryName":"Cyprus","localeCode":"en","districtName":""},{"cityName":"Yiolou","countryName":"Cyprus","localeCode":"en","districtName":""},{"cityName":"Yialousa","countryName":"Cyprus","localeCode":"en","districtName":""},{"cityName":"Yialia","countryName":"Cyprus","localeCode":"en","districtName":""},{"cityName":"Yerovasa","countryName":"Cyprus","localeCode":"en","districtName":""},{"cityName":"Yeroskipos","countryName":"Cyprus","localeCode":"en","districtName":""},{"cityName":"Yerolakkos","countryName":"Cyprus","localeCode":"en","districtName":""},{"cityName":"Yermasoyia","countryName":"Cyprus","localeCode":"en","districtName":""},{"cityName":"Yeri","countryName":"Cyprus","localeCode":"en","districtName":""},{"cityName":"Yerasa","countryName":"Cyprus","localeCode":"en","districtName":""},{"cityName":"Yerani","countryName":"Cyprus","localeCode":"en","districtName":""},{"cityName":"Yerakies","countryName":"Cyprus","localeCode":"en","districtName":""},{"cityName":"Yenagra","countryName":"Cyprus","localeCode":"en","districtName":""},{"cityName":"Xylotymbou","countryName":"Cyprus","localeCode":"en","districtName":""},{"cityName":"Xyliatos","countryName":"Cyprus","localeCode":"en","districtName":""},{"cityName":"Xerovounos","countryName":"Cyprus","localeCode":"en","districtName":""},{"cityName":"Xeros","countryName":"Cyprus","localeCode":"en","districtName":""},{"cityName":"Xeri","countryName":"Cyprus","localeCode":"en","districtName":""},{"cityName":"Vroisha","countryName":"Cyprus","localeCode":"en","districtName":""},{"cityName":"Vrecha","countryName":"Cyprus","localeCode":"en","districtName":""},{"cityName":"Vouno","countryName":"Cyprus","localeCode":"en","districtName":""},{"cityName":"Vouni","countryName":"Cyprus","localeCode":"en","districtName":""},{"cityName":"Voroklini","countryName":"Cyprus","localeCode":"en","districtName":""},{"cityName":"Voni","countryName":"Cyprus","localeCode":"en","districtName":""},{"cityName":"Vokolidha","countryName":"Cyprus","localeCode":"en","districtName":""},{"cityName":"Vyzakia","countryName":"Cyprus","localeCode":"en","districtName":""},{"cityName":"Vitsadha","countryName":"Cyprus","localeCode":"en","districtName":""},{"cityName":"Vikla","countryName":"Cyprus","localeCode":"en","districtName":""},{"cityName":"Vavla","countryName":"Cyprus","localeCode":"en","districtName":""},{"cityName":"Vavilas","countryName":"Cyprus","localeCode":"en","districtName":""},{"cityName":"Vavatsinia","countryName":"Cyprus","localeCode":"en","districtName":""},{"cityName":"Vatili","countryName":"Cyprus","localeCode":"en","districtName":""},{"cityName":"Vathylakas","countryName":"Cyprus","localeCode":"en","districtName":""},{"cityName":"Vasilia","countryName":"Cyprus","localeCode":"en","districtName":""},{"cityName":"Vasili","countryName":"Cyprus","localeCode":"en","districtName":""},{"cityName":"Vasa","countryName":"Cyprus","localeCode":"en","districtName":""},{"cityName":"Varosha","countryName":"Cyprus","localeCode":"en","districtName":""},{"cityName":"Varisha","countryName":"Cyprus","localeCode":"en","districtName":""},{"cityName":"Tymbou","countryName":"Cyprus","localeCode":"en","districtName":""},{"cityName":"Tsadha","countryName":"Cyprus","localeCode":"en","districtName":""},{"cityName":"Trypimeni","countryName":"Cyprus","localeCode":"en","districtName":""},{"cityName":"Troulli","countryName":"Cyprus","localeCode":"en","districtName":""},{"cityName":"Tris Elies","countryName":"Cyprus","localeCode":"en","districtName":""},{"cityName":"Trimithousa","countryName":"Cyprus","localeCode":"en","districtName":""},{"cityName":"Trimithi","countryName":"Cyprus","localeCode":"en","districtName":""},{"cityName":"Trimiklini","countryName":"Cyprus","localeCode":"en","districtName":""},{"cityName":"Trikoukkia","countryName":"Cyprus","localeCode":"en","districtName":""},{"cityName":"Trikomo","countryName":"Cyprus","localeCode":"en","districtName":""},{"cityName":"Tremethousha","countryName":"Cyprus","localeCode":"en","districtName":""},{"cityName":"Trapeza","countryName":"Cyprus","localeCode":"en","districtName":""},{"cityName":"Trakhypedhoula","countryName":"Cyprus","localeCode":"en","districtName":""},{"cityName":"Trakhoni","countryName":"Cyprus","localeCode":"en","districtName":""},{"cityName":"Trakhonas","countryName":"Cyprus","localeCode":"en","districtName":""},{"cityName":"Tokhni","countryName":"Cyprus","localeCode":"en","districtName":""},{"cityName":"Timi","countryName":"Cyprus","localeCode":"en","districtName":""},{"cityName":"Thermia","countryName":"Cyprus","localeCode":"en","districtName":""},{"cityName":"Theletra","countryName":"Cyprus","localeCode":"en","districtName":""},{"cityName":"Tersephanou","countryName":"Cyprus","localeCode":"en","districtName":""},{"cityName":"Terra","countryName":"Cyprus","localeCode":"en","districtName":""},{"cityName":"Tembria","countryName":"Cyprus","localeCode":"en","districtName":""},{"cityName":"Temblos","countryName":"Cyprus","localeCode":"en","districtName":""},{"cityName":"Tavros","countryName":"Cyprus","localeCode":"en","districtName":""},{"cityName":"Tala","countryName":"Cyprus","localeCode":"en","districtName":""},{"cityName":"Syrianokhori","countryName":"Cyprus","localeCode":"en","districtName":""},{"cityName":"Syngrasis","countryName":"Cyprus","localeCode":"en","districtName":""},{"cityName":"Sykopetra","countryName":"Cyprus","localeCode":"en","districtName":""},{"cityName":"Sykhari","countryName":"Cyprus","localeCode":"en","districtName":""},{"cityName":"Styllos","countryName":"Cyprus","localeCode":"en","districtName":""},{"cityName":"Strovolos","countryName":"Cyprus","localeCode":"en","districtName":""},{"cityName":"Stroumbi","countryName":"Cyprus","localeCode":"en","districtName":""},{"cityName":"Strongylos","countryName":"Cyprus","localeCode":"en","districtName":""},{"cityName":"Steni","countryName":"Cyprus","localeCode":"en","districtName":""},{"cityName":"Stavros","countryName":"Cyprus","localeCode":"en","districtName":""},{"cityName":"Stavrokono","countryName":"Cyprus","localeCode":"en","districtName":""},{"cityName":"Statos","countryName":"Cyprus","localeCode":"en","districtName":""},{"cityName":"Spitali","countryName":"Cyprus","localeCode":"en","districtName":""},{"cityName":"Spilia","countryName":"Cyprus","localeCode":"en","districtName":""},{"cityName":"Spathariko","countryName":"Cyprus","localeCode":"en","districtName":""},{"cityName":"Souskiou","countryName":"Cyprus","localeCode":"en","districtName":""},{"cityName":"Sotira","countryName":"Cyprus","localeCode":"en","districtName":""},{"cityName":"Sophtadhes","countryName":"Cyprus","localeCode":"en","districtName":""},{"cityName":"Skouriotissa","countryName":"Cyprus","localeCode":"en","districtName":""},{"cityName":"Skoulli","countryName":"Cyprus","localeCode":"en","districtName":""},{"cityName":"Skylloura","countryName":"Cyprus","localeCode":"en","districtName":""},{"cityName":"Skarinou","countryName":"Cyprus","localeCode":"en","districtName":""},{"cityName":"Sisklipos","countryName":"Cyprus","localeCode":"en","districtName":""},{"cityName":"Sinda","countryName":"Cyprus","localeCode":"en","districtName":""},{"cityName":"Sina Oros","countryName":"Cyprus","localeCode":"en","districtName":""},{"cityName":"Simou","countryName":"Cyprus","localeCode":"en","districtName":""},{"cityName":"Silikou","countryName":"Cyprus","localeCode":"en","districtName":""},{"cityName":"Sha","countryName":"Cyprus","localeCode":"en","districtName":""},{"cityName":"Selain T'appi","countryName":"Cyprus","localeCode":"en","districtName":""},{"cityName":"Selemani","countryName":"Cyprus","localeCode":"en","districtName":""},{"cityName":"Scala","countryName":"Cyprus","localeCode":"en","districtName":""},{"cityName":"Sarandi","countryName":"Cyprus","localeCode":"en","districtName":""},{"cityName":"Sarama","countryName":"Cyprus","localeCode":"en","districtName":""},{"cityName":"Sanidha","countryName":"Cyprus","localeCode":"en","districtName":""},{"cityName":"Sandalaris","countryName":"Cyprus","localeCode":"en","districtName":""},{"cityName":"Salamiou","countryName":"Cyprus","localeCode":"en","districtName":""},{"cityName":"Saittas","countryName":"Cyprus","localeCode":"en","districtName":""},{"cityName":"Rizokarpaso","countryName":"Cyprus","localeCode":"en","districtName":""},{"cityName":"Pyroi","countryName":"Cyprus","localeCode":"en","districtName":""},{"cityName":"Pyrgos","countryName":"Cyprus","localeCode":"en","districtName":""},{"cityName":"Pyrga","countryName":"Cyprus","localeCode":"en","districtName":""},{"cityName":"Pyla","countryName":"Cyprus","localeCode":"en","districtName":""},{"cityName":"Psimolofou","countryName":"Cyprus","localeCode":"en","districtName":""},{"cityName":"Psyllatos","countryName":"Cyprus","localeCode":"en","districtName":""},{"cityName":"Psevdhas","countryName":"Cyprus","localeCode":"en","districtName":""},{"cityName":"Psematismenos","countryName":"Cyprus","localeCode":"en","districtName":""},{"cityName":"Psathi","countryName":"Cyprus","localeCode":"en","districtName":""},{"cityName":"Prodhromos","countryName":"Cyprus","localeCode":"en","districtName":""},{"cityName":"Prodhromi","countryName":"Cyprus","localeCode":"en","districtName":""},{"cityName":"Pretori","countryName":"Cyprus","localeCode":"en","districtName":""},{"cityName":"Prastio","countryName":"Cyprus","localeCode":"en","districtName":""},{"cityName":"Prastion","countryName":"Cyprus","localeCode":"en","districtName":""},{"cityName":"Potamitissa","countryName":"Cyprus","localeCode":"en","districtName":""},{"cityName":"Potamiou","countryName":"Cyprus","localeCode":"en","districtName":""},{"cityName":"Potamia","countryName":"Cyprus","localeCode":"en","districtName":""},{"cityName":"Potami","countryName":"Cyprus","localeCode":"en","districtName":""},{"cityName":"Pomos","countryName":"Cyprus","localeCode":"en","districtName":""},{"cityName":"Polystipos","countryName":"Cyprus","localeCode":"en","districtName":""},{"cityName":"Politiko","countryName":"Cyprus","localeCode":"en","districtName":""},{"cityName":"Polis","countryName":"Cyprus","localeCode":"en","districtName":""},{"cityName":"Polemi","countryName":"Cyprus","localeCode":"en","districtName":""},{"cityName":"Platymatis","countryName":"Cyprus","localeCode":"en","districtName":""},{"cityName":"Platanistasa","countryName":"Cyprus","localeCode":"en","districtName":""},{"cityName":"Platanisso","countryName":"Cyprus","localeCode":"en","districtName":""},{"cityName":"Plataniskia","countryName":"Cyprus","localeCode":"en","districtName":""},{"cityName":"Platani","countryName":"Cyprus","localeCode":"en","districtName":""},{"cityName":"Piyi","countryName":"Cyprus","localeCode":"en","districtName":""},{"cityName":"Piyenia","countryName":"Cyprus","localeCode":"en","districtName":""},{"cityName":"Pitargou","countryName":"Cyprus","localeCode":"en","districtName":""},{"cityName":"Pissouri","countryName":"Cyprus","localeCode":"en","districtName":""},{"cityName":"Pileri","countryName":"Cyprus","localeCode":"en","districtName":""},{"cityName":"Phterikoudhi","countryName":"Cyprus","localeCode":"en","districtName":""},{"cityName":"Phterykha","countryName":"Cyprus","localeCode":"en","districtName":""},{"cityName":"Phrenaros","countryName":"Cyprus","localeCode":"en","districtName":""},{"cityName":"Photta","countryName":"Cyprus","localeCode":"en","districtName":""},{"cityName":"Phlamoudhi","countryName":"Cyprus","localeCode":"en","districtName":""},{"cityName":"Phiti","countryName":"Cyprus","localeCode":"en","districtName":""},{"cityName":"Phinikas","countryName":"Cyprus","localeCode":"en","districtName":""},{"cityName":"Phinikaria","countryName":"Cyprus","localeCode":"en","districtName":""},{"cityName":"Phini","countryName":"Cyprus","localeCode":"en","districtName":""},{"cityName":"Philousa","countryName":"Cyprus","localeCode":"en","districtName":""},{"cityName":"Philia","countryName":"Cyprus","localeCode":"en","districtName":""},{"cityName":"Philani","countryName":"Cyprus","localeCode":"en","districtName":""},{"cityName":"Phikardhou","countryName":"Cyprus","localeCode":"en","districtName":""},{"cityName":"Phasoula","countryName":"Cyprus","localeCode":"en","districtName":""},{"cityName":"Phasli","countryName":"Cyprus","localeCode":"en","districtName":""},{"cityName":"Pharmakas","countryName":"Cyprus","localeCode":"en","districtName":""},{"cityName":"Phalia","countryName":"Cyprus","localeCode":"en","districtName":""},{"cityName":"Peyia","countryName":"Cyprus","localeCode":"en","districtName":""},{"cityName":"Petrophani","countryName":"Cyprus","localeCode":"en","districtName":""},{"cityName":"Petra tou Dhiyeni","countryName":"Cyprus","localeCode":"en","districtName":""},{"cityName":"Petra","countryName":"Cyprus","localeCode":"en","districtName":""},{"cityName":"Perivolia tou Trikomou","countryName":"Cyprus","localeCode":"en","districtName":""},{"cityName":"Perivolia","countryName":"Cyprus","localeCode":"en","districtName":""},{"cityName":"Peristeronari","countryName":"Cyprus","localeCode":"en","districtName":""},{"cityName":"Peristerona","countryName":"Cyprus","localeCode":"en","districtName":""},{"cityName":"Pergamos","countryName":"Cyprus","localeCode":"en","districtName":""},{"cityName":"Perapedhi","countryName":"Cyprus","localeCode":"en","districtName":""},{"cityName":"Perakhorio","countryName":"Cyprus","localeCode":"en","districtName":""},{"cityName":"Pera","countryName":"Cyprus","localeCode":"en","districtName":""},{"cityName":"Pendayia","countryName":"Cyprus","localeCode":"en","districtName":""},{"cityName":"Pendalia","countryName":"Cyprus","localeCode":"en","districtName":""},{"cityName":"Pendakomo","countryName":"Cyprus","localeCode":"en","districtName":""},{"cityName":"Pelendria","countryName":"Cyprus","localeCode":"en","districtName":""},{"cityName":"Pelathousa","countryName":"Cyprus","localeCode":"en","districtName":""},{"cityName":"Pedhoulas","countryName":"Cyprus","localeCode":"en","districtName":""},{"cityName":"Patriki","countryName":"Cyprus","localeCode":"en","districtName":""},{"cityName":"Parsata","countryName":"Cyprus","localeCode":"en","districtName":""},{"cityName":"Parekklisha","countryName":"Cyprus","localeCode":"en","districtName":""},{"cityName":"Paramytha","countryName":"Cyprus","localeCode":"en","districtName":""},{"cityName":"Paramali","countryName":"Cyprus","localeCode":"en","districtName":""},{"cityName":"Paralimni","countryName":"Cyprus","localeCode":"en","districtName":""},{"cityName":"Paphos","countryName":"Cyprus","localeCode":"en","districtName":""},{"cityName":"Pano Zodhia","countryName":"Cyprus","localeCode":"en","districtName":""},{"cityName":"Pano Polemidhia","countryName":"Cyprus","localeCode":"en","districtName":""},{"cityName":"Pano Platres","countryName":"Cyprus","localeCode":"en","districtName":""},{"cityName":"Pano Phlasou","countryName":"Cyprus","localeCode":"en","districtName":""},{"cityName":"Pano Panayia","countryName":"Cyprus","localeCode":"en","districtName":""},{"cityName":"Pano Lefkara","countryName":"Cyprus","localeCode":"en","districtName":""},{"cityName":"Pano Lakatamia","countryName":"Cyprus","localeCode":"en","districtName":""},{"cityName":"Pano Koutraphas","countryName":"Cyprus","localeCode":"en","districtName":""},{"cityName":"Pano Kividhes","countryName":"Cyprus","localeCode":"en","districtName":""},{"cityName":"Pano Dhikomo","countryName":"Cyprus","localeCode":"en","districtName":""},{"cityName":"Pano Dheftera","countryName":"Cyprus","localeCode":"en","districtName":""},{"cityName":"Pano Arodhes","countryName":"Cyprus","localeCode":"en","districtName":""},{"cityName":"Pano Arkhimandrita","countryName":"Cyprus","localeCode":"en","districtName":""},{"cityName":"Pano Amiandos","countryName":"Cyprus","localeCode":"en","districtName":""},{"cityName":"Pano Akourdhalia","countryName":"Cyprus","localeCode":"en","districtName":""},{"cityName":"Panagra","countryName":"Cyprus","localeCode":"en","districtName":""},{"cityName":"Pallouriotissa","countryName":"Cyprus","localeCode":"en","districtName":""},{"cityName":"Palodhia","countryName":"Cyprus","localeCode":"en","districtName":""},{"cityName":"Paleosophos","countryName":"Cyprus","localeCode":"en","districtName":""},{"cityName":"Paleomylos","countryName":"Cyprus","localeCode":"en","districtName":""},{"cityName":"Paleometokho","countryName":"Cyprus","localeCode":"en","districtName":""},{"cityName":"Palekythro","countryName":"Cyprus","localeCode":"en","districtName":""},{"cityName":"Palekhori","countryName":"Cyprus","localeCode":"en","districtName":""},{"cityName":"Pakhyammos","countryName":"Cyprus","localeCode":"en","districtName":""},{"cityName":"Pakhna","countryName":"Cyprus","localeCode":"en","districtName":""},{"cityName":"Ovgoros","countryName":"Cyprus","localeCode":"en","districtName":""},{"cityName":"Orta Keuy","countryName":"Cyprus","localeCode":"en","districtName":""},{"cityName":"Orounda","countryName":"Cyprus","localeCode":"en","districtName":""},{"cityName":"Ornithi","countryName":"Cyprus","localeCode":"en","districtName":""},{"cityName":"Ormidhia","countryName":"Cyprus","localeCode":"en","districtName":""},{"cityName":"Orga","countryName":"Cyprus","localeCode":"en","districtName":""},{"cityName":"Ora","countryName":"Cyprus","localeCode":"en","districtName":""},{"cityName":"Omorphita","countryName":"Cyprus","localeCode":"en","districtName":""},{"cityName":"Omodhos","countryName":"Cyprus","localeCode":"en","districtName":""},{"cityName":"Odhou","countryName":"Cyprus","localeCode":"en","districtName":""},{"cityName":"Nisou","countryName":"Cyprus","localeCode":"en","districtName":""},{"cityName":"Nikos","countryName":"Cyprus","localeCode":"en","districtName":""},{"cityName":"Nikoklia","countryName":"Cyprus","localeCode":"en","districtName":""},{"cityName":"Nikitas","countryName":"Cyprus","localeCode":"en","districtName":""},{"cityName":"Nikitari","countryName":"Cyprus","localeCode":"en","districtName":""},{"cityName":"Nicosia","countryName":"Cyprus","localeCode":"en","districtName":""},{"cityName":"Neta","countryName":"Cyprus","localeCode":"en","districtName":""},{"cityName":"Neokhorio","countryName":"Cyprus","localeCode":"en","districtName":""},{"cityName":"Neo Chorio","countryName":"Cyprus","localeCode":"en","districtName":""},{"cityName":"Kato Paphos","countryName":"Cyprus","localeCode":"en","districtName":""},{"cityName":"Nata","countryName":"Cyprus","localeCode":"en","districtName":""},{"cityName":"Myrtou","countryName":"Cyprus","localeCode":"en","districtName":""},{"cityName":"Moutoullas","countryName":"Cyprus","localeCode":"en","districtName":""},{"cityName":"Moutayiaka","countryName":"Cyprus","localeCode":"en","districtName":""},{"cityName":"Mousoulita","countryName":"Cyprus","localeCode":"en","districtName":""},{"cityName":"Mousere","countryName":"Cyprus","localeCode":"en","districtName":""},{"cityName":"Motidhes","countryName":"Cyprus","localeCode":"en","districtName":""},{"cityName":"Mosphiloti","countryName":"Cyprus","localeCode":"en","districtName":""},{"cityName":"Mosphileri","countryName":"Cyprus","localeCode":"en","districtName":""},{"cityName":"Morphou","countryName":"Cyprus","localeCode":"en","districtName":""},{"cityName":"Moronero","countryName":"Cyprus","localeCode":"en","districtName":""},{"cityName":"Mora","countryName":"Cyprus","localeCode":"en","districtName":""},{"cityName":"Moniatis","countryName":"Cyprus","localeCode":"en","districtName":""},{"cityName":"Moni","countryName":"Cyprus","localeCode":"en","districtName":""},{"cityName":"Monarga","countryName":"Cyprus","localeCode":"en","districtName":""},{"cityName":"Monagroulli","countryName":"Cyprus","localeCode":"en","districtName":""},{"cityName":"Monagri","countryName":"Cyprus","localeCode":"en","districtName":""},{"cityName":"Mitsero","countryName":"Cyprus","localeCode":"en","districtName":""},{"cityName":"Miliou","countryName":"Cyprus","localeCode":"en","districtName":""},{"cityName":"Milikouri","countryName":"Cyprus","localeCode":"en","districtName":""},{"cityName":"Milia","countryName":"Cyprus","localeCode":"en","districtName":""},{"cityName":"Milea","countryName":"Cyprus","localeCode":"en","districtName":""},{"cityName":"Mia Milea","countryName":"Cyprus","localeCode":"en","districtName":""},{"cityName":"Mesoyi","countryName":"Cyprus","localeCode":"en","districtName":""},{"cityName":"Mesayitonia","countryName":"Cyprus","localeCode":"en","districtName":""},{"cityName":"Mesana","countryName":"Cyprus","localeCode":"en","districtName":""},{"cityName":"Mesa Khorio","countryName":"Cyprus","localeCode":"en","districtName":""},{"cityName":"Mersiniki","countryName":"Cyprus","localeCode":"en","districtName":""},{"cityName":"Menoyia","countryName":"Cyprus","localeCode":"en","districtName":""},{"cityName":"Meneou","countryName":"Cyprus","localeCode":"en","districtName":""},{"cityName":"Melousha","countryName":"Cyprus","localeCode":"en","districtName":""},{"cityName":"Melini","countryName":"Cyprus","localeCode":"en","districtName":""},{"cityName":"Melandra","countryName":"Cyprus","localeCode":"en","districtName":""},{"cityName":"Melanarga","countryName":"Cyprus","localeCode":"en","districtName":""},{"cityName":"Meladhia","countryName":"Cyprus","localeCode":"en","districtName":""},{"cityName":"Mazotos","countryName":"Cyprus","localeCode":"en","districtName":""},{"cityName":"Mavroli","countryName":"Cyprus","localeCode":"en","districtName":""},{"cityName":"Mathikoloni","countryName":"Cyprus","localeCode":"en","districtName":""},{"cityName":"Mathiatis","countryName":"Cyprus","localeCode":"en","districtName":""},{"cityName":"Masari","countryName":"Cyprus","localeCode":"en","districtName":""},{"cityName":"Maroni","countryName":"Cyprus","localeCode":"en","districtName":""},{"cityName":"Marona","countryName":"Cyprus","localeCode":"en","districtName":""},{"cityName":"Mari","countryName":"Cyprus","localeCode":"en","districtName":""},{"cityName":"Marko","countryName":"Cyprus","localeCode":"en","districtName":""},{"cityName":"Marki","countryName":"Cyprus","localeCode":"en","districtName":""},{"cityName":"Marathounda","countryName":"Cyprus","localeCode":"en","districtName":""},{"cityName":"Maratha","countryName":"Cyprus","localeCode":"en","districtName":""},{"cityName":"Mansoura","countryName":"Cyprus","localeCode":"en","districtName":""},{"cityName":"Mandria","countryName":"Cyprus","localeCode":"en","districtName":""},{"cityName":"Mandres","countryName":"Cyprus","localeCode":"en","districtName":""},{"cityName":"Mamoundali","countryName":"Cyprus","localeCode":"en","districtName":""},{"cityName":"Mamonia","countryName":"Cyprus","localeCode":"en","districtName":""},{"cityName":"Mammari","countryName":"Cyprus","localeCode":"en","districtName":""},{"cityName":"Melounda","countryName":"Cyprus","localeCode":"en","districtName":""},{"cityName":"Malounda","countryName":"Cyprus","localeCode":"en","districtName":""},{"cityName":"Mallia","countryName":"Cyprus","localeCode":"en","districtName":""},{"cityName":"Makrasyka","countryName":"Cyprus","localeCode":"en","districtName":""},{"cityName":"Magounda","countryName":"Cyprus","localeCode":"en","districtName":""},{"cityName":"Lythrodhondas","countryName":"Cyprus","localeCode":"en","districtName":""},{"cityName":"Lythrangomi","countryName":"Cyprus","localeCode":"en","districtName":""},{"cityName":"Lysos","countryName":"Cyprus","localeCode":"en","districtName":""},{"cityName":"Lysi","countryName":"Cyprus","localeCode":"en","districtName":""},{"cityName":"Lymbia","countryName":"Cyprus","localeCode":"en","districtName":""},{"cityName":"Louvaras","countryName":"Cyprus","localeCode":"en","districtName":""},{"cityName":"Loutros","countryName":"Cyprus","localeCode":"en","districtName":""},{"cityName":"Louroujina","countryName":"Cyprus","localeCode":"en","districtName":""},{"cityName":"Loukrounou","countryName":"Cyprus","localeCode":"en","districtName":""},{"cityName":"Lophos","countryName":"Cyprus","localeCode":"en","districtName":""},{"cityName":"Liveras","countryName":"Cyprus","localeCode":"en","districtName":""},{"cityName":"Livadhia","countryName":"Cyprus","localeCode":"en","districtName":""},{"cityName":"Livadhi","countryName":"Cyprus","localeCode":"en","districtName":""},{"cityName":"Liopetri","countryName":"Cyprus","localeCode":"en","districtName":""},{"cityName":"Linou","countryName":"Cyprus","localeCode":"en","districtName":""},{"cityName":"Limnitis","countryName":"Cyprus","localeCode":"en","districtName":""},{"cityName":"Limnia","countryName":"Cyprus","localeCode":"en","districtName":""},{"cityName":"Limnatis","countryName":"Cyprus","localeCode":"en","districtName":""},{"cityName":"Limassol","countryName":"Cyprus","localeCode":"en","districtName":""},{"cityName":"Letimbou","countryName":"Cyprus","localeCode":"en","districtName":""},{"cityName":"Leonarisso","countryName":"Cyprus","localeCode":"en","districtName":""},{"cityName":"Lemona","countryName":"Cyprus","localeCode":"en","districtName":""},{"cityName":"Lemithou","countryName":"Cyprus","localeCode":"en","districtName":""},{"cityName":"Lemba","countryName":"Cyprus","localeCode":"en","districtName":""},{"cityName":"Lefkoniko","countryName":"Cyprus","localeCode":"en","districtName":""},{"cityName":"Lefka","countryName":"Cyprus","localeCode":"en","districtName":""},{"cityName":"Lazania","countryName":"Cyprus","localeCode":"en","districtName":""},{"cityName":"Layia","countryName":"Cyprus","localeCode":"en","districtName":""},{"cityName":"Laxia","countryName":"Cyprus","localeCode":"en","districtName":""},{"cityName":"Lasa","countryName":"Cyprus","localeCode":"en","districtName":""},{"cityName":"Larnaka","countryName":"Cyprus","localeCode":"en","districtName":""},{"cityName":"Larnaca","countryName":"Cyprus","localeCode":"en","districtName":""},{"cityName":"Lapithos","countryName":"Cyprus","localeCode":"en","districtName":""},{"cityName":"Lapithiou","countryName":"Cyprus","localeCode":"en","districtName":""},{"cityName":"Lapathos","countryName":"Cyprus","localeCode":"en","districtName":""},{"cityName":"Lania","countryName":"Cyprus","localeCode":"en","districtName":""},{"cityName":"Lagoudhera","countryName":"Cyprus","localeCode":"en","districtName":""},{"cityName":"Lachi","countryName":"Cyprus","localeCode":"en","districtName":""},{"cityName":"Kythrea","countryName":"Cyprus","localeCode":"en","districtName":""},{"cityName":"Kyrenia","countryName":"Cyprus","localeCode":"en","districtName":""},{"cityName":"Kyra","countryName":"Cyprus","localeCode":"en","districtName":""},{"cityName":"Kyperounda","countryName":"Cyprus","localeCode":"en","districtName":""},{"cityName":"Ktima","countryName":"Cyprus","localeCode":"en","districtName":""},{"cityName":"Kritou Terra","countryName":"Cyprus","localeCode":"en","districtName":""},{"cityName":"Kritou Marottou","countryName":"Cyprus","localeCode":"en","districtName":""},{"cityName":"Krini","countryName":"Cyprus","localeCode":"en","districtName":""},{"cityName":"Kridhia","countryName":"Cyprus","localeCode":"en","districtName":""},{"cityName":"Koutsovendis","countryName":"Cyprus","localeCode":"en","districtName":""},{"cityName":"Kourtaka","countryName":"Cyprus","localeCode":"en","districtName":""},{"cityName":"Kourou Monastir","countryName":"Cyprus","localeCode":"en","districtName":""},{"cityName":"Kourdhali","countryName":"Cyprus","localeCode":"en","districtName":""},{"cityName":"Kouklia","countryName":"Cyprus","localeCode":"en","districtName":""},{"cityName":"Kouka","countryName":"Cyprus","localeCode":"en","districtName":""},{"cityName":"Korphi","countryName":"Cyprus","localeCode":"en","districtName":""},{"cityName":"Korovia","countryName":"Cyprus","localeCode":"en","districtName":""},{"cityName":"Kornos","countryName":"Cyprus","localeCode":"en","districtName":""},{"cityName":"Kornokipos","countryName":"Cyprus","localeCode":"en","districtName":""},{"cityName":"Kormakiti","countryName":"Cyprus","localeCode":"en","districtName":""},{"cityName":"Korakou","countryName":"Cyprus","localeCode":"en","districtName":""},{"cityName":"Kophinou","countryName":"Cyprus","localeCode":"en","districtName":""},{"cityName":"Konia","countryName":"Cyprus","localeCode":"en","districtName":""},{"cityName":"Kondemenos","countryName":"Cyprus","localeCode":"en","districtName":""},{"cityName":"Kondea","countryName":"Cyprus","localeCode":"en","districtName":""},{"cityName":"Komi Kebir","countryName":"Cyprus","localeCode":"en","districtName":""},{"cityName":"Koma tou Yialou","countryName":"Cyprus","localeCode":"en","districtName":""},{"cityName":"Kolossi","countryName":"Cyprus","localeCode":"en","districtName":""},{"cityName":"Koloni","countryName":"Cyprus","localeCode":"en","districtName":""},{"cityName":"Kokkini Trimithia","countryName":"Cyprus","localeCode":"en","districtName":""},{"cityName":"Kokkina","countryName":"Cyprus","localeCode":"en","districtName":""},{"cityName":"Kochati","countryName":"Cyprus","localeCode":"en","districtName":""},{"cityName":"Knodhara","countryName":"Cyprus","localeCode":"en","districtName":""},{"cityName":"Klonari","countryName":"Cyprus","localeCode":"en","districtName":""},{"cityName":"Klirou","countryName":"Cyprus","localeCode":"en","districtName":""},{"cityName":"Klepini","countryName":"Cyprus","localeCode":"en","districtName":""},{"cityName":"Klavdhia","countryName":"Cyprus","localeCode":"en","districtName":""},{"cityName":"Kivisil","countryName":"Cyprus","localeCode":"en","districtName":""},{"cityName":"Kiti","countryName":"Cyprus","localeCode":"en","districtName":""},{"cityName":"Kithasi","countryName":"Cyprus","localeCode":"en","districtName":""},{"cityName":"Kissousa","countryName":"Cyprus","localeCode":"en","districtName":""},{"cityName":"Kissonerga","countryName":"Cyprus","localeCode":"en","districtName":""},{"cityName":"Kinousa","countryName":"Cyprus","localeCode":"en","districtName":""},{"cityName":"Kilinia","countryName":"Cyprus","localeCode":"en","districtName":""},{"cityName":"Kili","countryName":"Cyprus","localeCode":"en","districtName":""},{"cityName":"Kilani","countryName":"Cyprus","localeCode":"en","districtName":""},{"cityName":"Kilanemos","countryName":"Cyprus","localeCode":"en","districtName":""},{"cityName":"Khrysokhou","countryName":"Cyprus","localeCode":"en","districtName":""},{"cityName":"Khrysiliou","countryName":"Cyprus","localeCode":"en","districtName":""},{"cityName":"Khrysidha","countryName":"Cyprus","localeCode":"en","districtName":""},{"cityName":"Khoulou","countryName":"Cyprus","localeCode":"en","districtName":""},{"cityName":"Kholi","countryName":"Cyprus","localeCode":"en","districtName":""},{"cityName":"Kholetria","countryName":"Cyprus","localeCode":"en","districtName":""},{"cityName":"Khlorakas","countryName":"Cyprus","localeCode":"en","districtName":""},{"cityName":"Khirokitia","countryName":"Cyprus","localeCode":"en","districtName":""},{"cityName":"Kharcha","countryName":"Cyprus","localeCode":"en","districtName":""},{"cityName":"Khandria","countryName":"Cyprus","localeCode":"en","districtName":""},{"cityName":"Khaleri","countryName":"Cyprus","localeCode":"en","districtName":""},{"cityName":"Khalassa","countryName":"Cyprus","localeCode":"en","districtName":""},{"cityName":"Keumurju","countryName":"Cyprus","localeCode":"en","districtName":""},{"cityName":"Kelokedhara","countryName":"Cyprus","localeCode":"en","districtName":""},{"cityName":"Kellia","countryName":"Cyprus","localeCode":"en","districtName":""},{"cityName":"Kellaki","countryName":"Cyprus","localeCode":"en","districtName":""},{"cityName":"Kedhares","countryName":"Cyprus","localeCode":"en","districtName":""},{"cityName":"Ozankoey","countryName":"Cyprus","localeCode":"en","districtName":""},{"cityName":"Katydhata","countryName":"Cyprus","localeCode":"en","districtName":""},{"cityName":"Kato Zodhia","countryName":"Cyprus","localeCode":"en","districtName":""},{"cityName":"Kato Yialia","countryName":"Cyprus","localeCode":"en","districtName":""},{"cityName":"Kato Pyrgos","countryName":"Cyprus","localeCode":"en","districtName":""},{"cityName":"Kato Polemidhia","countryName":"Cyprus","localeCode":"en","districtName":""},{"cityName":"Kato Platres","countryName":"Cyprus","localeCode":"en","districtName":""},{"cityName":"Kato Phlasou","countryName":"Cyprus","localeCode":"en","districtName":""},{"cityName":"Kato Panayia","countryName":"Cyprus","localeCode":"en","districtName":""},{"cityName":"Kato Mylos","countryName":"Cyprus","localeCode":"en","districtName":""},{"cityName":"Kato Moni","countryName":"Cyprus","localeCode":"en","districtName":""},{"cityName":"Kato Lefkara","countryName":"Cyprus","localeCode":"en","districtName":""},{"cityName":"Kato Lakatamia","countryName":"Cyprus","localeCode":"en","districtName":""},{"cityName":"Kato Koutraphas","countryName":"Cyprus","localeCode":"en","districtName":""},{"cityName":"Kato Kopia","countryName":"Cyprus","localeCode":"en","districtName":""},{"cityName":"Kato Kividhes","countryName":"Cyprus","localeCode":"en","districtName":""},{"cityName":"Kato Dhrys","countryName":"Cyprus","localeCode":"en","districtName":""},{"cityName":"Kato Dhikomo","countryName":"Cyprus","localeCode":"en","districtName":""},{"cityName":"Kato Dheftera","countryName":"Cyprus","localeCode":"en","districtName":""},{"cityName":"Kato Arodhes","countryName":"Cyprus","localeCode":"en","districtName":""},{"cityName":"Kato Arkhimandrita","countryName":"Cyprus","localeCode":"en","districtName":""},{"cityName":"Kato Amiandos","countryName":"Cyprus","localeCode":"en","districtName":""},{"cityName":"Kato Akourdhalia","countryName":"Cyprus","localeCode":"en","districtName":""},{"cityName":"Kathikas","countryName":"Cyprus","localeCode":"en","districtName":""},{"cityName":"Kataliondas","countryName":"Cyprus","localeCode":"en","districtName":""},{"cityName":"Karpasha","countryName":"Cyprus","localeCode":"en","districtName":""},{"cityName":"Karmi","countryName":"Cyprus","localeCode":"en","districtName":""},{"cityName":"Karavostasi","countryName":"Cyprus","localeCode":"en","districtName":""},{"cityName":"Karavas","countryName":"Cyprus","localeCode":"en","districtName":""},{"cityName":"Karaolos Plantation","countryName":"Cyprus","localeCode":"en","districtName":""},{"cityName":"Karamoullidhes","countryName":"Cyprus","localeCode":"en","districtName":""},{"cityName":"Karakoumi","countryName":"Cyprus","localeCode":"en","districtName":""},{"cityName":"Kapoura","countryName":"Cyprus","localeCode":"en","districtName":""},{"cityName":"Kapilio","countryName":"Cyprus","localeCode":"en","districtName":""},{"cityName":"Kapedhes","countryName":"Cyprus","localeCode":"en","districtName":""},{"cityName":"Kandara","countryName":"Cyprus","localeCode":"en","districtName":""},{"cityName":"Kannaviou","countryName":"Cyprus","localeCode":"en","districtName":""},{"cityName":"Kannavia","countryName":"Cyprus","localeCode":"en","districtName":""},{"cityName":"Kanli","countryName":"Cyprus","localeCode":"en","districtName":""},{"cityName":"Kandou","countryName":"Cyprus","localeCode":"en","districtName":""},{"cityName":"Kaminaria","countryName":"Cyprus","localeCode":"en","districtName":""},{"cityName":"Kambyli","countryName":"Cyprus","localeCode":"en","districtName":""},{"cityName":"Kambos","countryName":"Cyprus","localeCode":"en","districtName":""},{"cityName":"Kambia","countryName":"Cyprus","localeCode":"en","districtName":""},{"cityName":"Kambi","countryName":"Cyprus","localeCode":"en","districtName":""},{"cityName":"Kalyvakia","countryName":"Cyprus","localeCode":"en","districtName":""},{"cityName":"Kalopsidha","countryName":"Cyprus","localeCode":"en","districtName":""},{"cityName":"Kalopanayiotis","countryName":"Cyprus","localeCode":"en","districtName":""},{"cityName":"Kalokhorio","countryName":"Cyprus","localeCode":"en","districtName":""},{"cityName":"Kalogrea","countryName":"Cyprus","localeCode":"en","districtName":""},{"cityName":"Kallepia","countryName":"Cyprus","localeCode":"en","districtName":""},{"cityName":"Kaliana","countryName":"Cyprus","localeCode":"en","districtName":""},{"cityName":"Kalavasos","countryName":"Cyprus","localeCode":"en","districtName":""},{"cityName":"Kakopetria","countryName":"Cyprus","localeCode":"en","districtName":""},{"cityName":"Kaimakli","countryName":"Cyprus","localeCode":"en","districtName":""},{"cityName":"Istinjon","countryName":"Cyprus","localeCode":"en","districtName":""},{"cityName":"Inia","countryName":"Cyprus","localeCode":"en","districtName":""},{"cityName":"Halevga","countryName":"Cyprus","localeCode":"en","districtName":""},{"cityName":"Gypsos","countryName":"Cyprus","localeCode":"en","districtName":""},{"cityName":"Gourri","countryName":"Cyprus","localeCode":"en","districtName":""},{"cityName":"Gouphes","countryName":"Cyprus","localeCode":"en","districtName":""},{"cityName":"Goudhi","countryName":"Cyprus","localeCode":"en","districtName":""},{"cityName":"Goshi","countryName":"Cyprus","localeCode":"en","districtName":""},{"cityName":"Ghaziveran","countryName":"Cyprus","localeCode":"en","districtName":""},{"cityName":"Geunyeli","countryName":"Cyprus","localeCode":"en","districtName":""},{"cityName":"Gastria","countryName":"Cyprus","localeCode":"en","districtName":""},{"cityName":"Galinoporni","countryName":"Cyprus","localeCode":"en","districtName":""},{"cityName":"Galini","countryName":"Cyprus","localeCode":"en","districtName":""},{"cityName":"Galatia","countryName":"Cyprus","localeCode":"en","districtName":""},{"cityName":"Galataria","countryName":"Cyprus","localeCode":"en","districtName":""},{"cityName":"Galata","countryName":"Cyprus","localeCode":"en","districtName":""},{"cityName":"Gaidhouras","countryName":"Cyprus","localeCode":"en","districtName":""},{"cityName":"Famagusta","countryName":"Cyprus","localeCode":"en","districtName":""},{"cityName":"Eylenja","countryName":"Cyprus","localeCode":"en","districtName":""},{"cityName":"Exometokhi","countryName":"Cyprus","localeCode":"en","districtName":""},{"cityName":"Evrykhou","countryName":"Cyprus","localeCode":"en","districtName":""},{"cityName":"Evretou","countryName":"Cyprus","localeCode":"en","districtName":""},{"cityName":"Evdhimou","countryName":"Cyprus","localeCode":"en","districtName":""},{"cityName":"Erimi","countryName":"Cyprus","localeCode":"en","districtName":""},{"cityName":"Episkopion","countryName":"Cyprus","localeCode":"en","districtName":""},{"cityName":"Episkopi","countryName":"Cyprus","localeCode":"en","districtName":""},{"cityName":"Epikho","countryName":"Cyprus","localeCode":"en","districtName":""},{"cityName":"Ephtakomi","countryName":"Cyprus","localeCode":"en","districtName":""},{"cityName":"Ephtagonia","countryName":"Cyprus","localeCode":"en","districtName":""},{"cityName":"Engomi","countryName":"Cyprus","localeCode":"en","districtName":""},{"cityName":"Emba","countryName":"Cyprus","localeCode":"en","districtName":""},{"cityName":"Ayii Eliophoti","countryName":"Cyprus","localeCode":"en","districtName":""},{"cityName":"Eledhiou","countryName":"Cyprus","localeCode":"en","districtName":""},{"cityName":"Elea","countryName":"Cyprus","localeCode":"en","districtName":""},{"cityName":"Dhrapia","countryName":"Cyprus","localeCode":"en","districtName":""},{"cityName":"Dhyo Potami","countryName":"Cyprus","localeCode":"en","districtName":""},{"cityName":"Dhymes","countryName":"Cyprus","localeCode":"en","districtName":""},{"cityName":"Dhrymou","countryName":"Cyprus","localeCode":"en","districtName":""},{"cityName":"Dhrousha","countryName":"Cyprus","localeCode":"en","districtName":""},{"cityName":"Dhromolaxia","countryName":"Cyprus","localeCode":"en","districtName":""},{"cityName":"Dhrinia","countryName":"Cyprus","localeCode":"en","districtName":""},{"cityName":"Dhoros","countryName":"Cyprus","localeCode":"en","districtName":""},{"cityName":"Dhora","countryName":"Cyprus","localeCode":"en","districtName":""},{"cityName":"Dhiorios","countryName":"Cyprus","localeCode":"en","districtName":""},{"cityName":"Dhierona","countryName":"Cyprus","localeCode":"en","districtName":""},{"cityName":"Dherinia","countryName":"Cyprus","localeCode":"en","districtName":""},{"cityName":"Dhenia","countryName":"Cyprus","localeCode":"en","districtName":""},{"cityName":"Dhavlos","countryName":"Cyprus","localeCode":"en","districtName":""},{"cityName":"Dhali","countryName":"Cyprus","localeCode":"en","districtName":""},{"cityName":"Delikipo","countryName":"Cyprus","localeCode":"en","districtName":""},{"cityName":"Chatos","countryName":"Cyprus","localeCode":"en","districtName":""},{"cityName":"Chakistra","countryName":"Cyprus","localeCode":"en","districtName":""},{"cityName":"Boghaz","countryName":"Cyprus","localeCode":"en","districtName":""},{"cityName":"Bey Keuy","countryName":"Cyprus","localeCode":"en","districtName":""},{"cityName":"Bellapais","countryName":"Cyprus","localeCode":"en","districtName":""},{"cityName":"Ayios Vasilios","countryName":"Cyprus","localeCode":"en","districtName":""},{"cityName":"Ayios Tykhonas","countryName":"Cyprus","localeCode":"en","districtName":""},{"cityName":"Ayios Thomas","countryName":"Cyprus","localeCode":"en","districtName":""},{"cityName":"Ayios Therapon","countryName":"Cyprus","localeCode":"en","districtName":""},{"cityName":"Ayios Theodhoros","countryName":"Cyprus","localeCode":"en","districtName":""},{"cityName":"Ayios Symeon","countryName":"Cyprus","localeCode":"en","districtName":""},{"cityName":"Ayios Sozomenos","countryName":"Cyprus","localeCode":"en","districtName":""},{"cityName":"Ayios Seryios","countryName":"Cyprus","localeCode":"en","districtName":""},{"cityName":"Ayios Photios","countryName":"Cyprus","localeCode":"en","districtName":""},{"cityName":"Ayios Pavlos","countryName":"Cyprus","localeCode":"en","districtName":""},{"cityName":"Ayios Memnon","countryName":"Cyprus","localeCode":"en","districtName":""},{"cityName":"Ayios Mamas","countryName":"Cyprus","localeCode":"en","districtName":""},{"cityName":"Ayios Konstantinos","countryName":"Cyprus","localeCode":"en","districtName":""},{"cityName":"Ayios Khariton","countryName":"Cyprus","localeCode":"en","districtName":""},{"cityName":"Ayios Isidhoros","countryName":"Cyprus","localeCode":"en","districtName":""},{"cityName":"Ayios Iakovos","countryName":"Cyprus","localeCode":"en","districtName":""},{"cityName":"Ayios Ermolaos","countryName":"Cyprus","localeCode":"en","districtName":""},{"cityName":"Ayios Epiphanios","countryName":"Cyprus","localeCode":"en","districtName":""},{"cityName":"Ayios Epiktitos","countryName":"Cyprus","localeCode":"en","districtName":""},{"cityName":"Ayios Elias","countryName":"Cyprus","localeCode":"en","districtName":""},{"cityName":"Ayios Dhometios","countryName":"Cyprus","localeCode":"en","districtName":""},{"cityName":"Ayios Dhimitrios","countryName":"Cyprus","localeCode":"en","districtName":""},{"cityName":"Ayios Dhimitrianos","countryName":"Cyprus","localeCode":"en","districtName":""},{"cityName":"Ayios Athanasios","countryName":"Cyprus","localeCode":"en","districtName":""},{"cityName":"Ayios Andronikos","countryName":"Cyprus","localeCode":"en","districtName":""},{"cityName":"Ayios Amvrosios","countryName":"Cyprus","localeCode":"en","districtName":""},{"cityName":"Ayion Yeorgoudhi","countryName":"Cyprus","localeCode":"en","districtName":""},{"cityName":"Ayii Vavatsinias","countryName":"Cyprus","localeCode":"en","districtName":""},{"cityName":"Ayii Trimithias","countryName":"Cyprus","localeCode":"en","districtName":""},{"cityName":"Ayia Phyla","countryName":"Cyprus","localeCode":"en","districtName":""},{"cityName":"Ayia Napa","countryName":"Cyprus","localeCode":"en","districtName":""},{"cityName":"Ayia Marinoudha","countryName":"Cyprus","localeCode":"en","districtName":""},{"cityName":"Ayia Marina","countryName":"Cyprus","localeCode":"en","districtName":""},{"cityName":"Ayia Irini","countryName":"Cyprus","localeCode":"en","districtName":""},{"cityName":"Ayia Anna","countryName":"Cyprus","localeCode":"en","districtName":""},{"cityName":"Axylou","countryName":"Cyprus","localeCode":"en","districtName":""},{"cityName":"Avlona","countryName":"Cyprus","localeCode":"en","districtName":""},{"cityName":"Avgorou","countryName":"Cyprus","localeCode":"en","districtName":""},{"cityName":"Avgalidha","countryName":"Cyprus","localeCode":"en","districtName":""},{"cityName":"Avdhellero","countryName":"Cyprus","localeCode":"en","districtName":""},{"cityName":"Athrakos","countryName":"Cyprus","localeCode":"en","districtName":""},{"cityName":"Athna","countryName":"Cyprus","localeCode":"en","districtName":""},{"cityName":"Athienou","countryName":"Cyprus","localeCode":"en","districtName":""},{"cityName":"Athalassa","countryName":"Cyprus","localeCode":"en","districtName":""},{"cityName":"Astromeritis","countryName":"Cyprus","localeCode":"en","districtName":""},{"cityName":"Asproyia","countryName":"Cyprus","localeCode":"en","districtName":""},{"cityName":"Asomatos","countryName":"Cyprus","localeCode":"en","districtName":""},{"cityName":"Askas","countryName":"Cyprus","localeCode":"en","districtName":""},{"cityName":"Asinou","countryName":"Cyprus","localeCode":"en","districtName":""},{"cityName":"Asha","countryName":"Cyprus","localeCode":"en","districtName":""},{"cityName":"Asgata","countryName":"Cyprus","localeCode":"en","districtName":""},{"cityName":"Artemi","countryName":"Cyprus","localeCode":"en","districtName":""},{"cityName":"Arsos","countryName":"Cyprus","localeCode":"en","districtName":""},{"cityName":"Arnadhi","countryName":"Cyprus","localeCode":"en","districtName":""},{"cityName":"Armou","countryName":"Cyprus","localeCode":"en","districtName":""},{"cityName":"Arminou","countryName":"Cyprus","localeCode":"en","districtName":""},{"cityName":"Armenokhori","countryName":"Cyprus","localeCode":"en","districtName":""},{"cityName":"Ergates","countryName":"Cyprus","localeCode":"en","districtName":""},{"cityName":"Argaki","countryName":"Cyprus","localeCode":"en","districtName":""},{"cityName":"Argaka","countryName":"Cyprus","localeCode":"en","districtName":""},{"cityName":"Ardhana","countryName":"Cyprus","localeCode":"en","districtName":""},{"cityName":"Arakapas","countryName":"Cyprus","localeCode":"en","districtName":""},{"cityName":"Aradhippou","countryName":"Cyprus","localeCode":"en","districtName":""},{"cityName":"Aradhiou","countryName":"Cyprus","localeCode":"en","districtName":""},{"cityName":"Apsiou","countryName":"Cyprus","localeCode":"en","districtName":""},{"cityName":"Apliki","countryName":"Cyprus","localeCode":"en","districtName":""},{"cityName":"Aplanda","countryName":"Cyprus","localeCode":"en","districtName":""},{"cityName":"Aphania","countryName":"Cyprus","localeCode":"en","districtName":""},{"cityName":"Apesha","countryName":"Cyprus","localeCode":"en","districtName":""},{"cityName":"Anoyira","countryName":"Cyprus","localeCode":"en","districtName":""},{"cityName":"Angolemi","countryName":"Cyprus","localeCode":"en","districtName":""},{"cityName":"Anglisidhes","countryName":"Cyprus","localeCode":"en","districtName":""},{"cityName":"Angastina","countryName":"Cyprus","localeCode":"en","districtName":""},{"cityName":"Androlikou","countryName":"Cyprus","localeCode":"en","districtName":""},{"cityName":"Anayia","countryName":"Cyprus","localeCode":"en","districtName":""},{"cityName":"Anavargos","countryName":"Cyprus","localeCode":"en","districtName":""},{"cityName":"Anarita","countryName":"Cyprus","localeCode":"en","districtName":""},{"cityName":"Anaphotia","countryName":"Cyprus","localeCode":"en","districtName":""},{"cityName":"Analjondas","countryName":"Cyprus","localeCode":"en","districtName":""},{"cityName":"Anadhiou","countryName":"Cyprus","localeCode":"en","districtName":""},{"cityName":"Ambelikou","countryName":"Cyprus","localeCode":"en","districtName":""},{"cityName":"Amargeti","countryName":"Cyprus","localeCode":"en","districtName":""},{"cityName":"Ammadhies","countryName":"Cyprus","localeCode":"en","districtName":""},{"cityName":"Alona","countryName":"Cyprus","localeCode":"en","districtName":""},{"cityName":"Aloa","countryName":"Cyprus","localeCode":"en","districtName":""},{"cityName":"Alithinou","countryName":"Cyprus","localeCode":"en","districtName":""},{"cityName":"Alevga","countryName":"Cyprus","localeCode":"en","districtName":""},{"cityName":"Alethriko","countryName":"Cyprus","localeCode":"en","districtName":""},{"cityName":"Alekhtora","countryName":"Cyprus","localeCode":"en","districtName":""},{"cityName":"Alaminos","countryName":"Cyprus","localeCode":"en","districtName":""},{"cityName":"Alambra","countryName":"Cyprus","localeCode":"en","districtName":""},{"cityName":"Akrounda","countryName":"Cyprus","localeCode":"en","districtName":""},{"cityName":"Akoursos","countryName":"Cyprus","localeCode":"en","districtName":""},{"cityName":"Akhyritou","countryName":"Cyprus","localeCode":"en","districtName":""},{"cityName":"Akhelia","countryName":"Cyprus","localeCode":"en","districtName":""},{"cityName":"Akapnou","countryName":"Cyprus","localeCode":"en","districtName":""},{"cityName":"Akanthou","countryName":"Cyprus","localeCode":"en","districtName":""},{"cityName":"Akaki","countryName":"Cyprus","localeCode":"en","districtName":""},{"cityName":"Agros","countryName":"Cyprus","localeCode":"en","districtName":""},{"cityName":"Agroladhou","countryName":"Cyprus","localeCode":"en","districtName":""},{"cityName":"Agrokipia","countryName":"Cyprus","localeCode":"en","districtName":""},{"cityName":"Agridhia","countryName":"Cyprus","localeCode":"en","districtName":""},{"cityName":"Agridhaki","countryName":"Cyprus","localeCode":"en","districtName":""},{"cityName":"Aghirda","countryName":"Cyprus","localeCode":"en","districtName":""},{"cityName":"Yali","countryName":"Cyprus","localeCode":"en","districtName":""},{"cityName":"Meniko","countryName":"Cyprus","localeCode":"en","districtName":""},{"cityName":"Kosklu Ciftlik","countryName":"Cyprus","localeCode":"en","districtName":""},{"cityName":"Yenisehir","countryName":"Cyprus","localeCode":"en","districtName":""},{"cityName":"Marmara","countryName":"Cyprus","localeCode":"en","districtName":""},{"cityName":"Kumsal","countryName":"Cyprus","localeCode":"en","districtName":""},{"cityName":"Caglayan","countryName":"Cyprus","localeCode":"en","districtName":""},{"cityName":"Famagusta Walled City","countryName":"Cyprus","localeCode":"en","districtName":""},{"cityName":"Karakol","countryName":"Cyprus","localeCode":"en","districtName":""},{"cityName":"Dumlupinar","countryName":"Cyprus","localeCode":"en","districtName":""},{"cityName":"Baykal","countryName":"Cyprus","localeCode":"en","districtName":""},{"cityName":"Namik Kemal","countryName":"Cyprus","localeCode":"en","districtName":""},{"cityName":"Canbulat","countryName":"Cyprus","localeCode":"en","districtName":""},{"cityName":"Kamilpasa","countryName":"Cyprus","localeCode":"en","districtName":""},{"cityName":"Pertevpasa","countryName":"Cyprus","localeCode":"en","districtName":""},{"cityName":"Cedar Valley","countryName":"Cyprus","localeCode":"en","districtName":""},{"cityName":"Yeniizmir","countryName":"Cyprus","localeCode":"en","districtName":""},{"cityName":"Sakarya","countryName":"Cyprus","localeCode":"en","districtName":""},{"cityName":"Ayia Thekla","countryName":"Cyprus","localeCode":"en","districtName":""}]