[{"cityName":"Woodford Hill","countryName":"Dominica","localeCode":"en","districtName":""},{"cityName":"Wesley","countryName":"Dominica","localeCode":"en","districtName":""},{"cityName":"Wall House","countryName":"Dominica","localeCode":"en","districtName":""},{"cityName":"Vieille Case","countryName":"Dominica","localeCode":"en","districtName":""},{"cityName":"Trafalgar","countryName":"Dominica","localeCode":"en","districtName":""},{"cityName":"Toucari","countryName":"Dominica","localeCode":"en","districtName":""},{"cityName":"Tobino","countryName":"Dominica","localeCode":"en","districtName":""},{"cityName":"Thibaud","countryName":"Dominica","localeCode":"en","districtName":""},{"cityName":"The Cross","countryName":"Dominica","localeCode":"en","districtName":""},{"cityName":"Tete Morne","countryName":"Dominica","localeCode":"en","districtName":""},{"cityName":"Tarou","countryName":"Dominica","localeCode":"en","districtName":""},{"cityName":"Tanetane","countryName":"Dominica","localeCode":"en","districtName":""},{"cityName":"Stowe","countryName":"Dominica","localeCode":"en","districtName":""},{"cityName":"Soufriere","countryName":"Dominica","localeCode":"en","districtName":""},{"cityName":"Sineku","countryName":"Dominica","localeCode":"en","districtName":""},{"cityName":"Sibouli","countryName":"Dominica","localeCode":"en","districtName":""},{"cityName":"Scotts Head Village","countryName":"Dominica","localeCode":"en","districtName":""},{"cityName":"Salisbury","countryName":"Dominica","localeCode":"en","districtName":""},{"cityName":"Salibia","countryName":"Dominica","localeCode":"en","districtName":""},{"cityName":"Saint Sauveur","countryName":"Dominica","localeCode":"en","districtName":""},{"cityName":"Saint Joseph","countryName":"Dominica","localeCode":"en","districtName":""},{"cityName":"Saint Cyr","countryName":"Dominica","localeCode":"en","districtName":""},{"cityName":"Roseau","countryName":"Dominica","localeCode":"en","districtName":""},{"cityName":"Rosalie","countryName":"Dominica","localeCode":"en","districtName":""},{"cityName":"Roger","countryName":"Dominica","localeCode":"en","districtName":""},{"cityName":"Riviere Ciriques","countryName":"Dominica","localeCode":"en","districtName":""},{"cityName":"Riversdale","countryName":"Dominica","localeCode":"en","districtName":""},{"cityName":"Potters Ville","countryName":"Dominica","localeCode":"en","districtName":""},{"cityName":"Portsmouth","countryName":"Dominica","localeCode":"en","districtName":""},{"cityName":"Pont Casse","countryName":"Dominica","localeCode":"en","districtName":""},{"cityName":"Pointe Michel","countryName":"Dominica","localeCode":"en","districtName":""},{"cityName":"Pichelin","countryName":"Dominica","localeCode":"en","districtName":""},{"cityName":"Petite Soufriere","countryName":"Dominica","localeCode":"en","districtName":""},{"cityName":"Petite Savane","countryName":"Dominica","localeCode":"en","districtName":""},{"cityName":"Peineville","countryName":"Dominica","localeCode":"en","districtName":""},{"cityName":"Paix Bouche","countryName":"Dominica","localeCode":"en","districtName":""},{"cityName":"Morpo","countryName":"Dominica","localeCode":"en","districtName":""},{"cityName":"Morne Soleil","countryName":"Dominica","localeCode":"en","districtName":""},{"cityName":"Morne Raquette","countryName":"Dominica","localeCode":"en","districtName":""},{"cityName":"Morne Prosper","countryName":"Dominica","localeCode":"en","districtName":""},{"cityName":"Morne Jaune","countryName":"Dominica","localeCode":"en","districtName":""},{"cityName":"Morne Aux Fregates","countryName":"Dominica","localeCode":"en","districtName":""},{"cityName":"Monkey Hill","countryName":"Dominica","localeCode":"en","districtName":""},{"cityName":"Mero","countryName":"Dominica","localeCode":"en","districtName":""},{"cityName":"Massacre","countryName":"Dominica","localeCode":"en","districtName":""},{"cityName":"Marigot","countryName":"Dominica","localeCode":"en","districtName":""},{"cityName":"Mahaut","countryName":"Dominica","localeCode":"en","districtName":""},{"cityName":"Madjini","countryName":"Dominica","localeCode":"en","districtName":""},{"cityName":"Loubiere","countryName":"Dominica","localeCode":"en","districtName":""},{"cityName":"Layou","countryName":"Dominica","localeCode":"en","districtName":""},{"cityName":"Laudat","countryName":"Dominica","localeCode":"en","districtName":""},{"cityName":"La Source","countryName":"Dominica","localeCode":"en","districtName":""},{"cityName":"Larieu","countryName":"Dominica","localeCode":"en","districtName":""},{"cityName":"La Plaine","countryName":"Dominica","localeCode":"en","districtName":""},{"cityName":"La Haut","countryName":"Dominica","localeCode":"en","districtName":""},{"cityName":"Lagon","countryName":"Dominica","localeCode":"en","districtName":""},{"cityName":"Hampstead","countryName":"Dominica","localeCode":"en","districtName":""},{"cityName":"Guillet","countryName":"Dominica","localeCode":"en","districtName":""},{"cityName":"Grand Fond","countryName":"Dominica","localeCode":"en","districtName":""},{"cityName":"Goodwill","countryName":"Dominica","localeCode":"en","districtName":""},{"cityName":"Good Hope","countryName":"Dominica","localeCode":"en","districtName":""},{"cityName":"Gommier","countryName":"Dominica","localeCode":"en","districtName":""},{"cityName":"Glanvillia","countryName":"Dominica","localeCode":"en","districtName":""},{"cityName":"Giraudet","countryName":"Dominica","localeCode":"en","districtName":""},{"cityName":"Geneva","countryName":"Dominica","localeCode":"en","districtName":""},{"cityName":"Gaulette","countryName":"Dominica","localeCode":"en","districtName":""},{"cityName":"Galion","countryName":"Dominica","localeCode":"en","districtName":""},{"cityName":"Fond Saint Jean","countryName":"Dominica","localeCode":"en","districtName":""},{"cityName":"Fond Cani","countryName":"Dominica","localeCode":"en","districtName":""},{"cityName":"Dubuc","countryName":"Dominica","localeCode":"en","districtName":""},{"cityName":"Dublanc","countryName":"Dominica","localeCode":"en","districtName":""},{"cityName":"Dos D'Ane","countryName":"Dominica","localeCode":"en","districtName":""},{"cityName":"Demitrie","countryName":"Dominica","localeCode":"en","districtName":""},{"cityName":"Delices","countryName":"Dominica","localeCode":"en","districtName":""},{"cityName":"Crayfish River","countryName":"Dominica","localeCode":"en","districtName":""},{"cityName":"Coulibistri","countryName":"Dominica","localeCode":"en","districtName":""},{"cityName":"Cottage","countryName":"Dominica","localeCode":"en","districtName":""},{"cityName":"Colihaut","countryName":"Dominica","localeCode":"en","districtName":""},{"cityName":"Cocoyer","countryName":"Dominica","localeCode":"en","districtName":""},{"cityName":"Cochrane","countryName":"Dominica","localeCode":"en","districtName":""},{"cityName":"Clifton","countryName":"Dominica","localeCode":"en","districtName":""},{"cityName":"Charlotte Ville","countryName":"Dominica","localeCode":"en","districtName":""},{"cityName":"Castle Bruce","countryName":"Dominica","localeCode":"en","districtName":""},{"cityName":"Capucin","countryName":"Dominica","localeCode":"en","districtName":""},{"cityName":"Calibishie","countryName":"Dominica","localeCode":"en","districtName":""},{"cityName":"Bornes","countryName":"Dominica","localeCode":"en","districtName":""},{"cityName":"Boetica","countryName":"Dominica","localeCode":"en","districtName":""},{"cityName":"Bioche","countryName":"Dominica","localeCode":"en","districtName":""},{"cityName":"Berekua","countryName":"Dominica","localeCode":"en","districtName":""},{"cityName":"Bense","countryName":"Dominica","localeCode":"en","districtName":""},{"cityName":"Belvidere","countryName":"Dominica","localeCode":"en","districtName":""},{"cityName":"Belmanier","countryName":"Dominica","localeCode":"en","districtName":""},{"cityName":"Bells","countryName":"Dominica","localeCode":"en","districtName":""},{"cityName":"Bellevue Chopin","countryName":"Dominica","localeCode":"en","districtName":""},{"cityName":"Bataka","countryName":"Dominica","localeCode":"en","districtName":""},{"cityName":"Bassinville","countryName":"Dominica","localeCode":"en","districtName":""},{"cityName":"Au Parc","countryName":"Dominica","localeCode":"en","districtName":""},{"cityName":"atkinson","countryName":"Dominica","localeCode":"en","districtName":""},{"cityName":"Anse Du Me","countryName":"Dominica","localeCode":"en","districtName":""}]