[{"cityName":"Zaragoza","countryName":"Equatorial Guinea"},{"cityName":"Yube","countryName":"Equatorial Guinea"},{"cityName":"Yose","countryName":"Equatorial Guinea"},{"cityName":"Yoni","countryName":"Equatorial Guinea"},{"cityName":"Yomosomo","countryName":"Equatorial Guinea"},{"cityName":"Yocuguongbo","countryName":"Equatorial Guinea"},{"cityName":"Yobo","countryName":"Equatorial Guinea"},{"cityName":"Yobete","countryName":"Equatorial Guinea"},{"cityName":"Yiemvena","countryName":"Equatorial Guinea"},{"cityName":"Yiba","countryName":"Equatorial Guinea"},{"cityName":"Yengue","countryName":"Equatorial Guinea"},{"cityName":"Yenge","countryName":"Equatorial Guinea"},{"cityName":"Yen","countryName":"Equatorial Guinea"},{"cityName":"Yemven","countryName":"Equatorial Guinea"},{"cityName":"Yem","countryName":"Equatorial Guinea"},{"cityName":"Yecuo","countryName":"Equatorial Guinea"},{"cityName":"Yecue","countryName":"Equatorial Guinea"},{"cityName":"Yang","countryName":"Equatorial Guinea"},{"cityName":"Yanabote","countryName":"Equatorial Guinea"},{"cityName":"Yama","countryName":"Equatorial Guinea"},{"cityName":"Yagoebuma","countryName":"Equatorial Guinea"},{"cityName":"Yaemben","countryName":"Equatorial Guinea"},{"cityName":"Vivac","countryName":"Equatorial Guinea"},{"cityName":"Victoria","countryName":"Equatorial Guinea"},{"cityName":"Velonelong","countryName":"Equatorial Guinea"},{"cityName":"Valladolid de los Bimbiles","countryName":"Equatorial Guinea"},{"cityName":"Vabe","countryName":"Equatorial Guinea"},{"cityName":"Utonde","countryName":"Equatorial Guinea"},{"cityName":"Utomba","countryName":"Equatorial Guinea"},{"cityName":"Utambe","countryName":"Equatorial Guinea"},{"cityName":"Upe","countryName":"Equatorial Guinea"},{"cityName":"Upaca","countryName":"Equatorial Guinea"},{"cityName":"Uloba","countryName":"Equatorial Guinea"},{"cityName":"Ulato","countryName":"Equatorial Guinea"},{"cityName":"Ulando","countryName":"Equatorial Guinea"},{"cityName":"Ucodi","countryName":"Equatorial Guinea"},{"cityName":"Uboca","countryName":"Equatorial Guinea"},{"cityName":"Tundulu","countryName":"Equatorial Guinea"},{"cityName":"Tubana","countryName":"Equatorial Guinea"},{"cityName":"Too","countryName":"Equatorial Guinea"},{"cityName":"Tono","countryName":"Equatorial Guinea"},{"cityName":"Tom","countryName":"Equatorial Guinea"},{"cityName":"Toledo","countryName":"Equatorial Guinea"},{"cityName":"Tobo","countryName":"Equatorial Guinea"},{"cityName":"Tica","countryName":"Equatorial Guinea"},{"cityName":"Tepe","countryName":"Equatorial Guinea"},{"cityName":"Temelon","countryName":"Equatorial Guinea"},{"cityName":"Tegaete","countryName":"Equatorial Guinea"},{"cityName":"Tega","countryName":"Equatorial Guinea"},{"cityName":"Tec","countryName":"Equatorial Guinea"},{"cityName":"Sua","countryName":"Equatorial Guinea"},{"cityName":"Soue","countryName":"Equatorial Guinea"},{"cityName":"Song","countryName":"Equatorial Guinea"},{"cityName":"Somoyong","countryName":"Equatorial Guinea"},{"cityName":"Somo","countryName":"Equatorial Guinea"},{"cityName":"Sogodyam","countryName":"Equatorial Guinea"},{"cityName":"Sogo","countryName":"Equatorial Guinea"},{"cityName":"Sisacang","countryName":"Equatorial Guinea"},{"cityName":"Sipolo","countryName":"Equatorial Guinea"},{"cityName":"Sinden","countryName":"Equatorial Guinea"},{"cityName":"Sevilla de Niefang","countryName":"Equatorial Guinea"},{"cityName":"Senye","countryName":"Equatorial Guinea"},{"cityName":"Sengayong","countryName":"Equatorial Guinea"},{"cityName":"Sene","countryName":"Equatorial Guinea"},{"cityName":"Selies","countryName":"Equatorial Guinea"},{"cityName":"Saugon","countryName":"Equatorial Guinea"},{"cityName":"Saue","countryName":"Equatorial Guinea"},{"cityName":"Santiago de Baney","countryName":"Equatorial Guinea"},{"cityName":"Santa Maria","countryName":"Equatorial Guinea"},{"cityName":"Aual","countryName":"Equatorial Guinea"},{"cityName":"Santa Cruz","countryName":"Equatorial Guinea"},{"cityName":"San Pedro","countryName":"Equatorial Guinea"},{"cityName":"San Juan","countryName":"Equatorial Guinea"},{"cityName":"San Joaquin de Ndyiacom","countryName":"Equatorial Guinea"},{"cityName":"Sangnam","countryName":"Equatorial Guinea"},{"cityName":"Sangayong","countryName":"Equatorial Guinea"},{"cityName":"Sanduma","countryName":"Equatorial Guinea"},{"cityName":"Sandon","countryName":"Equatorial Guinea"},{"cityName":"San Carlos","countryName":"Equatorial Guinea"},{"cityName":"Sanayong","countryName":"Equatorial Guinea"},{"cityName":"San Antonio de Ureca","countryName":"Equatorial Guinea"},{"cityName":"Pale","countryName":"Equatorial Guinea"},{"cityName":"Mabana","countryName":"Equatorial Guinea"},{"cityName":"San Antonio","countryName":"Equatorial Guinea"},{"cityName":"Sambimba","countryName":"Equatorial Guinea"},{"cityName":"Samanguila","countryName":"Equatorial Guinea"},{"cityName":"Salom","countryName":"Equatorial Guinea"},{"cityName":"Sacriba","countryName":"Equatorial Guinea"},{"cityName":"Saba","countryName":"Equatorial Guinea"},{"cityName":"Ruiche","countryName":"Equatorial Guinea"},{"cityName":"Rio Campo","countryName":"Equatorial Guinea"},{"cityName":"Rilaja","countryName":"Equatorial Guinea"},{"cityName":"Rebola","countryName":"Equatorial Guinea"},{"cityName":"Punta Yeke","countryName":"Equatorial Guinea"},{"cityName":"Pume","countryName":"Equatorial Guinea"},{"cityName":"Poto","countryName":"Equatorial Guinea"},{"cityName":"Pijaca","countryName":"Equatorial Guinea"},{"cityName":"Penta","countryName":"Equatorial Guinea"},{"cityName":"Parador de Musola","countryName":"Equatorial Guinea"},{"cityName":"Oyem","countryName":"Equatorial Guinea"},{"cityName":"Oyec","countryName":"Equatorial Guinea"},{"cityName":"Oyan","countryName":"Equatorial Guinea"},{"cityName":"Oyala","countryName":"Equatorial Guinea"},{"cityName":"Oyac","countryName":"Equatorial Guinea"},{"cityName":"Ovengasi","countryName":"Equatorial Guinea"},{"cityName":"Ovengasem","countryName":"Equatorial Guinea"},{"cityName":"Ovengansem","countryName":"Equatorial Guinea"},{"cityName":"Oveng","countryName":"Equatorial Guinea"},{"cityName":"Ouormacoc","countryName":"Equatorial Guinea"},{"cityName":"Otunga","countryName":"Equatorial Guinea"},{"cityName":"Otonserga","countryName":"Equatorial Guinea"},{"cityName":"Otong","countryName":"Equatorial Guinea"},{"cityName":"Otondyang","countryName":"Equatorial Guinea"},{"cityName":"Otet","countryName":"Equatorial Guinea"},{"cityName":"Osuayong","countryName":"Equatorial Guinea"},{"cityName":"Osuallong","countryName":"Equatorial Guinea"},{"cityName":"Osonengo","countryName":"Equatorial Guinea"},{"cityName":"Osamvain","countryName":"Equatorial Guinea"},{"cityName":"Onucanvim","countryName":"Equatorial Guinea"},{"cityName":"Onsalom","countryName":"Equatorial Guinea"},{"cityName":"Ononobere","countryName":"Equatorial Guinea"},{"cityName":"Onong","countryName":"Equatorial Guinea"},{"cityName":"Ononebere","countryName":"Equatorial Guinea"},{"cityName":"Ongongo","countryName":"Equatorial Guinea"},{"cityName":"Ongon","countryName":"Equatorial Guinea"},{"cityName":"Ongoma","countryName":"Equatorial Guinea"},{"cityName":"Ondeng","countryName":"Equatorial Guinea"},{"cityName":"Omvang","countryName":"Equatorial Guinea"},{"cityName":"Omongueng","countryName":"Equatorial Guinea"},{"cityName":"Omonguen","countryName":"Equatorial Guinea"},{"cityName":"Olun-Man","countryName":"Equatorial Guinea"},{"cityName":"Olumeten","countryName":"Equatorial Guinea"},{"cityName":"Olop","countryName":"Equatorial Guinea"},{"cityName":"Olong","countryName":"Equatorial Guinea"},{"cityName":"Olenam","countryName":"Equatorial Guinea"},{"cityName":"Oleadyop","countryName":"Equatorial Guinea"},{"cityName":"Okio","countryName":"Equatorial Guinea"},{"cityName":"Okeva","countryName":"Equatorial Guinea"},{"cityName":"Okeng","countryName":"Equatorial Guinea"},{"cityName":"Oguor","countryName":"Equatorial Guinea"},{"cityName":"Oguom","countryName":"Equatorial Guinea"},{"cityName":"Oguama","countryName":"Equatorial Guinea"},{"cityName":"Ofos","countryName":"Equatorial Guinea"},{"cityName":"Ofet","countryName":"Equatorial Guinea"},{"cityName":"Oduma","countryName":"Equatorial Guinea"},{"cityName":"Ocula","countryName":"Equatorial Guinea"},{"cityName":"Ocuama","countryName":"Equatorial Guinea"},{"cityName":"Ocua","countryName":"Equatorial Guinea"},{"cityName":"Ocong-osi","countryName":"Equatorial Guinea"},{"cityName":"Ocong","countryName":"Equatorial Guinea"},{"cityName":"Ocola","countryName":"Equatorial Guinea"},{"cityName":"Obut","countryName":"Equatorial Guinea"},{"cityName":"Oboroncu","countryName":"Equatorial Guinea"},{"cityName":"Obocuin","countryName":"Equatorial Guinea"},{"cityName":"Obenelang","countryName":"Equatorial Guinea"},{"cityName":"Obe","countryName":"Equatorial Guinea"},{"cityName":"Obandoc","countryName":"Equatorial Guinea"},{"cityName":"Obamicu","countryName":"Equatorial Guinea"},{"cityName":"Nyong","countryName":"Equatorial Guinea"},{"cityName":"Nyeche","countryName":"Equatorial Guinea"},{"cityName":"Nyamele","countryName":"Equatorial Guinea"},{"cityName":"Nyale","countryName":"Equatorial Guinea"},{"cityName":"Nvomosi","countryName":"Equatorial Guinea"},{"cityName":"Nvengayong","countryName":"Equatorial Guinea"},{"cityName":"Nveng","countryName":"Equatorial Guinea"},{"cityName":"Nveayong","countryName":"Equatorial Guinea"},{"cityName":"Nume","countryName":"Equatorial Guinea"},{"cityName":"Nueti","countryName":"Equatorial Guinea"},{"cityName":"Ntuba","countryName":"Equatorial Guinea"},{"cityName":"Ntu","countryName":"Equatorial Guinea"},{"cityName":"Ntoroayop","countryName":"Equatorial Guinea"},{"cityName":"Ntom","countryName":"Equatorial Guinea"},{"cityName":"Ntobo","countryName":"Equatorial Guinea"},{"cityName":"Ntoayop","countryName":"Equatorial Guinea"},{"cityName":"Nterenga","countryName":"Equatorial Guinea"},{"cityName":"Ntang","countryName":"Equatorial Guinea"},{"cityName":"Ntan","countryName":"Equatorial Guinea"},{"cityName":"Nsunga","countryName":"Equatorial Guinea"},{"cityName":"Nsung","countryName":"Equatorial Guinea"},{"cityName":"Nsumu","countryName":"Equatorial Guinea"},{"cityName":"Nsuemam","countryName":"Equatorial Guinea"},{"cityName":"Nsueeman","countryName":"Equatorial Guinea"},{"cityName":"Nsomo","countryName":"Equatorial Guinea"},{"cityName":"Nsokengono","countryName":"Equatorial Guinea"},{"cityName":"Nsok","countryName":"Equatorial Guinea"},{"cityName":"Nsogobuot","countryName":"Equatorial Guinea"},{"cityName":"Nsogoboot","countryName":"Equatorial Guinea"},{"cityName":"Nsogobot","countryName":"Equatorial Guinea"},{"cityName":"Nsogobor","countryName":"Equatorial Guinea"},{"cityName":"Nsogmitang","countryName":"Equatorial Guinea"},{"cityName":"Nsoengono","countryName":"Equatorial Guinea"},{"cityName":"Nsoc","countryName":"Equatorial Guinea"},{"cityName":"Nsoagono","countryName":"Equatorial Guinea"},{"cityName":"Nsini","countryName":"Equatorial Guinea"},{"cityName":"Nsinengosi","countryName":"Equatorial Guinea"},{"cityName":"Nsinec","countryName":"Equatorial Guinea"},{"cityName":"Nsimi","countryName":"Equatorial Guinea"},{"cityName":"Nsengbeyem","countryName":"Equatorial Guinea"},{"cityName":"Nsengamvoa","countryName":"Equatorial Guinea"},{"cityName":"Nsengafum","countryName":"Equatorial Guinea"},{"cityName":"Nsemensoc","countryName":"Equatorial Guinea"},{"cityName":"Nsem","countryName":"Equatorial Guinea"},{"cityName":"Nseleman","countryName":"Equatorial Guinea"},{"cityName":"Nseguete","countryName":"Equatorial Guinea"},{"cityName":"Nseelang","countryName":"Equatorial Guinea"},{"cityName":"Nsangnam","countryName":"Equatorial Guinea"},{"cityName":"Nsangnan","countryName":"Equatorial Guinea"},{"cityName":"Nsangayong","countryName":"Equatorial Guinea"},{"cityName":"Nsang","countryName":"Equatorial Guinea"},{"cityName":"Nsamata","countryName":"Equatorial Guinea"},{"cityName":"Nsaaca","countryName":"Equatorial Guinea"},{"cityName":"Nosoc","countryName":"Equatorial Guinea"},{"cityName":"Nonsoc","countryName":"Equatorial Guinea"},{"cityName":"Nono","countryName":"Equatorial Guinea"},{"cityName":"Nonkien","countryName":"Equatorial Guinea"},{"cityName":"Nondo","countryName":"Equatorial Guinea"},{"cityName":"Nomenan","countryName":"Equatorial Guinea"},{"cityName":"Nomenam","countryName":"Equatorial Guinea"},{"cityName":"Nom","countryName":"Equatorial Guinea"},{"cityName":"Noayong","countryName":"Equatorial Guinea"},{"cityName":"Nnoayong","countryName":"Equatorial Guinea"},{"cityName":"Nniemitang","countryName":"Equatorial Guinea"},{"cityName":"Nniemayong","countryName":"Equatorial Guinea"},{"cityName":"Nlosoc","countryName":"Equatorial Guinea"},{"cityName":"Nloayong","countryName":"Equatorial Guinea"},{"cityName":"Nlangmang","countryName":"Equatorial Guinea"},{"cityName":"Nlang","countryName":"Equatorial Guinea"},{"cityName":"Nkinfala","countryName":"Equatorial Guinea"},{"cityName":"Nkin","countryName":"Equatorial Guinea"},{"cityName":"Nkimi","countryName":"Equatorial Guinea"},{"cityName":"Nkienayu","countryName":"Equatorial Guinea"},{"cityName":"Nkecnsoc","countryName":"Equatorial Guinea"},{"cityName":"Nium","countryName":"Equatorial Guinea"},{"cityName":"Nifala","countryName":"Equatorial Guinea"},{"cityName":"Niemoyong","countryName":"Equatorial Guinea"},{"cityName":"Niemitang","countryName":"Equatorial Guinea"},{"cityName":"Niemayong","countryName":"Equatorial Guinea"},{"cityName":"Niefang","countryName":"Equatorial Guinea"},{"cityName":"Niefala","countryName":"Equatorial Guinea"},{"cityName":"Niasang","countryName":"Equatorial Guinea"},{"cityName":"Niasam","countryName":"Equatorial Guinea"},{"cityName":"Nianam","countryName":"Equatorial Guinea"},{"cityName":"Niamoyong","countryName":"Equatorial Guinea"},{"cityName":"Niamayong","countryName":"Equatorial Guinea"},{"cityName":"Niadyibe","countryName":"Equatorial Guinea"},{"cityName":"Niabiguo","countryName":"Equatorial Guinea"},{"cityName":"Nguotnsoc","countryName":"Equatorial Guinea"},{"cityName":"Nguolensoc","countryName":"Equatorial Guinea"},{"cityName":"Ngungum","countryName":"Equatorial Guinea"},{"cityName":"Ngumo","countryName":"Equatorial Guinea"},{"cityName":"Nguinasom","countryName":"Equatorial Guinea"},{"cityName":"Nguiebe","countryName":"Equatorial Guinea"},{"cityName":"Ngueogo","countryName":"Equatorial Guinea"},{"cityName":"Nguema","countryName":"Equatorial Guinea"},{"cityName":"Nguelensoc","countryName":"Equatorial Guinea"},{"cityName":"Nguele","countryName":"Equatorial Guinea"},{"cityName":"Ngueayong","countryName":"Equatorial Guinea"},{"cityName":"Nguba","countryName":"Equatorial Guinea"},{"cityName":"Nguanden","countryName":"Equatorial Guinea"},{"cityName":"Nguanda","countryName":"Equatorial Guinea"},{"cityName":"Ngossoc","countryName":"Equatorial Guinea"},{"cityName":"Ngonsoc","countryName":"Equatorial Guinea"},{"cityName":"Ngono","countryName":"Equatorial Guinea"},{"cityName":"Ngong","countryName":"Equatorial Guinea"},{"cityName":"Ngonemanga","countryName":"Equatorial Guinea"},{"cityName":"Ngonekie","countryName":"Equatorial Guinea"},{"cityName":"Ngondum","countryName":"Equatorial Guinea"},{"cityName":"Ngona","countryName":"Equatorial Guinea"},{"cityName":"Ngon","countryName":"Equatorial Guinea"},{"cityName":"Ngomgom","countryName":"Equatorial Guinea"},{"cityName":"Ngomete","countryName":"Equatorial Guinea"},{"cityName":"Ngomasi","countryName":"Equatorial Guinea"},{"cityName":"Ngoma","countryName":"Equatorial Guinea"},{"cityName":"Ngolomo","countryName":"Equatorial Guinea"},{"cityName":"Ngole","countryName":"Equatorial Guinea"},{"cityName":"Ngobi","countryName":"Equatorial Guinea"},{"cityName":"Ngoacua","countryName":"Equatorial Guinea"},{"cityName":"Ngo","countryName":"Equatorial Guinea"},{"cityName":"Ngang","countryName":"Equatorial Guinea"},{"cityName":"Nganayong","countryName":"Equatorial Guinea"},{"cityName":"Ngana","countryName":"Equatorial Guinea"},{"cityName":"Ngamb","countryName":"Equatorial Guinea"},{"cityName":"Nfumu","countryName":"Equatorial Guinea"},{"cityName":"Nfonga","countryName":"Equatorial Guinea"},{"cityName":"Nfintang","countryName":"Equatorial Guinea"},{"cityName":"Nfeme","countryName":"Equatorial Guinea"},{"cityName":"Nemalen","countryName":"Equatorial Guinea"},{"cityName":"Ndyumengue","countryName":"Equatorial Guinea"},{"cityName":"Ndyong","countryName":"Equatorial Guinea"},{"cityName":"Ndyomso","countryName":"Equatorial Guinea"},{"cityName":"Ndyiacom","countryName":"Equatorial Guinea"},{"cityName":"Ndyentum","countryName":"Equatorial Guinea"},{"cityName":"Ndyengom","countryName":"Equatorial Guinea"},{"cityName":"Ndyengmiang","countryName":"Equatorial Guinea"},{"cityName":"Ndyengmendyim","countryName":"Equatorial Guinea"},{"cityName":"Ndyengayong","countryName":"Equatorial Guinea"},{"cityName":"Ndyedum","countryName":"Equatorial Guinea"},{"cityName":"Ndumulu","countryName":"Equatorial Guinea"},{"cityName":"Ndumuc","countryName":"Equatorial Guinea"},{"cityName":"Ndumo","countryName":"Equatorial Guinea"},{"cityName":"Ndumnco","countryName":"Equatorial Guinea"},{"cityName":"Ndumensoc","countryName":"Equatorial Guinea"},{"cityName":"Nduma","countryName":"Equatorial Guinea"},{"cityName":"Ndote","countryName":"Equatorial Guinea"},{"cityName":"Ndorocui","countryName":"Equatorial Guinea"},{"cityName":"Ndong","countryName":"Equatorial Guinea"},{"cityName":"Ndomnco","countryName":"Equatorial Guinea"},{"cityName":"Ndombo","countryName":"Equatorial Guinea"},{"cityName":"Ndomayop","countryName":"Equatorial Guinea"},{"cityName":"Ndogo","countryName":"Equatorial Guinea"},{"cityName":"Ndengue","countryName":"Equatorial Guinea"},{"cityName":"Ndeng","countryName":"Equatorial Guinea"},{"cityName":"Ndele","countryName":"Equatorial Guinea"},{"cityName":"Ndayos","countryName":"Equatorial Guinea"},{"cityName":"Ndangueng","countryName":"Equatorial Guinea"},{"cityName":"Ndancong","countryName":"Equatorial Guinea"},{"cityName":"Ndama","countryName":"Equatorial Guinea"},{"cityName":"Ndale","countryName":"Equatorial Guinea"},{"cityName":"Ndalama","countryName":"Equatorial Guinea"},{"cityName":"Ndaga","countryName":"Equatorial Guinea"},{"cityName":"Ncut","countryName":"Equatorial Guinea"},{"cityName":"Ncumuton","countryName":"Equatorial Guinea"},{"cityName":"Ncumikie","countryName":"Equatorial Guinea"},{"cityName":"Ncumesong","countryName":"Equatorial Guinea"},{"cityName":"Ncumekie","countryName":"Equatorial Guinea"},{"cityName":"Ncumedum","countryName":"Equatorial Guinea"},{"cityName":"Ncumecoc","countryName":"Equatorial Guinea"},{"cityName":"Ncumadyap","countryName":"Equatorial Guinea"},{"cityName":"Ncum","countryName":"Equatorial Guinea"},{"cityName":"Ncuefulan","countryName":"Equatorial Guinea"},{"cityName":"Ncue","countryName":"Equatorial Guinea"},{"cityName":"Ncuara","countryName":"Equatorial Guinea"},{"cityName":"Ncorveng","countryName":"Equatorial Guinea"},{"cityName":"Ncorennam","countryName":"Equatorial Guinea"},{"cityName":"Ncooveng","countryName":"Equatorial Guinea"},{"cityName":"Ncomococ","countryName":"Equatorial Guinea"},{"cityName":"Ncomo","countryName":"Equatorial Guinea"},{"cityName":"Ncomedyi","countryName":"Equatorial Guinea"},{"cityName":"Ncombia","countryName":"Equatorial Guinea"},{"cityName":"Ncomayos","countryName":"Equatorial Guinea"},{"cityName":"Ncomayop","countryName":"Equatorial Guinea"},{"cityName":"Ncomayang","countryName":"Equatorial Guinea"},{"cityName":"Ncomacoc","countryName":"Equatorial Guinea"},{"cityName":"Ncomacac","countryName":"Equatorial Guinea"},{"cityName":"Ncolete","countryName":"Equatorial Guinea"},{"cityName":"Ncolayop","countryName":"Equatorial Guinea"},{"cityName":"Ncolamvan","countryName":"Equatorial Guinea"},{"cityName":"Ncolamvam","countryName":"Equatorial Guinea"},{"cityName":"Ncolabam","countryName":"Equatorial Guinea"},{"cityName":"Ncogoekie","countryName":"Equatorial Guinea"},{"cityName":"Ncoesi","countryName":"Equatorial Guinea"},{"cityName":"Ncoenco","countryName":"Equatorial Guinea"},{"cityName":"Ncoekie","countryName":"Equatorial Guinea"},{"cityName":"Ncocntono","countryName":"Equatorial Guinea"},{"cityName":"Ncobeben","countryName":"Equatorial Guinea"},{"cityName":"Ncoatom","countryName":"Equatorial Guinea"},{"cityName":"Ncoasia","countryName":"Equatorial Guinea"},{"cityName":"Ncoasas","countryName":"Equatorial Guinea"},{"cityName":"Ncoangala","countryName":"Equatorial Guinea"},{"cityName":"Ncoanen","countryName":"Equatorial Guinea"},{"cityName":"Ncoamvam","countryName":"Equatorial Guinea"},{"cityName":"Ncoambe","countryName":"Equatorial Guinea"},{"cityName":"Ncoaelon","countryName":"Equatorial Guinea"},{"cityName":"Ncoaekie","countryName":"Equatorial Guinea"},{"cityName":"Ncoaecuc","countryName":"Equatorial Guinea"},{"cityName":"Ncoaeben","countryName":"Equatorial Guinea"},{"cityName":"Ncoadyap","countryName":"Equatorial Guinea"},{"cityName":"Ncoacom","countryName":"Equatorial Guinea"},{"cityName":"Ncoabeben","countryName":"Equatorial Guinea"},{"cityName":"Ncoabang","countryName":"Equatorial Guinea"},{"cityName":"Nco","countryName":"Equatorial Guinea"},{"cityName":"Nchengbor","countryName":"Equatorial Guinea"},{"cityName":"Nchengayong","countryName":"Equatorial Guinea"},{"cityName":"Nchegayong","countryName":"Equatorial Guinea"},{"cityName":"Ncasia","countryName":"Equatorial Guinea"},{"cityName":"Ncan","countryName":"Equatorial Guinea"},{"cityName":"Ncamayop","countryName":"Equatorial Guinea"},{"cityName":"Ncamanvi","countryName":"Equatorial Guinea"},{"cityName":"Ncama","countryName":"Equatorial Guinea"},{"cityName":"Ncalayong","countryName":"Equatorial Guinea"},{"cityName":"Nbubui","countryName":"Equatorial Guinea"},{"cityName":"Nbono","countryName":"Equatorial Guinea"},{"cityName":"Nbona","countryName":"Equatorial Guinea"},{"cityName":"Nboman","countryName":"Equatorial Guinea"},{"cityName":"Nasanga","countryName":"Equatorial Guinea"},{"cityName":"Nanda","countryName":"Equatorial Guinea"},{"cityName":"Nanama","countryName":"Equatorial Guinea"},{"cityName":"Namicale","countryName":"Equatorial Guinea"},{"cityName":"Namenu","countryName":"Equatorial Guinea"},{"cityName":"Namelen","countryName":"Equatorial Guinea"},{"cityName":"Mvubu","countryName":"Equatorial Guinea"},{"cityName":"Mvongo","countryName":"Equatorial Guinea"},{"cityName":"Mvong","countryName":"Equatorial Guinea"},{"cityName":"Mvomo","countryName":"Equatorial Guinea"},{"cityName":"Mvometom","countryName":"Equatorial Guinea"},{"cityName":"Mvomayoc","countryName":"Equatorial Guinea"},{"cityName":"Mvom","countryName":"Equatorial Guinea"},{"cityName":"Mvoayop","countryName":"Equatorial Guinea"},{"cityName":"Mviga","countryName":"Equatorial Guinea"},{"cityName":"Mvengayong","countryName":"Equatorial Guinea"},{"cityName":"Mveng","countryName":"Equatorial Guinea"},{"cityName":"Mveayong","countryName":"Equatorial Guinea"},{"cityName":"Mvang","countryName":"Equatorial Guinea"},{"cityName":"Mvain","countryName":"Equatorial Guinea"},{"cityName":"Musola","countryName":"Equatorial Guinea"},{"cityName":"Musoc","countryName":"Equatorial Guinea"},{"cityName":"Mumbe","countryName":"Equatorial Guinea"},{"cityName":"Moyo","countryName":"Equatorial Guinea"},{"cityName":"Movo","countryName":"Equatorial Guinea"},{"cityName":"Motup","countryName":"Equatorial Guinea"},{"cityName":"Motuin","countryName":"Equatorial Guinea"},{"cityName":"Motomo","countryName":"Equatorial Guinea"},{"cityName":"Motom","countryName":"Equatorial Guinea"},{"cityName":"Mosumo","countryName":"Equatorial Guinea"},{"cityName":"Mosoc","countryName":"Equatorial Guinea"},{"cityName":"Monung","countryName":"Equatorial Guinea"},{"cityName":"Monte Bata","countryName":"Equatorial Guinea"},{"cityName":"Monte Alen","countryName":"Equatorial Guinea"},{"cityName":"Mongoy","countryName":"Equatorial Guinea"},{"cityName":"Mongong","countryName":"Equatorial Guinea"},{"cityName":"Mongomo-Ngoc","countryName":"Equatorial Guinea"},{"cityName":"Mongomo","countryName":"Equatorial Guinea"},{"cityName":"Mongola","countryName":"Equatorial Guinea"},{"cityName":"Mongo","countryName":"Equatorial Guinea"},{"cityName":"Mondoo","countryName":"Equatorial Guinea"},{"cityName":"Mondoc","countryName":"Equatorial Guinea"},{"cityName":"Momvo","countryName":"Equatorial Guinea"},{"cityName":"Molon","countryName":"Equatorial Guinea"},{"cityName":"Molomo","countryName":"Equatorial Guinea"},{"cityName":"Molomebe","countryName":"Equatorial Guinea"},{"cityName":"Mogup","countryName":"Equatorial Guinea"},{"cityName":"Moguomo","countryName":"Equatorial Guinea"},{"cityName":"Moganda","countryName":"Equatorial Guinea"},{"cityName":"Moga","countryName":"Equatorial Guinea"},{"cityName":"Mofui","countryName":"Equatorial Guinea"},{"cityName":"Mofono","countryName":"Equatorial Guinea"},{"cityName":"Moeri","countryName":"Equatorial Guinea"},{"cityName":"Mocuu","countryName":"Equatorial Guinea"},{"cityName":"Moconaman","countryName":"Equatorial Guinea"},{"cityName":"Mocomo","countryName":"Equatorial Guinea"},{"cityName":"Mocoga","countryName":"Equatorial Guinea"},{"cityName":"Mococ","countryName":"Equatorial Guinea"},{"cityName":"Mocoamongona","countryName":"Equatorial Guinea"},{"cityName":"Mocoa","countryName":"Equatorial Guinea"},{"cityName":"Moca","countryName":"Equatorial Guinea"},{"cityName":"Miyoman","countryName":"Equatorial Guinea"},{"cityName":"Miuma","countryName":"Equatorial Guinea"},{"cityName":"Mitong","countryName":"Equatorial Guinea"},{"cityName":"Mitomo","countryName":"Equatorial Guinea"},{"cityName":"Mitombo","countryName":"Equatorial Guinea"},{"cityName":"Mitemele","countryName":"Equatorial Guinea"},{"cityName":"Mitang","countryName":"Equatorial Guinea"},{"cityName":"Misobong","countryName":"Equatorial Guinea"},{"cityName":"Misere","countryName":"Equatorial Guinea"},{"cityName":"Miselgue","countryName":"Equatorial Guinea"},{"cityName":"Misegue","countryName":"Equatorial Guinea"},{"cityName":"Misega","countryName":"Equatorial Guinea"},{"cityName":"Misaa","countryName":"Equatorial Guinea"},{"cityName":"Mipemba","countryName":"Equatorial Guinea"},{"cityName":"Minsenminsoc","countryName":"Equatorial Guinea"},{"cityName":"Minsengminsoc","countryName":"Equatorial Guinea"},{"cityName":"Minomo","countryName":"Equatorial Guinea"},{"cityName":"Minlom","countryName":"Equatorial Guinea"},{"cityName":"Mindyimitom","countryName":"Equatorial Guinea"},{"cityName":"Mindyiminve","countryName":"Equatorial Guinea"},{"cityName":"Mindyimasia","countryName":"Equatorial Guinea"},{"cityName":"Minbamengui","countryName":"Equatorial Guinea"},{"cityName":"Minang","countryName":"Equatorial Guinea"},{"cityName":"Minague","countryName":"Equatorial Guinea"},{"cityName":"Mimbamengui","countryName":"Equatorial Guinea"},{"cityName":"Milong","countryName":"Equatorial Guinea"},{"cityName":"Milega","countryName":"Equatorial Guinea"},{"cityName":"Milang","countryName":"Equatorial Guinea"},{"cityName":"Mikomeseng","countryName":"Equatorial Guinea"},{"cityName":"Miguase","countryName":"Equatorial Guinea"},{"cityName":"Miguala","countryName":"Equatorial Guinea"},{"cityName":"Midyobo","countryName":"Equatorial Guinea"},{"cityName":"Midyimiton","countryName":"Equatorial Guinea"},{"cityName":"Midyimitom","countryName":"Equatorial Guinea"},{"cityName":"Midumo","countryName":"Equatorial Guinea"},{"cityName":"Midong","countryName":"Equatorial Guinea"},{"cityName":"Micueme","countryName":"Equatorial Guinea"},{"cityName":"Micongmikie","countryName":"Equatorial Guinea"},{"cityName":"Micong","countryName":"Equatorial Guinea"},{"cityName":"Micomocomo","countryName":"Equatorial Guinea"},{"cityName":"Micomibe","countryName":"Equatorial Guinea"},{"cityName":"Micombo","countryName":"Equatorial Guinea"},{"cityName":"Mico","countryName":"Equatorial Guinea"},{"cityName":"Michoo","countryName":"Equatorial Guinea"},{"cityName":"Micheng","countryName":"Equatorial Guinea"},{"cityName":"Micha","countryName":"Equatorial Guinea"},{"cityName":"Micaosi","countryName":"Equatorial Guinea"},{"cityName":"Mican","countryName":"Equatorial Guinea"},{"cityName":"Micamitan","countryName":"Equatorial Guinea"},{"cityName":"Micala","countryName":"Equatorial Guinea"},{"cityName":"Mibonde","countryName":"Equatorial Guinea"},{"cityName":"Mibe","countryName":"Equatorial Guinea"},{"cityName":"Miban","countryName":"Equatorial Guinea"},{"cityName":"Miba-Menga","countryName":"Equatorial Guinea"},{"cityName":"Mibamenga","countryName":"Equatorial Guinea"},{"cityName":"Mibam","countryName":"Equatorial Guinea"},{"cityName":"Miang","countryName":"Equatorial Guinea"},{"cityName":"Mgundu","countryName":"Equatorial Guinea"},{"cityName":"Mfurencoc","countryName":"Equatorial Guinea"},{"cityName":"Mfumayop","countryName":"Equatorial Guinea"},{"cityName":"Mfulu","countryName":"Equatorial Guinea"},{"cityName":"Mfulesong","countryName":"Equatorial Guinea"},{"cityName":"Mfulayong","countryName":"Equatorial Guinea"},{"cityName":"Mfulacon","countryName":"Equatorial Guinea"},{"cityName":"Mfulacom","countryName":"Equatorial Guinea"},{"cityName":"Mfui","countryName":"Equatorial Guinea"},{"cityName":"Mfua","countryName":"Equatorial Guinea"},{"cityName":"Mfene","countryName":"Equatorial Guinea"},{"cityName":"Mfeme","countryName":"Equatorial Guinea"},{"cityName":"Mfana","countryName":"Equatorial Guinea"},{"cityName":"Mfan","countryName":"Equatorial Guinea"},{"cityName":"Mfaman","countryName":"Equatorial Guinea"},{"cityName":"Mfama","countryName":"Equatorial Guinea"},{"cityName":"Meyec","countryName":"Equatorial Guinea"},{"cityName":"Metolo","countryName":"Equatorial Guinea"},{"cityName":"Metemelete","countryName":"Equatorial Guinea"},{"cityName":"Meta","countryName":"Equatorial Guinea"},{"cityName":"Mesomoboc","countryName":"Equatorial Guinea"},{"cityName":"Mesoc","countryName":"Equatorial Guinea"},{"cityName":"Mesia","countryName":"Equatorial Guinea"},{"cityName":"Meseng","countryName":"Equatorial Guinea"},{"cityName":"Mengui","countryName":"Equatorial Guinea"},{"cityName":"Mendung","countryName":"Equatorial Guinea"},{"cityName":"Mendemayop","countryName":"Equatorial Guinea"},{"cityName":"Mendanga","countryName":"Equatorial Guinea"},{"cityName":"Menang","countryName":"Equatorial Guinea"},{"cityName":"Melongmelong","countryName":"Equatorial Guinea"},{"cityName":"Melong","countryName":"Equatorial Guinea"},{"cityName":"Melimbinambongo","countryName":"Equatorial Guinea"},{"cityName":"Melen","countryName":"Equatorial Guinea"},{"cityName":"Melega","countryName":"Equatorial Guinea"},{"cityName":"Melan","countryName":"Equatorial Guinea"},{"cityName":"Mejocoloque","countryName":"Equatorial Guinea"},{"cityName":"Meguombo","countryName":"Equatorial Guinea"},{"cityName":"Mefo","countryName":"Equatorial Guinea"},{"cityName":"Mefeng","countryName":"Equatorial Guinea"},{"cityName":"Medyanga","countryName":"Equatorial Guinea"},{"cityName":"Medouneau","countryName":"Equatorial Guinea"},{"cityName":"Mecac","countryName":"Equatorial Guinea"},{"cityName":"Meboman","countryName":"Equatorial Guinea"},{"cityName":"Mebing","countryName":"Equatorial Guinea"},{"cityName":"Mebaya","countryName":"Equatorial Guinea"},{"cityName":"Mebang","countryName":"Equatorial Guinea"},{"cityName":"Mebametan","countryName":"Equatorial Guinea"},{"cityName":"Mebain","countryName":"Equatorial Guinea"},{"cityName":"Mbut","countryName":"Equatorial Guinea"},{"cityName":"Mbun","countryName":"Equatorial Guinea"},{"cityName":"Mbum","countryName":"Equatorial Guinea"},{"cityName":"Mbula","countryName":"Equatorial Guinea"},{"cityName":"Mbuc","countryName":"Equatorial Guinea"},{"cityName":"Mbubuin","countryName":"Equatorial Guinea"},{"cityName":"Mbubui","countryName":"Equatorial Guinea"},{"cityName":"Mbonete","countryName":"Equatorial Guinea"},{"cityName":"Mbondo","countryName":"Equatorial Guinea"},{"cityName":"Mbonda","countryName":"Equatorial Guinea"},{"cityName":"Mbomo","countryName":"Equatorial Guinea"},{"cityName":"Mbominang","countryName":"Equatorial Guinea"},{"cityName":"Mboman","countryName":"Equatorial Guinea"},{"cityName":"Mboma","countryName":"Equatorial Guinea"},{"cityName":"Mbola","countryName":"Equatorial Guinea"},{"cityName":"Mboete","countryName":"Equatorial Guinea"},{"cityName":"Mbiralen","countryName":"Equatorial Guinea"},{"cityName":"Mbiombio","countryName":"Equatorial Guinea"},{"cityName":"Mbintang","countryName":"Equatorial Guinea"},{"cityName":"Mbini","countryName":"Equatorial Guinea"},{"cityName":"Mbinda","countryName":"Equatorial Guinea"},{"cityName":"Mbifala","countryName":"Equatorial Guinea"},{"cityName":"Mbenam","countryName":"Equatorial Guinea"},{"cityName":"Mbeme","countryName":"Equatorial Guinea"},{"cityName":"Mbelobi","countryName":"Equatorial Guinea"},{"cityName":"Mbeenam","countryName":"Equatorial Guinea"},{"cityName":"Mbedumo","countryName":"Equatorial Guinea"},{"cityName":"Mbeayop","countryName":"Equatorial Guinea"},{"cityName":"Mbe","countryName":"Equatorial Guinea"},{"cityName":"Mbaseng","countryName":"Equatorial Guinea"},{"cityName":"Mbarangun","countryName":"Equatorial Guinea"},{"cityName":"Mbangosi","countryName":"Equatorial Guinea"},{"cityName":"Mbanenvila","countryName":"Equatorial Guinea"},{"cityName":"Mban","countryName":"Equatorial Guinea"},{"cityName":"Mbamansoc","countryName":"Equatorial Guinea"},{"cityName":"Mbam","countryName":"Equatorial Guinea"},{"cityName":"Mbabiyegue","countryName":"Equatorial Guinea"},{"cityName":"Mba","countryName":"Equatorial Guinea"},{"cityName":"Mayos","countryName":"Equatorial Guinea"},{"cityName":"Mayom","countryName":"Equatorial Guinea"},{"cityName":"Mayeme","countryName":"Equatorial Guinea"},{"cityName":"Mayang","countryName":"Equatorial Guinea"},{"cityName":"Mayala","countryName":"Equatorial Guinea"},{"cityName":"Mavuno","countryName":"Equatorial Guinea"},{"cityName":"Mavo","countryName":"Equatorial Guinea"},{"cityName":"Maule de Gaesa","countryName":"Equatorial Guinea"},{"cityName":"Maule","countryName":"Equatorial Guinea"},{"cityName":"Matungu","countryName":"Equatorial Guinea"},{"cityName":"Matuin","countryName":"Equatorial Guinea"},{"cityName":"Matondo","countryName":"Equatorial Guinea"},{"cityName":"Matamasi","countryName":"Equatorial Guinea"},{"cityName":"Matadiate","countryName":"Equatorial Guinea"},{"cityName":"Mataamalong","countryName":"Equatorial Guinea"},{"cityName":"Masungmening","countryName":"Equatorial Guinea"},{"cityName":"Masugmening","countryName":"Equatorial Guinea"},{"cityName":"Masomo","countryName":"Equatorial Guinea"},{"cityName":"Masoc","countryName":"Equatorial Guinea"},{"cityName":"Maseyem","countryName":"Equatorial Guinea"},{"cityName":"Maseng","countryName":"Equatorial Guinea"},{"cityName":"Masama","countryName":"Equatorial Guinea"},{"cityName":"Masam","countryName":"Equatorial Guinea"},{"cityName":"Masa","countryName":"Equatorial Guinea"},{"cityName":"Manyanga","countryName":"Equatorial Guinea"},{"cityName":"Manung","countryName":"Equatorial Guinea"},{"cityName":"Manumone","countryName":"Equatorial Guinea"},{"cityName":"Manseng","countryName":"Equatorial Guinea"},{"cityName":"Mangumala","countryName":"Equatorial Guinea"},{"cityName":"Manguma","countryName":"Equatorial Guinea"},{"cityName":"Mangui","countryName":"Equatorial Guinea"},{"cityName":"Mangone","countryName":"Equatorial Guinea"},{"cityName":"Mangola","countryName":"Equatorial Guinea"},{"cityName":"Mangasi","countryName":"Equatorial Guinea"},{"cityName":"Mangala","countryName":"Equatorial Guinea"},{"cityName":"Manga","countryName":"Equatorial Guinea"},{"cityName":"Mane","countryName":"Equatorial Guinea"},{"cityName":"Manduma","countryName":"Equatorial Guinea"},{"cityName":"Mandum","countryName":"Equatorial Guinea"},{"cityName":"Mandoc","countryName":"Equatorial Guinea"},{"cityName":"Mandame","countryName":"Equatorial Guinea"},{"cityName":"Manchine","countryName":"Equatorial Guinea"},{"cityName":"Man","countryName":"Equatorial Guinea"},{"cityName":"Mameni","countryName":"Equatorial Guinea"},{"cityName":"Maloo","countryName":"Equatorial Guinea"},{"cityName":"Malen","countryName":"Equatorial Guinea"},{"cityName":"Malem","countryName":"Equatorial Guinea"},{"cityName":"Malangale","countryName":"Equatorial Guinea"},{"cityName":"Malancha","countryName":"Equatorial Guinea"},{"cityName":"Malabo","countryName":"Equatorial Guinea"},{"cityName":"Magane","countryName":"Equatorial Guinea"},{"cityName":"Mae","countryName":"Equatorial Guinea"},{"cityName":"Madyap","countryName":"Equatorial Guinea"},{"cityName":"Madyamebe","countryName":"Equatorial Guinea"},{"cityName":"Madyamabe","countryName":"Equatorial Guinea"},{"cityName":"Macula","countryName":"Equatorial Guinea"},{"cityName":"Macoraete","countryName":"Equatorial Guinea"},{"cityName":"Macora","countryName":"Equatorial Guinea"},{"cityName":"Maconanan","countryName":"Equatorial Guinea"},{"cityName":"Maconanam","countryName":"Equatorial Guinea"},{"cityName":"Macon","countryName":"Equatorial Guinea"},{"cityName":"Macomo","countryName":"Equatorial Guinea"},{"cityName":"Macom","countryName":"Equatorial Guinea"},{"cityName":"Macogu","countryName":"Equatorial Guinea"},{"cityName":"Macoga","countryName":"Equatorial Guinea"},{"cityName":"Macoete","countryName":"Equatorial Guinea"},{"cityName":"Macoc","countryName":"Equatorial Guinea"},{"cityName":"Machine","countryName":"Equatorial Guinea"},{"cityName":"Machinda","countryName":"Equatorial Guinea"},{"cityName":"Machaua","countryName":"Equatorial Guinea"},{"cityName":"Macamensoc","countryName":"Equatorial Guinea"},{"cityName":"Macac","countryName":"Equatorial Guinea"},{"cityName":"Mabuno","countryName":"Equatorial Guinea"},{"cityName":"Mabumuom","countryName":"Equatorial Guinea"},{"cityName":"Mabuki","countryName":"Equatorial Guinea"},{"cityName":"Maboo","countryName":"Equatorial Guinea"},{"cityName":"Mabono","countryName":"Equatorial Guinea"},{"cityName":"Mabomo","countryName":"Equatorial Guinea"},{"cityName":"Maboe","countryName":"Equatorial Guinea"},{"cityName":"Mabo","countryName":"Equatorial Guinea"},{"cityName":"Mabesan","countryName":"Equatorial Guinea"},{"cityName":"Mabere","countryName":"Equatorial Guinea"},{"cityName":"Mabeman","countryName":"Equatorial Guinea"},{"cityName":"Mabem","countryName":"Equatorial Guinea"},{"cityName":"Mabele","countryName":"Equatorial Guinea"},{"cityName":"Mabeguolo","countryName":"Equatorial Guinea"},{"cityName":"Mabeguele","countryName":"Equatorial Guinea"},{"cityName":"Mabama","countryName":"Equatorial Guinea"},{"cityName":"Mabam","countryName":"Equatorial Guinea"},{"cityName":"Mabain","countryName":"Equatorial Guinea"},{"cityName":"Maan","countryName":"Equatorial Guinea"},{"cityName":"Lungu","countryName":"Equatorial Guinea"},{"cityName":"Luango","countryName":"Equatorial Guinea"},{"cityName":"Long","countryName":"Equatorial Guinea"},{"cityName":"Lobe","countryName":"Equatorial Guinea"},{"cityName":"Loayop","countryName":"Equatorial Guinea"},{"cityName":"Loa","countryName":"Equatorial Guinea"},{"cityName":"Lisboa","countryName":"Equatorial Guinea"},{"cityName":"Liengue","countryName":"Equatorial Guinea"},{"cityName":"Leng","countryName":"Equatorial Guinea"},{"cityName":"Lembue","countryName":"Equatorial Guinea"},{"cityName":"Lea","countryName":"Equatorial Guinea"},{"cityName":"Laca","countryName":"Equatorial Guinea"},{"cityName":"Kiri","countryName":"Equatorial Guinea"},{"cityName":"King","countryName":"Equatorial Guinea"},{"cityName":"Kinbendag","countryName":"Equatorial Guinea"},{"cityName":"Kinanongo","countryName":"Equatorial Guinea"},{"cityName":"Kim","countryName":"Equatorial Guinea"},{"cityName":"Janye","countryName":"Equatorial Guinea"},{"cityName":"Janga","countryName":"Equatorial Guinea"},{"cityName":"Jaaye","countryName":"Equatorial Guinea"},{"cityName":"Izaguirre","countryName":"Equatorial Guinea"},{"cityName":"Italamanga","countryName":"Equatorial Guinea"},{"cityName":"Ilende","countryName":"Equatorial Guinea"},{"cityName":"Ilale","countryName":"Equatorial Guinea"},{"cityName":"Ikunde","countryName":"Equatorial Guinea"},{"cityName":"Ihoni-Yandonu","countryName":"Equatorial Guinea"},{"cityName":"Iguene","countryName":"Equatorial Guinea"},{"cityName":"Iduma","countryName":"Equatorial Guinea"},{"cityName":"Idolo","countryName":"Equatorial Guinea"},{"cityName":"Icondo","countryName":"Equatorial Guinea"},{"cityName":"Ichime","countryName":"Equatorial Guinea"},{"cityName":"Icanicobi","countryName":"Equatorial Guinea"},{"cityName":"Ibonga","countryName":"Equatorial Guinea"},{"cityName":"Ibinamae","countryName":"Equatorial Guinea"},{"cityName":"Ibimbo","countryName":"Equatorial Guinea"},{"cityName":"Ibenga","countryName":"Equatorial Guinea"},{"cityName":"Hoba-Capi","countryName":"Equatorial Guinea"},{"cityName":"Gobe","countryName":"Equatorial Guinea"},{"cityName":"Ginguina","countryName":"Equatorial Guinea"},{"cityName":"Gabongobo","countryName":"Equatorial Guinea"},{"cityName":"Fula","countryName":"Equatorial Guinea"},{"cityName":"Fublia","countryName":"Equatorial Guinea"},{"cityName":"Fua","countryName":"Equatorial Guinea"},{"cityName":"Foo","countryName":"Equatorial Guinea"},{"cityName":"Fonete","countryName":"Equatorial Guinea"},{"cityName":"Fimacoc","countryName":"Equatorial Guinea"},{"cityName":"Fenayop","countryName":"Equatorial Guinea"},{"cityName":"Feme","countryName":"Equatorial Guinea"},{"cityName":"Fegayong","countryName":"Equatorial Guinea"},{"cityName":"Eyubu","countryName":"Equatorial Guinea"},{"cityName":"Eyom","countryName":"Equatorial Guinea"},{"cityName":"Eyiyielon","countryName":"Equatorial Guinea"},{"cityName":"Eyina","countryName":"Equatorial Guinea"},{"cityName":"Eyen","countryName":"Equatorial Guinea"},{"cityName":"Eyang","countryName":"Equatorial Guinea"},{"cityName":"Eyanebot","countryName":"Equatorial Guinea"},{"cityName":"Eyamoyong","countryName":"Equatorial Guinea"},{"cityName":"Eyameyong","countryName":"Equatorial Guinea"},{"cityName":"Eyamayong","countryName":"Equatorial Guinea"},{"cityName":"Eyabe","countryName":"Equatorial Guinea"},{"cityName":"Evuennan","countryName":"Equatorial Guinea"},{"cityName":"Evuenam","countryName":"Equatorial Guinea"},{"cityName":"Evor","countryName":"Equatorial Guinea"},{"cityName":"Evongo","countryName":"Equatorial Guinea"},{"cityName":"Evodulu","countryName":"Equatorial Guinea"},{"cityName":"Evocuon","countryName":"Equatorial Guinea"},{"cityName":"Evoaryulu","countryName":"Equatorial Guinea"},{"cityName":"Evoardulu","countryName":"Equatorial Guinea"},{"cityName":"Evinayong","countryName":"Equatorial Guinea"},{"cityName":"Evina","countryName":"Equatorial Guinea"},{"cityName":"Evesasi","countryName":"Equatorial Guinea"},{"cityName":"Eves","countryName":"Equatorial Guinea"},{"cityName":"Evenam","countryName":"Equatorial Guinea"},{"cityName":"Evansoc","countryName":"Equatorial Guinea"},{"cityName":"Evaa","countryName":"Equatorial Guinea"},{"cityName":"Euonanam","countryName":"Equatorial Guinea"},{"cityName":"Etong","countryName":"Equatorial Guinea"},{"cityName":"Eton","countryName":"Equatorial Guinea"},{"cityName":"Etom","countryName":"Equatorial Guinea"},{"cityName":"Etogo","countryName":"Equatorial Guinea"},{"cityName":"Etoantan","countryName":"Equatorial Guinea"},{"cityName":"Eteng","countryName":"Equatorial Guinea"},{"cityName":"Etembue","countryName":"Equatorial Guinea"},{"cityName":"Eteguevein","countryName":"Equatorial Guinea"},{"cityName":"Eteete","countryName":"Equatorial Guinea"},{"cityName":"Esun","countryName":"Equatorial Guinea"},{"cityName":"Esua","countryName":"Equatorial Guinea"},{"cityName":"Esperanza","countryName":"Equatorial Guinea"},{"cityName":"Espana","countryName":"Equatorial Guinea"},{"cityName":"Esong","countryName":"Equatorial Guinea"},{"cityName":"Eson","countryName":"Equatorial Guinea"},{"cityName":"Esomo","countryName":"Equatorial Guinea"},{"cityName":"Esantua","countryName":"Equatorial Guinea"},{"cityName":"Esangui","countryName":"Equatorial Guinea"},{"cityName":"Esam","countryName":"Equatorial Guinea"},{"cityName":"Esalan","countryName":"Equatorial Guinea"},{"cityName":"Esactom","countryName":"Equatorial Guinea"},{"cityName":"Epole","countryName":"Equatorial Guinea"},{"cityName":"Eori","countryName":"Equatorial Guinea"},{"cityName":"Eoco","countryName":"Equatorial Guinea"},{"cityName":"Enusoc","countryName":"Equatorial Guinea"},{"cityName":"Enuc","countryName":"Equatorial Guinea"},{"cityName":"Ensalga","countryName":"Equatorial Guinea"},{"cityName":"Enormebei","countryName":"Equatorial Guinea"},{"cityName":"Enoc","countryName":"Equatorial Guinea"},{"cityName":"Eningabe","countryName":"Equatorial Guinea"},{"cityName":"Enigayong","countryName":"Equatorial Guinea"},{"cityName":"Enigaco","countryName":"Equatorial Guinea"},{"cityName":"Eniacugu","countryName":"Equatorial Guinea"},{"cityName":"Enguez","countryName":"Equatorial Guinea"},{"cityName":"Engongom","countryName":"Equatorial Guinea"},{"cityName":"Engong","countryName":"Equatorial Guinea"},{"cityName":"Engomngom","countryName":"Equatorial Guinea"},{"cityName":"Engas","countryName":"Equatorial Guinea"},{"cityName":"Enengmelen","countryName":"Equatorial Guinea"},{"cityName":"Eneng","countryName":"Equatorial Guinea"},{"cityName":"Endenden","countryName":"Equatorial Guinea"},{"cityName":"Endendem","countryName":"Equatorial Guinea"},{"cityName":"Endembe","countryName":"Equatorial Guinea"},{"cityName":"Encuantang","countryName":"Equatorial Guinea"},{"cityName":"Encoengoon","countryName":"Equatorial Guinea"},{"cityName":"Encoembe","countryName":"Equatorial Guinea"},{"cityName":"Enang","countryName":"Equatorial Guinea"},{"cityName":"Emvila","countryName":"Equatorial Guinea"},{"cityName":"Emvemve","countryName":"Equatorial Guinea"},{"cityName":"Embiert","countryName":"Equatorial Guinea"},{"cityName":"Emaraboc","countryName":"Equatorial Guinea"},{"cityName":"Elungu","countryName":"Equatorial Guinea"},{"cityName":"Elosoc","countryName":"Equatorial Guinea"},{"cityName":"Elonsam","countryName":"Equatorial Guinea"},{"cityName":"Elonguambane","countryName":"Equatorial Guinea"},{"cityName":"Elongo","countryName":"Equatorial Guinea"},{"cityName":"Elonglong","countryName":"Equatorial Guinea"},{"cityName":"Elong","countryName":"Equatorial Guinea"},{"cityName":"Elonesang","countryName":"Equatorial Guinea"},{"cityName":"Elonasi","countryName":"Equatorial Guinea"},{"cityName":"Elon","countryName":"Equatorial Guinea"},{"cityName":"Elolon","countryName":"Equatorial Guinea"},{"cityName":"Eloa","countryName":"Equatorial Guinea"},{"cityName":"Elende","countryName":"Equatorial Guinea"},{"cityName":"Elebelaba","countryName":"Equatorial Guinea"},{"cityName":"Elat","countryName":"Equatorial Guinea"},{"cityName":"Eguong","countryName":"Equatorial Guinea"},{"cityName":"Eguom","countryName":"Equatorial Guinea"},{"cityName":"Egon","countryName":"Equatorial Guinea"},{"cityName":"Efule","countryName":"Equatorial Guinea"},{"cityName":"Efulayong","countryName":"Equatorial Guinea"},{"cityName":"Efulan","countryName":"Equatorial Guinea"},{"cityName":"Efula","countryName":"Equatorial Guinea"},{"cityName":"Efon","countryName":"Equatorial Guinea"},{"cityName":"Edyuba","countryName":"Equatorial Guinea"},{"cityName":"Edyomeete","countryName":"Equatorial Guinea"},{"cityName":"Edumzam","countryName":"Equatorial Guinea"},{"cityName":"Edum","countryName":"Equatorial Guinea"},{"cityName":"Eduba","countryName":"Equatorial Guinea"},{"cityName":"Edolo","countryName":"Equatorial Guinea"},{"cityName":"Edobngong","countryName":"Equatorial Guinea"},{"cityName":"Ecurya","countryName":"Equatorial Guinea"},{"cityName":"Ecurudya","countryName":"Equatorial Guinea"},{"cityName":"Ecuon","countryName":"Equatorial Guinea"},{"cityName":"Ecumongom","countryName":"Equatorial Guinea"},{"cityName":"Ecumeben","countryName":"Equatorial Guinea"},{"cityName":"Ecumdum","countryName":"Equatorial Guinea"},{"cityName":"Ecumanguma","countryName":"Equatorial Guinea"},{"cityName":"Ecui","countryName":"Equatorial Guinea"},{"cityName":"Ecuco","countryName":"Equatorial Guinea"},{"cityName":"Ecuc","countryName":"Equatorial Guinea"},{"cityName":"Ecuamayene","countryName":"Equatorial Guinea"},{"cityName":"Ecuac","countryName":"Equatorial Guinea"},{"cityName":"Ecoo","countryName":"Equatorial Guinea"},{"cityName":"Econeguon","countryName":"Equatorial Guinea"},{"cityName":"Ecoguong","countryName":"Equatorial Guinea"},{"cityName":"Ecoguon","countryName":"Equatorial Guinea"},{"cityName":"Ecog","countryName":"Equatorial Guinea"},{"cityName":"Ecoco","countryName":"Equatorial Guinea"},{"cityName":"Ecoc","countryName":"Equatorial Guinea"},{"cityName":"Ecobenam","countryName":"Equatorial Guinea"},{"cityName":"Echam","countryName":"Equatorial Guinea"},{"cityName":"Echaesia","countryName":"Equatorial Guinea"},{"cityName":"Ecang","countryName":"Equatorial Guinea"},{"cityName":"Eburu","countryName":"Equatorial Guinea"},{"cityName":"Ebuma","countryName":"Equatorial Guinea"},{"cityName":"Eboto","countryName":"Equatorial Guinea"},{"cityName":"Ebongo","countryName":"Equatorial Guinea"},{"cityName":"Ebongle","countryName":"Equatorial Guinea"},{"cityName":"Ebomncu","countryName":"Equatorial Guinea"},{"cityName":"Ebomitong","countryName":"Equatorial Guinea"},{"cityName":"Ebomicu","countryName":"Equatorial Guinea"},{"cityName":"Ebom","countryName":"Equatorial Guinea"},{"cityName":"Eboloua","countryName":"Equatorial Guinea"},{"cityName":"Ebolobur","countryName":"Equatorial Guinea"},{"cityName":"Eboga","countryName":"Equatorial Guinea"},{"cityName":"Ebobut","countryName":"Equatorial Guinea"},{"cityName":"Eboamvam","countryName":"Equatorial Guinea"},{"cityName":"Eboafan","countryName":"Equatorial Guinea"},{"cityName":"Ebo","countryName":"Equatorial Guinea"},{"cityName":"Ebien","countryName":"Equatorial Guinea"},{"cityName":"Ebiane","countryName":"Equatorial Guinea"},{"cityName":"Ebesang","countryName":"Equatorial Guinea"},{"cityName":"Ebensam","countryName":"Equatorial Guinea"},{"cityName":"Ebengon","countryName":"Equatorial Guinea"},{"cityName":"Ebendo","countryName":"Equatorial Guinea"},{"cityName":"Ebemayong","countryName":"Equatorial Guinea"},{"cityName":"Ebebiyin","countryName":"Equatorial Guinea"},{"cityName":"Ebebeng","countryName":"Equatorial Guinea"},{"cityName":"Ebe","countryName":"Equatorial Guinea"},{"cityName":"Ebcua Meyene","countryName":"Equatorial Guinea"},{"cityName":"Ebasoc","countryName":"Equatorial Guinea"},{"cityName":"Ebara","countryName":"Equatorial Guinea"},{"cityName":"Ebansoc","countryName":"Equatorial Guinea"},{"cityName":"Ebanguesimba","countryName":"Equatorial Guinea"},{"cityName":"Ebang","countryName":"Equatorial Guinea"},{"cityName":"Ebane","countryName":"Equatorial Guinea"},{"cityName":"Ebana","countryName":"Equatorial Guinea"},{"cityName":"Ebamoyong","countryName":"Equatorial Guinea"},{"cityName":"Ebam","countryName":"Equatorial Guinea"},{"cityName":"Ebala","countryName":"Equatorial Guinea"},{"cityName":"Ebain","countryName":"Equatorial Guinea"},{"cityName":"Ebacoc","countryName":"Equatorial Guinea"},{"cityName":"Dyio","countryName":"Equatorial Guinea"},{"cityName":"Dyeng","countryName":"Equatorial Guinea"},{"cityName":"Dyaambem","countryName":"Equatorial Guinea"},{"cityName":"Dun","countryName":"Equatorial Guinea"},{"cityName":"Dumosi","countryName":"Equatorial Guinea"},{"cityName":"Dumanduin","countryName":"Equatorial Guinea"},{"cityName":"Dumandui","countryName":"Equatorial Guinea"},{"cityName":"Dum","countryName":"Equatorial Guinea"},{"cityName":"Domande","countryName":"Equatorial Guinea"},{"cityName":"Dogo","countryName":"Equatorial Guinea"},{"cityName":"Dipicar","countryName":"Equatorial Guinea"},{"cityName":"Dibolo","countryName":"Equatorial Guinea"},{"cityName":"Dibanyolo","countryName":"Equatorial Guinea"},{"cityName":"Deogracias","countryName":"Equatorial Guinea"},{"cityName":"Dama","countryName":"Equatorial Guinea"},{"cityName":"Dalama","countryName":"Equatorial Guinea"},{"cityName":"Cupapa","countryName":"Equatorial Guinea"},{"cityName":"Cunoguono","countryName":"Equatorial Guinea"},{"cityName":"Cumangul","countryName":"Equatorial Guinea"},{"cityName":"Cuma","countryName":"Equatorial Guinea"},{"cityName":"Culananda","countryName":"Equatorial Guinea"},{"cityName":"Cucumancoc","countryName":"Equatorial Guinea"},{"cityName":"Covadonga","countryName":"Equatorial Guinea"},{"cityName":"Coto","countryName":"Equatorial Guinea"},{"cityName":"Cotango","countryName":"Equatorial Guinea"},{"cityName":"Corro","countryName":"Equatorial Guinea"},{"cityName":"Cono","countryName":"Equatorial Guinea"},{"cityName":"Compania","countryName":"Equatorial Guinea"},{"cityName":"Como","countryName":"Equatorial Guinea"},{"cityName":"Combue","countryName":"Equatorial Guinea"},{"cityName":"Combo","countryName":"Equatorial Guinea"},{"cityName":"Combere","countryName":"Equatorial Guinea"},{"cityName":"Comandakina","countryName":"Equatorial Guinea"},{"cityName":"Com","countryName":"Equatorial Guinea"},{"cityName":"Cogo","countryName":"Equatorial Guinea"},{"cityName":"Coes","countryName":"Equatorial Guinea"},{"cityName":"Cnesis","countryName":"Equatorial Guinea"},{"cityName":"Ciudad de Riaba","countryName":"Equatorial Guinea"},{"cityName":"Luba","countryName":"Equatorial Guinea"},{"cityName":"Ciudad de Ela Nguema","countryName":"Equatorial Guinea"},{"cityName":"Churu","countryName":"Equatorial Guinea"},{"cityName":"Chimi","countryName":"Equatorial Guinea"},{"cityName":"Charman","countryName":"Equatorial Guinea"},{"cityName":"Casablanca","countryName":"Equatorial Guinea"},{"cityName":"Cang","countryName":"Equatorial Guinea"},{"cityName":"Canfere","countryName":"Equatorial Guinea"},{"cityName":"Campo","countryName":"Equatorial Guinea"},{"cityName":"Camferec","countryName":"Equatorial Guinea"},{"cityName":"Cam","countryName":"Equatorial Guinea"},{"cityName":"Calatrava","countryName":"Equatorial Guinea"},{"cityName":"Cadiz","countryName":"Equatorial Guinea"},{"cityName":"Cabo San Juan","countryName":"Equatorial Guinea"},{"cityName":"Caangan","countryName":"Equatorial Guinea"},{"cityName":"Buma","countryName":"Equatorial Guinea"},{"cityName":"Buabe","countryName":"Equatorial Guinea"},{"cityName":"Botenos","countryName":"Equatorial Guinea"},{"cityName":"Bososo","countryName":"Equatorial Guinea"},{"cityName":"Bosoong","countryName":"Equatorial Guinea"},{"cityName":"Boo","countryName":"Equatorial Guinea"},{"cityName":"Bonyaambe","countryName":"Equatorial Guinea"},{"cityName":"Bonung","countryName":"Equatorial Guinea"},{"cityName":"Bonobono","countryName":"Equatorial Guinea"},{"cityName":"Bono","countryName":"Equatorial Guinea"},{"cityName":"Bongo","countryName":"Equatorial Guinea"},{"cityName":"Bondei","countryName":"Equatorial Guinea"},{"cityName":"Bonche","countryName":"Equatorial Guinea"},{"cityName":"Bon","countryName":"Equatorial Guinea"},{"cityName":"Bomudi","countryName":"Equatorial Guinea"},{"cityName":"Bombe","countryName":"Equatorial Guinea"},{"cityName":"Bolonkiein","countryName":"Equatorial Guinea"},{"cityName":"Bolondo","countryName":"Equatorial Guinea"},{"cityName":"Boloco","countryName":"Equatorial Guinea"},{"cityName":"Bolando","countryName":"Equatorial Guinea"},{"cityName":"Bohoco","countryName":"Equatorial Guinea"},{"cityName":"Bohe","countryName":"Equatorial Guinea"},{"cityName":"Boemeriba","countryName":"Equatorial Guinea"},{"cityName":"Bocoricho Ombori","countryName":"Equatorial Guinea"},{"cityName":"Bocoricho Balacha","countryName":"Equatorial Guinea"},{"cityName":"Bocondo","countryName":"Equatorial Guinea"},{"cityName":"Bococo","countryName":"Equatorial Guinea"},{"cityName":"Boboba","countryName":"Equatorial Guinea"},{"cityName":"Boabele","countryName":"Equatorial Guinea"},{"cityName":"Biyabiyan","countryName":"Equatorial Guinea"},{"cityName":"Bitom","countryName":"Equatorial Guinea"},{"cityName":"Bitica","countryName":"Equatorial Guinea"},{"cityName":"Bitet","countryName":"Equatorial Guinea"},{"cityName":"Bisun","countryName":"Equatorial Guinea"},{"cityName":"Bisum","countryName":"Equatorial Guinea"},{"cityName":"Bisong","countryName":"Equatorial Guinea"},{"cityName":"Bison","countryName":"Equatorial Guinea"},{"cityName":"Bisobinnam","countryName":"Equatorial Guinea"},{"cityName":"Bisobinbong","countryName":"Equatorial Guinea"},{"cityName":"Bisobinam","countryName":"Equatorial Guinea"},{"cityName":"Bisega","countryName":"Equatorial Guinea"},{"cityName":"Bisabinya","countryName":"Equatorial Guinea"},{"cityName":"Bisabicuna","countryName":"Equatorial Guinea"},{"cityName":"Bisabat","countryName":"Equatorial Guinea"},{"cityName":"Biok","countryName":"Equatorial Guinea"},{"cityName":"Bioco","countryName":"Equatorial Guinea"},{"cityName":"Binsan","countryName":"Equatorial Guinea"},{"cityName":"Binguru","countryName":"Equatorial Guinea"},{"cityName":"Binguengueng","countryName":"Equatorial Guinea"},{"cityName":"Binguenguen","countryName":"Equatorial Guinea"},{"cityName":"Binguara","countryName":"Equatorial Guinea"},{"cityName":"Bingono","countryName":"Equatorial Guinea"},{"cityName":"Bingong","countryName":"Equatorial Guinea"},{"cityName":"Bingocom","countryName":"Equatorial Guinea"},{"cityName":"Bingacue","countryName":"Equatorial Guinea"},{"cityName":"Bineng","countryName":"Equatorial Guinea"},{"cityName":"Bindyengue","countryName":"Equatorial Guinea"},{"cityName":"Bindun","countryName":"Equatorial Guinea"},{"cityName":"Bindola","countryName":"Equatorial Guinea"},{"cityName":"Bindoc","countryName":"Equatorial Guinea"},{"cityName":"Bindele","countryName":"Equatorial Guinea"},{"cityName":"Bimbon","countryName":"Equatorial Guinea"},{"cityName":"Bilorto","countryName":"Equatorial Guinea"},{"cityName":"Bilont","countryName":"Equatorial Guinea"},{"cityName":"Bilon","countryName":"Equatorial Guinea"},{"cityName":"Bileosi","countryName":"Equatorial Guinea"},{"cityName":"Bileng","countryName":"Equatorial Guinea"},{"cityName":"Bilene","countryName":"Equatorial Guinea"},{"cityName":"Bilen","countryName":"Equatorial Guinea"},{"cityName":"Bilelipa","countryName":"Equatorial Guinea"},{"cityName":"Biguogo","countryName":"Equatorial Guinea"},{"cityName":"Biguoba","countryName":"Equatorial Guinea"},{"cityName":"Bigumo","countryName":"Equatorial Guinea"},{"cityName":"Bigueme","countryName":"Equatorial Guinea"},{"cityName":"Bifet","countryName":"Equatorial Guinea"},{"cityName":"Bidyigdyiga","countryName":"Equatorial Guinea"},{"cityName":"Bidyangobibere","countryName":"Equatorial Guinea"},{"cityName":"Bidya Bidyan","countryName":"Equatorial Guinea"},{"cityName":"Bidue","countryName":"Equatorial Guinea"},{"cityName":"Biduangona","countryName":"Equatorial Guinea"},{"cityName":"Bidoma","countryName":"Equatorial Guinea"},{"cityName":"Bidogo","countryName":"Equatorial Guinea"},{"cityName":"Bidobo","countryName":"Equatorial Guinea"},{"cityName":"Bidoa","countryName":"Equatorial Guinea"},{"cityName":"Bicurga","countryName":"Equatorial Guinea"},{"cityName":"Bicuna","countryName":"Equatorial Guinea"},{"cityName":"Bicum","countryName":"Equatorial Guinea"},{"cityName":"Bicui","countryName":"Equatorial Guinea"},{"cityName":"Bicugo","countryName":"Equatorial Guinea"},{"cityName":"Bicueme","countryName":"Equatorial Guinea"},{"cityName":"Bicubini","countryName":"Equatorial Guinea"},{"cityName":"Bicuama","countryName":"Equatorial Guinea"},{"cityName":"Bicoro","countryName":"Equatorial Guinea"},{"cityName":"Biconete","countryName":"Equatorial Guinea"},{"cityName":"Bicon","countryName":"Equatorial Guinea"},{"cityName":"Bicomo","countryName":"Equatorial Guinea"},{"cityName":"Bicoeme","countryName":"Equatorial Guinea"},{"cityName":"Bicat","countryName":"Equatorial Guinea"},{"cityName":"Bicaba","countryName":"Equatorial Guinea"},{"cityName":"Bibulubam","countryName":"Equatorial Guinea"},{"cityName":"Bibono","countryName":"Equatorial Guinea"},{"cityName":"Biboco","countryName":"Equatorial Guinea"},{"cityName":"Bibobindoc","countryName":"Equatorial Guinea"},{"cityName":"Bibo","countryName":"Equatorial Guinea"},{"cityName":"Bibe","countryName":"Equatorial Guinea"},{"cityName":"Bibas","countryName":"Equatorial Guinea"},{"cityName":"Bibara","countryName":"Equatorial Guinea"},{"cityName":"Bibain","countryName":"Equatorial Guinea"},{"cityName":"Biapa","countryName":"Equatorial Guinea"},{"cityName":"Biameno","countryName":"Equatorial Guinea"},{"cityName":"Biadibe","countryName":"Equatorial Guinea"},{"cityName":"Beyibe","countryName":"Equatorial Guinea"},{"cityName":"Betimbile","countryName":"Equatorial Guinea"},{"cityName":"Betimbe","countryName":"Equatorial Guinea"},{"cityName":"Besu","countryName":"Equatorial Guinea"},{"cityName":"Besongo","countryName":"Equatorial Guinea"},{"cityName":"Besabeba","countryName":"Equatorial Guinea"},{"cityName":"Berbere","countryName":"Equatorial Guinea"},{"cityName":"Benvene","countryName":"Equatorial Guinea"},{"cityName":"Benito","countryName":"Equatorial Guinea"},{"cityName":"Beningo","countryName":"Equatorial Guinea"},{"cityName":"Bengonbeyene","countryName":"Equatorial Guinea"},{"cityName":"Bemvong","countryName":"Equatorial Guinea"},{"cityName":"Belungu","countryName":"Equatorial Guinea"},{"cityName":"Belombo","countryName":"Equatorial Guinea"},{"cityName":"Belen","countryName":"Equatorial Guinea"},{"cityName":"Belebu Balacha","countryName":"Equatorial Guinea"},{"cityName":"Behopue","countryName":"Equatorial Guinea"},{"cityName":"Bedya","countryName":"Equatorial Guinea"},{"cityName":"Bedumo","countryName":"Equatorial Guinea"},{"cityName":"Bedubu","countryName":"Equatorial Guinea"},{"cityName":"Bebulu","countryName":"Equatorial Guinea"},{"cityName":"Bebogo","countryName":"Equatorial Guinea"},{"cityName":"Beayop","countryName":"Equatorial Guinea"},{"cityName":"Be","countryName":"Equatorial Guinea"},{"cityName":"Batoicopo","countryName":"Equatorial Guinea"},{"cityName":"Batete","countryName":"Equatorial Guinea"},{"cityName":"Bata","countryName":"Equatorial Guinea"},{"cityName":"Basupu","countryName":"Equatorial Guinea"},{"cityName":"Basuala","countryName":"Equatorial Guinea"},{"cityName":"Basile Bubi","countryName":"Equatorial Guinea"},{"cityName":"Basile","countryName":"Equatorial Guinea"},{"cityName":"Basapo","countryName":"Equatorial Guinea"},{"cityName":"Basacato del Oeste","countryName":"Equatorial Guinea"},{"cityName":"Basacato del Este","countryName":"Equatorial Guinea"},{"cityName":"Bas","countryName":"Equatorial Guinea"},{"cityName":"Barrio Las Palmas","countryName":"Equatorial Guinea"},{"cityName":"Bariobe","countryName":"Equatorial Guinea"},{"cityName":"Bareso","countryName":"Equatorial Guinea"},{"cityName":"Bao Pequeno","countryName":"Equatorial Guinea"},{"cityName":"Bao Grande","countryName":"Equatorial Guinea"},{"cityName":"Bao Basuala","countryName":"Equatorial Guinea"},{"cityName":"Bantabare Pequeno","countryName":"Equatorial Guinea"},{"cityName":"Bantabare","countryName":"Equatorial Guinea"},{"cityName":"Bansogo","countryName":"Equatorial Guinea"},{"cityName":"Bangui","countryName":"Equatorial Guinea"},{"cityName":"Bangole","countryName":"Equatorial Guinea"},{"cityName":"Bangbira","countryName":"Equatorial Guinea"},{"cityName":"Banga","countryName":"Equatorial Guinea"},{"cityName":"Bang","countryName":"Equatorial Guinea"},{"cityName":"Bandye","countryName":"Equatorial Guinea"},{"cityName":"Bandondolo","countryName":"Equatorial Guinea"},{"cityName":"Banapa","countryName":"Equatorial Guinea"},{"cityName":"Bama","countryName":"Equatorial Guinea"},{"cityName":"Balombe","countryName":"Equatorial Guinea"},{"cityName":"Baloeri de Cristo Rey","countryName":"Equatorial Guinea"},{"cityName":"Balakeke","countryName":"Equatorial Guinea"},{"cityName":"Balacha de Concepcion","countryName":"Equatorial Guinea"},{"cityName":"Baga","countryName":"Equatorial Guinea"},{"cityName":"Bacake Pequeno","countryName":"Equatorial Guinea"},{"cityName":"Bacake Grande","countryName":"Equatorial Guinea"},{"cityName":"Ayene","countryName":"Equatorial Guinea"},{"cityName":"Ayeme","countryName":"Equatorial Guinea"},{"cityName":"Ayeguening","countryName":"Equatorial Guinea"},{"cityName":"Ayeenin","countryName":"Equatorial Guinea"},{"cityName":"Aye","countryName":"Equatorial Guinea"},{"cityName":"Ayap","countryName":"Equatorial Guinea"},{"cityName":"Ayanesala","countryName":"Equatorial Guinea"},{"cityName":"Ayana","countryName":"Equatorial Guinea"},{"cityName":"Ayan","countryName":"Equatorial Guinea"},{"cityName":"Ayamiken","countryName":"Equatorial Guinea"},{"cityName":"Ayamboga","countryName":"Equatorial Guinea"},{"cityName":"Ayagfe","countryName":"Equatorial Guinea"},{"cityName":"Ayaelon","countryName":"Equatorial Guinea"},{"cityName":"Ayacue","countryName":"Equatorial Guinea"},{"cityName":"Ayacntang","countryName":"Equatorial Guinea"},{"cityName":"Ayacmbong","countryName":"Equatorial Guinea"},{"cityName":"Ayacbenvila","countryName":"Equatorial Guinea"},{"cityName":"Ayabifara","countryName":"Equatorial Guinea"},{"cityName":"Ayaantang","countryName":"Equatorial Guinea"},{"cityName":"Ayaamvele","countryName":"Equatorial Guinea"},{"cityName":"Ayaamang","countryName":"Equatorial Guinea"},{"cityName":"Ayaaman","countryName":"Equatorial Guinea"},{"cityName":"Avensoc","countryName":"Equatorial Guinea"},{"cityName":"Avelengong","countryName":"Equatorial Guinea"},{"cityName":"Avelenam","countryName":"Equatorial Guinea"},{"cityName":"Avangnam","countryName":"Equatorial Guinea"},{"cityName":"Avang","countryName":"Equatorial Guinea"},{"cityName":"Avam","countryName":"Equatorial Guinea"},{"cityName":"Atut","countryName":"Equatorial Guinea"},{"cityName":"Atud","countryName":"Equatorial Guinea"},{"cityName":"Atom","countryName":"Equatorial Guinea"},{"cityName":"Atoasoc","countryName":"Equatorial Guinea"},{"cityName":"Asuiabe","countryName":"Equatorial Guinea"},{"cityName":"Asoo","countryName":"Equatorial Guinea"},{"cityName":"Asoguebenga","countryName":"Equatorial Guinea"},{"cityName":"Asogouein","countryName":"Equatorial Guinea"},{"cityName":"Asogomansuein","countryName":"Equatorial Guinea"},{"cityName":"Asogabo","countryName":"Equatorial Guinea"},{"cityName":"Asogabia","countryName":"Equatorial Guinea"},{"cityName":"Asocndoba","countryName":"Equatorial Guinea"},{"cityName":"Asoc-Ncama","countryName":"Equatorial Guinea"},{"cityName":"Asoclon","countryName":"Equatorial Guinea"},{"cityName":"Asocleme","countryName":"Equatorial Guinea"},{"cityName":"Asoc","countryName":"Equatorial Guinea"},{"cityName":"Asobla","countryName":"Equatorial Guinea"},{"cityName":"Asia","countryName":"Equatorial Guinea"},{"cityName":"Asesoc","countryName":"Equatorial Guinea"},{"cityName":"Aseosi","countryName":"Equatorial Guinea"},{"cityName":"Aseng","countryName":"Equatorial Guinea"},{"cityName":"Asen","countryName":"Equatorial Guinea"},{"cityName":"Asem","countryName":"Equatorial Guinea"},{"cityName":"Asasi","countryName":"Equatorial Guinea"},{"cityName":"Asamboa","countryName":"Equatorial Guinea"},{"cityName":"Asam","countryName":"Equatorial Guinea"},{"cityName":"Asa","countryName":"Equatorial Guinea"},{"cityName":"Anungom","countryName":"Equatorial Guinea"},{"cityName":"Anunga","countryName":"Equatorial Guinea"},{"cityName":"Ansem","countryName":"Equatorial Guinea"},{"cityName":"Anongue","countryName":"Equatorial Guinea"},{"cityName":"Anomo","countryName":"Equatorial Guinea"},{"cityName":"Anisoc","countryName":"Equatorial Guinea"},{"cityName":"Anguoc","countryName":"Equatorial Guinea"},{"cityName":"Anguma","countryName":"Equatorial Guinea"},{"cityName":"Anguec","countryName":"Equatorial Guinea"},{"cityName":"Angua","countryName":"Equatorial Guinea"},{"cityName":"Angonuain","countryName":"Equatorial Guinea"},{"cityName":"Angonbibana","countryName":"Equatorial Guinea"},{"cityName":"Angon","countryName":"Equatorial Guinea"},{"cityName":"Angomayop","countryName":"Equatorial Guinea"},{"cityName":"Angoc","countryName":"Equatorial Guinea"},{"cityName":"Angala","countryName":"Equatorial Guinea"},{"cityName":"Aneng","countryName":"Equatorial Guinea"},{"cityName":"Andum","countryName":"Equatorial Guinea"},{"cityName":"Andon","countryName":"Equatorial Guinea"},{"cityName":"Andom","countryName":"Equatorial Guinea"},{"cityName":"Andoc","countryName":"Equatorial Guinea"},{"cityName":"Amyonga","countryName":"Equatorial Guinea"},{"cityName":"Amvonga","countryName":"Equatorial Guinea"},{"cityName":"Amvangsi","countryName":"Equatorial Guinea"},{"cityName":"Amvamg","countryName":"Equatorial Guinea"},{"cityName":"Amvam","countryName":"Equatorial Guinea"},{"cityName":"Amanening","countryName":"Equatorial Guinea"},{"cityName":"Aman","countryName":"Equatorial Guinea"},{"cityName":"Alun","countryName":"Equatorial Guinea"},{"cityName":"Alum","countryName":"Equatorial Guinea"},{"cityName":"Alongntang","countryName":"Equatorial Guinea"},{"cityName":"Alon","countryName":"Equatorial Guinea"},{"cityName":"Alogoecog","countryName":"Equatorial Guinea"},{"cityName":"Alep","countryName":"Equatorial Guinea"},{"cityName":"Alenasi","countryName":"Equatorial Guinea"},{"cityName":"Alen","countryName":"Equatorial Guinea"},{"cityName":"Alarmitang","countryName":"Equatorial Guinea"},{"cityName":"Alarmintang","countryName":"Equatorial Guinea"},{"cityName":"Alar","countryName":"Equatorial Guinea"},{"cityName":"Akora","countryName":"Equatorial Guinea"},{"cityName":"Akinebitom","countryName":"Equatorial Guinea"},{"cityName":"Akelayong","countryName":"Equatorial Guinea"},{"cityName":"Aguanam","countryName":"Equatorial Guinea"},{"cityName":"Agua","countryName":"Equatorial Guinea"},{"cityName":"Afommanchim","countryName":"Equatorial Guinea"},{"cityName":"Afansoc","countryName":"Equatorial Guinea"},{"cityName":"Afanengui","countryName":"Equatorial Guinea"},{"cityName":"Afanebang","countryName":"Equatorial Guinea"},{"cityName":"Afanabang","countryName":"Equatorial Guinea"},{"cityName":"Afan","countryName":"Equatorial Guinea"},{"cityName":"Afabitom","countryName":"Equatorial Guinea"},{"cityName":"Afaansoc","countryName":"Equatorial Guinea"},{"cityName":"Afaanam","countryName":"Equatorial Guinea"},{"cityName":"Adyelon","countryName":"Equatorial Guinea"},{"cityName":"Adyebe","countryName":"Equatorial Guinea"},{"cityName":"Adyap","countryName":"Equatorial Guinea"},{"cityName":"Adyamibang","countryName":"Equatorial Guinea"},{"cityName":"Adyabasi","countryName":"Equatorial Guinea"},{"cityName":"Adurelang","countryName":"Equatorial Guinea"},{"cityName":"Acuse","countryName":"Equatorial Guinea"},{"cityName":"Acurnam","countryName":"Equatorial Guinea"},{"cityName":"Acurensoc","countryName":"Equatorial Guinea"},{"cityName":"Acurenam","countryName":"Equatorial Guinea"},{"cityName":"Acunse","countryName":"Equatorial Guinea"},{"cityName":"Acueton","countryName":"Equatorial Guinea"},{"cityName":"Acot","countryName":"Equatorial Guinea"},{"cityName":"Acora","countryName":"Equatorial Guinea"},{"cityName":"Aconngui","countryName":"Equatorial Guinea"},{"cityName":"Aconikie","countryName":"Equatorial Guinea"},{"cityName":"Aconibe","countryName":"Equatorial Guinea"},{"cityName":"Aconekien","countryName":"Equatorial Guinea"},{"cityName":"Aconekie","countryName":"Equatorial Guinea"},{"cityName":"Aconcemento","countryName":"Equatorial Guinea"},{"cityName":"Aconangui","countryName":"Equatorial Guinea"},{"cityName":"Acon","countryName":"Equatorial Guinea"},{"cityName":"Acombele","countryName":"Equatorial Guinea"},{"cityName":"Acom","countryName":"Equatorial Guinea"},{"cityName":"Acoga","countryName":"Equatorial Guinea"},{"cityName":"Acocsi","countryName":"Equatorial Guinea"},{"cityName":"Acocseng","countryName":"Equatorial Guinea"},{"cityName":"Acocnfang","countryName":"Equatorial Guinea"},{"cityName":"Acoc","countryName":"Equatorial Guinea"},{"cityName":"Acoaesakira","countryName":"Equatorial Guinea"},{"cityName":"Acoacan","countryName":"Equatorial Guinea"},{"cityName":"Achimilang","countryName":"Equatorial Guinea"},{"cityName":"Achimelan","countryName":"Equatorial Guinea"},{"cityName":"Achap","countryName":"Equatorial Guinea"},{"cityName":"Acas","countryName":"Equatorial Guinea"},{"cityName":"Acanabot","countryName":"Equatorial Guinea"},{"cityName":"Acanabor","countryName":"Equatorial Guinea"},{"cityName":"Acan","countryName":"Equatorial Guinea"},{"cityName":"Acam","countryName":"Equatorial Guinea"},{"cityName":"Acalayong","countryName":"Equatorial Guinea"},{"cityName":"Acaasi","countryName":"Equatorial Guinea"},{"cityName":"Abumnsoc","countryName":"Equatorial Guinea"},{"cityName":"Abumeyeme","countryName":"Equatorial Guinea"},{"cityName":"Abumbem","countryName":"Equatorial Guinea"},{"cityName":"Aboransama","countryName":"Equatorial Guinea"},{"cityName":"Aboramban","countryName":"Equatorial Guinea"},{"cityName":"Abongsu","countryName":"Equatorial Guinea"},{"cityName":"Abon","countryName":"Equatorial Guinea"},{"cityName":"Abomenvila","countryName":"Equatorial Guinea"},{"cityName":"Abomendama","countryName":"Equatorial Guinea"},{"cityName":"Abomdama","countryName":"Equatorial Guinea"},{"cityName":"Abogocola","countryName":"Equatorial Guinea"},{"cityName":"Abiara","countryName":"Equatorial Guinea"},{"cityName":"Abet","countryName":"Equatorial Guinea"},{"cityName":"Abenye","countryName":"Equatorial Guinea"},{"cityName":"Abennam","countryName":"Equatorial Guinea"},{"cityName":"Abeng-Nam","countryName":"Equatorial Guinea"},{"cityName":"Abengnam","countryName":"Equatorial Guinea"},{"cityName":"Abenelang","countryName":"Equatorial Guinea"},{"cityName":"Abebain","countryName":"Equatorial Guinea"},{"cityName":"Abeayop","countryName":"Equatorial Guinea"},{"cityName":"Abe","countryName":"Equatorial Guinea"},{"cityName":"Abang","countryName":"Equatorial Guinea"},{"cityName":"Abanfang","countryName":"Equatorial Guinea"},{"cityName":"Abanengui","countryName":"Equatorial Guinea"},{"cityName":"Abanda","countryName":"Equatorial Guinea"},{"cityName":"Abanayop","countryName":"Equatorial Guinea"},{"cityName":"Aban","countryName":"Equatorial Guinea"},{"cityName":"Abama","countryName":"Equatorial Guinea"},{"cityName":"Abaamang","countryName":"Equatorial Guinea"},{"cityName":"Anganchi","countryName":"Equatorial Guinea"}]