[{"cityName":"Zula","countryName":"Eritrea"},{"cityName":"Tsibuk Grat","countryName":"Eritrea"},{"cityName":"Zigib","countryName":"Eritrea"},{"cityName":"Ziban Una","countryName":"Eritrea"},{"cityName":"Zeban Debri","countryName":"Eritrea"},{"cityName":"Tse'azega","countryName":"Eritrea"},{"cityName":"Zawl","countryName":"Eritrea"},{"cityName":"Zariga","countryName":"Eritrea"},{"cityName":"Zahaflam","countryName":"Eritrea"},{"cityName":"Zagr","countryName":"Eritrea"},{"cityName":"Zaga","countryName":"Eritrea"},{"cityName":"Yigi'ar","countryName":"Eritrea"},{"cityName":"Wek'iro","countryName":"Eritrea"},{"cityName":"Wekerti","countryName":"Eritrea"},{"cityName":"Wek Diba","countryName":"Eritrea"},{"cityName":"Wedegiba","countryName":"Eritrea"},{"cityName":"Vann","countryName":"Eritrea"},{"cityName":"Uodgan","countryName":"Eritrea"},{"cityName":"Una Lanalay","countryName":"Eritrea"},{"cityName":"Awgaro","countryName":"Eritrea"},{"cityName":"Udibi","countryName":"Eritrea"},{"cityName":"Uasentet","countryName":"Eritrea"},{"cityName":"Uara","countryName":"Eritrea"},{"cityName":"Tzada Addi","countryName":"Eritrea"},{"cityName":"T'walet","countryName":"Eritrea"},{"cityName":"Tkul","countryName":"Eritrea"},{"cityName":"Ts'elot","countryName":"Eritrea"},{"cityName":"Ts'egwaro","countryName":"Eritrea"},{"cityName":"Ts'e'ada","countryName":"Eritrea"},{"cityName":"Trongo","countryName":"Eritrea"},{"cityName":"Embela","countryName":"Eritrea"},{"cityName":"Tolesuca","countryName":"Eritrea"},{"cityName":"Tole","countryName":"Eritrea"},{"cityName":"Tognuf","countryName":"Eritrea"},{"cityName":"Tof Alaba","countryName":"Eritrea"},{"cityName":"Tio","countryName":"Eritrea"},{"cityName":"Tinishu Assab","countryName":"Eritrea"},{"cityName":"Time'i","countryName":"Eritrea"},{"cityName":"Ticse","countryName":"Eritrea"},{"cityName":"Tetafil","countryName":"Eritrea"},{"cityName":"Teseney","countryName":"Eritrea"},{"cityName":"Tera-Emni","countryName":"Eritrea"},{"cityName":"Tegheren","countryName":"Eritrea"},{"cityName":"Tauda","countryName":"Eritrea"},{"cityName":"Tarua","countryName":"Eritrea"},{"cityName":"Targhan","countryName":"Eritrea"},{"cityName":"Tantarua","countryName":"Eritrea"},{"cityName":"Takita","countryName":"Eritrea"},{"cityName":"Tahara","countryName":"Eritrea"},{"cityName":"Dengolo Tahtay","countryName":"Eritrea"},{"cityName":"T'a'areshi","countryName":"Eritrea"},{"cityName":"Suwa","countryName":"Eritrea"},{"cityName":"Suru Superiore","countryName":"Eritrea"},{"cityName":"Suru Inferiore","countryName":"Eritrea"},{"cityName":"Surto","countryName":"Eritrea"},{"cityName":"Sorbetit","countryName":"Eritrea"},{"cityName":"Sitona","countryName":"Eritrea"},{"cityName":"Sibi'a","countryName":"Eritrea"},{"cityName":"Shimangus-Tahtay","countryName":"Eritrea"},{"cityName":"Shima Nigus La`ilay","countryName":"Eritrea"},{"cityName":"Shiketi","countryName":"Eritrea"},{"cityName":"Shigirni","countryName":"Eritrea"},{"cityName":"Sheka Wedi Bisrat","countryName":"Eritrea"},{"cityName":"Sheib","countryName":"Eritrea"},{"cityName":"Sheh Abdel K'adir","countryName":"Eritrea"},{"cityName":"Shegilet Wedi Merir","countryName":"Eritrea"},{"cityName":"Sheburur","countryName":"Eritrea"},{"cityName":"Seud Buij","countryName":"Eritrea"},{"cityName":"Sessaghede","countryName":"Eritrea"},{"cityName":"Sesah","countryName":"Eritrea"},{"cityName":"Sen`afe","countryName":"Eritrea"},{"cityName":"Saladaro","countryName":"Eritrea"},{"cityName":"Selaba She'ib","countryName":"Eritrea"},{"cityName":"Segheneyti","countryName":"Eritrea"},{"cityName":"Segdo","countryName":"Eritrea"},{"cityName":"Sebderat","countryName":"Eritrea"},{"cityName":"Sciumagalle","countryName":"Eritrea"},{"cityName":"Scisci","countryName":"Eritrea"},{"cityName":"Scipitale","countryName":"Eritrea"},{"cityName":"Scillichi","countryName":"Eritrea"},{"cityName":"Sciec Alilo","countryName":"Eritrea"},{"cityName":"Sciacchen","countryName":"Eritrea"},{"cityName":"Shibah","countryName":"Eritrea"},{"cityName":"Sherit","countryName":"Eritrea"},{"cityName":"Sceic Abdo Raama","countryName":"Eritrea"},{"cityName":"Sasah","countryName":"Eritrea"},{"cityName":"Saroyta","countryName":"Eritrea"},{"cityName":"Sanda","countryName":"Eritrea"},{"cityName":"Samoti","countryName":"Eritrea"},{"cityName":"Samero","countryName":"Eritrea"},{"cityName":"Sahli","countryName":"Eritrea"},{"cityName":"Sahlat","countryName":"Eritrea"},{"cityName":"Sahelia","countryName":"Eritrea"},{"cityName":"Ksad-Ika","countryName":"Eritrea"},{"cityName":"Sacatare","countryName":"Eritrea"},{"cityName":"Sacalatta","countryName":"Eritrea"},{"cityName":"Saatta","countryName":"Eritrea"},{"cityName":"Saati","countryName":"Eritrea"},{"cityName":"Randakoma","countryName":"Eritrea"},{"cityName":"Raheita","countryName":"Eritrea"},{"cityName":"Ras Kasar","countryName":"Eritrea"},{"cityName":"Rasa","countryName":"Eritrea"},{"cityName":"Rahei","countryName":"Eritrea"},{"cityName":"Ragali","countryName":"Eritrea"},{"cityName":"Raa","countryName":"Eritrea"},{"cityName":"Queddaelli","countryName":"Eritrea"},{"cityName":"Port Smyth","countryName":"Eritrea"},{"cityName":"Per Tokar","countryName":"Eritrea"},{"cityName":"Ona Gabien","countryName":"Eritrea"},{"cityName":"Una-Andom","countryName":"Eritrea"},{"cityName":"Ona","countryName":"Eritrea"},{"cityName":"Omhajer","countryName":"Eritrea"},{"cityName":"Obellet","countryName":"Eritrea"},{"cityName":"Oasi","countryName":"Eritrea"},{"cityName":"Nokra","countryName":"Eritrea"},{"cityName":"Nefasit","countryName":"Eritrea"},{"cityName":"Nauret","countryName":"Eritrea"},{"cityName":"Narcaba","countryName":"Eritrea"},{"cityName":"Nak'fa","countryName":"Eritrea"},{"cityName":"Nacta","countryName":"Eritrea"},{"cityName":"Muscia","countryName":"Eritrea"},{"cityName":"Musa Ela","countryName":"Eritrea"},{"cityName":"Moso","countryName":"Eritrea"},{"cityName":"Mora","countryName":"Eritrea"},{"cityName":"Melebso","countryName":"Eritrea"},{"cityName":"Molazenai","countryName":"Eritrea"},{"cityName":"Mogolo","countryName":"Eritrea"},{"cityName":"Mogile","countryName":"Eritrea"},{"cityName":"Mocolba","countryName":"Eritrea"},{"cityName":"Massawa","countryName":"Eritrea"},{"cityName":"Missione Svedese","countryName":"Eritrea"},{"cityName":"Misgwag","countryName":"Eritrea"},{"cityName":"Mikrem","countryName":"Eritrea"},{"cityName":"M'edr","countryName":"Eritrea"},{"cityName":"Mihiyaw","countryName":"Eritrea"},{"cityName":"Mets'alu","countryName":"Eritrea"},{"cityName":"Metich","countryName":"Eritrea"},{"cityName":"Mestamer","countryName":"Eritrea"},{"cityName":"Mescul","countryName":"Eritrea"},{"cityName":"Mersa Tek'lay","countryName":"Eritrea"},{"cityName":"Mersa Gulbub","countryName":"Eritrea"},{"cityName":"Mersa Fat'ma","countryName":"Eritrea"},{"cityName":"Merhano","countryName":"Eritrea"},{"cityName":"Mergebla","countryName":"Eritrea"},{"cityName":"Menuetet","countryName":"Eritrea"},{"cityName":"Mensura","countryName":"Eritrea"},{"cityName":"Mendad","countryName":"Eritrea"},{"cityName":"Melil","countryName":"Eritrea"},{"cityName":"Mek'erka","countryName":"Eritrea"},{"cityName":"Meka'ika","countryName":"Eritrea"},{"cityName":"Mihlab","countryName":"Eritrea"},{"cityName":"Mehatel Jebal","countryName":"Eritrea"},{"cityName":"Megarih","countryName":"Eritrea"},{"cityName":"Mefalso","countryName":"Eritrea"},{"cityName":"Medruriet","countryName":"Eritrea"},{"cityName":"Medere","countryName":"Eritrea"},{"cityName":"Mebasit","countryName":"Eritrea"},{"cityName":"May Mech'ek'at","countryName":"Eritrea"},{"cityName":"May Libus","countryName":"Eritrea"},{"cityName":"May-Habar","countryName":"Eritrea"},{"cityName":"Mai Habar","countryName":"Eritrea"},{"cityName":"Mayha","countryName":"Eritrea"},{"cityName":"May At'al","countryName":"Eritrea"},{"cityName":"Matara","countryName":"Eritrea"},{"cityName":"Mass Ali","countryName":"Eritrea"},{"cityName":"Marta","countryName":"Eritrea"},{"cityName":"Markaughe","countryName":"Eritrea"},{"cityName":"Shambiko","countryName":"Eritrea"},{"cityName":"Mara","countryName":"Eritrea"},{"cityName":"Mansciua","countryName":"Eritrea"},{"cityName":"Mandafara","countryName":"Eritrea"},{"cityName":"Malhas","countryName":"Eritrea"},{"cityName":"Mai Tzagla","countryName":"Eritrea"},{"cityName":"Mai Turab","countryName":"Eritrea"},{"cityName":"Mai-ti","countryName":"Eritrea"},{"cityName":"Mai Teb","countryName":"Eritrea"},{"cityName":"Ma'ereba","countryName":"Eritrea"},{"cityName":"Mahio","countryName":"Eritrea"},{"cityName":"May-Mefals","countryName":"Eritrea"},{"cityName":"Mai Gorzo","countryName":"Eritrea"},{"cityName":"Mai Edaga","countryName":"Eritrea"},{"cityName":"Mai Chele","countryName":"Eritrea"},{"cityName":"Mai Cehu","countryName":"Eritrea"},{"cityName":"Mai Assa","countryName":"Eritrea"},{"cityName":"Maiam","countryName":"Eritrea"},{"cityName":"Albo","countryName":"Eritrea"},{"cityName":"Mai Aini","countryName":"Eritrea"},{"cityName":"Maho","countryName":"Eritrea"},{"cityName":"Magala","countryName":"Eritrea"},{"cityName":"Meka'enile","countryName":"Eritrea"},{"cityName":"Lesa","countryName":"Eritrea"},{"cityName":"Dengolo","countryName":"Eritrea"},{"cityName":"Lammagadi","countryName":"Eritrea"},{"cityName":"Lalenta","countryName":"Eritrea"},{"cityName":"La`ilay Adi Kefelet","countryName":"Eritrea"},{"cityName":"Laguyen","countryName":"Eritrea"},{"cityName":"Lafofle","countryName":"Eritrea"},{"cityName":"Laba","countryName":"Eritrea"},{"cityName":"Kutur","countryName":"Eritrea"},{"cityName":"K'ushut","countryName":"Eritrea"},{"cityName":"Kulul","countryName":"Eritrea"},{"cityName":"Kudo-Felasi","countryName":"Eritrea"},{"cityName":"Kubkub","countryName":"Eritrea"},{"cityName":"Querbarya","countryName":"Eritrea"},{"cityName":"Kitmo Awli'i","countryName":"Eritrea"},{"cityName":"Kinin","countryName":"Eritrea"},{"cityName":"K'ine Hayela","countryName":"Eritrea"},{"cityName":"K'eyih Kor","countryName":"Eritrea"},{"cityName":"Kieru","countryName":"Eritrea"},{"cityName":"Kerora","countryName":"Eritrea"},{"cityName":"Kerkebet","countryName":"Eritrea"},{"cityName":"Keren","countryName":"Eritrea"},{"cityName":"K'erech'a","countryName":"Eritrea"},{"cityName":"Kemechiwa","countryName":"Eritrea"},{"cityName":"Kelmet","countryName":"Eritrea"},{"cityName":"Katai Garsa","countryName":"Eritrea"},{"cityName":"Krum","countryName":"Eritrea"},{"cityName":"Jimhil","countryName":"Eritrea"},{"cityName":"Iyamo","countryName":"Eritrea"},{"cityName":"It Atba","countryName":"Eritrea"},{"cityName":"Inghel","countryName":"Eritrea"},{"cityName":"Inda Iyesus","countryName":"Eritrea"},{"cityName":"Emba-Derho","countryName":"Eritrea"},{"cityName":"Inabta","countryName":"Eritrea"},{"cityName":"Emni-Tselim","countryName":"Eritrea"},{"cityName":"Imk'ats'a","countryName":"Eritrea"},{"cityName":"Embeyto","countryName":"Eritrea"},{"cityName":"Emberemi","countryName":"Eritrea"},{"cityName":"Embatkala","countryName":"Eritrea"},{"cityName":"Illauit","countryName":"Eritrea"},{"cityName":"Illalia","countryName":"Eritrea"},{"cityName":"Illabadan","countryName":"Eritrea"},{"cityName":"Ili","countryName":"Eritrea"},{"cityName":"Igri Mekel","countryName":"Eritrea"},{"cityName":"Lemarugle","countryName":"Eritrea"},{"cityName":"Idabi","countryName":"Eritrea"},{"cityName":"Iaholluf","countryName":"Eritrea"},{"cityName":"Hummet","countryName":"Eritrea"},{"cityName":"Horena","countryName":"Eritrea"},{"cityName":"Homed Issa","countryName":"Eritrea"},{"cityName":"Hoho","countryName":"Eritrea"},{"cityName":"Hodit","countryName":"Eritrea"},{"cityName":"Hit'ublo","countryName":"Eritrea"},{"cityName":"Hit'imlo","countryName":"Eritrea"},{"cityName":"Hinzi","countryName":"Eritrea"},{"cityName":"Himora","countryName":"Eritrea"},{"cityName":"Himeret","countryName":"Eritrea"},{"cityName":"Himbirti","countryName":"Eritrea"},{"cityName":"Hibo","countryName":"Eritrea"},{"cityName":"Haykota","countryName":"Eritrea"},{"cityName":"Hayelo","countryName":"Eritrea"},{"cityName":"Hawra","countryName":"Eritrea"},{"cityName":"Hatsina","countryName":"Eritrea"},{"cityName":"Hasta","countryName":"Eritrea"},{"cityName":"Hashela","countryName":"Eritrea"},{"cityName":"Hashaso","countryName":"Eritrea"},{"cityName":"Haserlibo","countryName":"Eritrea"},{"cityName":"Harsile","countryName":"Eritrea"},{"cityName":"Hernet","countryName":"Eritrea"},{"cityName":"Harkuhuya","countryName":"Eritrea"},{"cityName":"Hariyen","countryName":"Eritrea"},{"cityName":"Hirgigo","countryName":"Eritrea"},{"cityName":"Hancul","countryName":"Eritrea"},{"cityName":"Hanainef","countryName":"Eritrea"},{"cityName":"Hallol","countryName":"Eritrea"},{"cityName":"Halibo","countryName":"Eritrea"},{"cityName":"Halhale","countryName":"Eritrea"},{"cityName":"Halhal","countryName":"Eritrea"},{"cityName":"Halay","countryName":"Eritrea"},{"cityName":"Halaba","countryName":"Eritrea"},{"cityName":"Hagaz","countryName":"Eritrea"},{"cityName":"Halib-Mentel","countryName":"Eritrea"},{"cityName":"Haddohalle","countryName":"Eritrea"},{"cityName":"Hadamu","countryName":"Eritrea"},{"cityName":"Hacal Todaro","countryName":"Eritrea"},{"cityName":"Habrenta","countryName":"Eritrea"},{"cityName":"Habran K'ak'a","countryName":"Eritrea"},{"cityName":"Habela","countryName":"Eritrea"},{"cityName":"Habenat","countryName":"Eritrea"},{"cityName":"Guritat","countryName":"Eritrea"},{"cityName":"Gurgur","countryName":"Eritrea"},{"cityName":"Gura'e","countryName":"Eritrea"},{"cityName":"Gun Gum","countryName":"Eritrea"},{"cityName":"Enda-Ghergis","countryName":"Eritrea"},{"cityName":"Guna-Guna","countryName":"Eritrea"},{"cityName":"Gumhod","countryName":"Eritrea"},{"cityName":"Gwelej","countryName":"Eritrea"},{"cityName":"Gulgul","countryName":"Eritrea"},{"cityName":"Gudela","countryName":"Eritrea"},{"cityName":"Grar Gabru","countryName":"Eritrea"},{"cityName":"Gogne","countryName":"Eritrea"},{"cityName":"Gohoreli","countryName":"Eritrea"},{"cityName":"Godaif","countryName":"Eritrea"},{"cityName":"Ghinda'e","countryName":"Eritrea"},{"cityName":"Gina Bala","countryName":"Eritrea"},{"cityName":"Giangheren","countryName":"Eritrea"},{"cityName":"Giamal Biscia","countryName":"Eritrea"},{"cityName":"Ghirghir","countryName":"Eritrea"},{"cityName":"Gherzaliguli","countryName":"Eritrea"},{"cityName":"Gherghera","countryName":"Eritrea"},{"cityName":"Gher","countryName":"Eritrea"},{"cityName":"Ghinzebo","countryName":"Eritrea"},{"cityName":"Gheniseba","countryName":"Eritrea"},{"cityName":"Gheleb","countryName":"Eritrea"},{"cityName":"Geza Keren","countryName":"Eritrea"},{"cityName":"Gergera","countryName":"Eritrea"},{"cityName":"Gereme","countryName":"Eritrea"},{"cityName":"Geniti","countryName":"Eritrea"},{"cityName":"Geleba","countryName":"Eritrea"},{"cityName":"Gahare","countryName":"Eritrea"},{"cityName":"Gashi Nashim","countryName":"Eritrea"},{"cityName":"Garbanna","countryName":"Eritrea"},{"cityName":"Ganraito","countryName":"Eritrea"},{"cityName":"Gandeli","countryName":"Eritrea"},{"cityName":"Gambed Buij","countryName":"Eritrea"},{"cityName":"Galata","countryName":"Eritrea"},{"cityName":"Gahtielay","countryName":"Eritrea"},{"cityName":"Gaghet","countryName":"Eritrea"},{"cityName":"Gadmaita","countryName":"Eritrea"},{"cityName":"Gabena Gonfalon","countryName":"Eritrea"},{"cityName":"Fura","countryName":"Eritrea"},{"cityName":"Fortino Ilma","countryName":"Eritrea"},{"cityName":"Follocle","countryName":"Eritrea"},{"cityName":"Fode","countryName":"Eritrea"},{"cityName":"Firidello","countryName":"Eritrea"},{"cityName":"Filfil","countryName":"Eritrea"},{"cityName":"Felhit","countryName":"Eritrea"},{"cityName":"Felfele","countryName":"Eritrea"},{"cityName":"Pharon","countryName":"Eritrea"},{"cityName":"Ab Anrafa","countryName":"Eritrea"},{"cityName":"Eshili","countryName":"Eritrea"},{"cityName":"Eroto","countryName":"Eritrea"},{"cityName":"Era","countryName":"Eritrea"},{"cityName":"En Harris","countryName":"Eritrea"},{"cityName":"Engherne","countryName":"Eritrea"},{"cityName":"Endaga Robo","countryName":"Eritrea"},{"cityName":"Enda Abba Ionas","countryName":"Eritrea"},{"cityName":"Embeito","countryName":"Eritrea"},{"cityName":"Ielit","countryName":"Eritrea"},{"cityName":"Ela Tina","countryName":"Eritrea"},{"cityName":"Ela Cantubba","countryName":"Eritrea"},{"cityName":"Ela Beridi","countryName":"Eritrea"},{"cityName":"Edd","countryName":"Eritrea"},{"cityName":"Durna","countryName":"Eritrea"},{"cityName":"Dirko","countryName":"Eritrea"},{"cityName":"Dluh","countryName":"Eritrea"},{"cityName":"Tokombiya","countryName":"Eritrea"},{"cityName":"Dub Dubaria","countryName":"Eritrea"},{"cityName":"Dogali","countryName":"Eritrea"},{"cityName":"Dochtumo","countryName":"Eritrea"},{"cityName":"Doburra","countryName":"Eritrea"},{"cityName":"Diwalu","countryName":"Eritrea"},{"cityName":"Dissei","countryName":"Eritrea"},{"cityName":"Dilemmi","countryName":"Eritrea"},{"cityName":"Dildil","countryName":"Eritrea"},{"cityName":"Digsa","countryName":"Eritrea"},{"cityName":"Digra","countryName":"Eritrea"},{"cityName":"Digdig","countryName":"Eritrea"},{"cityName":"Didib","countryName":"Eritrea"},{"cityName":"Diddale","countryName":"Eritrea"},{"cityName":"Dichicai","countryName":"Eritrea"},{"cityName":"Dibibti","countryName":"Eritrea"},{"cityName":"Dbarwa","countryName":"Eritrea"},{"cityName":"Deset","countryName":"Eritrea"},{"cityName":"Dersenei","countryName":"Eritrea"},{"cityName":"Dermush","countryName":"Eritrea"},{"cityName":"Dera'alto","countryName":"Eritrea"},{"cityName":"Dera","countryName":"Eritrea"},{"cityName":"Dengel","countryName":"Eritrea"},{"cityName":"Denbe Bengul","countryName":"Eritrea"},{"cityName":"Denagul","countryName":"Eritrea"},{"cityName":"Dem Sebai","countryName":"Eritrea"},{"cityName":"Dembe Toccolu","countryName":"Eritrea"},{"cityName":"Dembe","countryName":"Eritrea"},{"cityName":"Demba Carmet","countryName":"Eritrea"},{"cityName":"Damba","countryName":"Eritrea"},{"cityName":"Dek'i Zer`u","countryName":"Eritrea"},{"cityName":"Dek'i Gebru","countryName":"Eritrea"},{"cityName":"Dek'emhare Hamasen","countryName":"Eritrea"},{"cityName":"Dek'emhare","countryName":"Eritrea"},{"cityName":"Dehalak' Kebir","countryName":"Eritrea"},{"cityName":"Degol","countryName":"Eritrea"},{"cityName":"Dega","countryName":"Eritrea"},{"cityName":"Dedda","countryName":"Eritrea"},{"cityName":"Deda","countryName":"Eritrea"},{"cityName":"Decorassi","countryName":"Eritrea"},{"cityName":"Deca Dascim","countryName":"Eritrea"},{"cityName":"Debresina","countryName":"Eritrea"},{"cityName":"Debri-Slasie","countryName":"Eritrea"},{"cityName":"Debre Maryam","countryName":"Eritrea"},{"cityName":"Debre-Menkoryos","countryName":"Eritrea"},{"cityName":"Debe'aluwa","countryName":"Eritrea"},{"cityName":"Debba","countryName":"Eritrea"},{"cityName":"Deba-Sima","countryName":"Eritrea"},{"cityName":"Debalk'o","countryName":"Eritrea"},{"cityName":"Daui Rori","countryName":"Eritrea"},{"cityName":"Darotai","countryName":"Eritrea"},{"cityName":"Da'ero-Kun'at","countryName":"Eritrea"},{"cityName":"Darok'","countryName":"Eritrea"},{"cityName":"Darmeli","countryName":"Eritrea"},{"cityName":"Dara","countryName":"Eritrea"},{"cityName":"Dangal","countryName":"Eritrea"},{"cityName":"Damas","countryName":"Eritrea"},{"cityName":"Dalaulo","countryName":"Eritrea"},{"cityName":"Da'iro P'awlos","countryName":"Eritrea"},{"cityName":"Tsa'edakristyan","countryName":"Eritrea"},{"cityName":"Daghilo","countryName":"Eritrea"},{"cityName":"Dagaiso","countryName":"Eritrea"},{"cityName":"Ghela'elo","countryName":"Eritrea"},{"cityName":"Dasbudi","countryName":"Eritrea"},{"cityName":"Dabu","countryName":"Eritrea"},{"cityName":"Dabre","countryName":"Eritrea"},{"cityName":"Daber","countryName":"Eritrea"},{"cityName":"Daadatu","countryName":"Eritrea"},{"cityName":"Curoh","countryName":"Eritrea"},{"cityName":"Cumbeiba","countryName":"Eritrea"},{"cityName":"Kuluku","countryName":"Eritrea"},{"cityName":"Cudombascia","countryName":"Eritrea"},{"cityName":"Cudo Hoiva","countryName":"Eritrea"},{"cityName":"Croto","countryName":"Eritrea"},{"cityName":"Cona","countryName":"Eritrea"},{"cityName":"Kuhli-Zbi","countryName":"Eritrea"},{"cityName":"Cieffa","countryName":"Eritrea"},{"cityName":"Ciandelga","countryName":"Eritrea"},{"cityName":"Ciagghene","countryName":"Eritrea"},{"cityName":"Ciabbub Areddu","countryName":"Eritrea"},{"cityName":"Ciaat","countryName":"Eritrea"},{"cityName":"Chi-Nasce","countryName":"Eritrea"},{"cityName":"Chichi","countryName":"Eritrea"},{"cityName":"Chibabo","countryName":"Eritrea"},{"cityName":"Chessad Dahre","countryName":"Eritrea"},{"cityName":"Chenanadole","countryName":"Eritrea"},{"cityName":"Knafna","countryName":"Eritrea"},{"cityName":"Chega","countryName":"Eritrea"},{"cityName":"Carobel","countryName":"Eritrea"},{"cityName":"Burteli","countryName":"Eritrea"},{"cityName":"Bel'ebuy","countryName":"Eritrea"},{"cityName":"Buya","countryName":"Eritrea"},{"cityName":"Buhunena","countryName":"Eritrea"},{"cityName":"Buc Savino","countryName":"Eritrea"},{"cityName":"Bushuka","countryName":"Eritrea"},{"cityName":"Bok'lo","countryName":"Eritrea"},{"cityName":"Boholo","countryName":"Eritrea"},{"cityName":"Biyakundi","countryName":"Eritrea"},{"cityName":"Bitama","countryName":"Eritrea"},{"cityName":"Bisha","countryName":"Eritrea"},{"cityName":"Bihde","countryName":"Eritrea"},{"cityName":"Biet Gabriel","countryName":"Eritrea"},{"cityName":"Bibinna","countryName":"Eritrea"},{"cityName":"Biaghela","countryName":"Eritrea"},{"cityName":"Beylul","countryName":"Eritrea"},{"cityName":"Bet Mahala","countryName":"Eritrea"},{"cityName":"Bete Ts'iyon","countryName":"Eritrea"},{"cityName":"Betalifuru","countryName":"Eritrea"},{"cityName":"Berak","countryName":"Eritrea"},{"cityName":"Bera'esoli","countryName":"Eritrea"},{"cityName":"Beleza","countryName":"Eritrea"},{"cityName":"Belessua","countryName":"Eritrea"},{"cityName":"Bilieta","countryName":"Eritrea"},{"cityName":"Belec","countryName":"Eritrea"},{"cityName":"Bahliya","countryName":"Eritrea"},{"cityName":"Behat","countryName":"Eritrea"},{"cityName":"Ba Sciare","countryName":"Eritrea"},{"cityName":"Barentu","countryName":"Eritrea"},{"cityName":"Bordele","countryName":"Eritrea"},{"cityName":"May-Nefhi","countryName":"Eritrea"},{"cityName":"Barakantiyan","countryName":"Eritrea"},{"cityName":"Barachit","countryName":"Eritrea"},{"cityName":"Bambuco","countryName":"Eritrea"},{"cityName":"Baio","countryName":"Eritrea"},{"cityName":"Badn","countryName":"Eritrea"},{"cityName":"Badeda","countryName":"Eritrea"},{"cityName":"Babaiu","countryName":"Eritrea"},{"cityName":"Hazega","countryName":"Eritrea"},{"cityName":"Azmat Uold","countryName":"Eritrea"},{"cityName":"Azmat Adai","countryName":"Eritrea"},{"cityName":"Asmat","countryName":"Eritrea"},{"cityName":"Azayeke","countryName":"Eritrea"},{"cityName":"Azait","countryName":"Eritrea"},{"cityName":"Ayror","countryName":"Eritrea"},{"cityName":"Aylu","countryName":"Eritrea"},{"cityName":"Aylet","countryName":"Eritrea"},{"cityName":"Ayla","countryName":"Eritrea"},{"cityName":"Hawashayt","countryName":"Eritrea"},{"cityName":"Aura","countryName":"Eritrea"},{"cityName":"Aula","countryName":"Eritrea"},{"cityName":"Augana","countryName":"Eritrea"},{"cityName":"Attai","countryName":"Eritrea"},{"cityName":"At Faid","countryName":"Eritrea"},{"cityName":"Asus","countryName":"Eritrea"},{"cityName":"Assa Ela","countryName":"Eritrea"},{"cityName":"Asmara","countryName":"Eritrea"},{"cityName":"Asitti","countryName":"Eritrea"},{"cityName":"Asiti","countryName":"Eritrea"},{"cityName":"Assab","countryName":"Eritrea"},{"cityName":"Ascidira","countryName":"Eritrea"},{"cityName":"Asbol","countryName":"Eritrea"},{"cityName":"Asbagu","countryName":"Eritrea"},{"cityName":"Ar`uts'eru","countryName":"Eritrea"},{"cityName":"Aruaddin","countryName":"Eritrea"},{"cityName":"Aromo","countryName":"Eritrea"},{"cityName":"Arghezana","countryName":"Eritrea"},{"cityName":"Areza","countryName":"Eritrea"},{"cityName":"Aredda","countryName":"Eritrea"},{"cityName":"Are Adriss","countryName":"Eritrea"},{"cityName":"Arcugi","countryName":"Eritrea"},{"cityName":"Arato","countryName":"Eritrea"},{"cityName":"Aranat","countryName":"Eritrea"},{"cityName":"Araiu","countryName":"Eritrea"},{"cityName":"Irafayle","countryName":"Eritrea"},{"cityName":"Antore","countryName":"Eritrea"},{"cityName":"Antit Are","countryName":"Eritrea"},{"cityName":"Anteca","countryName":"Eritrea"},{"cityName":"Antalla","countryName":"Eritrea"},{"cityName":"Anseba","countryName":"Eritrea"},{"cityName":"Anrata","countryName":"Eritrea"},{"cityName":"Angulei","countryName":"Eritrea"},{"cityName":"Angheb","countryName":"Eritrea"},{"cityName":"Angaba","countryName":"Eritrea"},{"cityName":"Hananit","countryName":"Eritrea"},{"cityName":"Anaghit","countryName":"Eritrea"},{"cityName":"Amotalale","countryName":"Eritrea"},{"cityName":"Amhuru","countryName":"Eritrea"},{"cityName":"Ameli","countryName":"Eritrea"},{"cityName":"Ambacocat","countryName":"Eritrea"},{"cityName":"Amatere","countryName":"Eritrea"},{"cityName":"Amadir","countryName":"Eritrea"},{"cityName":"Allumnu","countryName":"Eritrea"},{"cityName":"Aligider","countryName":"Eritrea"},{"cityName":"Alibarate","countryName":"Eritrea"},{"cityName":"Algheden","countryName":"Eritrea"},{"cityName":"Alghiena","countryName":"Eritrea"},{"cityName":"Alescifa","countryName":"Eritrea"},{"cityName":"Alela","countryName":"Eritrea"},{"cityName":"Alegada","countryName":"Eritrea"},{"cityName":"Alas","countryName":"Eritrea"},{"cityName":"Al-Al","countryName":"Eritrea"},{"cityName":"Ala","countryName":"Eritrea"},{"cityName":"Ak'ordat","countryName":"Eritrea"},{"cityName":"Aigherre","countryName":"Eritrea"},{"cityName":"Agutri","countryName":"Eritrea"},{"cityName":"Agurto","countryName":"Eritrea"},{"cityName":"Agra'i","countryName":"Eritrea"},{"cityName":"Agbalo","countryName":"Eritrea"},{"cityName":"Agametta","countryName":"Eritrea"},{"cityName":"Afta","countryName":"Eritrea"},{"cityName":"Af May","countryName":"Eritrea"},{"cityName":"Affesi","countryName":"Eritrea"},{"cityName":"Afelba","countryName":"Eritrea"},{"cityName":"Afchewa","countryName":"Eritrea"},{"cityName":"Afambo","countryName":"Eritrea"},{"cityName":"Afahani","countryName":"Eritrea"},{"cityName":"Af'abet","countryName":"Eritrea"},{"cityName":"Ad Zeban Sebao","countryName":"Eritrea"},{"cityName":"Ad Ulual","countryName":"Eritrea"},{"cityName":"Ad Tzatzer","countryName":"Eritrea"},{"cityName":"Ad Taulet","countryName":"Eritrea"},{"cityName":"Ad Taula","countryName":"Eritrea"},{"cityName":"Ad Sulet","countryName":"Eritrea"},{"cityName":"Adi Shuma","countryName":"Eritrea"},{"cityName":"Ad Scec Hammed","countryName":"Eritrea"},{"cityName":"Ad Scec","countryName":"Eritrea"},{"cityName":"Ad Sata","countryName":"Eritrea"},{"cityName":"Ad Sala","countryName":"Eritrea"},{"cityName":"Ad Saidna Mustafa","countryName":"Eritrea"},{"cityName":"Ad Said Mustafa","countryName":"Eritrea"},{"cityName":"Ad Refai","countryName":"Eritrea"},{"cityName":"Ad Omar","countryName":"Eritrea"},{"cityName":"Ad Nefas","countryName":"Eritrea"},{"cityName":"Ad Mussa","countryName":"Eritrea"},{"cityName":"Ad Mocada","countryName":"Eritrea"},{"cityName":"Ad Messian","countryName":"Eritrea"},{"cityName":"Ad Manna","countryName":"Eritrea"},{"cityName":"Adi Zarna","countryName":"Eritrea"},{"cityName":"Adi Wederki","countryName":"Eritrea"},{"cityName":"Mendefera","countryName":"Eritrea"},{"cityName":"Ad Teclai","countryName":"Eritrea"},{"cityName":"Adi-Teklezan","countryName":"Eritrea"},{"cityName":"Adi Tafa","countryName":"Eritrea"},{"cityName":"Adi Shum Tombosa","countryName":"Eritrea"},{"cityName":"Adi Shum Hafti","countryName":"Eritrea"},{"cityName":"Adi Scimandui","countryName":"Eritrea"},{"cityName":"Adi Sciaba","countryName":"Eritrea"},{"cityName":"Adi Sceca","countryName":"Eritrea"},{"cityName":"Adis `Alem","countryName":"Eritrea"},{"cityName":"Adi Sahlay","countryName":"Eritrea"},{"cityName":"Ad Rassi","countryName":"Eritrea"},{"cityName":"Adi Ra'isi","countryName":"Eritrea"},{"cityName":"Az Nefas","countryName":"Eritrea"},{"cityName":"Adi Nifas","countryName":"Eritrea"},{"cityName":"Adi-Ne'amn","countryName":"Eritrea"},{"cityName":"Adi Moaghe","countryName":"Eritrea"},{"cityName":"Adi Mengodti","countryName":"Eritrea"},{"cityName":"Adi Mai Laam","countryName":"Eritrea"},{"cityName":"Adi Mahari Cristos","countryName":"Eritrea"},{"cityName":"Adi Macambia","countryName":"Eritrea"},{"cityName":"Adi Lubso","countryName":"Eritrea"},{"cityName":"Adilges","countryName":"Eritrea"},{"cityName":"Adi Lamza","countryName":"Eritrea"},{"cityName":"Adi-Quala","countryName":"Eritrea"},{"cityName":"Adi Kubulo","countryName":"Eritrea"},{"cityName":"Adi K'ore","countryName":"Eritrea"},{"cityName":"Adi Keyh","countryName":"Eritrea"},{"cityName":"Adi K'eshi","countryName":"Eritrea"},{"cityName":"Adi Kelkalti","countryName":"Eritrea"},{"cityName":"Adi Kefelet","countryName":"Eritrea"},{"cityName":"Adik'e","countryName":"Eritrea"},{"cityName":"Adi K'ano","countryName":"Eritrea"},{"cityName":"Adi Imneger","countryName":"Eritrea"},{"cityName":"Adi Iecuoro","countryName":"Eritrea"},{"cityName":"Adi Hurwa","countryName":"Eritrea"},{"cityName":"Adi Huduk","countryName":"Eritrea"},{"cityName":"Adi Hizba","countryName":"Eritrea"},{"cityName":"Adi Hidrum","countryName":"Eritrea"},{"cityName":"Adi Hawesha","countryName":"Eritrea"},{"cityName":"Adi Hamushte","countryName":"Eritrea"},{"cityName":"Adi Hakefa","countryName":"Eritrea"},{"cityName":"Adi Hadid","countryName":"Eritrea"},{"cityName":"Adi Habir","countryName":"Eritrea"},{"cityName":"Adi Gwa'idad","countryName":"Eritrea"},{"cityName":"Adi Gu'ur","countryName":"Eritrea"},{"cityName":"Adi Guagual","countryName":"Eritrea"},{"cityName":"Adi-Gureto","countryName":"Eritrea"},{"cityName":"Adi Gombolo","countryName":"Eritrea"},{"cityName":"Adi Golgol","countryName":"Eritrea"},{"cityName":"Adi Goda'iti","countryName":"Eritrea"},{"cityName":"Adi-Ghela'e","countryName":"Eritrea"},{"cityName":"Adi Geda","countryName":"Eritrea"},{"cityName":"Adi Gebru","countryName":"Eritrea"},{"cityName":"Adi Gebray","countryName":"Eritrea"},{"cityName":"Adi Gahad","countryName":"Eritrea"},{"cityName":"Adi Gaad","countryName":"Eritrea"},{"cityName":"Adi Fini'i","countryName":"Eritrea"},{"cityName":"Adi Essaha","countryName":"Eritrea"},{"cityName":"Adi Culli","countryName":"Eritrea"},{"cityName":"Adi Contzi","countryName":"Eritrea"},{"cityName":"Adi-Ketina","countryName":"Eritrea"},{"cityName":"Adi Bilay","countryName":"Eritrea"},{"cityName":"Adi-Bigdi","countryName":"Eritrea"},{"cityName":"Adibara","countryName":"Eritrea"},{"cityName":"Adiba'ikel","countryName":"Eritrea"},{"cityName":"Adi Bahro","countryName":"Eritrea"},{"cityName":"Gudba-Badm","countryName":"Eritrea"},{"cityName":"Adi Atei","countryName":"Eritrea"},{"cityName":"Adi Ark'ay","countryName":"Eritrea"},{"cityName":"Adi Ar`ada","countryName":"Eritrea"},{"cityName":"Adi Amanu'el","countryName":"Eritrea"},{"cityName":"Adi Ali Bakit","countryName":"Eritrea"},{"cityName":"Adi Ahiderom","countryName":"Eritrea"},{"cityName":"Adi Agwa","countryName":"Eritrea"},{"cityName":"Adi Agbay","countryName":"Eritrea"},{"cityName":"Adi Ada","countryName":"Eritrea"},{"cityName":"Adi Aba Ri'isom","countryName":"Eritrea"},{"cityName":"Ad Gander Gabei","countryName":"Eritrea"},{"cityName":"Ad Gaban","countryName":"Eritrea"},{"cityName":"Ad Finne","countryName":"Eritrea"},{"cityName":"Ad Faghi","countryName":"Eritrea"},{"cityName":"Adey Me`at","countryName":"Eritrea"},{"cityName":"Ad Errei","countryName":"Eritrea"},{"cityName":"Aderdeb","countryName":"Eritrea"},{"cityName":"Aderde","countryName":"Eritrea"},{"cityName":"Adenna","countryName":"Eritrea"},{"cityName":"Adengefom","countryName":"Eritrea"},{"cityName":"Adendema","countryName":"Eritrea"},{"cityName":"Adek'e Ginet","countryName":"Eritrea"},{"cityName":"Adebu`ur","countryName":"Eritrea"},{"cityName":"Addi Toqualu","countryName":"Eritrea"},{"cityName":"Addisc Addi","countryName":"Eritrea"},{"cityName":"Ad Dirco","countryName":"Eritrea"},{"cityName":"Adi-Nebri","countryName":"Eritrea"},{"cityName":"Addi Messahal","countryName":"Eritrea"},{"cityName":"Ad Dechita","countryName":"Eritrea"},{"cityName":"Ad Casub","countryName":"Eritrea"},{"cityName":"Ad Bili","countryName":"Eritrea"},{"cityName":"Ad Asmaru","countryName":"Eritrea"},{"cityName":"Adarte","countryName":"Eritrea"},{"cityName":"Ad Amer","countryName":"Eritrea"},{"cityName":"Adal","countryName":"Eritrea"},{"cityName":"Adaito","countryName":"Eritrea"},{"cityName":"Adailo","countryName":"Eritrea"},{"cityName":"Ad Aguale","countryName":"Eritrea"},{"cityName":"Ada Ela","countryName":"Eritrea"},{"cityName":"Ad Abiscia","countryName":"Eritrea"},{"cityName":"Ad Abi","countryName":"Eritrea"},{"cityName":"Ad Abeito","countryName":"Eritrea"},{"cityName":"Ad Abbai","countryName":"Eritrea"},{"cityName":"Akrur","countryName":"Eritrea"},{"cityName":"Acoma","countryName":"Eritrea"},{"cityName":"Acca","countryName":"Eritrea"},{"cityName":"Gadien","countryName":"Eritrea"},{"cityName":"Abruim","countryName":"Eritrea"},{"cityName":"Abrascico","countryName":"Eritrea"},{"cityName":"Abna","countryName":"Eritrea"},{"cityName":"Abhi","countryName":"Eritrea"},{"cityName":"Abdi","countryName":"Eritrea"},{"cityName":"Abbi Adi","countryName":"Eritrea"},{"cityName":"Abaredda","countryName":"Eritrea"},{"cityName":"Abacheri","countryName":"Eritrea"},{"cityName":"Ad Daudi","countryName":"Eritrea"},{"cityName":"Sed Daaf","countryName":"Eritrea"},{"cityName":"Akilo","countryName":"Eritrea"},{"cityName":"Ayba","countryName":"Eritrea"},{"cityName":"Tsorena","countryName":"Eritrea"},{"cityName":"Berakit-Abay","countryName":"Eritrea"},{"cityName":"Safira","countryName":"Eritrea"},{"cityName":"Qua'atit","countryName":"Eritrea"},{"cityName":"Koloburdo","countryName":"Eritrea"},{"cityName":"Kinto","countryName":"Eritrea"},{"cityName":"Zigfet","countryName":"Eritrea"},{"cityName":"Ghirmayka","countryName":"Eritrea"},{"cityName":"Hambok","countryName":"Eritrea"},{"cityName":"Dluk","countryName":"Eritrea"},{"cityName":"Ambori","countryName":"Eritrea"},{"cityName":"Adi-Felesti","countryName":"Eritrea"},{"cityName":"Tala","countryName":"Eritrea"},{"cityName":"Liban","countryName":"Eritrea"},{"cityName":"Ghergher","countryName":"Eritrea"},{"cityName":"Serejeka","countryName":"Eritrea"},{"cityName":"Mrara","countryName":"Eritrea"},{"cityName":"Mefalk","countryName":"Eritrea"},{"cityName":"Fredarb","countryName":"Eritrea"},{"cityName":"Ieden","countryName":"Eritrea"},{"cityName":"Kumheyle","countryName":"Eritrea"},{"cityName":"Hadish","countryName":"Eritrea"},{"cityName":"Wasena","countryName":"Eritrea"},{"cityName":"Agambusa/Tobo","countryName":"Eritrea"},{"cityName":"Tseret","countryName":"Eritrea"},{"cityName":"Foro","countryName":"Eritrea"},{"cityName":"Wi'a","countryName":"Eritrea"},{"cityName":"Hidele","countryName":"Eritrea"},{"cityName":"Ghedem","countryName":"Eritrea"},{"cityName":"Wedi-ledo","countryName":"Eritrea"},{"cityName":"Ghedghed/Debret","countryName":"Eritrea"},{"cityName":"Sh'eb/Mensheb","countryName":"Eritrea"},{"cityName":"Asa'ila","countryName":"Eritrea"},{"cityName":"Ighiroli","countryName":"Eritrea"},{"cityName":"Irble","countryName":"Eritrea"},{"cityName":"Muri","countryName":"Eritrea"},{"cityName":"Wade","countryName":"Eritrea"},{"cityName":"Abe","countryName":"Eritrea"},{"cityName":"Mureym","countryName":"Eritrea"},{"cityName":"Ferer","countryName":"Eritrea"},{"cityName":"Adi-Atsida","countryName":"Eritrea"},{"cityName":"Enda-Aba-Simeon","countryName":"Eritrea"},{"cityName":"Adi-W'ala","countryName":"Eritrea"},{"cityName":"Ham","countryName":"Eritrea"},{"cityName":"Sarda","countryName":"Eritrea"},{"cityName":"Keshe'at","countryName":"Eritrea"},{"cityName":"Kokobay","countryName":"Eritrea"},{"cityName":"Badme","countryName":"Eritrea"},{"cityName":"Carrbi","countryName":"Eritrea"},{"cityName":"Shaffidi","countryName":"Eritrea"},{"cityName":"Ausibi","countryName":"Eritrea"},{"cityName":"Markosudi","countryName":"Eritrea"},{"cityName":"Delli","countryName":"Eritrea"},{"cityName":"Demona","countryName":"Eritrea"},{"cityName":"Kufitale","countryName":"Eritrea"},{"cityName":"Ludada","countryName":"Eritrea"},{"cityName":"Fafaro","countryName":"Eritrea"},{"cityName":"Durni","countryName":"Eritrea"},{"cityName":"Leyda","countryName":"Eritrea"},{"cityName":"Dahro Mahabera","countryName":"Eritrea"},{"cityName":"A. Kodada","countryName":"Eritrea"},{"cityName":"Moroho","countryName":"Eritrea"},{"cityName":"Keman Koba","countryName":"Eritrea"},{"cityName":"Mis Chanu","countryName":"Eritrea"},{"cityName":"Addi Lamsay","countryName":"Eritrea"},{"cityName":"Addi Kuazien","countryName":"Eritrea"},{"cityName":"Ad Dembela","countryName":"Eritrea"},{"cityName":"Ad Jakaray","countryName":"Eritrea"},{"cityName":"Ona Zerit","countryName":"Eritrea"},{"cityName":"Adi Mashela","countryName":"Eritrea"},{"cityName":"Addi Gemiya","countryName":"Eritrea"},{"cityName":"Addi Gaba","countryName":"Eritrea"},{"cityName":"Addi Alamo","countryName":"Eritrea"},{"cityName":"Adi Tzalo","countryName":"Eritrea"},{"cityName":"Addi Feton Siga","countryName":"Eritrea"},{"cityName":"Addi Kuaho","countryName":"Eritrea"},{"cityName":"Adi Gullina","countryName":"Eritrea"},{"cityName":"Ad Sebera","countryName":"Eritrea"},{"cityName":"Addi Gebsus","countryName":"Eritrea"},{"cityName":"Adi Bal","countryName":"Eritrea"},{"cityName":"Debra Sahali","countryName":"Eritrea"},{"cityName":"Addi Nommik","countryName":"Eritrea"},{"cityName":"Addi Mage","countryName":"Eritrea"},{"cityName":"Ad Sherokay","countryName":"Eritrea"},{"cityName":"Addi Sabeu","countryName":"Eritrea"},{"cityName":"Addi Nefas","countryName":"Eritrea"},{"cityName":"Dambettardi","countryName":"Eritrea"},{"cityName":"Adi Guba","countryName":"Eritrea"},{"cityName":"Melad Manta","countryName":"Eritrea"},{"cityName":"Adi Maharna","countryName":"Eritrea"},{"cityName":"Dembe Shivinni","countryName":"Eritrea"},{"cityName":"Gember Gobay","countryName":"Eritrea"},{"cityName":"Addi Finne","countryName":"Eritrea"},{"cityName":"Dalek","countryName":"Eritrea"},{"cityName":"Aychegevna","countryName":"Eritrea"},{"cityName":"Dekdekkabo","countryName":"Eritrea"},{"cityName":"Adi Katina","countryName":"Eritrea"},{"cityName":"Adi Barresso","countryName":"Eritrea"},{"cityName":"Geza Adaba","countryName":"Eritrea"},{"cityName":"Adi Scium Ascale","countryName":"Eritrea"},{"cityName":"Bet Ansian","countryName":"Eritrea"},{"cityName":"Adi Edug","countryName":"Eritrea"},{"cityName":"Adi Engana","countryName":"Eritrea"},{"cityName":"Adi Tesfa Leul","countryName":"Eritrea"},{"cityName":"Adi Guebo","countryName":"Eritrea"},{"cityName":"May Osa","countryName":"Eritrea"},{"cityName":"Palay Adi","countryName":"Eritrea"},{"cityName":"Adi Felleho","countryName":"Eritrea"},{"cityName":"Mahakuk","countryName":"Eritrea"},{"cityName":"Hantsetse","countryName":"Eritrea"},{"cityName":"Ena Uoddi Monko","countryName":"Eritrea"},{"cityName":"Dugub","countryName":"Eritrea"},{"cityName":"Adi Adenay","countryName":"Eritrea"},{"cityName":"Adi Kuoshet","countryName":"Eritrea"},{"cityName":"Kesad Adi","countryName":"Eritrea"},{"cityName":"Samharo","countryName":"Eritrea"},{"cityName":"Adi Kelkel","countryName":"Eritrea"},{"cityName":"Adi Beyani","countryName":"Eritrea"},{"cityName":"Adi Assaba","countryName":"Eritrea"},{"cityName":"Adi Kobasa","countryName":"Eritrea"},{"cityName":"Adi Lagen","countryName":"Eritrea"},{"cityName":"Adi Assernat","countryName":"Eritrea"},{"cityName":"Adi Eur","countryName":"Eritrea"},{"cityName":"Geza Tsellimo","countryName":"Eritrea"},{"cityName":"Adi Terke","countryName":"Eritrea"},{"cityName":"Adi Shumakele","countryName":"Eritrea"},{"cityName":"Adi Aloat","countryName":"Eritrea"},{"cityName":"Adi Yakemu","countryName":"Eritrea"},{"cityName":"Adi Auya","countryName":"Eritrea"},{"cityName":"Adi Garfa","countryName":"Eritrea"},{"cityName":"Enda Abba Boruk","countryName":"Eritrea"},{"cityName":"Adi Eys","countryName":"Eritrea"},{"cityName":"Adi Shilomun","countryName":"Eritrea"},{"cityName":"Adi Makada","countryName":"Eritrea"},{"cityName":"Adi Gunfay","countryName":"Eritrea"},{"cityName":"Dembergudi","countryName":"Eritrea"},{"cityName":"Adi Selloo","countryName":"Eritrea"},{"cityName":"Adi Derar Ayni","countryName":"Eritrea"},{"cityName":"Adi Andil","countryName":"Eritrea"},{"cityName":"Kosma","countryName":"Eritrea"},{"cityName":"Adi Arkay","countryName":"Eritrea"},{"cityName":"Adi Marau","countryName":"Eritrea"},{"cityName":"Adi Assaharti","countryName":"Eritrea"},{"cityName":"Ho Ho","countryName":"Eritrea"},{"cityName":"Assoguaguy","countryName":"Eritrea"},{"cityName":"Adi Sagla","countryName":"Eritrea"},{"cityName":"Adi Jimel","countryName":"Eritrea"},{"cityName":"Adi Baylay","countryName":"Eritrea"},{"cityName":"Enda Gergis","countryName":"Eritrea"},{"cityName":"Adi Yohanneso","countryName":"Eritrea"},{"cityName":"Adise Adi","countryName":"Eritrea"},{"cityName":"Sere Nebraan","countryName":"Eritrea"},{"cityName":"Adi Madiya","countryName":"Eritrea"},{"cityName":"Adi Goday","countryName":"Eritrea"},{"cityName":"Adi Gosse","countryName":"Eritrea"},{"cityName":"Adi Kabba","countryName":"Eritrea"},{"cityName":"Kudo Baur","countryName":"Eritrea"},{"cityName":"Adekkabun","countryName":"Eritrea"},{"cityName":"Adi Chalkuy","countryName":"Eritrea"},{"cityName":"Adi Abagat","countryName":"Eritrea"},{"cityName":"Adi Gabru","countryName":"Eritrea"},{"cityName":"Adi Shumaale","countryName":"Eritrea"},{"cityName":"Adi Markagiya","countryName":"Eritrea"},{"cityName":"Maragus","countryName":"Eritrea"},{"cityName":"Adi Gunguay","countryName":"Eritrea"},{"cityName":"Adi Assero","countryName":"Eritrea"},{"cityName":"Maryam Medhanit","countryName":"Eritrea"},{"cityName":"Deka Arbaa","countryName":"Eritrea"},{"cityName":"Adi Assabehta","countryName":"Eritrea"},{"cityName":"Adi Sahallab","countryName":"Eritrea"},{"cityName":"Adi Guaguat","countryName":"Eritrea"},{"cityName":"Mahado","countryName":"Eritrea"},{"cityName":"Debesana","countryName":"Eritrea"},{"cityName":"Debri Annenas","countryName":"Eritrea"},{"cityName":"Nueh Zeban","countryName":"Eritrea"},{"cityName":"Adi Harre","countryName":"Eritrea"},{"cityName":"Karran Kudo","countryName":"Eritrea"},{"cityName":"Dander","countryName":"Eritrea"},{"cityName":"Adi Hiabu","countryName":"Eritrea"},{"cityName":"Adi Harkam","countryName":"Eritrea"},{"cityName":"Dekmomiet","countryName":"Eritrea"},{"cityName":"Lahlayaddi","countryName":"Eritrea"},{"cityName":"Zedan Nue","countryName":"Eritrea"},{"cityName":"Adi Abbado","countryName":"Eritrea"},{"cityName":"Adi Gomoro","countryName":"Eritrea"},{"cityName":"Addekemene","countryName":"Eritrea"},{"cityName":"Adi Itay","countryName":"Eritrea"},{"cityName":"Adi Gabul","countryName":"Eritrea"},{"cityName":"Endabbatte","countryName":"Eritrea"},{"cityName":"Adi Tsadi","countryName":"Eritrea"},{"cityName":"May Armaz","countryName":"Eritrea"},{"cityName":"Adi Kesaemti","countryName":"Eritrea"},{"cityName":"Azernahadis","countryName":"Eritrea"},{"cityName":"Enda Matiel","countryName":"Eritrea"},{"cityName":"Siaha","countryName":"Eritrea"},{"cityName":"Kokuat","countryName":"Eritrea"},{"cityName":"Kebta","countryName":"Eritrea"},{"cityName":"May Taranbelay","countryName":"Eritrea"},{"cityName":"Ad Mana","countryName":"Eritrea"},{"cityName":"Samassen","countryName":"Eritrea"},{"cityName":"Adi Guhebo","countryName":"Eritrea"},{"cityName":"Badunkul","countryName":"Eritrea"},{"cityName":"Adi Uatot","countryName":"Eritrea"},{"cityName":"Damba Mik","countryName":"Eritrea"},{"cityName":"Adi Neduk","countryName":"Eritrea"},{"cityName":"Adi Finne","countryName":"Eritrea"},{"cityName":"Adi Bardu","countryName":"Eritrea"},{"cityName":"Dembe Amukusti","countryName":"Eritrea"},{"cityName":"Adi Mamen","countryName":"Eritrea"},{"cityName":"Adi Gurda","countryName":"Eritrea"},{"cityName":"Aykobettu","countryName":"Eritrea"},{"cityName":"Zerbien","countryName":"Eritrea"},{"cityName":"Kushet","countryName":"Eritrea"},{"cityName":"Adi Addebeza","countryName":"Eritrea"},{"cityName":"Adi Goduf","countryName":"Eritrea"},{"cityName":"Gesa Edru","countryName":"Eritrea"},{"cityName":"Adi Gutti","countryName":"Eritrea"},{"cityName":"Adi Sebaa","countryName":"Eritrea"},{"cityName":"Adi Samra","countryName":"Eritrea"},{"cityName":"Ad Deki Mensho","countryName":"Eritrea"},{"cityName":"Adi Seb Shire","countryName":"Eritrea"},{"cityName":"Gesa Restu","countryName":"Eritrea"},{"cityName":"May Harish","countryName":"Eritrea"},{"cityName":"Maakeno","countryName":"Eritrea"},{"cityName":"Kor Chokomte","countryName":"Eritrea"},{"cityName":"Gudal'ti","countryName":"Eritrea"},{"cityName":"May Aha","countryName":"Eritrea"},{"cityName":"Tauro","countryName":"Eritrea"},{"cityName":"Enda Yohannes","countryName":"Eritrea"},{"cityName":"Mebred","countryName":"Eritrea"},{"cityName":"Abaa","countryName":"Eritrea"},{"cityName":"Zeban-Abuh","countryName":"Eritrea"},{"cityName":"Giassehe","countryName":"Eritrea"},{"cityName":"Hayli","countryName":"Eritrea"},{"cityName":"Ksad Emba","countryName":"Eritrea"},{"cityName":"Ashira","countryName":"Eritrea"},{"cityName":"Addokayez","countryName":"Eritrea"},{"cityName":"Merra Nahayne","countryName":"Eritrea"},{"cityName":"Adi Auey","countryName":"Eritrea"},{"cityName":"Adi Etket","countryName":"Eritrea"},{"cityName":"Adi Ferti","countryName":"Eritrea"},{"cityName":"Maadoruba","countryName":"Eritrea"},{"cityName":"Merkats","countryName":"Eritrea"},{"cityName":"Adi Kanta","countryName":"Eritrea"},{"cityName":"N'yul'to","countryName":"Eritrea"},{"cityName":"Enda Ekkise","countryName":"Eritrea"},{"cityName":"Adi Beke","countryName":"Eritrea"},{"cityName":"May Maho","countryName":"Eritrea"},{"cityName":"Euanet","countryName":"Eritrea"},{"cityName":"Ad Auki","countryName":"Eritrea"},{"cityName":"Adish Addi","countryName":"Eritrea"},{"cityName":"Ngela","countryName":"Eritrea"},{"cityName":"Zaare","countryName":"Eritrea"},{"cityName":"Ona Foroho","countryName":"Eritrea"},{"cityName":"Galline Faraone","countryName":"Eritrea"},{"cityName":"Eduk","countryName":"Eritrea"},{"cityName":"Ferkala","countryName":"Eritrea"},{"cityName":"Argentu","countryName":"Eritrea"},{"cityName":"Ezeerto","countryName":"Eritrea"},{"cityName":"50 km.] [ROAD DESTINATION: Irafayle","countryName":"Eritrea"},{"cityName":"El Hufeyra","countryName":"Eritrea"},{"cityName":"Datoi Sima","countryName":"Eritrea"},{"cityName":"Merbaro","countryName":"Eritrea"},{"cityName":"Salita Adarrabera","countryName":"Eritrea"},{"cityName":"Adi Moage","countryName":"Eritrea"},{"cityName":"Quandeba","countryName":"Eritrea"},{"cityName":"Fiok","countryName":"Eritrea"},{"cityName":"Faroddy","countryName":"Eritrea"},{"cityName":"Darmale","countryName":"Eritrea"},{"cityName":"Andale","countryName":"Eritrea"},{"cityName":"Chiloma","countryName":"Eritrea"},{"cityName":"Kiloma","countryName":"Eritrea"},{"cityName":"Abo","countryName":"Eritrea"},{"cityName":"Ghibdo","countryName":"Eritrea"},{"cityName":"Daraivo","countryName":"Eritrea"},{"cityName":"Saline","countryName":"Eritrea"},{"cityName":"Ayumen","countryName":"Eritrea"},{"cityName":"Uaddi","countryName":"Eritrea"},{"cityName":"Hlelika","countryName":"Eritrea"},{"cityName":"Kubbani","countryName":"Eritrea"},{"cityName":"Dahrat Dyl'ke","countryName":"Eritrea"},{"cityName":"Derbushet","countryName":"Eritrea"},{"cityName":"Memla","countryName":"Eritrea"},{"cityName":"Amareg","countryName":"Eritrea"},{"cityName":"Dahlak-Kebir","countryName":"Eritrea"},{"cityName":"Sebar Guma","countryName":"Eritrea"},{"cityName":"Madror'yet","countryName":"Eritrea"},{"cityName":"Ba Share","countryName":"Eritrea"},{"cityName":"Ad-Nureyt","countryName":"Eritrea"},{"cityName":"Bakhar","countryName":"Eritrea"},{"cityName":"Itaro","countryName":"Eritrea"},{"cityName":"Hishkib","countryName":"Eritrea"},{"cityName":"Amberbeb","countryName":"Eritrea"},{"cityName":"Keber We'et","countryName":"Eritrea"},{"cityName":"Hadokko","countryName":"Eritrea"},{"cityName":"Degera Mereto","countryName":"Eritrea"},{"cityName":"Adi Kharem","countryName":"Eritrea"},{"cityName":"Gherghir","countryName":"Eritrea"},{"cityName":"Arag","countryName":"Eritrea"},{"cityName":"Ghile'e La'elay","countryName":"Eritrea"},{"cityName":"Ila Babu","countryName":"Eritrea"},{"cityName":"Bal'tat","countryName":"Eritrea"},{"cityName":"Khokho","countryName":"Eritrea"},{"cityName":"Alga'eta","countryName":"Eritrea"},{"cityName":"Endlal","countryName":"Eritrea"},{"cityName":"Cheweni","countryName":"Eritrea"},{"cityName":"Et'andelet","countryName":"Eritrea"},{"cityName":"Etharawyatat","countryName":"Eritrea"},{"cityName":"Arotay","countryName":"Eritrea"},{"cityName":"Aderfeney","countryName":"Eritrea"},{"cityName":"Addembay","countryName":"Eritrea"},{"cityName":"Ibrakhim-Gub","countryName":"Eritrea"},{"cityName":"Avadab","countryName":"Eritrea"},{"cityName":"Bambene","countryName":"Eritrea"},{"cityName":"Ad-Maad","countryName":"Eritrea"},{"cityName":"Kobetago","countryName":"Eritrea"},{"cityName":"Kelhamet","countryName":"Eritrea"},{"cityName":"Gademhalib","countryName":"Eritrea"},{"cityName":"Abarara","countryName":"Eritrea"},{"cityName":"Kofisio","countryName":"Eritrea"},{"cityName":"Des","countryName":"Eritrea"},{"cityName":"Beshii","countryName":"Eritrea"},{"cityName":"Logodat","countryName":"Eritrea"},{"cityName":"Armara","countryName":"Eritrea"},{"cityName":"Mokoro","countryName":"Eritrea"},{"cityName":"Eymasa","countryName":"Eritrea"},{"cityName":"Gukki","countryName":"Eritrea"},{"cityName":"Brebana","countryName":"Eritrea"},{"cityName":"Shiderda","countryName":"Eritrea"},{"cityName":"Kekeda","countryName":"Eritrea"},{"cityName":"Khaskhakkar","countryName":"Eritrea"},{"cityName":"Dagabta","countryName":"Eritrea"},{"cityName":"Kerda","countryName":"Eritrea"},{"cityName":"Arnedda","countryName":"Eritrea"},{"cityName":"Katenda","countryName":"Eritrea"},{"cityName":"Daka","countryName":"Eritrea"},{"cityName":"Enda Daka","countryName":"Eritrea"},{"cityName":"Shashi","countryName":"Eritrea"},{"cityName":"Gamayrotali","countryName":"Eritrea"},{"cityName":"Buddoda","countryName":"Eritrea"},{"cityName":"Dedda Baza","countryName":"Eritrea"},{"cityName":"Lama","countryName":"Eritrea"},{"cityName":"Tabonseneb","countryName":"Eritrea"},{"cityName":"Orota","countryName":"Eritrea"},{"cityName":"Zara","countryName":"Eritrea"},{"cityName":"Sabderat","countryName":"Eritrea"},{"cityName":"Ad Issa","countryName":"Eritrea"},{"cityName":"Ad Asberre","countryName":"Eritrea"},{"cityName":"Ad Abbakit","countryName":"Eritrea"},{"cityName":"D'yurrum Segir","countryName":"Eritrea"},{"cityName":"M'etr","countryName":"Eritrea"},{"cityName":"Addi Fagammer","countryName":"Eritrea"},{"cityName":"Ad Amiyey","countryName":"Eritrea"},{"cityName":"Ad Nureyn","countryName":"Eritrea"},{"cityName":"Zamat","countryName":"Eritrea"},{"cityName":"Ad Arey","countryName":"Eritrea"},{"cityName":"Fellekhito","countryName":"Eritrea"},{"cityName":"Mahmimet","countryName":"Eritrea"},{"cityName":"Az Seles","countryName":"Eritrea"},{"cityName":"Ad Melin","countryName":"Eritrea"},{"cityName":"May Afide","countryName":"Eritrea"},{"cityName":"Ad Maamed Amer","countryName":"Eritrea"},{"cityName":"Ad Maamed Elemi","countryName":"Eritrea"},{"cityName":"Assambra","countryName":"Eritrea"},{"cityName":"Ad Amed Selim","countryName":"Eritrea"},{"cityName":"Ad-Derbush","countryName":"Eritrea"},{"cityName":"Ad-Alli","countryName":"Eritrea"},{"cityName":"Adel'","countryName":"Eritrea"},{"cityName":"Marke","countryName":"Eritrea"},{"cityName":"Debessa","countryName":"Eritrea"},{"cityName":"Elos","countryName":"Eritrea"},{"cityName":"Kafa","countryName":"Eritrea"},{"cityName":"Aforum","countryName":"Eritrea"},{"cityName":"Ad Gubsha","countryName":"Eritrea"},{"cityName":"Takle","countryName":"Eritrea"},{"cityName":"Arbira","countryName":"Eritrea"},{"cityName":"Toduan","countryName":"Eritrea"},{"cityName":"Uash","countryName":"Eritrea"},{"cityName":"Uash-Adris-Adera","countryName":"Eritrea"},{"cityName":"Derkano","countryName":"Eritrea"},{"cityName":"Zelale","countryName":"Eritrea"},{"cityName":"Dzhinfa","countryName":"Eritrea"},{"cityName":"Shinnara","countryName":"Eritrea"},{"cityName":"Adi Cutur","countryName":"Eritrea"},{"cityName":"Basheri","countryName":"Eritrea"},{"cityName":"Addar Itubub","countryName":"Eritrea"},{"cityName":"Afney","countryName":"Eritrea"},{"cityName":"Adi Dzhel'","countryName":"Eritrea"},{"cityName":"Bambi","countryName":"Eritrea"},{"cityName":"Degki","countryName":"Eritrea"},{"cityName":"Addi-Sala","countryName":"Eritrea"},{"cityName":"Frudit-Kaamli","countryName":"Eritrea"},{"cityName":"Sharobia","countryName":"Eritrea"},{"cityName":"Tkoret","countryName":"Eritrea"},{"cityName":"Tadoy","countryName":"Eritrea"},{"cityName":"Addi-Nedi","countryName":"Eritrea"},{"cityName":"Addi-Bel'sey","countryName":"Eritrea"},{"cityName":"Addi-Chando","countryName":"Eritrea"},{"cityName":"Sonoto","countryName":"Eritrea"},{"cityName":"Arbo","countryName":"Eritrea"},{"cityName":"Zeban Khayli","countryName":"Eritrea"},{"cityName":"Adibus","countryName":"Eritrea"},{"cityName":"Ad Deka Takla","countryName":"Eritrea"},{"cityName":"Zuab","countryName":"Eritrea"},{"cityName":"Aschaba","countryName":"Eritrea"},{"cityName":"Uakari Ton","countryName":"Eritrea"},{"cityName":"Dekhebina","countryName":"Eritrea"},{"cityName":"Suudita","countryName":"Eritrea"},{"cityName":"Falalo","countryName":"Eritrea"},{"cityName":"Galakhatoli","countryName":"Eritrea"},{"cityName":"Khambile","countryName":"Eritrea"},{"cityName":"Gakhatele","countryName":"Eritrea"},{"cityName":"Gerdetti","countryName":"Eritrea"},{"cityName":"Zemmer","countryName":"Eritrea"},{"cityName":"Zdi-Nokha","countryName":"Eritrea"},{"cityName":"End Abba Mata","countryName":"Eritrea"},{"cityName":"Addi Bezakhanays","countryName":"Eritrea"},{"cityName":"Fogayakhe","countryName":"Eritrea"},{"cityName":"Geddele","countryName":"Eritrea"},{"cityName":"Addi Kina","countryName":"Eritrea"},{"cityName":"Addi Saddi","countryName":"Eritrea"},{"cityName":"Torat","countryName":"Eritrea"},{"cityName":"Abbake Bara","countryName":"Eritrea"},{"cityName":"Beza-Slam","countryName":"Eritrea"},{"cityName":"Addi Gered","countryName":"Eritrea"},{"cityName":"Addegena","countryName":"Eritrea"},{"cityName":"Addi Keli","countryName":"Eritrea"},{"cityName":"Ad Sarkhit","countryName":"Eritrea"},{"cityName":"Ugub","countryName":"Eritrea"},{"cityName":"Maraf Tobot","countryName":"Eritrea"},{"cityName":"Gerakhu Tala","countryName":"Eritrea"},{"cityName":"An Zala","countryName":"Eritrea"},{"cityName":"Orguk","countryName":"Eritrea"},{"cityName":"Ad Kaketba","countryName":"Eritrea"},{"cityName":"Addi Bzage","countryName":"Eritrea"},{"cityName":"Az Selayl'","countryName":"Eritrea"},{"cityName":"Kerkebet Amalayt","countryName":"Eritrea"},{"cityName":"Olef","countryName":"Eritrea"},{"cityName":"Skrofoto","countryName":"Eritrea"},{"cityName":"Guayra","countryName":"Eritrea"},{"cityName":"Goorbaati","countryName":"Eritrea"},{"cityName":"Addi Ferre","countryName":"Eritrea"},{"cityName":"Addi Kares","countryName":"Eritrea"},{"cityName":"Ziban Angeb","countryName":"Eritrea"},{"cityName":"Azzamer","countryName":"Eritrea"},{"cityName":"Ad Doshe","countryName":"Eritrea"},{"cityName":"Atbay","countryName":"Eritrea"},{"cityName":"Tabo","countryName":"Eritrea"},{"cityName":"Maderto","countryName":"Eritrea"},{"cityName":"Adda Dero","countryName":"Eritrea"},{"cityName":"Lamze","countryName":"Eritrea"},{"cityName":"Ad Doye","countryName":"Eritrea"},{"cityName":"Ad Desonaf","countryName":"Eritrea"},{"cityName":"Ad Desonay","countryName":"Eritrea"},{"cityName":"Addi Saut","countryName":"Eritrea"},{"cityName":"Mare","countryName":"Eritrea"},{"cityName":"Demba Golom","countryName":"Eritrea"},{"cityName":"Silashagi","countryName":"Eritrea"},{"cityName":"Rarodetta","countryName":"Eritrea"},{"cityName":"Adzhun","countryName":"Eritrea"},{"cityName":"Al' Elu","countryName":"Eritrea"},{"cityName":"Vogeriko","countryName":"Eritrea"},{"cityName":"Mal'gava","countryName":"Eritrea"},{"cityName":"Barkutu","countryName":"Eritrea"},{"cityName":"Redoy","countryName":"Eritrea"},{"cityName":"Tate Maule","countryName":"Eritrea"},{"cityName":"Ad Kaukoy","countryName":"Eritrea"},{"cityName":"May Melegen","countryName":"Eritrea"},{"cityName":"Kalo","countryName":"Eritrea"},{"cityName":"Khaderu","countryName":"Eritrea"},{"cityName":"Grat Katin","countryName":"Eritrea"},{"cityName":"Khek May","countryName":"Eritrea"},{"cityName":"Af Delu","countryName":"Eritrea"},{"cityName":"Dersep","countryName":"Eritrea"},{"cityName":"Kuantebba","countryName":"Eritrea"},{"cityName":"Addi Shaga","countryName":"Eritrea"},{"cityName":"Deffere","countryName":"Eritrea"},{"cityName":"Anzala","countryName":"Eritrea"},{"cityName":"Kodo","countryName":"Eritrea"},{"cityName":"Barantanti","countryName":"Eritrea"},{"cityName":"Sadamba","countryName":"Eritrea"},{"cityName":"Shaka","countryName":"Eritrea"},{"cityName":"Avarekha","countryName":"Eritrea"},{"cityName":"Dobur","countryName":"Eritrea"},{"cityName":"Matare","countryName":"Eritrea"},{"cityName":"Bukhrali","countryName":"Eritrea"},{"cityName":"Nasirakurra","countryName":"Eritrea"},{"cityName":"Svan","countryName":"Eritrea"},{"cityName":"Ad Tibdis","countryName":"Eritrea"},{"cityName":"Ad Khaylit","countryName":"Eritrea"},{"cityName":"Ad Agay","countryName":"Eritrea"},{"cityName":"Adi Ionnes","countryName":"Eritrea"},{"cityName":"Al'gata","countryName":"Eritrea"},{"cityName":"Sabsobal'","countryName":"Eritrea"},{"cityName":"Abi Gul'gul'","countryName":"Eritrea"},{"cityName":"May Makhan","countryName":"Eritrea"},{"cityName":"Adi Yakob","countryName":"Eritrea"},{"cityName":"Adi Merani","countryName":"Eritrea"},{"cityName":"Adi Apsulus","countryName":"Eritrea"},{"cityName":"Sium Dzhumnuk","countryName":"Eritrea"},{"cityName":"Daro","countryName":"Eritrea"},{"cityName":"Khamesi","countryName":"Eritrea"},{"cityName":"Medrisen","countryName":"Eritrea"},{"cityName":"Sum Khaya","countryName":"Eritrea"},{"cityName":"Kharusof","countryName":"Eritrea"},{"cityName":"Kergera","countryName":"Eritrea"},{"cityName":"Ganga","countryName":"Eritrea"},{"cityName":"Bakayti","countryName":"Eritrea"},{"cityName":"Kaktakar","countryName":"Eritrea"},{"cityName":"Koba","countryName":"Eritrea"},{"cityName":"Addi Bidel'","countryName":"Eritrea"},{"cityName":"Medpi Saul'","countryName":"Eritrea"},{"cityName":"Abar","countryName":"Eritrea"},{"cityName":"Moga Meray","countryName":"Eritrea"},{"cityName":"Conkordoba","countryName":"Eritrea"},{"cityName":"Adi Nebri","countryName":"Eritrea"},{"cityName":"Gaza Zelemin","countryName":"Eritrea"},{"cityName":"Dembe Shetol'","countryName":"Eritrea"},{"cityName":"Byra","countryName":"Eritrea"},{"cityName":"Ag'yaf","countryName":"Eritrea"},{"cityName":"Znebadzhu","countryName":"Eritrea"},{"cityName":"Aiti Aber","countryName":"Eritrea"},{"cityName":"Koaznen","countryName":"Eritrea"},{"cityName":"Sezla","countryName":"Eritrea"},{"cityName":"Khanfur","countryName":"Eritrea"},{"cityName":"Khobale","countryName":"Eritrea"},{"cityName":"Kukub","countryName":"Eritrea"},{"cityName":"Bizione","countryName":"Eritrea"},{"cityName":"Gorsaf Agele","countryName":"Eritrea"},{"cityName":"Kaber Kabre","countryName":"Eritrea"},{"cityName":"Kesat Rore","countryName":"Eritrea"},{"cityName":"Git Git","countryName":"Eritrea"},{"cityName":"Gur Guri","countryName":"Eritrea"},{"cityName":"Tukul' Okhera","countryName":"Eritrea"},{"cityName":"Tukul' Addakora","countryName":"Eritrea"},{"cityName":"Tukul' Enta Arta","countryName":"Eritrea"},{"cityName":"Tukul' Kuvet","countryName":"Eritrea"},{"cityName":"Tukul' Massaylale","countryName":"Eritrea"},{"cityName":"Tukul' Embayle","countryName":"Eritrea"},{"cityName":"Delleta","countryName":"Eritrea"},{"cityName":"Gabale","countryName":"Eritrea"},{"cityName":"Tukul' Shum Omar","countryName":"Eritrea"},{"cityName":"Tukul' Aligle","countryName":"Eritrea"},{"cityName":"Tukul' Billal'","countryName":"Eritrea"},{"cityName":"Tukul' Tinle","countryName":"Eritrea"},{"cityName":"Tukul' Ederta","countryName":"Eritrea"},{"cityName":"Agokha","countryName":"Eritrea"},{"cityName":"Tukul' Mellabado","countryName":"Eritrea"},{"cityName":"Afuma","countryName":"Eritrea"},{"cityName":"Tukul' Tobolo","countryName":"Eritrea"},{"cityName":"Tafo","countryName":"Eritrea"},{"cityName":"Uarare","countryName":"Eritrea"},{"cityName":"Makadakotelekh","countryName":"Eritrea"},{"cityName":"Makabirungida","countryName":"Eritrea"},{"cityName":"Madaraba","countryName":"Eritrea"},{"cityName":"Ara Ado","countryName":"Eritrea"},{"cityName":"Tukul' Omar","countryName":"Eritrea"},{"cityName":"Addi Konney","countryName":"Eritrea"},{"cityName":"Adi May Ela","countryName":"Eritrea"},{"cityName":"Kesa-Kalati","countryName":"Eritrea"},{"cityName":"Kal'kay","countryName":"Eritrea"},{"cityName":"Semanit","countryName":"Eritrea"},{"cityName":"Dekamaso","countryName":"Eritrea"},{"cityName":"Anvaytaro","countryName":"Eritrea"},{"cityName":"Ingal'","countryName":"Eritrea"},{"cityName":"Adi Assakha","countryName":"Eritrea"},{"cityName":"Adi Keyikh","countryName":"Eritrea"},{"cityName":"Dekabadru","countryName":"Eritrea"},{"cityName":"Adi Anesti","countryName":"Eritrea"},{"cityName":"Tukul' Salet","countryName":"Eritrea"},{"cityName":"Engeritta","countryName":"Eritrea"},{"cityName":"May Kharasat","countryName":"Eritrea"},{"cityName":"Rareyta","countryName":"Eritrea"},{"cityName":"Marakhano","countryName":"Eritrea"},{"cityName":"Bukara","countryName":"Eritrea"},{"cityName":"At-Mennay","countryName":"Eritrea"},{"cityName":"Adi-Karmet","countryName":"Eritrea"},{"cityName":"Ziban-Tala","countryName":"Eritrea"},{"cityName":"Addi Ledzhe","countryName":"Eritrea"},{"cityName":"Addi Teda","countryName":"Eritrea"},{"cityName":"Agvali","countryName":"Eritrea"},{"cityName":"Adi-Liban","countryName":"Eritrea"},{"cityName":"Didim","countryName":"Eritrea"},{"cityName":"Msedakey","countryName":"Eritrea"},{"cityName":"Az Damba","countryName":"Eritrea"},{"cityName":"Dreagum","countryName":"Eritrea"},{"cityName":"Adi Agos","countryName":"Eritrea"},{"cityName":"Khanki","countryName":"Eritrea"},{"cityName":"Ad Gergush","countryName":"Eritrea"},{"cityName":"Rebel'","countryName":"Eritrea"},{"cityName":"Khasen","countryName":"Eritrea"},{"cityName":"Shariekhi","countryName":"Eritrea"},{"cityName":"Ad Dredi","countryName":"Eritrea"},{"cityName":"Ad Ben'yu","countryName":"Eritrea"},{"cityName":"Konnu","countryName":"Eritrea"},{"cityName":"Abre","countryName":"Eritrea"},{"cityName":"Adrar","countryName":"Eritrea"},{"cityName":"Azafa","countryName":"Eritrea"},{"cityName":"Nuret","countryName":"Eritrea"},{"cityName":"Khizhiny","countryName":"Eritrea"},{"cityName":"Geleb","countryName":"Eritrea"},{"cityName":"Kaber Sari","countryName":"Eritrea"},{"cityName":"Ambadzhagat","countryName":"Eritrea"},{"cityName":"Fornache","countryName":"Eritrea"},{"cityName":"Adi Koken","countryName":"Eritrea"},{"cityName":"Abia","countryName":"Eritrea"},{"cityName":"Setni Atbaka","countryName":"Eritrea"},{"cityName":"Kayafo","countryName":"Eritrea"},{"cityName":"Madersaga","countryName":"Eritrea"},{"cityName":"Marakabet","countryName":"Eritrea"},{"cityName":"Madaynus","countryName":"Eritrea"},{"cityName":"Geten","countryName":"Eritrea"},{"cityName":"Khembel'","countryName":"Eritrea"},{"cityName":"Gusk","countryName":"Eritrea"},{"cityName":"Ira","countryName":"Eritrea"},{"cityName":"Dangrigba","countryName":"Eritrea"},{"cityName":"Uoki","countryName":"Eritrea"},{"cityName":"Khabela","countryName":"Eritrea"},{"cityName":"Azzega","countryName":"Eritrea"}]