[{"cityName":"Walker Creek","countryName":"Falkland Islands (Islas Malvinas)"},{"cityName":"Tranquilidad","countryName":"Falkland Islands (Islas Malvinas)"},{"cityName":"Teal Inlet Settlement","countryName":"Falkland Islands (Islas Malvinas)"},{"cityName":"Stanley","countryName":"Falkland Islands (Islas Malvinas)"},{"cityName":"Salvador Settlement","countryName":"Falkland Islands (Islas Malvinas)"},{"cityName":"Sand Fountain","countryName":"Falkland Islands (Islas Malvinas)"},{"cityName":"San Carlos Settlement","countryName":"Falkland Islands (Islas Malvinas)"},{"cityName":"Rincon Grande Settlement","countryName":"Falkland Islands (Islas Malvinas)"},{"cityName":"Port San Carlos Settlement","countryName":"Falkland Islands (Islas Malvinas)"},{"cityName":"Port Louis South","countryName":"Falkland Islands (Islas Malvinas)"},{"cityName":"Port Louis Settlement","countryName":"Falkland Islands (Islas Malvinas)"},{"cityName":"Port Howard","countryName":"Falkland Islands (Islas Malvinas)"},{"cityName":"Piedra Sola","countryName":"Falkland Islands (Islas Malvinas)"},{"cityName":"Pebble Island Settlement","countryName":"Falkland Islands (Islas Malvinas)"},{"cityName":"Orqueta","countryName":"Falkland Islands (Islas Malvinas)"},{"cityName":"North Arm Settlement","countryName":"Falkland Islands (Islas Malvinas)"},{"cityName":"Mid Rancho","countryName":"Falkland Islands (Islas Malvinas)"},{"cityName":"Mariquita","countryName":"Falkland Islands (Islas Malvinas)"},{"cityName":"Mare Harbour Rancho","countryName":"Falkland Islands (Islas Malvinas)"},{"cityName":"Johnson Harbour Settlement","countryName":"Falkland Islands (Islas Malvinas)"},{"cityName":"Horseshoe Bay","countryName":"Falkland Islands (Islas Malvinas)"},{"cityName":"Hope Cottage","countryName":"Falkland Islands (Islas Malvinas)"},{"cityName":"Goose Green Settlement","countryName":"Falkland Islands (Islas Malvinas)"},{"cityName":"Fitzroy North","countryName":"Falkland Islands (Islas Malvinas)"},{"cityName":"Fitzroy Settlement","countryName":"Falkland Islands (Islas Malvinas)"},{"cityName":"Estancia House","countryName":"Falkland Islands (Islas Malvinas)"},{"cityName":"Douglas Settlement","countryName":"Falkland Islands (Islas Malvinas)"},{"cityName":"Dos Lomas","countryName":"Falkland Islands (Islas Malvinas)"},{"cityName":"Darwin Settlement","countryName":"Falkland Islands (Islas Malvinas)"},{"cityName":"Cranmer","countryName":"Falkland Islands (Islas Malvinas)"},{"cityName":"Ceritos","countryName":"Falkland Islands (Islas Malvinas)"},{"cityName":"Camp Verde","countryName":"Falkland Islands (Islas Malvinas)"},{"cityName":"Burnside House","countryName":"Falkland Islands (Islas Malvinas)"},{"cityName":"Bombilia House","countryName":"Falkland Islands (Islas Malvinas)"},{"cityName":"Bluff Cove","countryName":"Falkland Islands (Islas Malvinas)"},{"cityName":"Speedwell Island Settlement","countryName":"Falkland Islands (Islas Malvinas)"},{"cityName":"Lively Settlement","countryName":"Falkland Islands (Islas Malvinas)"},{"cityName":"Bluff Cove Settlement","countryName":"Falkland Islands (Islas Malvinas)"},{"cityName":"Green Patch Settlement","countryName":"Falkland Islands (Islas Malvinas)"},{"cityName":"Foam Creek House","countryName":"Falkland Islands (Islas Malvinas)"},{"cityName":"Keppel Settlement","countryName":"Falkland Islands (Islas Malvinas)"},{"cityName":"Spring Point Settlement","countryName":"Falkland Islands (Islas Malvinas)"},{"cityName":"Roy Cove Settlement","countryName":"Falkland Islands (Islas Malvinas)"},{"cityName":"Port Stephens Settlement","countryName":"Falkland Islands (Islas Malvinas)"},{"cityName":"Hill Cove","countryName":"Falkland Islands (Islas Malvinas)"},{"cityName":"Fox Bay West Settlement","countryName":"Falkland Islands (Islas Malvinas)"},{"cityName":"Fox Bay East Settlement","countryName":"Falkland Islands (Islas Malvinas)"},{"cityName":"Dunnose Head Settlement","countryName":"Falkland Islands (Islas Malvinas)"},{"cityName":"Chartres","countryName":"Falkland Islands (Islas Malvinas)"},{"cityName":"Weddell Settlement","countryName":"Falkland Islands (Islas Malvinas)"},{"cityName":"New Island Settlement","countryName":"Falkland Islands (Islas Malvinas)"},{"cityName":"Saunders Island Settlement","countryName":"Falkland Islands (Islas Malvinas)"},{"cityName":"Beaver Settlement","countryName":"Falkland Islands (Islas Malvinas)"},{"cityName":"Westpoint Island Settlement","countryName":"Falkland Islands (Islas Malvinas)"},{"cityName":"Carcass Island Settlement","countryName":"Falkland Islands (Islas Malvinas)"}]