[{"cityName":"Vaitahu","countryName":"French Polynesia","localeCode":"en","districtName":""},{"cityName":"Taua","countryName":"French Polynesia","localeCode":"en","districtName":""},{"cityName":"Oehau","countryName":"French Polynesia","localeCode":"en","districtName":""},{"cityName":"Nahoe","countryName":"French Polynesia","localeCode":"en","districtName":""},{"cityName":"Motopu","countryName":"French Polynesia","localeCode":"en","districtName":""},{"cityName":"Ivaiva Nui","countryName":"French Polynesia","localeCode":"en","districtName":""},{"cityName":"Hapatoni","countryName":"French Polynesia","localeCode":"en","districtName":""},{"cityName":"Hanaui","countryName":"French Polynesia","localeCode":"en","districtName":""},{"cityName":"Hanatetena","countryName":"French Polynesia","localeCode":"en","districtName":""},{"cityName":"Hana Teio","countryName":"French Polynesia","localeCode":"en","districtName":""},{"cityName":"Hana te Fau","countryName":"French Polynesia","localeCode":"en","districtName":""},{"cityName":"Hana-moe-noa","countryName":"French Polynesia","localeCode":"en","districtName":""},{"cityName":"Hanamiai","countryName":"French Polynesia","localeCode":"en","districtName":""},{"cityName":"Hakamui","countryName":"French Polynesia","localeCode":"en","districtName":""},{"cityName":"Haaoipu","countryName":"French Polynesia","localeCode":"en","districtName":""},{"cityName":"Atuona","countryName":"French Polynesia","localeCode":"en","districtName":""},{"cityName":"Anapoo","countryName":"French Polynesia","localeCode":"en","districtName":""},{"cityName":"Teonemahina","countryName":"French Polynesia","localeCode":"en","districtName":""},{"cityName":"Taku","countryName":"French Polynesia","localeCode":"en","districtName":""},{"cityName":"Taiokai","countryName":"French Polynesia","localeCode":"en","districtName":""},{"cityName":"Rouru","countryName":"French Polynesia","localeCode":"en","districtName":""},{"cityName":"Rikitea","countryName":"French Polynesia","localeCode":"en","districtName":""},{"cityName":"Ouia","countryName":"French Polynesia","localeCode":"en","districtName":""},{"cityName":"Omoa","countryName":"French Polynesia","localeCode":"en","districtName":""},{"cityName":"Kirimiro","countryName":"French Polynesia","localeCode":"en","districtName":""},{"cityName":"Hanavave","countryName":"French Polynesia","localeCode":"en","districtName":""},{"cityName":"Hana Tuuna","countryName":"French Polynesia","localeCode":"en","districtName":""},{"cityName":"Gatavake","countryName":"French Polynesia","localeCode":"en","districtName":""},{"cityName":"Gahutu","countryName":"French Polynesia","localeCode":"en","districtName":""},{"cityName":"Fakamaru","countryName":"French Polynesia","localeCode":"en","districtName":""},{"cityName":"Auorotini","countryName":"French Polynesia","localeCode":"en","districtName":""},{"cityName":"Atituiti","countryName":"French Polynesia","localeCode":"en","districtName":""},{"cityName":"Atirikigaro","countryName":"French Polynesia","localeCode":"en","districtName":""},{"cityName":"Atiaoha","countryName":"French Polynesia","localeCode":"en","districtName":""},{"cityName":"Apeakava","countryName":"French Polynesia","localeCode":"en","districtName":""},{"cityName":"Akaputu","countryName":"French Polynesia","localeCode":"en","districtName":""},{"cityName":"Taravai","countryName":"French Polynesia","localeCode":"en","districtName":""},{"cityName":"Akamaru","countryName":"French Polynesia","localeCode":"en","districtName":""},{"cityName":"Anganui","countryName":"French Polynesia","localeCode":"en","districtName":""},{"cityName":"Kokohue","countryName":"French Polynesia","localeCode":"en","districtName":""},{"cityName":"Ganoa","countryName":"French Polynesia","localeCode":"en","districtName":""},{"cityName":"Atihoi","countryName":"French Polynesia","localeCode":"en","districtName":""},{"cityName":"Kairori","countryName":"French Polynesia","localeCode":"en","districtName":""},{"cityName":"Gataha","countryName":"French Polynesia","localeCode":"en","districtName":""},{"cityName":"Vaitinoua","countryName":"French Polynesia","localeCode":"en","districtName":""},{"cityName":"Gahutu Tenohu","countryName":"French Polynesia","localeCode":"en","districtName":""},{"cityName":"Vaitu","countryName":"French Polynesia","localeCode":"en","districtName":""},{"cityName":"Hooumi","countryName":"French Polynesia","localeCode":"en","districtName":""},{"cityName":"Hanga Haa","countryName":"French Polynesia","localeCode":"en","districtName":""},{"cityName":"Hakaui","countryName":"French Polynesia","localeCode":"en","districtName":""},{"cityName":"Haka Puuae","countryName":"French Polynesia","localeCode":"en","districtName":""},{"cityName":"Hakapehi","countryName":"French Polynesia","localeCode":"en","districtName":""},{"cityName":"Anaho","countryName":"French Polynesia","localeCode":"en","districtName":""},{"cityName":"Vaiuru","countryName":"French Polynesia","localeCode":"en","districtName":""},{"cityName":"Vaitunanaa","countryName":"French Polynesia","localeCode":"en","districtName":""},{"cityName":"Vaitoto","countryName":"French Polynesia","localeCode":"en","districtName":""},{"cityName":"Vaitona","countryName":"French Polynesia","localeCode":"en","districtName":""},{"cityName":"Vaitoare","countryName":"French Polynesia","localeCode":"en","districtName":""},{"cityName":"Vaitia","countryName":"French Polynesia","localeCode":"en","districtName":""},{"cityName":"Vaitape","countryName":"French Polynesia","localeCode":"en","districtName":""},{"cityName":"Vairoa","countryName":"French Polynesia","localeCode":"en","districtName":""},{"cityName":"Vairo","countryName":"French Polynesia","localeCode":"en","districtName":""},{"cityName":"Vairao","countryName":"French Polynesia","localeCode":"en","districtName":""},{"cityName":"Vaipohe","countryName":"French Polynesia","localeCode":"en","districtName":""},{"cityName":"Vaipeu","countryName":"French Polynesia","localeCode":"en","districtName":""},{"cityName":"Vaiori","countryName":"French Polynesia","localeCode":"en","districtName":""},{"cityName":"Vaioperu","countryName":"French Polynesia","localeCode":"en","districtName":""},{"cityName":"Vaionifa","countryName":"French Polynesia","localeCode":"en","districtName":""},{"cityName":"Vaihi","countryName":"French Polynesia","localeCode":"en","districtName":""},{"cityName":"Uturoa","countryName":"French Polynesia","localeCode":"en","districtName":""},{"cityName":"Uritutua","countryName":"French Polynesia","localeCode":"en","districtName":""},{"cityName":"Urihore","countryName":"French Polynesia","localeCode":"en","districtName":""},{"cityName":"Tupapati","countryName":"French Polynesia","localeCode":"en","districtName":""},{"cityName":"Tupana","countryName":"French Polynesia","localeCode":"en","districtName":""},{"cityName":"Tukuhora","countryName":"French Polynesia","localeCode":"en","districtName":""},{"cityName":"Tuherahera","countryName":"French Polynesia","localeCode":"en","districtName":""},{"cityName":"Tuete","countryName":"French Polynesia","localeCode":"en","districtName":""},{"cityName":"Tuarea","countryName":"French Polynesia","localeCode":"en","districtName":""},{"cityName":"Tuara","countryName":"French Polynesia","localeCode":"en","districtName":""},{"cityName":"Topitike","countryName":"French Polynesia","localeCode":"en","districtName":""},{"cityName":"Toini","countryName":"French Polynesia","localeCode":"en","districtName":""},{"cityName":"Tohautu","countryName":"French Polynesia","localeCode":"en","districtName":""},{"cityName":"Toetoe","countryName":"French Polynesia","localeCode":"en","districtName":""},{"cityName":"Toanoano","countryName":"French Polynesia","localeCode":"en","districtName":""},{"cityName":"Toamara","countryName":"French Polynesia","localeCode":"en","districtName":""},{"cityName":"Tiripoa","countryName":"French Polynesia","localeCode":"en","districtName":""},{"cityName":"Tiputa","countryName":"French Polynesia","localeCode":"en","districtName":""},{"cityName":"Tipaerui","countryName":"French Polynesia","localeCode":"en","districtName":""},{"cityName":"Tiomati","countryName":"French Polynesia","localeCode":"en","districtName":""},{"cityName":"Tiitau","countryName":"French Polynesia","localeCode":"en","districtName":""},{"cityName":"Tiarei","countryName":"French Polynesia","localeCode":"en","districtName":""},{"cityName":"Tiaraha","countryName":"French Polynesia","localeCode":"en","districtName":""},{"cityName":"Tevaitoa","countryName":"French Polynesia","localeCode":"en","districtName":""},{"cityName":"Teuo","countryName":"French Polynesia","localeCode":"en","districtName":""},{"cityName":"Tetira","countryName":"French Polynesia","localeCode":"en","districtName":""},{"cityName":"Tetamanu","countryName":"French Polynesia","localeCode":"en","districtName":""},{"cityName":"Te Rua Pua","countryName":"French Polynesia","localeCode":"en","districtName":""},{"cityName":"Teruamao","countryName":"French Polynesia","localeCode":"en","districtName":""},{"cityName":"Teruafaroa","countryName":"French Polynesia","localeCode":"en","districtName":""},{"cityName":"Tereporepo","countryName":"French Polynesia","localeCode":"en","districtName":""},{"cityName":"Terehe","countryName":"French Polynesia","localeCode":"en","districtName":""},{"cityName":"Tepukamaruia","countryName":"French Polynesia","localeCode":"en","districtName":""},{"cityName":"Tepu","countryName":"French Polynesia","localeCode":"en","districtName":""},{"cityName":"Tenukupara","countryName":"French Polynesia","localeCode":"en","districtName":""},{"cityName":"Teniuohiri","countryName":"French Polynesia","localeCode":"en","districtName":""},{"cityName":"Temao","countryName":"French Polynesia","localeCode":"en","districtName":""},{"cityName":"Temae","countryName":"French Polynesia","localeCode":"en","districtName":""},{"cityName":"Tehuarupe","countryName":"French Polynesia","localeCode":"en","districtName":""},{"cityName":"Tehekega","countryName":"French Polynesia","localeCode":"en","districtName":""},{"cityName":"Tefau","countryName":"French Polynesia","localeCode":"en","districtName":""},{"cityName":"Te-Fare-Arii","countryName":"French Polynesia","localeCode":"en","districtName":""},{"cityName":"Teavaro","countryName":"French Polynesia","localeCode":"en","districtName":""},{"cityName":"Te Auae","countryName":"French Polynesia","localeCode":"en","districtName":""},{"cityName":"Teapaa","countryName":"French Polynesia","localeCode":"en","districtName":""},{"cityName":"Teana","countryName":"French Polynesia","localeCode":"en","districtName":""},{"cityName":"Teahupoo","countryName":"French Polynesia","localeCode":"en","districtName":""},{"cityName":"Teaharoa","countryName":"French Polynesia","localeCode":"en","districtName":""},{"cityName":"Taverea","countryName":"French Polynesia","localeCode":"en","districtName":""},{"cityName":"Tautira","countryName":"French Polynesia","localeCode":"en","districtName":""},{"cityName":"Taunoa","countryName":"French Polynesia","localeCode":"en","districtName":""},{"cityName":"Tatoi","countryName":"French Polynesia","localeCode":"en","districtName":""},{"cityName":"Tarione","countryName":"French Polynesia","localeCode":"en","districtName":""},{"cityName":"Taravao","countryName":"French Polynesia","localeCode":"en","districtName":""},{"cityName":"Tamatoa","countryName":"French Polynesia","localeCode":"en","districtName":""},{"cityName":"Motu Taiahu","countryName":"French Polynesia","localeCode":"en","districtName":""},{"cityName":"Tahueia","countryName":"French Polynesia","localeCode":"en","districtName":""},{"cityName":"Tahateao","countryName":"French Polynesia","localeCode":"en","districtName":""},{"cityName":"Taharoa","countryName":"French Polynesia","localeCode":"en","districtName":""},{"cityName":"Taapuna","countryName":"French Polynesia","localeCode":"en","districtName":""},{"cityName":"Sainte Amelie","countryName":"French Polynesia","localeCode":"en","districtName":""},{"cityName":"Rotoava","countryName":"French Polynesia","localeCode":"en","districtName":""},{"cityName":"Rautini","countryName":"French Polynesia","localeCode":"en","districtName":""},{"cityName":"Raitahiti","countryName":"French Polynesia","localeCode":"en","districtName":""},{"cityName":"Rairua","countryName":"French Polynesia","localeCode":"en","districtName":""},{"cityName":"Rairai","countryName":"French Polynesia","localeCode":"en","districtName":""},{"cityName":"Putiara","countryName":"French Polynesia","localeCode":"en","districtName":""},{"cityName":"Punaauia","countryName":"French Polynesia","localeCode":"en","districtName":""},{"cityName":"Pueu","countryName":"French Polynesia","localeCode":"en","districtName":""},{"cityName":"Puaiti","countryName":"French Polynesia","localeCode":"en","districtName":""},{"cityName":"Puahua","countryName":"French Polynesia","localeCode":"en","districtName":""},{"cityName":"Povai","countryName":"French Polynesia","localeCode":"en","districtName":""},{"cityName":"Poutei","countryName":"French Polynesia","localeCode":"en","districtName":""},{"cityName":"Pouheva","countryName":"French Polynesia","localeCode":"en","districtName":""},{"cityName":"Pirae","countryName":"French Polynesia","localeCode":"en","districtName":""},{"cityName":"Pipine","countryName":"French Polynesia","localeCode":"en","districtName":""},{"cityName":"Pihaena","countryName":"French Polynesia","localeCode":"en","districtName":""},{"cityName":"Pihaa","countryName":"French Polynesia","localeCode":"en","districtName":""},{"cityName":"Pierre","countryName":"French Polynesia","localeCode":"en","districtName":""},{"cityName":"Petou","countryName":"French Polynesia","localeCode":"en","districtName":""},{"cityName":"Pehoa","countryName":"French Polynesia","localeCode":"en","districtName":""},{"cityName":"Paui","countryName":"French Polynesia","localeCode":"en","districtName":""},{"cityName":"Patutoa","countryName":"French Polynesia","localeCode":"en","districtName":""},{"cityName":"Paturoa","countryName":"French Polynesia","localeCode":"en","districtName":""},{"cityName":"Patu Patu","countryName":"French Polynesia","localeCode":"en","districtName":""},{"cityName":"Patuarepa","countryName":"French Polynesia","localeCode":"en","districtName":""},{"cityName":"Patio","countryName":"French Polynesia","localeCode":"en","districtName":""},{"cityName":"Patere","countryName":"French Polynesia","localeCode":"en","districtName":""},{"cityName":"Parari","countryName":"French Polynesia","localeCode":"en","districtName":""},{"cityName":"Paraoro","countryName":"French Polynesia","localeCode":"en","districtName":""},{"cityName":"Paraohumu","countryName":"French Polynesia","localeCode":"en","districtName":""},{"cityName":"Paraiore","countryName":"French Polynesia","localeCode":"en","districtName":""},{"cityName":"Paraeo","countryName":"French Polynesia","localeCode":"en","districtName":""},{"cityName":"Papetoai","countryName":"French Polynesia","localeCode":"en","districtName":""},{"cityName":"Papehee","countryName":"French Polynesia","localeCode":"en","districtName":""},{"cityName":"Papeete","countryName":"French Polynesia","localeCode":"en","districtName":""},{"cityName":"Papawa","countryName":"French Polynesia","localeCode":"en","districtName":""},{"cityName":"Paparevo","countryName":"French Polynesia","localeCode":"en","districtName":""},{"cityName":"Papao","countryName":"French Polynesia","localeCode":"en","districtName":""},{"cityName":"Paopao","countryName":"French Polynesia","localeCode":"en","districtName":""},{"cityName":"Paofai","countryName":"French Polynesia","localeCode":"en","districtName":""},{"cityName":"Paiouma","countryName":"French Polynesia","localeCode":"en","districtName":""},{"cityName":"Pahua","countryName":"French Polynesia","localeCode":"en","districtName":""},{"cityName":"Pahonu","countryName":"French Polynesia","localeCode":"en","districtName":""},{"cityName":"Pahiti","countryName":"French Polynesia","localeCode":"en","districtName":""},{"cityName":"Paeau","countryName":"French Polynesia","localeCode":"en","districtName":""},{"cityName":"Paea","countryName":"French Polynesia","localeCode":"en","districtName":""},{"cityName":"Outu Maoro","countryName":"French Polynesia","localeCode":"en","districtName":""},{"cityName":"Otutara","countryName":"French Polynesia","localeCode":"en","districtName":""},{"cityName":"Otuofai","countryName":"French Polynesia","localeCode":"en","districtName":""},{"cityName":"Otumai","countryName":"French Polynesia","localeCode":"en","districtName":""},{"cityName":"Otiaroa","countryName":"French Polynesia","localeCode":"en","districtName":""},{"cityName":"Otepa","countryName":"French Polynesia","localeCode":"en","districtName":""},{"cityName":"Orufara","countryName":"French Polynesia","localeCode":"en","districtName":""},{"cityName":"Orouau","countryName":"French Polynesia","localeCode":"en","districtName":""},{"cityName":"Oroiri","countryName":"French Polynesia","localeCode":"en","districtName":""},{"cityName":"Orofara","countryName":"French Polynesia","localeCode":"en","districtName":""},{"cityName":"Oponu","countryName":"French Polynesia","localeCode":"en","districtName":""},{"cityName":"Opaura","countryName":"French Polynesia","localeCode":"en","districtName":""},{"cityName":"Onoheha","countryName":"French Polynesia","localeCode":"en","districtName":""},{"cityName":"Omuara","countryName":"French Polynesia","localeCode":"en","districtName":""},{"cityName":"Ohomo","countryName":"French Polynesia","localeCode":"en","districtName":""},{"cityName":"Ohava","countryName":"French Polynesia","localeCode":"en","districtName":""},{"cityName":"Ofaiharata","countryName":"French Polynesia","localeCode":"en","districtName":""},{"cityName":"Oae","countryName":"French Polynesia","localeCode":"en","districtName":""},{"cityName":"Nutae","countryName":"French Polynesia","localeCode":"en","districtName":""},{"cityName":"Nurehia","countryName":"French Polynesia","localeCode":"en","districtName":""},{"cityName":"Nivee","countryName":"French Polynesia","localeCode":"en","districtName":""},{"cityName":"Niutahi","countryName":"French Polynesia","localeCode":"en","districtName":""},{"cityName":"Niuporiri","countryName":"French Polynesia","localeCode":"en","districtName":""},{"cityName":"Niumaa","countryName":"French Polynesia","localeCode":"en","districtName":""},{"cityName":"Nairiri","countryName":"French Polynesia","localeCode":"en","districtName":""},{"cityName":"Motu Ura","countryName":"French Polynesia","localeCode":"en","districtName":""},{"cityName":"Moerai","countryName":"French Polynesia","localeCode":"en","districtName":""},{"cityName":"Mitirapa","countryName":"French Polynesia","localeCode":"en","districtName":""},{"cityName":"Matura","countryName":"French Polynesia","localeCode":"en","districtName":""},{"cityName":"Matotea","countryName":"French Polynesia","localeCode":"en","districtName":""},{"cityName":"Matiti","countryName":"French Polynesia","localeCode":"en","districtName":""},{"cityName":"Mataura","countryName":"French Polynesia","localeCode":"en","districtName":""},{"cityName":"Mataorio","countryName":"French Polynesia","localeCode":"en","districtName":""},{"cityName":"Mataiva","countryName":"French Polynesia","localeCode":"en","districtName":""},{"cityName":"Matahiva","countryName":"French Polynesia","localeCode":"en","districtName":""},{"cityName":"Maroe","countryName":"French Polynesia","localeCode":"en","districtName":""},{"cityName":"Mariuti","countryName":"French Polynesia","localeCode":"en","districtName":""},{"cityName":"Marepa","countryName":"French Polynesia","localeCode":"en","districtName":""},{"cityName":"Maraeapai","countryName":"French Polynesia","localeCode":"en","districtName":""},{"cityName":"Maraa","countryName":"French Polynesia","localeCode":"en","districtName":""},{"cityName":"Mahu","countryName":"French Polynesia","localeCode":"en","districtName":""},{"cityName":"Mahina","countryName":"French Polynesia","localeCode":"en","districtName":""},{"cityName":"Maheva","countryName":"French Polynesia","localeCode":"en","districtName":""},{"cityName":"Mahanatoa","countryName":"French Polynesia","localeCode":"en","districtName":""},{"cityName":"Mahaiutea","countryName":"French Polynesia","localeCode":"en","districtName":""},{"cityName":"Mahaena","countryName":"French Polynesia","localeCode":"en","districtName":""},{"cityName":"Maatea","countryName":"French Polynesia","localeCode":"en","districtName":""},{"cityName":"Maaea","countryName":"French Polynesia","localeCode":"en","districtName":""},{"cityName":"Lauiaru","countryName":"French Polynesia","localeCode":"en","districtName":""},{"cityName":"Katiro","countryName":"French Polynesia","localeCode":"en","districtName":""},{"cityName":"Iumaru","countryName":"French Polynesia","localeCode":"en","districtName":""},{"cityName":"Ikitake","countryName":"French Polynesia","localeCode":"en","districtName":""},{"cityName":"Huau","countryName":"French Polynesia","localeCode":"en","districtName":""},{"cityName":"Huahine","countryName":"French Polynesia","localeCode":"en","districtName":""},{"cityName":"Houroumanou","countryName":"French Polynesia","localeCode":"en","districtName":""},{"cityName":"Hotopuu","countryName":"French Polynesia","localeCode":"en","districtName":""},{"cityName":"Hiti Mahaua","countryName":"French Polynesia","localeCode":"en","districtName":""},{"cityName":"Hitiaa","countryName":"French Polynesia","localeCode":"en","districtName":""},{"cityName":"Hauturua","countryName":"French Polynesia","localeCode":"en","districtName":""},{"cityName":"Hatinua","countryName":"French Polynesia","localeCode":"en","districtName":""},{"cityName":"Hamuta","countryName":"French Polynesia","localeCode":"en","districtName":""},{"cityName":"Haapupuni","countryName":"French Polynesia","localeCode":"en","districtName":""},{"cityName":"Haapu","countryName":"French Polynesia","localeCode":"en","districtName":""},{"cityName":"Haapiti","countryName":"French Polynesia","localeCode":"en","districtName":""},{"cityName":"Haapape","countryName":"French Polynesia","localeCode":"en","districtName":""},{"cityName":"Garumaoa","countryName":"French Polynesia","localeCode":"en","districtName":""},{"cityName":"Fitii","countryName":"French Polynesia","localeCode":"en","districtName":""},{"cityName":"Fariipiti","countryName":"French Polynesia","localeCode":"en","districtName":""},{"cityName":"Fareorea","countryName":"French Polynesia","localeCode":"en","districtName":""},{"cityName":"Faremi","countryName":"French Polynesia","localeCode":"en","districtName":""},{"cityName":"Farehau","countryName":"French Polynesia","localeCode":"en","districtName":""},{"cityName":"Fareeru","countryName":"French Polynesia","localeCode":"en","districtName":""},{"cityName":"Fare","countryName":"French Polynesia","localeCode":"en","districtName":""},{"cityName":"Farauo","countryName":"French Polynesia","localeCode":"en","districtName":""},{"cityName":"Fakatopatere","countryName":"French Polynesia","localeCode":"en","districtName":""},{"cityName":"Faauanu","countryName":"French Polynesia","localeCode":"en","districtName":""},{"cityName":"Faatautia","countryName":"French Polynesia","localeCode":"en","districtName":""},{"cityName":"Faarumai","countryName":"French Polynesia","localeCode":"en","districtName":""},{"cityName":"Faaone","countryName":"French Polynesia","localeCode":"en","districtName":""},{"cityName":"Faanui","countryName":"French Polynesia","localeCode":"en","districtName":""},{"cityName":"Faanoa","countryName":"French Polynesia","localeCode":"en","districtName":""},{"cityName":"Faaa","countryName":"French Polynesia","localeCode":"en","districtName":""},{"cityName":"Avera","countryName":"French Polynesia","localeCode":"en","districtName":""},{"cityName":"Avatoru","countryName":"French Polynesia","localeCode":"en","districtName":""},{"cityName":"Avae","countryName":"French Polynesia","localeCode":"en","districtName":""},{"cityName":"Auti","countryName":"French Polynesia","localeCode":"en","districtName":""},{"cityName":"Auaue","countryName":"French Polynesia","localeCode":"en","districtName":""},{"cityName":"Atiue","countryName":"French Polynesia","localeCode":"en","districtName":""},{"cityName":"Atipiti","countryName":"French Polynesia","localeCode":"en","districtName":""},{"cityName":"Atimaono","countryName":"French Polynesia","localeCode":"en","districtName":""},{"cityName":"Atihiva","countryName":"French Polynesia","localeCode":"en","districtName":""},{"cityName":"Ataiti","countryName":"French Polynesia","localeCode":"en","districtName":""},{"cityName":"Arue","countryName":"French Polynesia","localeCode":"en","districtName":""},{"cityName":"Area","countryName":"French Polynesia","localeCode":"en","districtName":""},{"cityName":"Araito","countryName":"French Polynesia","localeCode":"en","districtName":""},{"cityName":"Araiteva","countryName":"French Polynesia","localeCode":"en","districtName":""},{"cityName":"Arahiri","countryName":"French Polynesia","localeCode":"en","districtName":""},{"cityName":"Apomaoro","countryName":"French Polynesia","localeCode":"en","districtName":""},{"cityName":"Apihaa","countryName":"French Polynesia","localeCode":"en","districtName":""},{"cityName":"Aoua","countryName":"French Polynesia","localeCode":"en","districtName":""},{"cityName":"Anua","countryName":"French Polynesia","localeCode":"en","districtName":""},{"cityName":"Anau","countryName":"French Polynesia","localeCode":"en","districtName":""},{"cityName":"Anatonu","countryName":"French Polynesia","localeCode":"en","districtName":""},{"cityName":"Anapoto","countryName":"French Polynesia","localeCode":"en","districtName":""},{"cityName":"Amaru","countryName":"French Polynesia","localeCode":"en","districtName":""},{"cityName":"Ahurei","countryName":"French Polynesia","localeCode":"en","districtName":""},{"cityName":"Afatauri","countryName":"French Polynesia","localeCode":"en","districtName":""},{"cityName":"Afareaitu","countryName":"French Polynesia","localeCode":"en","districtName":""},{"cityName":"Afaahiti","countryName":"French Polynesia","localeCode":"en","districtName":""},{"cityName":"Vaiare","countryName":"French Polynesia","localeCode":"en","districtName":""},{"cityName":"Paeua","countryName":"French Polynesia","localeCode":"en","districtName":""},{"cityName":"Maharepa","countryName":"French Polynesia","localeCode":"en","districtName":""},{"cityName":"Taiohae","countryName":"French Polynesia","localeCode":"en","districtName":""}]