[{"cityName":"Vester Ejland","countryName":"Greenland"},{"cityName":"Vandreblokken","countryName":"Greenland"},{"cityName":"Uunartoq","countryName":"Greenland"},{"cityName":"Uummannatsiaq","countryName":"Greenland"},{"cityName":"Uummannaq","countryName":"Greenland"},{"cityName":"Uummannaarsuk","countryName":"Greenland"},{"cityName":"Utoqqarmiut","countryName":"Greenland"},{"cityName":"Upernavik","countryName":"Greenland"},{"cityName":"Upernaviarsuk","countryName":"Greenland"},{"cityName":"Umiattuartivit","countryName":"Greenland"},{"cityName":"Umiartorfik","countryName":"Greenland"},{"cityName":"Ukkusissat","countryName":"Greenland"},{"cityName":"Ukiverajik","countryName":"Greenland"},{"cityName":"Ujarasussuk","countryName":"Greenland"},{"cityName":"Ujaraat","countryName":"Greenland"},{"cityName":"Tussaaq","countryName":"Greenland"},{"cityName":"Tununngasoq","countryName":"Greenland"},{"cityName":"Tuapaat","countryName":"Greenland"},{"cityName":"Toqqusaq","countryName":"Greenland"},{"cityName":"Tiniteqilaarmiit","countryName":"Greenland"},{"cityName":"Tiniteqilaaq","countryName":"Greenland"},{"cityName":"Timmiarmiut","countryName":"Greenland"},{"cityName":"Timerliit","countryName":"Greenland"},{"cityName":"Tasiusaq","countryName":"Greenland"},{"cityName":"Tartunaq","countryName":"Greenland"},{"cityName":"Upernavik Kujalleq","countryName":"Greenland"},{"cityName":"Kangerlussuaq","countryName":"Greenland"},{"cityName":"Sondre Igaliku","countryName":"Greenland"},{"cityName":"Ammassivik","countryName":"Greenland"},{"cityName":"Skjoldungen","countryName":"Greenland"},{"cityName":"Skansen","countryName":"Greenland"},{"cityName":"Sivtingaleq","countryName":"Greenland"},{"cityName":"Sisimiut","countryName":"Greenland"},{"cityName":"Simiutaq","countryName":"Greenland"},{"cityName":"Sermilik","countryName":"Greenland"},{"cityName":"Sermiligaaq","countryName":"Greenland"},{"cityName":"Sermiarsuit","countryName":"Greenland"},{"cityName":"Sarfannguaq","countryName":"Greenland"},{"cityName":"Saqqarliit","countryName":"Greenland"},{"cityName":"Saqqaq","countryName":"Greenland"},{"cityName":"Saqqamiut","countryName":"Greenland"},{"cityName":"Sammisoq","countryName":"Greenland"},{"cityName":"Saattut","countryName":"Greenland"},{"cityName":"Saarloq","countryName":"Greenland"},{"cityName":"Rodebay","countryName":"Greenland"},{"cityName":"Ritenbenk","countryName":"Greenland"},{"cityName":"Qunnermiut","countryName":"Greenland"},{"cityName":"Qullissat","countryName":"Greenland"},{"cityName":"Qoornoq","countryName":"Greenland"},{"cityName":"Qooqqut","countryName":"Greenland"},{"cityName":"Qipingasoq","countryName":"Greenland"},{"cityName":"Qingeq","countryName":"Greenland"},{"cityName":"Qernertuarssuit","countryName":"Greenland"},{"cityName":"Qeqertat","countryName":"Greenland"},{"cityName":"Qeqertarsuatsiaq","countryName":"Greenland"},{"cityName":"Qeqertarsuaq","countryName":"Greenland"},{"cityName":"Qeqertaq","countryName":"Greenland"},{"cityName":"Qeqertaarsuk","countryName":"Greenland"},{"cityName":"Qeertartivatsiaq","countryName":"Greenland"},{"cityName":"Qassimiut","countryName":"Greenland"},{"cityName":"Qassiarsuk","countryName":"Greenland"},{"cityName":"Qasigiannguit","countryName":"Greenland"},{"cityName":"Qarajat","countryName":"Greenland"},{"cityName":"Qaqortoq","countryName":"Greenland"},{"cityName":"Qallimiut","countryName":"Greenland"},{"cityName":"Qaarsut","countryName":"Greenland"},{"cityName":"Kangersuatsiaq","countryName":"Greenland"},{"cityName":"Prins Christians Sund","countryName":"Greenland"},{"cityName":"Portusooq","countryName":"Greenland"},{"cityName":"Pitorqeq","countryName":"Greenland"},{"cityName":"Pingorsuaq","countryName":"Greenland"},{"cityName":"Paarnakajiit","countryName":"Greenland"},{"cityName":"Paamiut","countryName":"Greenland"},{"cityName":"Nuuk","countryName":"Greenland"},{"cityName":"Nuugaatsiaq","countryName":"Greenland"},{"cityName":"Nuugaaq","countryName":"Greenland"},{"cityName":"Nussaq","countryName":"Greenland"},{"cityName":"Nuliarfik","countryName":"Greenland"},{"cityName":"Nugssuta","countryName":"Greenland"},{"cityName":"Nordre Huse","countryName":"Greenland"},{"cityName":"Nivaaq","countryName":"Greenland"},{"cityName":"Niaqornat","countryName":"Greenland"},{"cityName":"Niaqornaq","countryName":"Greenland"},{"cityName":"Niaqornaarsuk","countryName":"Greenland"},{"cityName":"Neriunaq","countryName":"Greenland"},{"cityName":"Neria","countryName":"Greenland"},{"cityName":"Narssarmiut","countryName":"Greenland"},{"cityName":"Narsatsiaat","countryName":"Greenland"},{"cityName":"Narsarsuaq","countryName":"Greenland"},{"cityName":"Narsaq","countryName":"Greenland"},{"cityName":"Narsalik","countryName":"Greenland"},{"cityName":"Napasuligssuaq","countryName":"Greenland"},{"cityName":"Napasoq","countryName":"Greenland"},{"cityName":"Nanortalik","countryName":"Greenland"},{"cityName":"Naajat","countryName":"Greenland"},{"cityName":"Myggbukta","countryName":"Greenland"},{"cityName":"Marraat","countryName":"Greenland"},{"cityName":"Maniitsoq","countryName":"Greenland"},{"cityName":"Manermiut","countryName":"Greenland"},{"cityName":"Maarmorilik","countryName":"Greenland"},{"cityName":"Lichtenau","countryName":"Greenland"},{"cityName":"Kuummiit","countryName":"Greenland"},{"cityName":"Kuuk","countryName":"Greenland"},{"cityName":"Kulusuk","countryName":"Greenland"},{"cityName":"Kullorsuaq","countryName":"Greenland"},{"cityName":"Kronprinsen Ejland","countryName":"Greenland"},{"cityName":"Nuussuaq","countryName":"Greenland"},{"cityName":"Kittorsaq","countryName":"Greenland"},{"cityName":"Killiat","countryName":"Greenland"},{"cityName":"Kiinnarissoq","countryName":"Greenland"},{"cityName":"Kigdlussat","countryName":"Greenland"},{"cityName":"Kapisillit","countryName":"Greenland"},{"cityName":"Kap Dan","countryName":"Greenland"},{"cityName":"Kanissut","countryName":"Greenland"},{"cityName":"Kangilineq","countryName":"Greenland"},{"cityName":"Kangikitsoq","countryName":"Greenland"},{"cityName":"Kangikasik","countryName":"Greenland"},{"cityName":"Kangigdlermiut","countryName":"Greenland"},{"cityName":"Kangerup Nua","countryName":"Greenland"},{"cityName":"Kangerluarsuk","countryName":"Greenland"},{"cityName":"Kangerluarsoruseq","countryName":"Greenland"},{"cityName":"Kangeq","countryName":"Greenland"},{"cityName":"Kangaatsiaq","countryName":"Greenland"},{"cityName":"Kangaarsuk","countryName":"Greenland"},{"cityName":"Kangaamiut","countryName":"Greenland"},{"cityName":"Ivittuut","countryName":"Greenland"},{"cityName":"Ittumiit","countryName":"Greenland"},{"cityName":"Ittorisseq","countryName":"Greenland"},{"cityName":"Kap Hope","countryName":"Greenland"},{"cityName":"Ittoqqortoormiit","countryName":"Greenland"},{"cityName":"Itivnera","countryName":"Greenland"},{"cityName":"Itilleq","countryName":"Greenland"},{"cityName":"Iterlak","countryName":"Greenland"},{"cityName":"Isortoq","countryName":"Greenland"},{"cityName":"Inussuk","countryName":"Greenland"},{"cityName":"Innalik","countryName":"Greenland"},{"cityName":"Ilulissat","countryName":"Greenland"},{"cityName":"Illulik","countryName":"Greenland"},{"cityName":"Illorsuit","countryName":"Greenland"},{"cityName":"Illorpaat","countryName":"Greenland"},{"cityName":"Ikorfat","countryName":"Greenland"},{"cityName":"Ikkamiut","countryName":"Greenland"},{"cityName":"Ikerasak","countryName":"Greenland"},{"cityName":"Ikerasaarsuk","countryName":"Greenland"},{"cityName":"Ikateq","countryName":"Greenland"},{"cityName":"Ikamiut","countryName":"Greenland"},{"cityName":"Igssalik","countryName":"Greenland"},{"cityName":"Iginniarfik","countryName":"Greenland"},{"cityName":"Igdlunguaq","countryName":"Greenland"},{"cityName":"Igdluluarssuit","countryName":"Greenland"},{"cityName":"Igdlukorssuit","countryName":"Greenland"},{"cityName":"Igdlukavsak","countryName":"Greenland"},{"cityName":"Igdluiartorfik","countryName":"Greenland"},{"cityName":"Igaliku","countryName":"Greenland"},{"cityName":"Hunde Ejland","countryName":"Greenland"},{"cityName":"Ikigait","countryName":"Greenland"},{"cityName":"Gronnedal","countryName":"Greenland"},{"cityName":"Gamle Qutdligssat","countryName":"Greenland"},{"cityName":"Gamle Egedesminde","countryName":"Greenland"},{"cityName":"Qeqertarsuatsiaat","countryName":"Greenland"},{"cityName":"Finnsbu","countryName":"Greenland"},{"cityName":"Eqi","countryName":"Greenland"},{"cityName":"Diskofjord","countryName":"Greenland"},{"cityName":"Claushavn","countryName":"Greenland"},{"cityName":"Camp Lloyd","countryName":"Greenland"},{"cityName":"Avigaat","countryName":"Greenland"},{"cityName":"Autdlainiarfinguaq","countryName":"Greenland"},{"cityName":"Attu","countryName":"Greenland"},{"cityName":"Atammik","countryName":"Greenland"},{"cityName":"Ataa","countryName":"Greenland"},{"cityName":"Assaqutaq","countryName":"Greenland"},{"cityName":"Arsuk","countryName":"Greenland"},{"cityName":"Arsivik","countryName":"Greenland"},{"cityName":"Aqisserniaq","countryName":"Greenland"},{"cityName":"Aputiteeq","countryName":"Greenland"},{"cityName":"Appat","countryName":"Greenland"},{"cityName":"Appamiut","countryName":"Greenland"},{"cityName":"Anorliuitsoq","countryName":"Greenland"},{"cityName":"Tasiilaq","countryName":"Greenland"},{"cityName":"Alluitsup Paa","countryName":"Greenland"},{"cityName":"Akunnaaq","countryName":"Greenland"},{"cityName":"Akulliit","countryName":"Greenland"},{"cityName":"Akuliaruseq","countryName":"Greenland"},{"cityName":"Akinatsiait","countryName":"Greenland"},{"cityName":"Aasivik","countryName":"Greenland"},{"cityName":"Aasiaat","countryName":"Greenland"},{"cityName":"Aappilattoq","countryName":"Greenland"},{"cityName":"Aappilattorq","countryName":"Greenland"},{"cityName":"Aalatsivik","countryName":"Greenland"},{"cityName":"Qaarsoq","countryName":"Greenland"},{"cityName":"Ippik","countryName":"Greenland"},{"cityName":"Kap Tobin","countryName":"Greenland"},{"cityName":"Eqalugaarsuit","countryName":"Greenland"},{"cityName":"Uvdle","countryName":"Greenland"},{"cityName":"Upernavissuaq","countryName":"Greenland"},{"cityName":"Ulussat","countryName":"Greenland"},{"cityName":"Tikeraasaq","countryName":"Greenland"},{"cityName":"Siorapaluk","countryName":"Greenland"},{"cityName":"Savissivik","countryName":"Greenland"},{"cityName":"Quinissut","countryName":"Greenland"},{"cityName":"Qassisalik","countryName":"Greenland"},{"cityName":"Qangattaat","countryName":"Greenland"},{"cityName":"Qaanaaq","countryName":"Greenland"},{"cityName":"Pituffik","countryName":"Greenland"},{"cityName":"Perlernerit","countryName":"Greenland"},{"cityName":"Nunatarsuaq","countryName":"Greenland"},{"cityName":"Nunatami","countryName":"Greenland"},{"cityName":"Nunat","countryName":"Greenland"},{"cityName":"Neqi","countryName":"Greenland"},{"cityName":"Natsilivik","countryName":"Greenland"},{"cityName":"Narsaarsuk","countryName":"Greenland"},{"cityName":"Moriusaq","countryName":"Greenland"},{"cityName":"Kiatak","countryName":"Greenland"},{"cityName":"Etah","countryName":"Greenland"},{"cityName":"Eripassut","countryName":"Greenland"},{"cityName":"Dundas","countryName":"Greenland"},{"cityName":"Appaarsuit","countryName":"Greenland"},{"cityName":"Kangilinnguit","countryName":"Greenland"},{"cityName":"Summit Camp","countryName":"Greenland"},{"cityName":"Innarsuit Settlement","countryName":"Greenland"}]