[{"cityName":"Woburn","countryName":"Grenada","localeCode":"en","districtName":""},{"cityName":"Windward","countryName":"Grenada","localeCode":"en","districtName":""},{"cityName":"Windsor Forest","countryName":"Grenada","localeCode":"en","districtName":""},{"cityName":"Windsor Castle","countryName":"Grenada","localeCode":"en","districtName":""},{"cityName":"Windsor","countryName":"Grenada","localeCode":"en","districtName":""},{"cityName":"Willis","countryName":"Grenada","localeCode":"en","districtName":""},{"cityName":"White Gun","countryName":"Grenada","localeCode":"en","districtName":""},{"cityName":"Westerhall Point","countryName":"Grenada","localeCode":"en","districtName":""},{"cityName":"Westerhall Land Settlement","countryName":"Grenada","localeCode":"en","districtName":""},{"cityName":"Welcome Hall","countryName":"Grenada","localeCode":"en","districtName":""},{"cityName":"Waltham","countryName":"Grenada","localeCode":"en","districtName":""},{"cityName":"Vineyard","countryName":"Grenada","localeCode":"en","districtName":""},{"cityName":"Vincennes","countryName":"Grenada","localeCode":"en","districtName":""},{"cityName":"Victoria","countryName":"Grenada","localeCode":"en","districtName":""},{"cityName":"Vendome","countryName":"Grenada","localeCode":"en","districtName":""},{"cityName":"Upper Pearls","countryName":"Grenada","localeCode":"en","districtName":""},{"cityName":"Upper La Taste","countryName":"Grenada","localeCode":"en","districtName":""},{"cityName":"Upper La Tante","countryName":"Grenada","localeCode":"en","districtName":""},{"cityName":"Upper Capitol","countryName":"Grenada","localeCode":"en","districtName":""},{"cityName":"Union Village","countryName":"Grenada","localeCode":"en","districtName":""},{"cityName":"Union","countryName":"Grenada","localeCode":"en","districtName":""},{"cityName":"True Blue","countryName":"Grenada","localeCode":"en","districtName":""},{"cityName":"Tricolar","countryName":"Grenada","localeCode":"en","districtName":""},{"cityName":"Trevellan","countryName":"Grenada","localeCode":"en","districtName":""},{"cityName":"Tivoli","countryName":"Grenada","localeCode":"en","districtName":""},{"cityName":"The Park","countryName":"Grenada","localeCode":"en","districtName":""},{"cityName":"The Lime","countryName":"Grenada","localeCode":"en","districtName":""},{"cityName":"The Lance","countryName":"Grenada","localeCode":"en","districtName":""},{"cityName":"The Cliff","countryName":"Grenada","localeCode":"en","districtName":""},{"cityName":"The Bocas","countryName":"Grenada","localeCode":"en","districtName":""},{"cityName":"Thebaide","countryName":"Grenada","localeCode":"en","districtName":""},{"cityName":"Terre Cannes","countryName":"Grenada","localeCode":"en","districtName":""},{"cityName":"Tempe","countryName":"Grenada","localeCode":"en","districtName":""},{"cityName":"Telescope","countryName":"Grenada","localeCode":"en","districtName":""},{"cityName":"Tanteen","countryName":"Grenada","localeCode":"en","districtName":""},{"cityName":"Syracuse","countryName":"Grenada","localeCode":"en","districtName":""},{"cityName":"Springs","countryName":"Grenada","localeCode":"en","districtName":""},{"cityName":"Soubise","countryName":"Grenada","localeCode":"en","districtName":""},{"cityName":"Snug Corner","countryName":"Grenada","localeCode":"en","districtName":""},{"cityName":"Six Roads","countryName":"Grenada","localeCode":"en","districtName":""},{"cityName":"Simon","countryName":"Grenada","localeCode":"en","districtName":""},{"cityName":"Sauteurs","countryName":"Grenada","localeCode":"en","districtName":""},{"cityName":"Sans Souci","countryName":"Grenada","localeCode":"en","districtName":""},{"cityName":"Saint Paul's","countryName":"Grenada","localeCode":"en","districtName":""},{"cityName":"Saint Omer","countryName":"Grenada","localeCode":"en","districtName":""},{"cityName":"Saint Mary","countryName":"Grenada","localeCode":"en","districtName":""},{"cityName":"Saint Margaret","countryName":"Grenada","localeCode":"en","districtName":""},{"cityName":"Saint John","countryName":"Grenada","localeCode":"en","districtName":""},{"cityName":"Saint James","countryName":"Grenada","localeCode":"en","districtName":""},{"cityName":"Saint George's","countryName":"Grenada","localeCode":"en","districtName":""},{"cityName":"Saint David's","countryName":"Grenada","localeCode":"en","districtName":""},{"cityName":"Saint Cyr","countryName":"Grenada","localeCode":"en","districtName":""},{"cityName":"Saint Cloud","countryName":"Grenada","localeCode":"en","districtName":""},{"cityName":"Ruth Howard","countryName":"Grenada","localeCode":"en","districtName":""},{"cityName":"Rosemont","countryName":"Grenada","localeCode":"en","districtName":""},{"cityName":"Rose Hill","countryName":"Grenada","localeCode":"en","districtName":""},{"cityName":"River Sallee","countryName":"Grenada","localeCode":"en","districtName":""},{"cityName":"Richmond Hill","countryName":"Grenada","localeCode":"en","districtName":""},{"cityName":"Richmond","countryName":"Grenada","localeCode":"en","districtName":""},{"cityName":"Retreat","countryName":"Grenada","localeCode":"en","districtName":""},{"cityName":"Ravine","countryName":"Grenada","localeCode":"en","districtName":""},{"cityName":"Radix","countryName":"Grenada","localeCode":"en","districtName":""},{"cityName":"Pyrenees","countryName":"Grenada","localeCode":"en","districtName":""},{"cityName":"Providence","countryName":"Grenada","localeCode":"en","districtName":""},{"cityName":"Prospect","countryName":"Grenada","localeCode":"en","districtName":""},{"cityName":"Post Royal","countryName":"Grenada","localeCode":"en","districtName":""},{"cityName":"Pomme Rose","countryName":"Grenada","localeCode":"en","districtName":""},{"cityName":"Plaisance Land Settlement","countryName":"Grenada","localeCode":"en","districtName":""},{"cityName":"Plaisance","countryName":"Grenada","localeCode":"en","districtName":""},{"cityName":"Pierre Marie","countryName":"Grenada","localeCode":"en","districtName":""},{"cityName":"Petit Etang","countryName":"Grenada","localeCode":"en","districtName":""},{"cityName":"Petit Calivigny","countryName":"Grenada","localeCode":"en","districtName":""},{"cityName":"Petit Bouc","countryName":"Grenada","localeCode":"en","districtName":""},{"cityName":"Petit Balthazar","countryName":"Grenada","localeCode":"en","districtName":""},{"cityName":"Petit Bacaye","countryName":"Grenada","localeCode":"en","districtName":""},{"cityName":"Perdmontemps","countryName":"Grenada","localeCode":"en","districtName":""},{"cityName":"Peggys Whim","countryName":"Grenada","localeCode":"en","districtName":""},{"cityName":"Pecher","countryName":"Grenada","localeCode":"en","districtName":""},{"cityName":"Pearls","countryName":"Grenada","localeCode":"en","districtName":""},{"cityName":"Paradise","countryName":"Grenada","localeCode":"en","districtName":""},{"cityName":"Parade","countryName":"Grenada","localeCode":"en","districtName":""},{"cityName":"Paraclete","countryName":"Grenada","localeCode":"en","districtName":""},{"cityName":"Panorama","countryName":"Grenada","localeCode":"en","districtName":""},{"cityName":"Paddock","countryName":"Grenada","localeCode":"en","districtName":""},{"cityName":"Nonpareil","countryName":"Grenada","localeCode":"en","districtName":""},{"cityName":"Nianganfoix","countryName":"Grenada","localeCode":"en","districtName":""},{"cityName":"New Hampshire","countryName":"Grenada","localeCode":"en","districtName":""},{"cityName":"Munich","countryName":"Grenada","localeCode":"en","districtName":""},{"cityName":"Moya","countryName":"Grenada","localeCode":"en","districtName":""},{"cityName":"Mount William","countryName":"Grenada","localeCode":"en","districtName":""},{"cityName":"Mount Weldale","countryName":"Grenada","localeCode":"en","districtName":""},{"cityName":"Mount Stanhope","countryName":"Grenada","localeCode":"en","districtName":""},{"cityName":"Mount Royal","countryName":"Grenada","localeCode":"en","districtName":""},{"cityName":"Mount Rose","countryName":"Grenada","localeCode":"en","districtName":""},{"cityName":"Mount Rich","countryName":"Grenada","localeCode":"en","districtName":""},{"cityName":"Mount Pleasant","countryName":"Grenada","localeCode":"en","districtName":""},{"cityName":"Mount Nesbit Land Settlement","countryName":"Grenada","localeCode":"en","districtName":""},{"cityName":"Mount Nesbit","countryName":"Grenada","localeCode":"en","districtName":""},{"cityName":"Mount Moritz Land Settlement","countryName":"Grenada","localeCode":"en","districtName":""},{"cityName":"Mount Moritz","countryName":"Grenada","localeCode":"en","districtName":""},{"cityName":"Mount Horne","countryName":"Grenada","localeCode":"en","districtName":""},{"cityName":"Mount Hope","countryName":"Grenada","localeCode":"en","districtName":""},{"cityName":"Mount Helicon","countryName":"Grenada","localeCode":"en","districtName":""},{"cityName":"Mount Gay","countryName":"Grenada","localeCode":"en","districtName":""},{"cityName":"Mount Fann","countryName":"Grenada","localeCode":"en","districtName":""},{"cityName":"Mount Craven","countryName":"Grenada","localeCode":"en","districtName":""},{"cityName":"Mount Cenis","countryName":"Grenada","localeCode":"en","districtName":""},{"cityName":"Mount Cassell Land Settlement","countryName":"Grenada","localeCode":"en","districtName":""},{"cityName":"Mount Carmel","countryName":"Grenada","localeCode":"en","districtName":""},{"cityName":"Mount Alexander","countryName":"Grenada","localeCode":"en","districtName":""},{"cityName":"Mount Airy","countryName":"Grenada","localeCode":"en","districtName":""},{"cityName":"Mount Agnes","countryName":"Grenada","localeCode":"en","districtName":""},{"cityName":"Morne Tranquille","countryName":"Grenada","localeCode":"en","districtName":""},{"cityName":"Morne Rouge","countryName":"Grenada","localeCode":"en","districtName":""},{"cityName":"Morne Longue","countryName":"Grenada","localeCode":"en","districtName":""},{"cityName":"Morne Jaloux Ridge","countryName":"Grenada","localeCode":"en","districtName":""},{"cityName":"Morne Jaloux","countryName":"Grenada","localeCode":"en","districtName":""},{"cityName":"Morne Fendue","countryName":"Grenada","localeCode":"en","districtName":""},{"cityName":"Morne Docteur","countryName":"Grenada","localeCode":"en","districtName":""},{"cityName":"Mont Tout","countryName":"Grenada","localeCode":"en","districtName":""},{"cityName":"Montreuil","countryName":"Grenada","localeCode":"en","districtName":""},{"cityName":"Mon Repos","countryName":"Grenada","localeCode":"en","districtName":""},{"cityName":"Mon Plaisir","countryName":"Grenada","localeCode":"en","districtName":""},{"cityName":"Moliniere","countryName":"Grenada","localeCode":"en","districtName":""},{"cityName":"Mirabeau","countryName":"Grenada","localeCode":"en","districtName":""},{"cityName":"Meldrum","countryName":"Grenada","localeCode":"en","districtName":""},{"cityName":"Maulti","countryName":"Grenada","localeCode":"en","districtName":""},{"cityName":"Marquis","countryName":"Grenada","localeCode":"en","districtName":""},{"cityName":"Marlmount","countryName":"Grenada","localeCode":"en","districtName":""},{"cityName":"Marli","countryName":"Grenada","localeCode":"en","districtName":""},{"cityName":"Marigot","countryName":"Grenada","localeCode":"en","districtName":""},{"cityName":"Marian","countryName":"Grenada","localeCode":"en","districtName":""},{"cityName":"Mardigras","countryName":"Grenada","localeCode":"en","districtName":""},{"cityName":"Maran","countryName":"Grenada","localeCode":"en","districtName":""},{"cityName":"Mango","countryName":"Grenada","localeCode":"en","districtName":""},{"cityName":"Mamma Cannes","countryName":"Grenada","localeCode":"en","districtName":""},{"cityName":"Mahot","countryName":"Grenada","localeCode":"en","districtName":""},{"cityName":"Mabouya","countryName":"Grenada","localeCode":"en","districtName":""},{"cityName":"Lower Woburn","countryName":"Grenada","localeCode":"en","districtName":""},{"cityName":"Lower Pearls","countryName":"Grenada","localeCode":"en","districtName":""},{"cityName":"Lower La Taste","countryName":"Grenada","localeCode":"en","districtName":""},{"cityName":"Lower La Tante","countryName":"Grenada","localeCode":"en","districtName":""},{"cityName":"Lower Capitol","countryName":"Grenada","localeCode":"en","districtName":""},{"cityName":"Levera Development","countryName":"Grenada","localeCode":"en","districtName":""},{"cityName":"Levera","countryName":"Grenada","localeCode":"en","districtName":""},{"cityName":"L'Etage","countryName":"Grenada","localeCode":"en","districtName":""},{"cityName":"L'Esterre","countryName":"Grenada","localeCode":"en","districtName":""},{"cityName":"L'Esperance","countryName":"Grenada","localeCode":"en","districtName":""},{"cityName":"Laura","countryName":"Grenada","localeCode":"en","districtName":""},{"cityName":"L'Appelle","countryName":"Grenada","localeCode":"en","districtName":""},{"cityName":"La Poterie","countryName":"Grenada","localeCode":"en","districtName":""},{"cityName":"Lance aux Epines","countryName":"Grenada","localeCode":"en","districtName":""},{"cityName":"La Mode","countryName":"Grenada","localeCode":"en","districtName":""},{"cityName":"La Fortune","countryName":"Grenada","localeCode":"en","districtName":""},{"cityName":"La Filette","countryName":"Grenada","localeCode":"en","districtName":""},{"cityName":"La Femme","countryName":"Grenada","localeCode":"en","districtName":""},{"cityName":"La Digue","countryName":"Grenada","localeCode":"en","districtName":""},{"cityName":"Laborie","countryName":"Grenada","localeCode":"en","districtName":""},{"cityName":"Ka-fe Beau","countryName":"Grenada","localeCode":"en","districtName":""},{"cityName":"Industry","countryName":"Grenada","localeCode":"en","districtName":""},{"cityName":"Hyde Park","countryName":"Grenada","localeCode":"en","districtName":""},{"cityName":"Horne","countryName":"Grenada","localeCode":"en","districtName":""},{"cityName":"Hope Bacolet","countryName":"Grenada","localeCode":"en","districtName":""},{"cityName":"Hillsborough","countryName":"Grenada","localeCode":"en","districtName":""},{"cityName":"Hermon","countryName":"Grenada","localeCode":"en","districtName":""},{"cityName":"Hermitage","countryName":"Grenada","localeCode":"en","districtName":""},{"cityName":"Harford Village","countryName":"Grenada","localeCode":"en","districtName":""},{"cityName":"Happy Hill","countryName":"Grenada","localeCode":"en","districtName":""},{"cityName":"Gwa Kay","countryName":"Grenada","localeCode":"en","districtName":""},{"cityName":"Gretna Green","countryName":"Grenada","localeCode":"en","districtName":""},{"cityName":"Grenville","countryName":"Grenada","localeCode":"en","districtName":""},{"cityName":"Granton","countryName":"Grenada","localeCode":"en","districtName":""},{"cityName":"Grand Roy","countryName":"Grenada","localeCode":"en","districtName":""},{"cityName":"Grand Mal","countryName":"Grenada","localeCode":"en","districtName":""},{"cityName":"Grand Bras","countryName":"Grenada","localeCode":"en","districtName":""},{"cityName":"Grand Bay","countryName":"Grenada","localeCode":"en","districtName":""},{"cityName":"Grand Anse","countryName":"Grenada","localeCode":"en","districtName":""},{"cityName":"Gouyave","countryName":"Grenada","localeCode":"en","districtName":""},{"cityName":"Golflands","countryName":"Grenada","localeCode":"en","districtName":""},{"cityName":"Frequente","countryName":"Grenada","localeCode":"en","districtName":""},{"cityName":"Fort Jeudy","countryName":"Grenada","localeCode":"en","districtName":""},{"cityName":"Ford","countryName":"Grenada","localeCode":"en","districtName":""},{"cityName":"Fontenoy","countryName":"Grenada","localeCode":"en","districtName":""},{"cityName":"Florida","countryName":"Grenada","localeCode":"en","districtName":""},{"cityName":"Felix Park","countryName":"Grenada","localeCode":"en","districtName":""},{"cityName":"Falege","countryName":"Grenada","localeCode":"en","districtName":""},{"cityName":"Fairfield","countryName":"Grenada","localeCode":"en","districtName":""},{"cityName":"Epping Forest","countryName":"Grenada","localeCode":"en","districtName":""},{"cityName":"Helvellyn","countryName":"Grenada","localeCode":"en","districtName":""},{"cityName":"Elie Hall","countryName":"Grenada","localeCode":"en","districtName":""},{"cityName":"Egmont","countryName":"Grenada","localeCode":"en","districtName":""},{"cityName":"Duquesne","countryName":"Grenada","localeCode":"en","districtName":""},{"cityName":"Dunfermline","countryName":"Grenada","localeCode":"en","districtName":""},{"cityName":"Dumfries","countryName":"Grenada","localeCode":"en","districtName":""},{"cityName":"Dover","countryName":"Grenada","localeCode":"en","districtName":""},{"cityName":"Dothan","countryName":"Grenada","localeCode":"en","districtName":""},{"cityName":"Diego Piece","countryName":"Grenada","localeCode":"en","districtName":""},{"cityName":"Des Isles","countryName":"Grenada","localeCode":"en","districtName":""},{"cityName":"Deblando","countryName":"Grenada","localeCode":"en","districtName":""},{"cityName":"D'Arbeau","countryName":"Grenada","localeCode":"en","districtName":""},{"cityName":"Crochu","countryName":"Grenada","localeCode":"en","districtName":""},{"cityName":"Corinth","countryName":"Grenada","localeCode":"en","districtName":""},{"cityName":"Corbeau Town","countryName":"Grenada","localeCode":"en","districtName":""},{"cityName":"Content","countryName":"Grenada","localeCode":"en","districtName":""},{"cityName":"Constantine","countryName":"Grenada","localeCode":"en","districtName":""},{"cityName":"Conference","countryName":"Grenada","localeCode":"en","districtName":""},{"cityName":"Confer","countryName":"Grenada","localeCode":"en","districtName":""},{"cityName":"Concord","countryName":"Grenada","localeCode":"en","districtName":""},{"cityName":"Clozier","countryName":"Grenada","localeCode":"en","districtName":""},{"cityName":"Clarkes Court","countryName":"Grenada","localeCode":"en","districtName":""},{"cityName":"Clabony","countryName":"Grenada","localeCode":"en","districtName":""},{"cityName":"Chutz","countryName":"Grenada","localeCode":"en","districtName":""},{"cityName":"Charlotte Vale","countryName":"Grenada","localeCode":"en","districtName":""},{"cityName":"Chantimelle","countryName":"Grenada","localeCode":"en","districtName":""},{"cityName":"Champs Fleurs","countryName":"Grenada","localeCode":"en","districtName":""},{"cityName":"Chadeau","countryName":"Grenada","localeCode":"en","districtName":""},{"cityName":"Celeste","countryName":"Grenada","localeCode":"en","districtName":""},{"cityName":"Castle Hill","countryName":"Grenada","localeCode":"en","districtName":""},{"cityName":"Castaigne","countryName":"Grenada","localeCode":"en","districtName":""},{"cityName":"Carriere","countryName":"Grenada","localeCode":"en","districtName":""},{"cityName":"Calliste","countryName":"Grenada","localeCode":"en","districtName":""},{"cityName":"Calivigny","countryName":"Grenada","localeCode":"en","districtName":""},{"cityName":"Cafe","countryName":"Grenada","localeCode":"en","districtName":""},{"cityName":"Bylands","countryName":"Grenada","localeCode":"en","districtName":""},{"cityName":"Brizan","countryName":"Grenada","localeCode":"en","districtName":""},{"cityName":"Brandon Hall","countryName":"Grenada","localeCode":"en","districtName":""},{"cityName":"Bois de Gannes","countryName":"Grenada","localeCode":"en","districtName":""},{"cityName":"Bogles","countryName":"Grenada","localeCode":"en","districtName":""},{"cityName":"Boca","countryName":"Grenada","localeCode":"en","districtName":""},{"cityName":"Blow Hole","countryName":"Grenada","localeCode":"en","districtName":""},{"cityName":"Blaize","countryName":"Grenada","localeCode":"en","districtName":""},{"cityName":"Birch Grove","countryName":"Grenada","localeCode":"en","districtName":""},{"cityName":"Belvidere","countryName":"Grenada","localeCode":"en","districtName":""},{"cityName":"Belvedere","countryName":"Grenada","localeCode":"en","districtName":""},{"cityName":"Belmont","countryName":"Grenada","localeCode":"en","districtName":""},{"cityName":"Bellevue","countryName":"Grenada","localeCode":"en","districtName":""},{"cityName":"Belle Plain","countryName":"Grenada","localeCode":"en","districtName":""},{"cityName":"Belle Isle","countryName":"Grenada","localeCode":"en","districtName":""},{"cityName":"Belair","countryName":"Grenada","localeCode":"en","districtName":""},{"cityName":"Becke Moui","countryName":"Grenada","localeCode":"en","districtName":""},{"cityName":"Beauregard","countryName":"Grenada","localeCode":"en","districtName":""},{"cityName":"Beaulieu","countryName":"Grenada","localeCode":"en","districtName":""},{"cityName":"Beaton","countryName":"Grenada","localeCode":"en","districtName":""},{"cityName":"Battle Hill","countryName":"Grenada","localeCode":"en","districtName":""},{"cityName":"Barrow","countryName":"Grenada","localeCode":"en","districtName":""},{"cityName":"Barique","countryName":"Grenada","localeCode":"en","districtName":""},{"cityName":"Bamboo","countryName":"Grenada","localeCode":"en","districtName":""},{"cityName":"Baillies Bacolet","countryName":"Grenada","localeCode":"en","districtName":""},{"cityName":"Arthur Seat","countryName":"Grenada","localeCode":"en","districtName":""},{"cityName":"Argyle","countryName":"Grenada","localeCode":"en","districtName":""},{"cityName":"Apres Tout","countryName":"Grenada","localeCode":"en","districtName":""},{"cityName":"Amber Belair","countryName":"Grenada","localeCode":"en","districtName":""},{"cityName":"Adelphi","countryName":"Grenada","localeCode":"en","districtName":""},{"cityName":"Magazine Beach","countryName":"Grenada","localeCode":"en","districtName":""}]