[{"cityName":"Woburn","countryName":"Grenada"},{"cityName":"Windward","countryName":"Grenada"},{"cityName":"Windsor Forest","countryName":"Grenada"},{"cityName":"Windsor Castle","countryName":"Grenada"},{"cityName":"Windsor","countryName":"Grenada"},{"cityName":"Willis","countryName":"Grenada"},{"cityName":"White Gun","countryName":"Grenada"},{"cityName":"Westerhall Point","countryName":"Grenada"},{"cityName":"Westerhall Land Settlement","countryName":"Grenada"},{"cityName":"Welcome Hall","countryName":"Grenada"},{"cityName":"Waltham","countryName":"Grenada"},{"cityName":"Vineyard","countryName":"Grenada"},{"cityName":"Vincennes","countryName":"Grenada"},{"cityName":"Victoria","countryName":"Grenada"},{"cityName":"Vendome","countryName":"Grenada"},{"cityName":"Upper Pearls","countryName":"Grenada"},{"cityName":"Upper La Taste","countryName":"Grenada"},{"cityName":"Upper La Tante","countryName":"Grenada"},{"cityName":"Upper Capitol","countryName":"Grenada"},{"cityName":"Union Village","countryName":"Grenada"},{"cityName":"Union","countryName":"Grenada"},{"cityName":"True Blue","countryName":"Grenada"},{"cityName":"Tricolar","countryName":"Grenada"},{"cityName":"Trevellan","countryName":"Grenada"},{"cityName":"Tivoli","countryName":"Grenada"},{"cityName":"The Park","countryName":"Grenada"},{"cityName":"The Lime","countryName":"Grenada"},{"cityName":"The Lance","countryName":"Grenada"},{"cityName":"The Cliff","countryName":"Grenada"},{"cityName":"The Bocas","countryName":"Grenada"},{"cityName":"Thebaide","countryName":"Grenada"},{"cityName":"Terre Cannes","countryName":"Grenada"},{"cityName":"Tempe","countryName":"Grenada"},{"cityName":"Telescope","countryName":"Grenada"},{"cityName":"Tanteen","countryName":"Grenada"},{"cityName":"Syracuse","countryName":"Grenada"},{"cityName":"Springs","countryName":"Grenada"},{"cityName":"Soubise","countryName":"Grenada"},{"cityName":"Snug Corner","countryName":"Grenada"},{"cityName":"Six Roads","countryName":"Grenada"},{"cityName":"Simon","countryName":"Grenada"},{"cityName":"Sauteurs","countryName":"Grenada"},{"cityName":"Sans Souci","countryName":"Grenada"},{"cityName":"Saint Paul's","countryName":"Grenada"},{"cityName":"Saint Omer","countryName":"Grenada"},{"cityName":"Saint Mary","countryName":"Grenada"},{"cityName":"Saint Margaret","countryName":"Grenada"},{"cityName":"Saint John","countryName":"Grenada"},{"cityName":"Saint James","countryName":"Grenada"},{"cityName":"Saint George's","countryName":"Grenada"},{"cityName":"Saint David's","countryName":"Grenada"},{"cityName":"Saint Cyr","countryName":"Grenada"},{"cityName":"Saint Cloud","countryName":"Grenada"},{"cityName":"Ruth Howard","countryName":"Grenada"},{"cityName":"Rosemont","countryName":"Grenada"},{"cityName":"Rose Hill","countryName":"Grenada"},{"cityName":"River Sallee","countryName":"Grenada"},{"cityName":"Richmond Hill","countryName":"Grenada"},{"cityName":"Richmond","countryName":"Grenada"},{"cityName":"Retreat","countryName":"Grenada"},{"cityName":"Ravine","countryName":"Grenada"},{"cityName":"Radix","countryName":"Grenada"},{"cityName":"Pyrenees","countryName":"Grenada"},{"cityName":"Providence","countryName":"Grenada"},{"cityName":"Prospect","countryName":"Grenada"},{"cityName":"Post Royal","countryName":"Grenada"},{"cityName":"Pomme Rose","countryName":"Grenada"},{"cityName":"Plaisance Land Settlement","countryName":"Grenada"},{"cityName":"Plaisance","countryName":"Grenada"},{"cityName":"Pierre Marie","countryName":"Grenada"},{"cityName":"Petit Etang","countryName":"Grenada"},{"cityName":"Petit Calivigny","countryName":"Grenada"},{"cityName":"Petit Bouc","countryName":"Grenada"},{"cityName":"Petit Balthazar","countryName":"Grenada"},{"cityName":"Petit Bacaye","countryName":"Grenada"},{"cityName":"Perdmontemps","countryName":"Grenada"},{"cityName":"Peggys Whim","countryName":"Grenada"},{"cityName":"Pecher","countryName":"Grenada"},{"cityName":"Pearls","countryName":"Grenada"},{"cityName":"Paradise","countryName":"Grenada"},{"cityName":"Parade","countryName":"Grenada"},{"cityName":"Paraclete","countryName":"Grenada"},{"cityName":"Panorama","countryName":"Grenada"},{"cityName":"Paddock","countryName":"Grenada"},{"cityName":"Nonpareil","countryName":"Grenada"},{"cityName":"Nianganfoix","countryName":"Grenada"},{"cityName":"New Hampshire","countryName":"Grenada"},{"cityName":"Munich","countryName":"Grenada"},{"cityName":"Moya","countryName":"Grenada"},{"cityName":"Mount William","countryName":"Grenada"},{"cityName":"Mount Weldale","countryName":"Grenada"},{"cityName":"Mount Stanhope","countryName":"Grenada"},{"cityName":"Mount Royal","countryName":"Grenada"},{"cityName":"Mount Rose","countryName":"Grenada"},{"cityName":"Mount Rich","countryName":"Grenada"},{"cityName":"Mount Pleasant","countryName":"Grenada"},{"cityName":"Mount Nesbit Land Settlement","countryName":"Grenada"},{"cityName":"Mount Nesbit","countryName":"Grenada"},{"cityName":"Mount Moritz Land Settlement","countryName":"Grenada"},{"cityName":"Mount Moritz","countryName":"Grenada"},{"cityName":"Mount Horne","countryName":"Grenada"},{"cityName":"Mount Hope","countryName":"Grenada"},{"cityName":"Mount Helicon","countryName":"Grenada"},{"cityName":"Mount Gay","countryName":"Grenada"},{"cityName":"Mount Fann","countryName":"Grenada"},{"cityName":"Mount Craven","countryName":"Grenada"},{"cityName":"Mount Cenis","countryName":"Grenada"},{"cityName":"Mount Cassell Land Settlement","countryName":"Grenada"},{"cityName":"Mount Carmel","countryName":"Grenada"},{"cityName":"Mount Alexander","countryName":"Grenada"},{"cityName":"Mount Airy","countryName":"Grenada"},{"cityName":"Mount Agnes","countryName":"Grenada"},{"cityName":"Morne Tranquille","countryName":"Grenada"},{"cityName":"Morne Rouge","countryName":"Grenada"},{"cityName":"Morne Longue","countryName":"Grenada"},{"cityName":"Morne Jaloux Ridge","countryName":"Grenada"},{"cityName":"Morne Jaloux","countryName":"Grenada"},{"cityName":"Morne Fendue","countryName":"Grenada"},{"cityName":"Morne Docteur","countryName":"Grenada"},{"cityName":"Mont Tout","countryName":"Grenada"},{"cityName":"Montreuil","countryName":"Grenada"},{"cityName":"Mon Repos","countryName":"Grenada"},{"cityName":"Mon Plaisir","countryName":"Grenada"},{"cityName":"Moliniere","countryName":"Grenada"},{"cityName":"Mirabeau","countryName":"Grenada"},{"cityName":"Meldrum","countryName":"Grenada"},{"cityName":"Maulti","countryName":"Grenada"},{"cityName":"Marquis","countryName":"Grenada"},{"cityName":"Marlmount","countryName":"Grenada"},{"cityName":"Marli","countryName":"Grenada"},{"cityName":"Marigot","countryName":"Grenada"},{"cityName":"Marian","countryName":"Grenada"},{"cityName":"Mardigras","countryName":"Grenada"},{"cityName":"Maran","countryName":"Grenada"},{"cityName":"Mango","countryName":"Grenada"},{"cityName":"Mamma Cannes","countryName":"Grenada"},{"cityName":"Mahot","countryName":"Grenada"},{"cityName":"Mabouya","countryName":"Grenada"},{"cityName":"Lower Woburn","countryName":"Grenada"},{"cityName":"Lower Pearls","countryName":"Grenada"},{"cityName":"Lower La Taste","countryName":"Grenada"},{"cityName":"Lower La Tante","countryName":"Grenada"},{"cityName":"Lower Capitol","countryName":"Grenada"},{"cityName":"Levera Development","countryName":"Grenada"},{"cityName":"Levera","countryName":"Grenada"},{"cityName":"L'Etage","countryName":"Grenada"},{"cityName":"L'Esterre","countryName":"Grenada"},{"cityName":"L'Esperance","countryName":"Grenada"},{"cityName":"Laura","countryName":"Grenada"},{"cityName":"L'Appelle","countryName":"Grenada"},{"cityName":"La Poterie","countryName":"Grenada"},{"cityName":"Lance aux Epines","countryName":"Grenada"},{"cityName":"La Mode","countryName":"Grenada"},{"cityName":"La Fortune","countryName":"Grenada"},{"cityName":"La Filette","countryName":"Grenada"},{"cityName":"La Femme","countryName":"Grenada"},{"cityName":"La Digue","countryName":"Grenada"},{"cityName":"Laborie","countryName":"Grenada"},{"cityName":"Ka-fe Beau","countryName":"Grenada"},{"cityName":"Industry","countryName":"Grenada"},{"cityName":"Hyde Park","countryName":"Grenada"},{"cityName":"Horne","countryName":"Grenada"},{"cityName":"Hope Bacolet","countryName":"Grenada"},{"cityName":"Hillsborough","countryName":"Grenada"},{"cityName":"Hermon","countryName":"Grenada"},{"cityName":"Hermitage","countryName":"Grenada"},{"cityName":"Harford Village","countryName":"Grenada"},{"cityName":"Happy Hill","countryName":"Grenada"},{"cityName":"Gwa Kay","countryName":"Grenada"},{"cityName":"Gretna Green","countryName":"Grenada"},{"cityName":"Grenville","countryName":"Grenada"},{"cityName":"Granton","countryName":"Grenada"},{"cityName":"Grand Roy","countryName":"Grenada"},{"cityName":"Grand Mal","countryName":"Grenada"},{"cityName":"Grand Bras","countryName":"Grenada"},{"cityName":"Grand Bay","countryName":"Grenada"},{"cityName":"Grand Anse","countryName":"Grenada"},{"cityName":"Gouyave","countryName":"Grenada"},{"cityName":"Golflands","countryName":"Grenada"},{"cityName":"Frequente","countryName":"Grenada"},{"cityName":"Fort Jeudy","countryName":"Grenada"},{"cityName":"Ford","countryName":"Grenada"},{"cityName":"Fontenoy","countryName":"Grenada"},{"cityName":"Florida","countryName":"Grenada"},{"cityName":"Felix Park","countryName":"Grenada"},{"cityName":"Falege","countryName":"Grenada"},{"cityName":"Fairfield","countryName":"Grenada"},{"cityName":"Epping Forest","countryName":"Grenada"},{"cityName":"Helvellyn","countryName":"Grenada"},{"cityName":"Elie Hall","countryName":"Grenada"},{"cityName":"Egmont","countryName":"Grenada"},{"cityName":"Duquesne","countryName":"Grenada"},{"cityName":"Dunfermline","countryName":"Grenada"},{"cityName":"Dumfries","countryName":"Grenada"},{"cityName":"Dover","countryName":"Grenada"},{"cityName":"Dothan","countryName":"Grenada"},{"cityName":"Diego Piece","countryName":"Grenada"},{"cityName":"Des Isles","countryName":"Grenada"},{"cityName":"Deblando","countryName":"Grenada"},{"cityName":"D'Arbeau","countryName":"Grenada"},{"cityName":"Crochu","countryName":"Grenada"},{"cityName":"Corinth","countryName":"Grenada"},{"cityName":"Corbeau Town","countryName":"Grenada"},{"cityName":"Content","countryName":"Grenada"},{"cityName":"Constantine","countryName":"Grenada"},{"cityName":"Conference","countryName":"Grenada"},{"cityName":"Confer","countryName":"Grenada"},{"cityName":"Concord","countryName":"Grenada"},{"cityName":"Clozier","countryName":"Grenada"},{"cityName":"Clarkes Court","countryName":"Grenada"},{"cityName":"Clabony","countryName":"Grenada"},{"cityName":"Chutz","countryName":"Grenada"},{"cityName":"Charlotte Vale","countryName":"Grenada"},{"cityName":"Chantimelle","countryName":"Grenada"},{"cityName":"Champs Fleurs","countryName":"Grenada"},{"cityName":"Chadeau","countryName":"Grenada"},{"cityName":"Celeste","countryName":"Grenada"},{"cityName":"Castle Hill","countryName":"Grenada"},{"cityName":"Castaigne","countryName":"Grenada"},{"cityName":"Carriere","countryName":"Grenada"},{"cityName":"Calliste","countryName":"Grenada"},{"cityName":"Calivigny","countryName":"Grenada"},{"cityName":"Cafe","countryName":"Grenada"},{"cityName":"Bylands","countryName":"Grenada"},{"cityName":"Brizan","countryName":"Grenada"},{"cityName":"Brandon Hall","countryName":"Grenada"},{"cityName":"Bois de Gannes","countryName":"Grenada"},{"cityName":"Bogles","countryName":"Grenada"},{"cityName":"Boca","countryName":"Grenada"},{"cityName":"Blow Hole","countryName":"Grenada"},{"cityName":"Blaize","countryName":"Grenada"},{"cityName":"Birch Grove","countryName":"Grenada"},{"cityName":"Belvidere","countryName":"Grenada"},{"cityName":"Belvedere","countryName":"Grenada"},{"cityName":"Belmont","countryName":"Grenada"},{"cityName":"Bellevue","countryName":"Grenada"},{"cityName":"Belle Plain","countryName":"Grenada"},{"cityName":"Belle Isle","countryName":"Grenada"},{"cityName":"Belair","countryName":"Grenada"},{"cityName":"Becke Moui","countryName":"Grenada"},{"cityName":"Beauregard","countryName":"Grenada"},{"cityName":"Beaulieu","countryName":"Grenada"},{"cityName":"Beaton","countryName":"Grenada"},{"cityName":"Battle Hill","countryName":"Grenada"},{"cityName":"Barrow","countryName":"Grenada"},{"cityName":"Barique","countryName":"Grenada"},{"cityName":"Bamboo","countryName":"Grenada"},{"cityName":"Baillies Bacolet","countryName":"Grenada"},{"cityName":"Arthur Seat","countryName":"Grenada"},{"cityName":"Argyle","countryName":"Grenada"},{"cityName":"Apres Tout","countryName":"Grenada"},{"cityName":"Amber Belair","countryName":"Grenada"},{"cityName":"Adelphi","countryName":"Grenada"},{"cityName":"Magazine Beach","countryName":"Grenada"}]