[{"cityName":"Zevallos","countryName":"Guadeloupe"},{"cityName":"Vital","countryName":"Guadeloupe"},{"cityName":"Vipart","countryName":"Guadeloupe"},{"cityName":"Vince","countryName":"Guadeloupe"},{"cityName":"Village","countryName":"Guadeloupe"},{"cityName":"Vieux-Habitants","countryName":"Guadeloupe"},{"cityName":"Vieux-Fort","countryName":"Guadeloupe"},{"cityName":"Vieux Bourg","countryName":"Guadeloupe"},{"cityName":"Vidon","countryName":"Guadeloupe"},{"cityName":"Vezoux","countryName":"Guadeloupe"},{"cityName":"Versailles","countryName":"Guadeloupe"},{"cityName":"Vernou","countryName":"Guadeloupe"},{"cityName":"Vermont","countryName":"Guadeloupe"},{"cityName":"Verge","countryName":"Guadeloupe"},{"cityName":"Verdier","countryName":"Guadeloupe"},{"cityName":"Vanniers","countryName":"Guadeloupe"},{"cityName":"Vallon Vrimouth","countryName":"Guadeloupe"},{"cityName":"Vallee d'Or","countryName":"Guadeloupe"},{"cityName":"Valeau","countryName":"Guadeloupe"},{"cityName":"Trois-Rivieres","countryName":"Guadeloupe"},{"cityName":"Trois-Ilets","countryName":"Guadeloupe"},{"cityName":"Trioncelle","countryName":"Guadeloupe"},{"cityName":"Terre-de-Haut","countryName":"Guadeloupe"},{"cityName":"Terre-de-Bas","countryName":"Guadeloupe"},{"cityName":"Surgy","countryName":"Guadeloupe"},{"cityName":"Subercazeaux","countryName":"Guadeloupe"},{"cityName":"Sofaia","countryName":"Guadeloupe"},{"cityName":"Siblet","countryName":"Guadeloupe"},{"cityName":"Seze","countryName":"Guadeloupe"},{"cityName":"Sevray","countryName":"Guadeloupe"},{"cityName":"Seforge","countryName":"Guadeloupe"},{"cityName":"Savane","countryName":"Guadeloupe"},{"cityName":"Satge","countryName":"Guadeloupe"},{"cityName":"Saint-Val-Labique","countryName":"Guadeloupe"},{"cityName":"Saint-Sauveur","countryName":"Guadeloupe"},{"cityName":"Saint-Prix","countryName":"Guadeloupe"},{"cityName":"Saint-Pierre","countryName":"Guadeloupe"},{"cityName":"Saint-Marc","countryName":"Guadeloupe"},{"cityName":"Saint-Louis","countryName":"Guadeloupe"},{"cityName":"Saint-Jacques","countryName":"Guadeloupe"},{"cityName":"Saint-Gilles","countryName":"Guadeloupe"},{"cityName":"Saint-Francois","countryName":"Guadeloupe"},{"cityName":"Saint-Felix","countryName":"Guadeloupe"},{"cityName":"Sainte-Rose","countryName":"Guadeloupe"},{"cityName":"Sainte-Marthe","countryName":"Guadeloupe"},{"cityName":"Sainte-Marie des Bois","countryName":"Guadeloupe"},{"cityName":"Sainte-Marie","countryName":"Guadeloupe"},{"cityName":"Sainte-Marguerite","countryName":"Guadeloupe"},{"cityName":"Sainte-Madeleine","countryName":"Guadeloupe"},{"cityName":"Sainte-Croix","countryName":"Guadeloupe"},{"cityName":"Sainte-Claire","countryName":"Guadeloupe"},{"cityName":"Sainte-Anne","countryName":"Guadeloupe"},{"cityName":"Saint-Claude","countryName":"Guadeloupe"},{"cityName":"Saint-Charles","countryName":"Guadeloupe"},{"cityName":"Saint-Bernard","countryName":"Guadeloupe"},{"cityName":"Saiette","countryName":"Guadeloupe"},{"cityName":"Ruillier","countryName":"Guadeloupe"},{"cityName":"Routhiers","countryName":"Guadeloupe"},{"cityName":"Roussel","countryName":"Guadeloupe"},{"cityName":"Rousseau","countryName":"Guadeloupe"},{"cityName":"Robert","countryName":"Guadeloupe"},{"cityName":"Rifflet","countryName":"Guadeloupe"},{"cityName":"Richeval","countryName":"Guadeloupe"},{"cityName":"Richeplaine","countryName":"Guadeloupe"},{"cityName":"Richemont","countryName":"Guadeloupe"},{"cityName":"Ribourgeon","countryName":"Guadeloupe"},{"cityName":"Retz","countryName":"Guadeloupe"},{"cityName":"Reneville","countryName":"Guadeloupe"},{"cityName":"Renard","countryName":"Guadeloupe"},{"cityName":"Reizet-Sainte-Marie","countryName":"Guadeloupe"},{"cityName":"Ravine Chaude","countryName":"Guadeloupe"},{"cityName":"Radelin","countryName":"Guadeloupe"},{"cityName":"Rabi","countryName":"Guadeloupe"},{"cityName":"Quatre Chemins","countryName":"Guadeloupe"},{"cityName":"Prise d'Eau","countryName":"Guadeloupe"},{"cityName":"Pressec","countryName":"Guadeloupe"},{"cityName":"Poyen","countryName":"Guadeloupe"},{"cityName":"Pouzzole","countryName":"Guadeloupe"},{"cityName":"Poucet","countryName":"Guadeloupe"},{"cityName":"Port-Louis","countryName":"Guadeloupe"},{"cityName":"Port Louis","countryName":"Guadeloupe"},{"cityName":"Portland","countryName":"Guadeloupe"},{"cityName":"Portel","countryName":"Guadeloupe"},{"cityName":"Port Blanc","countryName":"Guadeloupe"},{"cityName":"Pombiray","countryName":"Guadeloupe"},{"cityName":"Poirier","countryName":"Guadeloupe"},{"cityName":"Pointe-Noire","countryName":"Guadeloupe"},{"cityName":"Pointe a Raie","countryName":"Guadeloupe"},{"cityName":"Pointe-a-Pitre","countryName":"Guadeloupe"},{"cityName":"Plessis-Nogent","countryName":"Guadeloupe"},{"cityName":"Planel","countryName":"Guadeloupe"},{"cityName":"Plaisance","countryName":"Guadeloupe"},{"cityName":"Pirogue","countryName":"Guadeloupe"},{"cityName":"Pigeon","countryName":"Guadeloupe"},{"cityName":"Pichon","countryName":"Guadeloupe"},{"cityName":"Philipsbourg","countryName":"Guadeloupe"},{"cityName":"Petit Portland","countryName":"Guadeloupe"},{"cityName":"Petites Mamelles","countryName":"Guadeloupe"},{"cityName":"Petites-Anses","countryName":"Guadeloupe"},{"cityName":"Petite Anse","countryName":"Guadeloupe"},{"cityName":"Petit Carbet","countryName":"Guadeloupe"},{"cityName":"Petit-Canal","countryName":"Guadeloupe"},{"cityName":"Petit-Bourg","countryName":"Guadeloupe"},{"cityName":"Pelisson","countryName":"Guadeloupe"},{"cityName":"Pavillon","countryName":"Guadeloupe"},{"cityName":"Pasquereau","countryName":"Guadeloupe"},{"cityName":"Partarieux","countryName":"Guadeloupe"},{"cityName":"Parnasse","countryName":"Guadeloupe"},{"cityName":"Palais-Sainte-Marguerite","countryName":"Guadeloupe"},{"cityName":"Pagesy","countryName":"Guadeloupe"},{"cityName":"Notre Dame du Phare","countryName":"Guadeloupe"},{"cityName":"Neuf-Chateau","countryName":"Guadeloupe"},{"cityName":"Neree","countryName":"Guadeloupe"},{"cityName":"Neau","countryName":"Guadeloupe"},{"cityName":"Murat","countryName":"Guadeloupe"},{"cityName":"Moustique","countryName":"Guadeloupe"},{"cityName":"Morphy","countryName":"Guadeloupe"},{"cityName":"Morne Rouge","countryName":"Guadeloupe"},{"cityName":"Morne Bourg","countryName":"Guadeloupe"},{"cityName":"Morne-a-l'Eau","countryName":"Guadeloupe"},{"cityName":"Moringlane","countryName":"Guadeloupe"},{"cityName":"Montval","countryName":"Guadeloupe"},{"cityName":"Montplaisir","countryName":"Guadeloupe"},{"cityName":"Montebello","countryName":"Guadeloupe"},{"cityName":"Montalegre","countryName":"Guadeloupe"},{"cityName":"Monroc","countryName":"Guadeloupe"},{"cityName":"Mon Repos","countryName":"Guadeloupe"},{"cityName":"Metivier","countryName":"Guadeloupe"},{"cityName":"Merlet","countryName":"Guadeloupe"},{"cityName":"Menard","countryName":"Guadeloupe"},{"cityName":"Mazeau","countryName":"Guadeloupe"},{"cityName":"Mayoumbe","countryName":"Guadeloupe"},{"cityName":"Matouba","countryName":"Guadeloupe"},{"cityName":"Mathurin Noel","countryName":"Guadeloupe"},{"cityName":"Massol","countryName":"Guadeloupe"},{"cityName":"Massioux","countryName":"Guadeloupe"},{"cityName":"Marquisat","countryName":"Guadeloupe"},{"cityName":"Marigot","countryName":"Guadeloupe"},{"cityName":"Marie-Therese","countryName":"Guadeloupe"},{"cityName":"Marie-Louise","countryName":"Guadeloupe"},{"cityName":"Mare Gaillard","countryName":"Guadeloupe"},{"cityName":"Marechal","countryName":"Guadeloupe"},{"cityName":"Marchand","countryName":"Guadeloupe"},{"cityName":"Malignon","countryName":"Guadeloupe"},{"cityName":"Malgretout","countryName":"Guadeloupe"},{"cityName":"Malgre Tout","countryName":"Guadeloupe"},{"cityName":"Maletie","countryName":"Guadeloupe"},{"cityName":"Maisoncelle","countryName":"Guadeloupe"},{"cityName":"Mahaut","countryName":"Guadeloupe"},{"cityName":"Mahaudiere","countryName":"Guadeloupe"},{"cityName":"Madeleine","countryName":"Guadeloupe"},{"cityName":"L'Union","countryName":"Guadeloupe"},{"cityName":"Louisiane","countryName":"Guadeloupe"},{"cityName":"Longval","countryName":"Guadeloupe"},{"cityName":"Longmont","countryName":"Guadeloupe"},{"cityName":"Littoral","countryName":"Guadeloupe"},{"cityName":"L'Ilet","countryName":"Guadeloupe"},{"cityName":"L'Habituee","countryName":"Guadeloupe"},{"cityName":"L'Etang Noir","countryName":"Guadeloupe"},{"cityName":"Lesueur","countryName":"Guadeloupe"},{"cityName":"Les Sables","countryName":"Guadeloupe"},{"cityName":"Les Plaines","countryName":"Guadeloupe"},{"cityName":"Le Souffleur","countryName":"Guadeloupe"},{"cityName":"Les Mangles","countryName":"Guadeloupe"},{"cityName":"Les Galets","countryName":"Guadeloupe"},{"cityName":"Les Basses","countryName":"Guadeloupe"},{"cityName":"Les Abymes","countryName":"Guadeloupe"},{"cityName":"L'Ermitage","countryName":"Guadeloupe"},{"cityName":"Le Petit Marigot","countryName":"Guadeloupe"},{"cityName":"Le Moule","countryName":"Guadeloupe"},{"cityName":"Lemercier","countryName":"Guadeloupe"},{"cityName":"Le Marquis","countryName":"Guadeloupe"},{"cityName":"Le Marigot","countryName":"Guadeloupe"},{"cityName":"Le Haut du Morne","countryName":"Guadeloupe"},{"cityName":"Le Gosier","countryName":"Guadeloupe"},{"cityName":"Laureal","countryName":"Guadeloupe"},{"cityName":"Latapie","countryName":"Guadeloupe"},{"cityName":"Lasserre","countryName":"Guadeloupe"},{"cityName":"La Source","countryName":"Guadeloupe"},{"cityName":"La Rosiere","countryName":"Guadeloupe"},{"cityName":"La Rosette","countryName":"Guadeloupe"},{"cityName":"La Rose","countryName":"Guadeloupe"},{"cityName":"La Retraite","countryName":"Guadeloupe"},{"cityName":"La Ramee","countryName":"Guadeloupe"},{"cityName":"Laporte","countryName":"Guadeloupe"},{"cityName":"La Plaine","countryName":"Guadeloupe"},{"cityName":"Langlois","countryName":"Guadeloupe"},{"cityName":"Lamotte","countryName":"Guadeloupe"},{"cityName":"Lami","countryName":"Guadeloupe"},{"cityName":"Lamentin","countryName":"Guadeloupe"},{"cityName":"La Martiniere","countryName":"Guadeloupe"},{"cityName":"La Lise","countryName":"Guadeloupe"},{"cityName":"Lalanne","countryName":"Guadeloupe"},{"cityName":"La Jaille","countryName":"Guadeloupe"},{"cityName":"La Grivelliere","countryName":"Guadeloupe"},{"cityName":"La Grange","countryName":"Guadeloupe"},{"cityName":"La Goguette","countryName":"Guadeloupe"},{"cityName":"Lacroix","countryName":"Guadeloupe"},{"cityName":"La Coulisse","countryName":"Guadeloupe"},{"cityName":"La Coulee","countryName":"Guadeloupe"},{"cityName":"La Chapelle","countryName":"Guadeloupe"},{"cityName":"Labuthie","countryName":"Guadeloupe"},{"cityName":"La Boucan","countryName":"Guadeloupe"},{"cityName":"La Berthaudiere","countryName":"Guadeloupe"},{"cityName":"Labarthe","countryName":"Guadeloupe"},{"cityName":"La Barriere","countryName":"Guadeloupe"},{"cityName":"Kahouanne","countryName":"Guadeloupe"},{"cityName":"Jacquelot","countryName":"Guadeloupe"},{"cityName":"Jabrun-du-Sud","countryName":"Guadeloupe"},{"cityName":"Jabrun","countryName":"Guadeloupe"},{"cityName":"Ilet Perou","countryName":"Guadeloupe"},{"cityName":"Hurault","countryName":"Guadeloupe"},{"cityName":"Houelbourg","countryName":"Guadeloupe"},{"cityName":"Hoguet","countryName":"Guadeloupe"},{"cityName":"Hauteurs-Lezarde","countryName":"Guadeloupe"},{"cityName":"Haut de la Montagne","countryName":"Guadeloupe"},{"cityName":"Hameau","countryName":"Guadeloupe"},{"cityName":"Guillot","countryName":"Guadeloupe"},{"cityName":"Guillocheau","countryName":"Guadeloupe"},{"cityName":"Guignes","countryName":"Guadeloupe"},{"cityName":"Guenette","countryName":"Guadeloupe"},{"cityName":"Gros Morne","countryName":"Guadeloupe"},{"cityName":"Gros Cap","countryName":"Guadeloupe"},{"cityName":"Gresset","countryName":"Guadeloupe"},{"cityName":"Grenade","countryName":"Guadeloupe"},{"cityName":"Grelin","countryName":"Guadeloupe"},{"cityName":"Grands Fonds","countryName":"Guadeloupe"},{"cityName":"Grand Pierre","countryName":"Guadeloupe"},{"cityName":"Grand Etang","countryName":"Guadeloupe"},{"cityName":"Grande Savane","countryName":"Guadeloupe"},{"cityName":"Grande Riviere","countryName":"Guadeloupe"},{"cityName":"Grande Plaine","countryName":"Guadeloupe"},{"cityName":"Grande Anse","countryName":"Guadeloupe"},{"cityName":"Grand Croix","countryName":"Guadeloupe"},{"cityName":"Grand Case","countryName":"Guadeloupe"},{"cityName":"Grand'Case","countryName":"Guadeloupe"},{"cityName":"Grand-Bourg","countryName":"Guadeloupe"},{"cityName":"Grand Bois","countryName":"Guadeloupe"},{"cityName":"Grand Bassin","countryName":"Guadeloupe"},{"cityName":"Goyave","countryName":"Guadeloupe"},{"cityName":"Gourbeyre","countryName":"Guadeloupe"},{"cityName":"Giraud","countryName":"Guadeloupe"},{"cityName":"Girard","countryName":"Guadeloupe"},{"cityName":"Gest","countryName":"Guadeloupe"},{"cityName":"Gensolin","countryName":"Guadeloupe"},{"cityName":"Gay","countryName":"Guadeloupe"},{"cityName":"Garnier","countryName":"Guadeloupe"},{"cityName":"Garel","countryName":"Guadeloupe"},{"cityName":"Gardel","countryName":"Guadeloupe"},{"cityName":"Gallard","countryName":"Guadeloupe"},{"cityName":"Galebas","countryName":"Guadeloupe"},{"cityName":"Fouche","countryName":"Guadeloupe"},{"cityName":"Fontaine","countryName":"Guadeloupe"},{"cityName":"Fonds d'Or","countryName":"Guadeloupe"},{"cityName":"Fonds Cacao","countryName":"Guadeloupe"},{"cityName":"Folle Anse","countryName":"Guadeloupe"},{"cityName":"Fexland","countryName":"Guadeloupe"},{"cityName":"Ferry","countryName":"Guadeloupe"},{"cityName":"Favreau","countryName":"Guadeloupe"},{"cityName":"Faup","countryName":"Guadeloupe"},{"cityName":"Emilien","countryName":"Guadeloupe"},{"cityName":"Duzer","countryName":"Guadeloupe"},{"cityName":"Durocher","countryName":"Guadeloupe"},{"cityName":"Durivage","countryName":"Guadeloupe"},{"cityName":"Dupuy","countryName":"Guadeloupe"},{"cityName":"Dupre","countryName":"Guadeloupe"},{"cityName":"Ducos","countryName":"Guadeloupe"},{"cityName":"Dubois","countryName":"Guadeloupe"},{"cityName":"Dubedou","countryName":"Guadeloupe"},{"cityName":"Douville","countryName":"Guadeloupe"},{"cityName":"Dorot","countryName":"Guadeloupe"},{"cityName":"Dorilas","countryName":"Guadeloupe"},{"cityName":"Dole","countryName":"Guadeloupe"},{"cityName":"Diavet","countryName":"Guadeloupe"},{"cityName":"Destrelan","countryName":"Guadeloupe"},{"cityName":"Desruisseaux","countryName":"Guadeloupe"},{"cityName":"Desplan","countryName":"Guadeloupe"},{"cityName":"Desmarais","countryName":"Guadeloupe"},{"cityName":"Deshauteurs","countryName":"Guadeloupe"},{"cityName":"Deshaies","countryName":"Guadeloupe"},{"cityName":"Descostiers","countryName":"Guadeloupe"},{"cityName":"Desbonnes","countryName":"Guadeloupe"},{"cityName":"D'Equainville","countryName":"Guadeloupe"},{"cityName":"De Poyen","countryName":"Guadeloupe"},{"cityName":"David","countryName":"Guadeloupe"},{"cityName":"Darboussier","countryName":"Guadeloupe"},{"cityName":"Creuilly","countryName":"Guadeloupe"},{"cityName":"Courcelles","countryName":"Guadeloupe"},{"cityName":"Courbaril","countryName":"Guadeloupe"},{"cityName":"Conchou","countryName":"Guadeloupe"},{"cityName":"Coignet","countryName":"Guadeloupe"},{"cityName":"Cocoyer","countryName":"Guadeloupe"},{"cityName":"Cocotier","countryName":"Guadeloupe"},{"cityName":"Clugny","countryName":"Guadeloupe"},{"cityName":"Chazeau","countryName":"Guadeloupe"},{"cityName":"Chateau-Gaillard","countryName":"Guadeloupe"},{"cityName":"Chateaubrun","countryName":"Guadeloupe"},{"cityName":"Chassaing","countryName":"Guadeloupe"},{"cityName":"Chartreux","countryName":"Guadeloupe"},{"cityName":"Charneau","countryName":"Guadeloupe"},{"cityName":"Chapelle Sainte-Therese","countryName":"Guadeloupe"},{"cityName":"Champfleury","countryName":"Guadeloupe"},{"cityName":"Chalet","countryName":"Guadeloupe"},{"cityName":"Castel","countryName":"Guadeloupe"},{"cityName":"Carbet","countryName":"Guadeloupe"},{"cityName":"Caraque","countryName":"Guadeloupe"},{"cityName":"Carangaise","countryName":"Guadeloupe"},{"cityName":"Capesterre-Belle-Eau","countryName":"Guadeloupe"},{"cityName":"Capesterre-de-Marie-Galante","countryName":"Guadeloupe"},{"cityName":"Camp Jacob","countryName":"Guadeloupe"},{"cityName":"Campeche","countryName":"Guadeloupe"},{"cityName":"Cambrefort","countryName":"Guadeloupe"},{"cityName":"Cambrai","countryName":"Guadeloupe"},{"cityName":"Calvaire","countryName":"Guadeloupe"},{"cityName":"Cafeiere","countryName":"Guadeloupe"},{"cityName":"Cadet de Reine","countryName":"Guadeloupe"},{"cityName":"Cadet","countryName":"Guadeloupe"},{"cityName":"Budan","countryName":"Guadeloupe"},{"cityName":"Brument","countryName":"Guadeloupe"},{"cityName":"Brouel","countryName":"Guadeloupe"},{"cityName":"Brion","countryName":"Guadeloupe"},{"cityName":"Brefort","countryName":"Guadeloupe"},{"cityName":"Boyer","countryName":"Guadeloupe"},{"cityName":"Bouliqui","countryName":"Guadeloupe"},{"cityName":"Bouille","countryName":"Guadeloupe"},{"cityName":"Bouillante","countryName":"Guadeloupe"},{"cityName":"Bosredon","countryName":"Guadeloupe"},{"cityName":"Boricaud","countryName":"Guadeloupe"},{"cityName":"Borel","countryName":"Guadeloupe"},{"cityName":"Boree","countryName":"Guadeloupe"},{"cityName":"Bord de Mer","countryName":"Guadeloupe"},{"cityName":"Bontemps-Rameau","countryName":"Guadeloupe"},{"cityName":"Bonneval","countryName":"Guadeloupe"},{"cityName":"Bonnet","countryName":"Guadeloupe"},{"cityName":"Bonne Mere","countryName":"Guadeloupe"},{"cityName":"Bonfils","countryName":"Guadeloupe"},{"cityName":"Bon","countryName":"Guadeloupe"},{"cityName":"Boivin","countryName":"Guadeloupe"},{"cityName":"Boisvin","countryName":"Guadeloupe"},{"cityName":"Boisripeau","countryName":"Guadeloupe"},{"cityName":"Boismorin","countryName":"Guadeloupe"},{"cityName":"Bois Debout","countryName":"Guadeloupe"},{"cityName":"Blondin","countryName":"Guadeloupe"},{"cityName":"Blanchet","countryName":"Guadeloupe"},{"cityName":"Bisdary","countryName":"Guadeloupe"},{"cityName":"Bis","countryName":"Guadeloupe"},{"cityName":"Bielle","countryName":"Guadeloupe"},{"cityName":"Bichemin","countryName":"Guadeloupe"},{"cityName":"Bezard","countryName":"Guadeloupe"},{"cityName":"Betin","countryName":"Guadeloupe"},{"cityName":"Besnard","countryName":"Guadeloupe"},{"cityName":"Berard","countryName":"Guadeloupe"},{"cityName":"Bellevue","countryName":"Guadeloupe"},{"cityName":"Belle-Plaine","countryName":"Guadeloupe"},{"cityName":"Belle Place","countryName":"Guadeloupe"},{"cityName":"Belle Esperance","countryName":"Guadeloupe"},{"cityName":"Belle-Allee","countryName":"Guadeloupe"},{"cityName":"Belcourt","countryName":"Guadeloupe"},{"cityName":"Bel Air","countryName":"Guadeloupe"},{"cityName":"Beausoleil","countryName":"Guadeloupe"},{"cityName":"Beausejour","countryName":"Guadeloupe"},{"cityName":"Beaurenom","countryName":"Guadeloupe"},{"cityName":"Beauregard","countryName":"Guadeloupe"},{"cityName":"Beauport","countryName":"Guadeloupe"},{"cityName":"Beauplan","countryName":"Guadeloupe"},{"cityName":"Beaugendre","countryName":"Guadeloupe"},{"cityName":"Bazin","countryName":"Guadeloupe"},{"cityName":"Bas Vent","countryName":"Guadeloupe"},{"cityName":"Basse-Terre","countryName":"Guadeloupe"},{"cityName":"Bas du Fort","countryName":"Guadeloupe"},{"cityName":"Barre de l'Ile","countryName":"Guadeloupe"},{"cityName":"Barbier","countryName":"Guadeloupe"},{"cityName":"Bananier","countryName":"Guadeloupe"},{"cityName":"Ballet","countryName":"Guadeloupe"},{"cityName":"Baimbridge","countryName":"Guadeloupe"},{"cityName":"Baillif","countryName":"Guadeloupe"},{"cityName":"Baille-Argent","countryName":"Guadeloupe"},{"cityName":"Baie Mahault","countryName":"Guadeloupe"},{"cityName":"Baie-Mahault","countryName":"Guadeloupe"},{"cityName":"Bagatelle","countryName":"Guadeloupe"},{"cityName":"Ausset","countryName":"Guadeloupe"},{"cityName":"Anse-Bertrand","countryName":"Guadeloupe"},{"cityName":"Agapy","countryName":"Guadeloupe"},{"cityName":"Acomat","countryName":"Guadeloupe"},{"cityName":"La Desirade","countryName":"Guadeloupe"}]