[{"cityName":"Perez Acres","countryName":"Guam"},{"cityName":"Piga","countryName":"Guam"},{"cityName":"Piti Village","countryName":"Guam"},{"cityName":"Salinas","countryName":"Guam"},{"cityName":"San Antonio","countryName":"Guam"},{"cityName":"San Vicente","countryName":"Guam"},{"cityName":"Santa Rita Village","countryName":"Guam"},{"cityName":"Santa Rosa","countryName":"Guam"},{"cityName":"Sella","countryName":"Guam"},{"cityName":"Sinajana Village","countryName":"Guam"},{"cityName":"Socio","countryName":"Guam"},{"cityName":"South Tipalao - DoD Naval Housing","countryName":"Guam"},{"cityName":"Spring Hill","countryName":"Guam"},{"cityName":"Destroyed Sumay Village WW2","countryName":"Guam"},{"cityName":"Tagachang","countryName":"Guam"},{"cityName":"Fern Terrace","countryName":"Guam"},{"cityName":"Talisay","countryName":"Guam"},{"cityName":"Talofofo Village","countryName":"Guam"},{"cityName":"Tamuning-Tumon-Harmon Village","countryName":"Guam"},{"cityName":"Nimitz Hill","countryName":"Guam"},{"cityName":"Toto","countryName":"Guam"},{"cityName":"Pulantat","countryName":"Guam"},{"cityName":"Tumon","countryName":"Guam"},{"cityName":"Tinaga","countryName":"Guam"},{"cityName":"Tumon Heights","countryName":"Guam"},{"cityName":"Taigigao","countryName":"Guam"},{"cityName":"Umatac Village","countryName":"Guam"},{"cityName":"Ungaguan","countryName":"Guam"},{"cityName":"Kaiser","countryName":"Guam"},{"cityName":"Utan","countryName":"Guam"},{"cityName":"Windward Hills","countryName":"Guam"},{"cityName":"Malojloj","countryName":"Guam"},{"cityName":"Yigo Village","countryName":"Guam"},{"cityName":"Yona Village","countryName":"Guam"},{"cityName":"Ypan","countryName":"Guam"},{"cityName":"Ypaopao Estates","countryName":"Guam"},{"cityName":"Perezville","countryName":"Guam"},{"cityName":"Ordot","countryName":"Guam"},{"cityName":"Mongmong","countryName":"Guam"},{"cityName":"Merizo Village","countryName":"Guam"},{"cityName":"Belen","countryName":"Guam"},{"cityName":"Manaca","countryName":"Guam"},{"cityName":"Maite","countryName":"Guam"},{"cityName":"Machaute","countryName":"Guam"},{"cityName":"Lupog","countryName":"Guam"},{"cityName":"Leyan","countryName":"Guam"},{"cityName":"Latte Plantation","countryName":"Guam"},{"cityName":"Julog","countryName":"Guam"},{"cityName":"Inarajan Village","countryName":"Guam"},{"cityName":"Harmon Garden","countryName":"Guam"},{"cityName":"Agana Heights Village","countryName":"Guam"},{"cityName":"Guam Government House","countryName":"Guam"},{"cityName":"Chalan Pago-Ordot Village","countryName":"Guam"},{"cityName":"Chagamin Lago","countryName":"Guam"},{"cityName":"Canada","countryName":"Guam"},{"cityName":"Biyae","countryName":"Guam"},{"cityName":"Pigua","countryName":"Guam"},{"cityName":"Baza Gardens","countryName":"Guam"},{"cityName":"Barrigada Heights","countryName":"Guam"},{"cityName":"Barrigada Village","countryName":"Guam"},{"cityName":"Astumbo","countryName":"Guam"},{"cityName":"Aspengo","countryName":"Guam"},{"cityName":"Sese","countryName":"Guam"},{"cityName":"Agafo Gumas","countryName":"Guam"},{"cityName":"Agat Village","countryName":"Guam"},{"cityName":"Afami","countryName":"Guam"},{"cityName":"Asan-Maina Village","countryName":"Guam"},{"cityName":"Apra Heights - DoD Naval Housing","countryName":"Guam"},{"cityName":"Manenggon","countryName":"Guam"},{"cityName":"Bile","countryName":"Guam"},{"cityName":"Camp Witek","countryName":"Guam"},{"cityName":"Dededo Village","countryName":"Guam"},{"cityName":"Carlos Heights","countryName":"Guam"},{"cityName":"Cerain","countryName":"Guam"},{"cityName":"Chalan Mamajanao","countryName":"Guam"},{"cityName":"Chalan Pago","countryName":"Guam"},{"cityName":"Gayinero","countryName":"Guam"},{"cityName":"Hagatna","countryName":"Guam"},{"cityName":"Lingae","countryName":"Guam"},{"cityName":"Latte Heights","countryName":"Guam"},{"cityName":"Lockwood Terrace - DoD Naval Housing","countryName":"Guam"},{"cityName":"Macheche","countryName":"Guam"},{"cityName":"Maina","countryName":"Guam"},{"cityName":"Marianas Terrace","countryName":"Guam"},{"cityName":"Pado","countryName":"Guam"},{"cityName":"Oka","countryName":"Guam"},{"cityName":"Peca","countryName":"Guam"},{"cityName":"North Tipalao - DoD Naval Housing","countryName":"Guam"},{"cityName":"Pagachao","countryName":"Guam"},{"cityName":"Andersen AFB Housing Areas","countryName":"Guam"},{"cityName":"Nimitz Hill Navy Housing","countryName":"Guam"},{"cityName":"Tiyan","countryName":"Guam"},{"cityName":"Mangilao Village","countryName":"Guam"},{"cityName":"Jati - Prehistoric and Spanish Settlement","countryName":"Guam"},{"cityName":"USN Royal Palms Housing","countryName":"Guam"},{"cityName":"Lada","countryName":"Guam"},{"cityName":"Atao","countryName":"Guam"},{"cityName":"Inara","countryName":"Guam"},{"cityName":"Asalonso","countryName":"Guam"},{"cityName":"Ylig","countryName":"Guam"},{"cityName":"Lower Talisay","countryName":"Guam"},{"cityName":"Maimai","countryName":"Guam"},{"cityName":"Apusento Garden","countryName":"Guam"},{"cityName":"Pago Bay","countryName":"Guam"},{"cityName":"Andersen AFB Andy South Housing","countryName":"Guam"},{"cityName":"Tai","countryName":"Guam"},{"cityName":"Salisbury","countryName":"Guam"},{"cityName":"Central Dededo","countryName":"Guam"},{"cityName":"Santa Ana","countryName":"Guam"},{"cityName":"Astumbo Gardens","countryName":"Guam"},{"cityName":"Liguan Terrace","countryName":"Guam"},{"cityName":"Ukudo","countryName":"Guam"},{"cityName":"NCS Machanao","countryName":"Guam"},{"cityName":"Ghura","countryName":"Guam"},{"cityName":"Las Palmas","countryName":"Guam"},{"cityName":"Mogfog","countryName":"Guam"},{"cityName":"Harmon","countryName":"Guam"},{"cityName":"Mongmong-Toto-Maite Village","countryName":"Guam"},{"cityName":"West Airport Terrace","countryName":"Guam"},{"cityName":"Fonte","countryName":"Guam"},{"cityName":"Hagatna Village","countryName":"Guam"},{"cityName":"Flag Circle - USN Top Brass Housing","countryName":"Guam"},{"cityName":"Upper Tumon","countryName":"Guam"},{"cityName":"Apoigan","countryName":"Guam"},{"cityName":"Asan","countryName":"Guam"},{"cityName":"Tamuning","countryName":"Guam"}]