[{"cityName":"Perez Acres","countryName":"Guam","localeCode":"en","districtName":""},{"cityName":"Piga","countryName":"Guam","localeCode":"en","districtName":""},{"cityName":"Piti Village","countryName":"Guam","localeCode":"en","districtName":""},{"cityName":"Salinas","countryName":"Guam","localeCode":"en","districtName":""},{"cityName":"San Antonio","countryName":"Guam","localeCode":"en","districtName":""},{"cityName":"San Vicente","countryName":"Guam","localeCode":"en","districtName":""},{"cityName":"Santa Rita Village","countryName":"Guam","localeCode":"en","districtName":""},{"cityName":"Santa Rosa","countryName":"Guam","localeCode":"en","districtName":""},{"cityName":"Sella","countryName":"Guam","localeCode":"en","districtName":""},{"cityName":"Sinajana Village","countryName":"Guam","localeCode":"en","districtName":""},{"cityName":"Socio","countryName":"Guam","localeCode":"en","districtName":""},{"cityName":"South Tipalao - DoD Naval Housing","countryName":"Guam","localeCode":"en","districtName":""},{"cityName":"Spring Hill","countryName":"Guam","localeCode":"en","districtName":""},{"cityName":"Destroyed Sumay Village WW2","countryName":"Guam","localeCode":"en","districtName":""},{"cityName":"Tagachang","countryName":"Guam","localeCode":"en","districtName":""},{"cityName":"Fern Terrace","countryName":"Guam","localeCode":"en","districtName":""},{"cityName":"Talisay","countryName":"Guam","localeCode":"en","districtName":""},{"cityName":"Talofofo Village","countryName":"Guam","localeCode":"en","districtName":""},{"cityName":"Tamuning-Tumon-Harmon Village","countryName":"Guam","localeCode":"en","districtName":""},{"cityName":"Nimitz Hill","countryName":"Guam","localeCode":"en","districtName":""},{"cityName":"Toto","countryName":"Guam","localeCode":"en","districtName":""},{"cityName":"Pulantat","countryName":"Guam","localeCode":"en","districtName":""},{"cityName":"Tumon","countryName":"Guam","localeCode":"en","districtName":""},{"cityName":"Tinaga","countryName":"Guam","localeCode":"en","districtName":""},{"cityName":"Tumon Heights","countryName":"Guam","localeCode":"en","districtName":""},{"cityName":"Taigigao","countryName":"Guam","localeCode":"en","districtName":""},{"cityName":"Umatac Village","countryName":"Guam","localeCode":"en","districtName":""},{"cityName":"Ungaguan","countryName":"Guam","localeCode":"en","districtName":""},{"cityName":"Kaiser","countryName":"Guam","localeCode":"en","districtName":""},{"cityName":"Utan","countryName":"Guam","localeCode":"en","districtName":""},{"cityName":"Windward Hills","countryName":"Guam","localeCode":"en","districtName":""},{"cityName":"Malojloj","countryName":"Guam","localeCode":"en","districtName":""},{"cityName":"Yigo Village","countryName":"Guam","localeCode":"en","districtName":""},{"cityName":"Yona Village","countryName":"Guam","localeCode":"en","districtName":""},{"cityName":"Ypan","countryName":"Guam","localeCode":"en","districtName":""},{"cityName":"Ypaopao Estates","countryName":"Guam","localeCode":"en","districtName":""},{"cityName":"Perezville","countryName":"Guam","localeCode":"en","districtName":""},{"cityName":"Ordot","countryName":"Guam","localeCode":"en","districtName":""},{"cityName":"Mongmong","countryName":"Guam","localeCode":"en","districtName":""},{"cityName":"Merizo Village","countryName":"Guam","localeCode":"en","districtName":""},{"cityName":"Belen","countryName":"Guam","localeCode":"en","districtName":""},{"cityName":"Manaca","countryName":"Guam","localeCode":"en","districtName":""},{"cityName":"Maite","countryName":"Guam","localeCode":"en","districtName":""},{"cityName":"Machaute","countryName":"Guam","localeCode":"en","districtName":""},{"cityName":"Lupog","countryName":"Guam","localeCode":"en","districtName":""},{"cityName":"Leyan","countryName":"Guam","localeCode":"en","districtName":""},{"cityName":"Latte Plantation","countryName":"Guam","localeCode":"en","districtName":""},{"cityName":"Julog","countryName":"Guam","localeCode":"en","districtName":""},{"cityName":"Inarajan Village","countryName":"Guam","localeCode":"en","districtName":""},{"cityName":"Harmon Garden","countryName":"Guam","localeCode":"en","districtName":""},{"cityName":"Agana Heights Village","countryName":"Guam","localeCode":"en","districtName":""},{"cityName":"Guam Government House","countryName":"Guam","localeCode":"en","districtName":""},{"cityName":"Chalan Pago-Ordot Village","countryName":"Guam","localeCode":"en","districtName":""},{"cityName":"Chagamin Lago","countryName":"Guam","localeCode":"en","districtName":""},{"cityName":"Canada","countryName":"Guam","localeCode":"en","districtName":""},{"cityName":"Biyae","countryName":"Guam","localeCode":"en","districtName":""},{"cityName":"Pigua","countryName":"Guam","localeCode":"en","districtName":""},{"cityName":"Baza Gardens","countryName":"Guam","localeCode":"en","districtName":""},{"cityName":"Barrigada Heights","countryName":"Guam","localeCode":"en","districtName":""},{"cityName":"Barrigada Village","countryName":"Guam","localeCode":"en","districtName":""},{"cityName":"Astumbo","countryName":"Guam","localeCode":"en","districtName":""},{"cityName":"Aspengo","countryName":"Guam","localeCode":"en","districtName":""},{"cityName":"Sese","countryName":"Guam","localeCode":"en","districtName":""},{"cityName":"Agafo Gumas","countryName":"Guam","localeCode":"en","districtName":""},{"cityName":"Agat Village","countryName":"Guam","localeCode":"en","districtName":""},{"cityName":"Afami","countryName":"Guam","localeCode":"en","districtName":""},{"cityName":"Asan-Maina Village","countryName":"Guam","localeCode":"en","districtName":""},{"cityName":"Apra Heights - DoD Naval Housing","countryName":"Guam","localeCode":"en","districtName":""},{"cityName":"Manenggon","countryName":"Guam","localeCode":"en","districtName":""},{"cityName":"Bile","countryName":"Guam","localeCode":"en","districtName":""},{"cityName":"Camp Witek","countryName":"Guam","localeCode":"en","districtName":""},{"cityName":"Dededo Village","countryName":"Guam","localeCode":"en","districtName":""},{"cityName":"Carlos Heights","countryName":"Guam","localeCode":"en","districtName":""},{"cityName":"Cerain","countryName":"Guam","localeCode":"en","districtName":""},{"cityName":"Chalan Mamajanao","countryName":"Guam","localeCode":"en","districtName":""},{"cityName":"Chalan Pago","countryName":"Guam","localeCode":"en","districtName":""},{"cityName":"Gayinero","countryName":"Guam","localeCode":"en","districtName":""},{"cityName":"Hagatna","countryName":"Guam","localeCode":"en","districtName":""},{"cityName":"Lingae","countryName":"Guam","localeCode":"en","districtName":""},{"cityName":"Latte Heights","countryName":"Guam","localeCode":"en","districtName":""},{"cityName":"Lockwood Terrace - DoD Naval Housing","countryName":"Guam","localeCode":"en","districtName":""},{"cityName":"Macheche","countryName":"Guam","localeCode":"en","districtName":""},{"cityName":"Maina","countryName":"Guam","localeCode":"en","districtName":""},{"cityName":"Marianas Terrace","countryName":"Guam","localeCode":"en","districtName":""},{"cityName":"Pado","countryName":"Guam","localeCode":"en","districtName":""},{"cityName":"Oka","countryName":"Guam","localeCode":"en","districtName":""},{"cityName":"Peca","countryName":"Guam","localeCode":"en","districtName":""},{"cityName":"North Tipalao - DoD Naval Housing","countryName":"Guam","localeCode":"en","districtName":""},{"cityName":"Pagachao","countryName":"Guam","localeCode":"en","districtName":""},{"cityName":"Andersen AFB Housing Areas","countryName":"Guam","localeCode":"en","districtName":""},{"cityName":"Nimitz Hill Navy Housing","countryName":"Guam","localeCode":"en","districtName":""},{"cityName":"Tiyan","countryName":"Guam","localeCode":"en","districtName":""},{"cityName":"Mangilao Village","countryName":"Guam","localeCode":"en","districtName":""},{"cityName":"Jati - Prehistoric and Spanish Settlement","countryName":"Guam","localeCode":"en","districtName":""},{"cityName":"USN Royal Palms Housing","countryName":"Guam","localeCode":"en","districtName":""},{"cityName":"Lada","countryName":"Guam","localeCode":"en","districtName":""},{"cityName":"Atao","countryName":"Guam","localeCode":"en","districtName":""},{"cityName":"Inara","countryName":"Guam","localeCode":"en","districtName":""},{"cityName":"Asalonso","countryName":"Guam","localeCode":"en","districtName":""},{"cityName":"Ylig","countryName":"Guam","localeCode":"en","districtName":""},{"cityName":"Lower Talisay","countryName":"Guam","localeCode":"en","districtName":""},{"cityName":"Maimai","countryName":"Guam","localeCode":"en","districtName":""},{"cityName":"Apusento Garden","countryName":"Guam","localeCode":"en","districtName":""},{"cityName":"Pago Bay","countryName":"Guam","localeCode":"en","districtName":""},{"cityName":"Andersen AFB Andy South Housing","countryName":"Guam","localeCode":"en","districtName":""},{"cityName":"Tai","countryName":"Guam","localeCode":"en","districtName":""},{"cityName":"Salisbury","countryName":"Guam","localeCode":"en","districtName":""},{"cityName":"Central Dededo","countryName":"Guam","localeCode":"en","districtName":""},{"cityName":"Santa Ana","countryName":"Guam","localeCode":"en","districtName":""},{"cityName":"Astumbo Gardens","countryName":"Guam","localeCode":"en","districtName":""},{"cityName":"Liguan Terrace","countryName":"Guam","localeCode":"en","districtName":""},{"cityName":"Ukudo","countryName":"Guam","localeCode":"en","districtName":""},{"cityName":"NCS Machanao","countryName":"Guam","localeCode":"en","districtName":""},{"cityName":"Ghura","countryName":"Guam","localeCode":"en","districtName":""},{"cityName":"Las Palmas","countryName":"Guam","localeCode":"en","districtName":""},{"cityName":"Mogfog","countryName":"Guam","localeCode":"en","districtName":""},{"cityName":"Harmon","countryName":"Guam","localeCode":"en","districtName":""},{"cityName":"Mongmong-Toto-Maite Village","countryName":"Guam","localeCode":"en","districtName":""},{"cityName":"West Airport Terrace","countryName":"Guam","localeCode":"en","districtName":""},{"cityName":"Fonte","countryName":"Guam","localeCode":"en","districtName":""},{"cityName":"Hagatna Village","countryName":"Guam","localeCode":"en","districtName":""},{"cityName":"Flag Circle - USN Top Brass Housing","countryName":"Guam","localeCode":"en","districtName":""},{"cityName":"Upper Tumon","countryName":"Guam","localeCode":"en","districtName":""},{"cityName":"Apoigan","countryName":"Guam","localeCode":"en","districtName":""},{"cityName":"Asan","countryName":"Guam","localeCode":"en","districtName":""},{"cityName":"Tamuning","countryName":"Guam","localeCode":"en","districtName":""}]