[{"cityName":"Torteval","countryName":"Guernsey"},{"cityName":"Saumarez","countryName":"Guernsey"},{"cityName":"Saint Sampson","countryName":"Guernsey"},{"cityName":"Saint Peter Port","countryName":"Guernsey"},{"cityName":"Saint Anne","countryName":"Guernsey"},{"cityName":"Roque Tourgis","countryName":"Guernsey"},{"cityName":"Rohais Manor","countryName":"Guernsey"},{"cityName":"Paradis","countryName":"Guernsey"},{"cityName":"Les Nicolles","countryName":"Guernsey"},{"cityName":"Le Mont Durand","countryName":"Guernsey"},{"cityName":"La Ville Roussel","countryName":"Guernsey"},{"cityName":"La Ramee","countryName":"Guernsey"},{"cityName":"King's Mills","countryName":"Guernsey"},{"cityName":"Houmets","countryName":"Guernsey"},{"cityName":"Hautnez","countryName":"Guernsey"},{"cityName":"Grandes Rocques","countryName":"Guernsey"},{"cityName":"La Fregondee","countryName":"Guernsey"},{"cityName":"Calais","countryName":"Guernsey"},{"cityName":"Braye","countryName":"Guernsey"},{"cityName":"Beauregard","countryName":"Guernsey"},{"cityName":"Bailiffs Cross","countryName":"Guernsey"},{"cityName":"Pleinmont","countryName":"Guernsey"},{"cityName":"Hougue Anthan","countryName":"Guernsey"},{"cityName":"Les Fontaines","countryName":"Guernsey"},{"cityName":"Les Simons","countryName":"Guernsey"},{"cityName":"Le Planel","countryName":"Guernsey"},{"cityName":"Les Sages","countryName":"Guernsey"},{"cityName":"Le Coudre","countryName":"Guernsey"},{"cityName":"Les Clercs","countryName":"Guernsey"},{"cityName":"La Lague","countryName":"Guernsey"},{"cityName":"Les Galliennes","countryName":"Guernsey"},{"cityName":"Les Jehans","countryName":"Guernsey"},{"cityName":"Les Falles","countryName":"Guernsey"},{"cityName":"Les Laurens","countryName":"Guernsey"},{"cityName":"Les Bruliaux","countryName":"Guernsey"},{"cityName":"La Corbiere","countryName":"Guernsey"},{"cityName":"Les Marchez","countryName":"Guernsey"},{"cityName":"La Croix","countryName":"Guernsey"},{"cityName":"Les Heches","countryName":"Guernsey"},{"cityName":"Le Manoir","countryName":"Guernsey"},{"cityName":"La Roberge","countryName":"Guernsey"},{"cityName":"Le Gouffre","countryName":"Guernsey"},{"cityName":"La Vrangue","countryName":"Guernsey"},{"cityName":"Les Villets","countryName":"Guernsey"},{"cityName":"L'Epinel","countryName":"Guernsey"},{"cityName":"Le Bigard","countryName":"Guernsey"},{"cityName":"La Villiaze","countryName":"Guernsey"},{"cityName":"Le Landes","countryName":"Guernsey"},{"cityName":"La Planque","countryName":"Guernsey"},{"cityName":"Mont Plaisir","countryName":"Guernsey"},{"cityName":"Les Nouettes","countryName":"Guernsey"},{"cityName":"Le Gron","countryName":"Guernsey"},{"cityName":"Les Bas Courtils","countryName":"Guernsey"},{"cityName":"Le Bouillon","countryName":"Guernsey"},{"cityName":"Les Vauxbelets","countryName":"Guernsey"},{"cityName":"Le Roussel","countryName":"Guernsey"},{"cityName":"Les Pieces","countryName":"Guernsey"},{"cityName":"La Tourgie","countryName":"Guernsey"},{"cityName":"Le Chene","countryName":"Guernsey"},{"cityName":"Le Bourg","countryName":"Guernsey"},{"cityName":"Les Houards","countryName":"Guernsey"},{"cityName":"Le Bordage","countryName":"Guernsey"},{"cityName":"Le Variouf","countryName":"Guernsey"},{"cityName":"Les Fontenelles","countryName":"Guernsey"},{"cityName":"Icart","countryName":"Guernsey"},{"cityName":"Val au Bourg","countryName":"Guernsey"},{"cityName":"La Fosse","countryName":"Guernsey"},{"cityName":"Le Vallon","countryName":"Guernsey"},{"cityName":"Jerbourg","countryName":"Guernsey"},{"cityName":"La Bouvee","countryName":"Guernsey"},{"cityName":"Village de Putron","countryName":"Guernsey"},{"cityName":"Les Terres","countryName":"Guernsey"},{"cityName":"Salerie","countryName":"Guernsey"},{"cityName":"Longstore","countryName":"Guernsey"},{"cityName":"Cocagne","countryName":"Guernsey"},{"cityName":"La Miellette","countryName":"Guernsey"},{"cityName":"La Turquie","countryName":"Guernsey"},{"cityName":"Fontenelle","countryName":"Guernsey"},{"cityName":"La Moye","countryName":"Guernsey"},{"cityName":"La Rochelle","countryName":"Guernsey"},{"cityName":"La Lande","countryName":"Guernsey"},{"cityName":"Les Mielles","countryName":"Guernsey"},{"cityName":"Clos du Valle","countryName":"Guernsey"},{"cityName":"L'Ancresse","countryName":"Guernsey"},{"cityName":"Le Marais","countryName":"Guernsey"},{"cityName":"Closios","countryName":"Guernsey"},{"cityName":"Les Hautgards","countryName":"Guernsey"},{"cityName":"Le Hurel","countryName":"Guernsey"},{"cityName":"Les Laudes","countryName":"Guernsey"},{"cityName":"Hougue Moulin","countryName":"Guernsey"},{"cityName":"Bordeaux","countryName":"Guernsey"},{"cityName":"Fortebrie","countryName":"Guernsey"},{"cityName":"Maresquet","countryName":"Guernsey"},{"cityName":"North Side","countryName":"Guernsey"},{"cityName":"Les Monmains","countryName":"Guernsey"},{"cityName":"Le Tertre","countryName":"Guernsey"},{"cityName":"The Bridge","countryName":"Guernsey"},{"cityName":"South Side","countryName":"Guernsey"},{"cityName":"La Robergerie","countryName":"Guernsey"},{"cityName":"Bailloterie","countryName":"Guernsey"},{"cityName":"Maraitaine","countryName":"Guernsey"},{"cityName":"Baugy","countryName":"Guernsey"},{"cityName":"Hall","countryName":"Guernsey"},{"cityName":"Friquet","countryName":"Guernsey"},{"cityName":"La Greve","countryName":"Guernsey"},{"cityName":"Ivy Gate","countryName":"Guernsey"},{"cityName":"Braye du Valle","countryName":"Guernsey"},{"cityName":"Les Sauvagees","countryName":"Guernsey"},{"cityName":"La Tonelle","countryName":"Guernsey"},{"cityName":"Bouet","countryName":"Guernsey"},{"cityName":"Saint Johns","countryName":"Guernsey"},{"cityName":"Amherst","countryName":"Guernsey"},{"cityName":"La Colombelle","countryName":"Guernsey"},{"cityName":"Rozel","countryName":"Guernsey"},{"cityName":"Fort George","countryName":"Guernsey"},{"cityName":"Les Camps du Moulin","countryName":"Guernsey"},{"cityName":"Courtes Fallaizes","countryName":"Guernsey"},{"cityName":"La Beilleuse","countryName":"Guernsey"},{"cityName":"Les Hubits","countryName":"Guernsey"},{"cityName":"Ville au Roi","countryName":"Guernsey"},{"cityName":"Choisi","countryName":"Guernsey"},{"cityName":"Les Quartiers","countryName":"Guernsey"},{"cityName":"Coutanchez","countryName":"Guernsey"},{"cityName":"La Garenne","countryName":"Guernsey"},{"cityName":"Le Picquerel","countryName":"Guernsey"},{"cityName":"L'Islet","countryName":"Guernsey"},{"cityName":"Les Gigands","countryName":"Guernsey"},{"cityName":"Baubigny","countryName":"Guernsey"},{"cityName":"Braeside","countryName":"Guernsey"},{"cityName":"Grand Fort","countryName":"Guernsey"},{"cityName":"Hougue Nicolle","countryName":"Guernsey"},{"cityName":"Grandes Capelles","countryName":"Guernsey"},{"cityName":"Hougues Magues","countryName":"Guernsey"},{"cityName":"Les Capelles","countryName":"Guernsey"},{"cityName":"Les Salines","countryName":"Guernsey"},{"cityName":"Les Martins","countryName":"Guernsey"},{"cityName":"Le Houmet","countryName":"Guernsey"},{"cityName":"Les Dicas","countryName":"Guernsey"},{"cityName":"Rousse","countryName":"Guernsey"},{"cityName":"Le Vaugrat","countryName":"Guernsey"},{"cityName":"Les Vardes","countryName":"Guernsey"},{"cityName":"Pulais","countryName":"Guernsey"},{"cityName":"La Passee","countryName":"Guernsey"},{"cityName":"Pleinheaume","countryName":"Guernsey"},{"cityName":"Goubeys","countryName":"Guernsey"},{"cityName":"Les Maingys","countryName":"Guernsey"},{"cityName":"Vingtaine de l'Epine","countryName":"Guernsey"},{"cityName":"Grandes Mielles","countryName":"Guernsey"},{"cityName":"Les Rouvets","countryName":"Guernsey"},{"cityName":"Les Genats","countryName":"Guernsey"},{"cityName":"Mare de Carteret","countryName":"Guernsey"},{"cityName":"Albecq","countryName":"Guernsey"},{"cityName":"Saint Germain","countryName":"Guernsey"},{"cityName":"Les Annevilles","countryName":"Guernsey"},{"cityName":"Camp du Roi","countryName":"Guernsey"},{"cityName":"Les Baissieres","countryName":"Guernsey"},{"cityName":"Les Varendes","countryName":"Guernsey"},{"cityName":"L'Aumone","countryName":"Guernsey"},{"cityName":"La Sergentee","countryName":"Guernsey"},{"cityName":"La Chaumiere","countryName":"Guernsey"},{"cityName":"Les Touillets","countryName":"Guernsey"},{"cityName":"Le Preel","countryName":"Guernsey"},{"cityName":"Beaucamps","countryName":"Guernsey"},{"cityName":"Beaucamps de Bas","countryName":"Guernsey"},{"cityName":"Saint George","countryName":"Guernsey"},{"cityName":"Mont Plaisant","countryName":"Guernsey"},{"cityName":"Le Villocq","countryName":"Guernsey"},{"cityName":"Les Mourains","countryName":"Guernsey"},{"cityName":"Cobo","countryName":"Guernsey"},{"cityName":"Blanches Rocques","countryName":"Guernsey"},{"cityName":"Vazon","countryName":"Guernsey"},{"cityName":"Le Gele","countryName":"Guernsey"},{"cityName":"Mont Saint","countryName":"Guernsey"},{"cityName":"Les Lohiers","countryName":"Guernsey"},{"cityName":"Neuf Chemin","countryName":"Guernsey"},{"cityName":"Les Buttes","countryName":"Guernsey"},{"cityName":"Sous l'Eglise","countryName":"Guernsey"},{"cityName":"Les Brehauts","countryName":"Guernsey"},{"cityName":"Les Islets","countryName":"Guernsey"},{"cityName":"L'Eclet","countryName":"Guernsey"},{"cityName":"Les Clos Landais","countryName":"Guernsey"},{"cityName":"Les Padins","countryName":"Guernsey"},{"cityName":"Les Vinaires","countryName":"Guernsey"},{"cityName":"L'Eree","countryName":"Guernsey"},{"cityName":"Rocque Poisson","countryName":"Guernsey"},{"cityName":"Les Marais","countryName":"Guernsey"},{"cityName":"Claire Mare","countryName":"Guernsey"},{"cityName":"Les Adams","countryName":"Guernsey"},{"cityName":"La Rocque","countryName":"Guernsey"},{"cityName":"Le Catioroc","countryName":"Guernsey"},{"cityName":"Richmond","countryName":"Guernsey"},{"cityName":"Perelle","countryName":"Guernsey"},{"cityName":"Le Pont","countryName":"Guernsey"},{"cityName":"Les Reveaux","countryName":"Guernsey"},{"cityName":"La Hougue Falle","countryName":"Guernsey"},{"cityName":"Le Douit","countryName":"Guernsey"},{"cityName":"Les Arquets","countryName":"Guernsey"},{"cityName":"La Pomare","countryName":"Guernsey"},{"cityName":"La Saline","countryName":"Guernsey"},{"cityName":"Le Catillion","countryName":"Guernsey"},{"cityName":"La Houguette","countryName":"Guernsey"},{"cityName":"Les Paysans","countryName":"Guernsey"},{"cityName":"Frie Baton","countryName":"Guernsey"},{"cityName":"Girouette","countryName":"Guernsey"},{"cityName":"Saint Saviour","countryName":"Guernsey"},{"cityName":"Groignet","countryName":"Guernsey"},{"cityName":"La Porte","countryName":"Guernsey"},{"cityName":"Les Grantez","countryName":"Guernsey"},{"cityName":"Les Jaonnets","countryName":"Guernsey"},{"cityName":"Fauxquets","countryName":"Guernsey"},{"cityName":"Camptrehard","countryName":"Guernsey"},{"cityName":"Les Niaux","countryName":"Guernsey"},{"cityName":"Saint Andrew","countryName":"Guernsey"},{"cityName":"Les Gouies","countryName":"Guernsey"},{"cityName":"Four Cabot","countryName":"Guernsey"},{"cityName":"Les Pages","countryName":"Guernsey"},{"cityName":"Hatnez","countryName":"Guernsey"},{"cityName":"La Villette","countryName":"Guernsey"},{"cityName":"Mouilpied","countryName":"Guernsey"},{"cityName":"Carmel","countryName":"Guernsey"},{"cityName":"Les Hurlaux","countryName":"Guernsey"},{"cityName":"La Monnaie","countryName":"Guernsey"},{"cityName":"Le Foulon","countryName":"Guernsey"},{"cityName":"Woodlands","countryName":"Guernsey"},{"cityName":"Le Fort","countryName":"Guernsey"},{"cityName":"Le Grand Fort","countryName":"Guernsey"},{"cityName":"La Tour","countryName":"Guernsey"},{"cityName":"La Genetiere","countryName":"Guernsey"},{"cityName":"Duval","countryName":"Guernsey"},{"cityName":"La Donnellerie","countryName":"Guernsey"},{"cityName":"Le Clos Bourel","countryName":"Guernsey"},{"cityName":"Le Dos d'Ane","countryName":"Guernsey"},{"cityName":"La Forge","countryName":"Guernsey"},{"cityName":"La Collinette","countryName":"Guernsey"},{"cityName":"La Vaurocque","countryName":"Guernsey"},{"cityName":"La Seigneurie","countryName":"Guernsey"},{"cityName":"Crabby","countryName":"Guernsey"},{"cityName":"Newtown","countryName":"Guernsey"},{"cityName":"Butes","countryName":"Guernsey"},{"cityName":"Castel","countryName":"Guernsey"},{"cityName":"St. Andrew`s","countryName":"Guernsey"},{"cityName":"Herm","countryName":"Guernsey"},{"cityName":"Sark","countryName":"Guernsey"},{"cityName":"St Martin","countryName":"Guernsey"},{"cityName":"Saint Martin","countryName":"Guernsey"}]