[{"cityName":"Barakara","countryName":"Guyana"},{"cityName":"Zion","countryName":"Guyana"},{"cityName":"Zeelandia","countryName":"Guyana"},{"cityName":"Yupukarri","countryName":"Guyana"},{"cityName":"Yepu Village","countryName":"Guyana"},{"cityName":"Yepi Village","countryName":"Guyana"},{"cityName":"Yakusari","countryName":"Guyana"},{"cityName":"Yakarinta","countryName":"Guyana"},{"cityName":"Woweta Village","countryName":"Guyana"},{"cityName":"Wortmanville","countryName":"Guyana"},{"cityName":"Wolga","countryName":"Guyana"},{"cityName":"Wismar","countryName":"Guyana"},{"cityName":"Wiribisirikanali","countryName":"Guyana"},{"cityName":"Wineperu","countryName":"Guyana"},{"cityName":"Windsor Forest","countryName":"Guyana"},{"cityName":"Williamsburg","countryName":"Guyana"},{"cityName":"Wichabai","countryName":"Guyana"},{"cityName":"Wiapri","countryName":"Guyana"},{"cityName":"Whim","countryName":"Guyana"},{"cityName":"Werk-en-Rust","countryName":"Guyana"},{"cityName":"Wel te Vreeden","countryName":"Guyana"},{"cityName":"Weldaad","countryName":"Guyana"},{"cityName":"Wauna-Yarikita","countryName":"Guyana"},{"cityName":"Watuka","countryName":"Guyana"},{"cityName":"Wash Clothes","countryName":"Guyana"},{"cityName":"Waruma","countryName":"Guyana"},{"cityName":"Wariwau","countryName":"Guyana"},{"cityName":"Warimure","countryName":"Guyana"},{"cityName":"Warida","countryName":"Guyana"},{"cityName":"Ward village","countryName":"Guyana"},{"cityName":"Waramuri Mission","countryName":"Guyana"},{"cityName":"Wandapa Village","countryName":"Guyana"},{"cityName":"Wandaik Village","countryName":"Guyana"},{"cityName":"Wales","countryName":"Guyana"},{"cityName":"Wakapau Village","countryName":"Guyana"},{"cityName":"Wakakulud Village","countryName":"Guyana"},{"cityName":"Wakadanawa","countryName":"Guyana"},{"cityName":"Waiwoi Village","countryName":"Guyana"},{"cityName":"Wai-Wai","countryName":"Guyana"},{"cityName":"Waipa Village","countryName":"Guyana"},{"cityName":"Waikerebi Mission","countryName":"Guyana"},{"cityName":"Vreed-en-Hoop","countryName":"Guyana"},{"cityName":"Victoria","countryName":"Guyana"},{"cityName":"Vergenoegen","countryName":"Guyana"},{"cityName":"Velgrad","countryName":"Guyana"},{"cityName":"Urisirima Point","countryName":"Guyana"},{"cityName":"Urisirima","countryName":"Guyana"},{"cityName":"Upper Kamaria","countryName":"Guyana"},{"cityName":"Uitvlugt","countryName":"Guyana"},{"cityName":"Uit","countryName":"Guyana"},{"cityName":"Tuschen","countryName":"Guyana"},{"cityName":"Towakaima","countryName":"Guyana"},{"cityName":"Toka Village","countryName":"Guyana"},{"cityName":"Tipuru Village","countryName":"Guyana"},{"cityName":"Tiger Pond Village","countryName":"Guyana"},{"cityName":"The Clip","countryName":"Guyana"},{"cityName":"Taruma Village","countryName":"Guyana"},{"cityName":"Taruka","countryName":"Guyana"},{"cityName":"Tarlogie","countryName":"Guyana"},{"cityName":"Tamton","countryName":"Guyana"},{"cityName":"Takama Battle School","countryName":"Guyana"},{"cityName":"Takama","countryName":"Guyana"},{"cityName":"Tain","countryName":"Guyana"},{"cityName":"Susannahs Rust","countryName":"Guyana"},{"cityName":"Surumatra","countryName":"Guyana"},{"cityName":"Surprise Hill","countryName":"Guyana"},{"cityName":"Surama Village","countryName":"Guyana"},{"cityName":"Sunnyside","countryName":"Guyana"},{"cityName":"Suddie","countryName":"Guyana"},{"cityName":"Subryanville","countryName":"Guyana"},{"cityName":"Number Seventy-four Stockholm","countryName":"Guyana"},{"cityName":"Stena","countryName":"Guyana"},{"cityName":"Stanleytown","countryName":"Guyana"},{"cityName":"Stabroek","countryName":"Guyana"},{"cityName":"Springlands","countryName":"Guyana"},{"cityName":"Spring Garden","countryName":"Guyana"},{"cityName":"Number Seventy-five Spring Garden","countryName":"Guyana"},{"cityName":"Somerset","countryName":"Guyana"},{"cityName":"Soesdyke","countryName":"Guyana"},{"cityName":"Smythfield","countryName":"Guyana"},{"cityName":"Skeldon","countryName":"Guyana"},{"cityName":"Sisipelin Village","countryName":"Guyana"},{"cityName":"Sir James","countryName":"Guyana"},{"cityName":"Sirikie","countryName":"Guyana"},{"cityName":"Sinclair Landing","countryName":"Guyana"},{"cityName":"Simirie","countryName":"Guyana"},{"cityName":"Simiri","countryName":"Guyana"},{"cityName":"Shulinab","countryName":"Guyana"},{"cityName":"Shea Village","countryName":"Guyana"},{"cityName":"Seafield","countryName":"Guyana"},{"cityName":"Scottsburg","countryName":"Guyana"},{"cityName":"Schoonord","countryName":"Guyana"},{"cityName":"Saxakalli","countryName":"Guyana"},{"cityName":"Sawariwaunawa","countryName":"Guyana"},{"cityName":"Sarah Johanna","countryName":"Guyana"},{"cityName":"Sarah","countryName":"Guyana"},{"cityName":"Santa Rosa Mission","countryName":"Guyana"},{"cityName":"Santa Fe","countryName":"Guyana"},{"cityName":"Santa Cruz","countryName":"Guyana"},{"cityName":"Sans Souci","countryName":"Guyana"},{"cityName":"Sand Hills","countryName":"Guyana"},{"cityName":"Sandhills","countryName":"Guyana"},{"cityName":"Sand Creek Village","countryName":"Guyana"},{"cityName":"Saint Nicholas Mission","countryName":"Guyana"},{"cityName":"Saint Marys","countryName":"Guyana"},{"cityName":"Saint Mary's","countryName":"Guyana"},{"cityName":"Saint Ignatius","countryName":"Guyana"},{"cityName":"Saint Edwards Mission","countryName":"Guyana"},{"cityName":"Saint Cuthberts Mission","countryName":"Guyana"},{"cityName":"Saint Benedict Mission","countryName":"Guyana"},{"cityName":"Saint Bede's Mission","countryName":"Guyana"},{"cityName":"Sabernawau Village","countryName":"Guyana"},{"cityName":"Rosignol","countryName":"Guyana"},{"cityName":"Rose Hall","countryName":"Guyana"},{"cityName":"Rockstone","countryName":"Guyana"},{"cityName":"Robbstown","countryName":"Guyana"},{"cityName":"Riverview","countryName":"Guyana"},{"cityName":"Riverstown","countryName":"Guyana"},{"cityName":"Rising Sun","countryName":"Guyana"},{"cityName":"Ridge","countryName":"Guyana"},{"cityName":"Resource","countryName":"Guyana"},{"cityName":"Red Hill Settlement","countryName":"Guyana"},{"cityName":"Queenstown","countryName":"Guyana"},{"cityName":"Puwa Village","countryName":"Guyana"},{"cityName":"Pukasanta Village","countryName":"Guyana"},{"cityName":"Pubu","countryName":"Guyana"},{"cityName":"Providence Place","countryName":"Guyana"},{"cityName":"Providence","countryName":"Guyana"},{"cityName":"Princetown","countryName":"Guyana"},{"cityName":"Princess Carolina","countryName":"Guyana"},{"cityName":"Prashad Nagar","countryName":"Guyana"},{"cityName":"Powisanau Village","countryName":"Guyana"},{"cityName":"Poterima","countryName":"Guyana"},{"cityName":"Port Mourant","countryName":"Guyana"},{"cityName":"Port Kaituma","countryName":"Guyana"},{"cityName":"Pomona","countryName":"Guyana"},{"cityName":"Plaisance","countryName":"Guyana"},{"cityName":"Pirara","countryName":"Guyana"},{"cityName":"Pine Ground","countryName":"Guyana"},{"cityName":"Pilinawa","countryName":"Guyana"},{"cityName":"Pickersgill","countryName":"Guyana"},{"cityName":"Phoenix Town","countryName":"Guyana"},{"cityName":"Perth","countryName":"Guyana"},{"cityName":"Peropo","countryName":"Guyana"},{"cityName":"Pearl","countryName":"Guyana"},{"cityName":"Patientia","countryName":"Guyana"},{"cityName":"Patentia","countryName":"Guyana"},{"cityName":"Parishara","countryName":"Guyana"},{"cityName":"Parikaranal","countryName":"Guyana"},{"cityName":"Parika","countryName":"Guyana"},{"cityName":"Parapimai","countryName":"Guyana"},{"cityName":"Paramakatoi","countryName":"Guyana"},{"cityName":"Paradise","countryName":"Guyana"},{"cityName":"Parabara","countryName":"Guyana"},{"cityName":"Orealla","countryName":"Guyana"},{"cityName":"Oranapai Landing","countryName":"Guyana"},{"cityName":"Onderneeming","countryName":"Guyana"},{"cityName":"Old England","countryName":"Guyana"},{"cityName":"Number Twelve","countryName":"Guyana"},{"cityName":"Number Ten","countryName":"Guyana"},{"cityName":"Number Sixty-two","countryName":"Guyana"},{"cityName":"Number Sixty-six","countryName":"Guyana"},{"cityName":"Number Sixty-seven","countryName":"Guyana"},{"cityName":"Number Sixty-one","countryName":"Guyana"},{"cityName":"Number Sixty","countryName":"Guyana"},{"cityName":"Number Seventy-seven","countryName":"Guyana"},{"cityName":"Number Forty-six","countryName":"Guyana"},{"cityName":"Number Forty-one","countryName":"Guyana"},{"cityName":"Number Forty-five","countryName":"Guyana"},{"cityName":"Number Forty","countryName":"Guyana"},{"cityName":"Novar","countryName":"Guyana"},{"cityName":"Noitgedacht","countryName":"Guyana"},{"cityName":"Nismes","countryName":"Guyana"},{"cityName":"Newtown","countryName":"Guyana"},{"cityName":"Number Sixty-five New Market","countryName":"Guyana"},{"cityName":"New Haven","countryName":"Guyana"},{"cityName":"Newburg","countryName":"Guyana"},{"cityName":"New Amsterdam","countryName":"Guyana"},{"cityName":"New Aanlegt","countryName":"Guyana"},{"cityName":"Fort Nassau","countryName":"Guyana"},{"cityName":"Nappi Village","countryName":"Guyana"},{"cityName":"Mubohina","countryName":"Guyana"},{"cityName":"Mount Everard","countryName":"Guyana"},{"cityName":"Mountain View","countryName":"Guyana"},{"cityName":"Mountain Point","countryName":"Guyana"},{"cityName":"Mortice","countryName":"Guyana"},{"cityName":"Moreiru","countryName":"Guyana"},{"cityName":"Morawhanna","countryName":"Guyana"},{"cityName":"Morasi","countryName":"Guyana"},{"cityName":"Mora Point","countryName":"Guyana"},{"cityName":"Saint Francis Mission","countryName":"Guyana"},{"cityName":"Monkey Mountain","countryName":"Guyana"},{"cityName":"Monkey Jump","countryName":"Guyana"},{"cityName":"Mongreppo","countryName":"Guyana"},{"cityName":"Mon Desir","countryName":"Guyana"},{"cityName":"Moco-Moco Village","countryName":"Guyana"},{"cityName":"Moca Moca","countryName":"Guyana"},{"cityName":"Mission Landing","countryName":"Guyana"},{"cityName":"Mibikuri","countryName":"Guyana"},{"cityName":"Meritizero","countryName":"Guyana"},{"cityName":"Melville","countryName":"Guyana"},{"cityName":"Meadow Bank","countryName":"Guyana"},{"cityName":"Mc Doom","countryName":"Guyana"},{"cityName":"Number Seventy Massiah","countryName":"Guyana"},{"cityName":"Massara","countryName":"Guyana"},{"cityName":"Masabona","countryName":"Guyana"},{"cityName":"Number Seventy-eight Mary and Eliza","countryName":"Guyana"},{"cityName":"Marurawaunawa Village","countryName":"Guyana"},{"cityName":"Martins Burial Ground","countryName":"Guyana"},{"cityName":"Marlborough","countryName":"Guyana"},{"cityName":"Mariwa Village","countryName":"Guyana"},{"cityName":"Maria Johanna","countryName":"Guyana"},{"cityName":"Marakanata","countryName":"Guyana"},{"cityName":"Manawarin","countryName":"Guyana"},{"cityName":"Manari Village","countryName":"Guyana"},{"cityName":"Manari","countryName":"Guyana"},{"cityName":"Manaka","countryName":"Guyana"},{"cityName":"Mamir Pawa","countryName":"Guyana"},{"cityName":"Malali","countryName":"Guyana"},{"cityName":"Makouria","countryName":"Guyana"},{"cityName":"Makari","countryName":"Guyana"},{"cityName":"Mahdia","countryName":"Guyana"},{"cityName":"Mahaicony Village","countryName":"Guyana"},{"cityName":"Mahaica Village","countryName":"Guyana"},{"cityName":"Macusi Village","countryName":"Guyana"},{"cityName":"Macouba","countryName":"Guyana"},{"cityName":"Mackenzie","countryName":"Guyana"},{"cityName":"Machabo","countryName":"Guyana"},{"cityName":"Macaw","countryName":"Guyana"},{"cityName":"Mabaruma","countryName":"Guyana"},{"cityName":"Lumidpau","countryName":"Guyana"},{"cityName":"Lucky Spot","countryName":"Guyana"},{"cityName":"Low Wood","countryName":"Guyana"},{"cityName":"Lower Kamaria","countryName":"Guyana"},{"cityName":"Louisiana","countryName":"Guyana"},{"cityName":"Lorenza","countryName":"Guyana"},{"cityName":"Loo Lands","countryName":"Guyana"},{"cityName":"Lodge","countryName":"Guyana"},{"cityName":"Number Seventy-one Little Massiah","countryName":"Guyana"},{"cityName":"Linden","countryName":"Guyana"},{"cityName":"Lichfield","countryName":"Guyana"},{"cityName":"Lethem","countryName":"Guyana"},{"cityName":"Lesbeholden","countryName":"Guyana"},{"cityName":"Leeds","countryName":"Guyana"},{"cityName":"La Penitence","countryName":"Guyana"},{"cityName":"Land of Canaan","countryName":"Guyana"},{"cityName":"Lancaster","countryName":"Guyana"},{"cityName":"Lanaballi","countryName":"Guyana"},{"cityName":"Lana","countryName":"Guyana"},{"cityName":"Lamaha Gardens","countryName":"Guyana"},{"cityName":"La Jalousie","countryName":"Guyana"},{"cityName":"La Grange","countryName":"Guyana"},{"cityName":"Lacytown","countryName":"Guyana"},{"cityName":"La Bagatelle","countryName":"Guyana"},{"cityName":"Kwatata","countryName":"Guyana"},{"cityName":"Kwakwani","countryName":"Guyana"},{"cityName":"Kwaimatta Village","countryName":"Guyana"},{"cityName":"Kwabanna","countryName":"Guyana"},{"cityName":"Kurukuru-Baibari","countryName":"Guyana"},{"cityName":"Kurukabaru Village","countryName":"Guyana"},{"cityName":"Kumaka","countryName":"Guyana"},{"cityName":"Kukui-Eng Village","countryName":"Guyana"},{"cityName":"Kotoewau","countryName":"Guyana"},{"cityName":"Koriabo","countryName":"Guyana"},{"cityName":"Kopinang Mission","countryName":"Guyana"},{"cityName":"Konashen","countryName":"Guyana"},{"cityName":"Kokerite","countryName":"Guyana"},{"cityName":"Kokatara Village","countryName":"Guyana"},{"cityName":"Kitty","countryName":"Guyana"},{"cityName":"Kingston","countryName":"Guyana"},{"cityName":"Kato Village","countryName":"Guyana"},{"cityName":"Kataliriwau Outstation","countryName":"Guyana"},{"cityName":"Kartabu Point","countryName":"Guyana"},{"cityName":"Karisparu Village","countryName":"Guyana"},{"cityName":"Kariaku","countryName":"Guyana"},{"cityName":"Kariakaria","countryName":"Guyana"},{"cityName":"Karaudanawa","countryName":"Guyana"},{"cityName":"Karasabai Village","countryName":"Guyana"},{"cityName":"Karanambo","countryName":"Guyana"},{"cityName":"Kamwatta Hill","countryName":"Guyana"},{"cityName":"Kamaria","countryName":"Guyana"},{"cityName":"Kamana Village","countryName":"Guyana"},{"cityName":"Kalkuni","countryName":"Guyana"},{"cityName":"Kalakun","countryName":"Guyana"},{"cityName":"Kaibarupai Village","countryName":"Guyana"},{"cityName":"Johi Village","countryName":"Guyana"},{"cityName":"Joanna","countryName":"Guyana"},{"cityName":"Java","countryName":"Guyana"},{"cityName":"Jakaretinga","countryName":"Guyana"},{"cityName":"Jacoba","countryName":"Guyana"},{"cityName":"Ituni","countryName":"Guyana"},{"cityName":"Issano","countryName":"Guyana"},{"cityName":"Islington","countryName":"Guyana"},{"cityName":"Isherton","countryName":"Guyana"},{"cityName":"Ipotaikuru","countryName":"Guyana"},{"cityName":"Imprenza","countryName":"Guyana"},{"cityName":"Illimir Village","countryName":"Guyana"},{"cityName":"Igupa Village","countryName":"Guyana"},{"cityName":"Hyde Park","countryName":"Guyana"},{"cityName":"Hururu","countryName":"Guyana"},{"cityName":"Hubu","countryName":"Guyana"},{"cityName":"Houston","countryName":"Guyana"},{"cityName":"Hotakwai","countryName":"Guyana"},{"cityName":"Hosororo","countryName":"Guyana"},{"cityName":"Hororabo","countryName":"Guyana"},{"cityName":"Hopetown","countryName":"Guyana"},{"cityName":"Number Seventy-two Hong Kong","countryName":"Guyana"},{"cityName":"Holmia","countryName":"Guyana"},{"cityName":"Hoff Van Aurich","countryName":"Guyana"},{"cityName":"Hobediah","countryName":"Guyana"},{"cityName":"Hitia","countryName":"Guyana"},{"cityName":"Hiawa","countryName":"Guyana"},{"cityName":"Helena Number Two","countryName":"Guyana"},{"cityName":"Helena Number One","countryName":"Guyana"},{"cityName":"Hawkins Mission","countryName":"Guyana"},{"cityName":"Haswell","countryName":"Guyana"},{"cityName":"Number Seventy-six Harriet","countryName":"Guyana"},{"cityName":"Hampshire","countryName":"Guyana"},{"cityName":"Grahams Hall","countryName":"Guyana"},{"cityName":"Governor Light","countryName":"Guyana"},{"cityName":"Gordon Table","countryName":"Guyana"},{"cityName":"Good Success","countryName":"Guyana"},{"cityName":"Good Intent","countryName":"Guyana"},{"cityName":"Good Hope","countryName":"Guyana"},{"cityName":"Gold Hill","countryName":"Guyana"},{"cityName":"Golden Grove","countryName":"Guyana"},{"cityName":"Golden Fleece","countryName":"Guyana"},{"cityName":"GNS Kimbia","countryName":"Guyana"},{"cityName":"Glasgow Village","countryName":"Guyana"},{"cityName":"Glasgow","countryName":"Guyana"},{"cityName":"Georgetown","countryName":"Guyana"},{"cityName":"Number Three Fyrish","countryName":"Guyana"},{"cityName":"Number Sixty-nine Friendship","countryName":"Guyana"},{"cityName":"First Savannah","countryName":"Guyana"},{"cityName":"Fear Not","countryName":"Guyana"},{"cityName":"Experience","countryName":"Guyana"},{"cityName":"Eurowa","countryName":"Guyana"},{"cityName":"Essau and Jacob","countryName":"Guyana"},{"cityName":"Epira","countryName":"Guyana"},{"cityName":"Enterprise","countryName":"Guyana"},{"cityName":"Enmore","countryName":"Guyana"},{"cityName":"Enaruko Village","countryName":"Guyana"},{"cityName":"Elizabeth Ann","countryName":"Guyana"},{"cityName":"Elizabeth","countryName":"Guyana"},{"cityName":"Eldorado","countryName":"Guyana"},{"cityName":"Ebini","countryName":"Guyana"},{"cityName":"Durung Bang","countryName":"Guyana"},{"cityName":"Buabanna","countryName":"Guyana"},{"cityName":"Dukestown","countryName":"Guyana"},{"cityName":"Dora","countryName":"Guyana"},{"cityName":"Diamond Place","countryName":"Guyana"},{"cityName":"Den Amstel","countryName":"Guyana"},{"cityName":"De Kinderen","countryName":"Guyana"},{"cityName":"De Gezusters","countryName":"Guyana"},{"cityName":"Dawa","countryName":"Guyana"},{"cityName":"Dartmouth","countryName":"Guyana"},{"cityName":"Danielstown","countryName":"Guyana"},{"cityName":"Dalli","countryName":"Guyana"},{"cityName":"Dadanawa","countryName":"Guyana"},{"cityName":"Cummingsburg","countryName":"Guyana"},{"cityName":"Craig","countryName":"Guyana"},{"cityName":"Crabwood Creek","countryName":"Guyana"},{"cityName":"Cove","countryName":"Guyana"},{"cityName":"Number Two Courtland","countryName":"Guyana"},{"cityName":"Courida Park","countryName":"Guyana"},{"cityName":"Clonbrook","countryName":"Guyana"},{"cityName":"Number Seventy-three Clonbrook","countryName":"Guyana"},{"cityName":"Christianburg","countryName":"Guyana"},{"cityName":"Chinese Landing","countryName":"Guyana"},{"cityName":"Chenapowu Village","countryName":"Guyana"},{"cityName":"Charlestown","countryName":"Guyana"},{"cityName":"Charity","countryName":"Guyana"},{"cityName":"Catherine","countryName":"Guyana"},{"cityName":"Capoey","countryName":"Guyana"},{"cityName":"Cane Grove","countryName":"Guyana"},{"cityName":"Canefield","countryName":"Guyana"},{"cityName":"Campbellville","countryName":"Guyana"},{"cityName":"Caledonia","countryName":"Guyana"},{"cityName":"Cajueiro","countryName":"Guyana"},{"cityName":"Buxton","countryName":"Guyana"},{"cityName":"Butukari","countryName":"Guyana"},{"cityName":"Bush Lot","countryName":"Guyana"},{"cityName":"Burisanawa Village","countryName":"Guyana"},{"cityName":"Brighton","countryName":"Guyana"},{"cityName":"Brandwagt-Sari","countryName":"Guyana"},{"cityName":"Bourda","countryName":"Guyana"},{"cityName":"Bounty Hall","countryName":"Guyana"},{"cityName":"Bom Sucesso","countryName":"Guyana"},{"cityName":"Blygezight Gardens","countryName":"Guyana"},{"cityName":"Blygezight","countryName":"Guyana"},{"cityName":"Blenheim","countryName":"Guyana"},{"cityName":"Blairmont","countryName":"Guyana"},{"cityName":"Biloku","countryName":"Guyana"},{"cityName":"Big Baiabu","countryName":"Guyana"},{"cityName":"Bethany","countryName":"Guyana"},{"cityName":"Berks","countryName":"Guyana"},{"cityName":"Beribisiballi","countryName":"Guyana"},{"cityName":"Number Sixty-three Benab","countryName":"Guyana"},{"cityName":"Belvidere","countryName":"Guyana"},{"cityName":"Belle Plaine","countryName":"Guyana"},{"cityName":"Belladrum","countryName":"Guyana"},{"cityName":"Bel Air Springs","countryName":"Guyana"},{"cityName":"Bel Air Park","countryName":"Guyana"},{"cityName":"Bel Air Gardens","countryName":"Guyana"},{"cityName":"Bel Air","countryName":"Guyana"},{"cityName":"Basha Village","countryName":"Guyana"},{"cityName":"Bartica","countryName":"Guyana"},{"cityName":"Baramanni","countryName":"Guyana"},{"cityName":"Barabina Hill","countryName":"Guyana"},{"cityName":"Barabara","countryName":"Guyana"},{"cityName":"Banakari","countryName":"Guyana"},{"cityName":"Bagotstown","countryName":"Guyana"},{"cityName":"Number Sixty-four Babylon","countryName":"Guyana"},{"cityName":"Awaruwaunawa","countryName":"Guyana"},{"cityName":"Aurora","countryName":"Guyana"},{"cityName":"Attai Village","countryName":"Guyana"},{"cityName":"Atamadpau","countryName":"Guyana"},{"cityName":"Assura Village","countryName":"Guyana"},{"cityName":"Arthurville","countryName":"Guyana"},{"cityName":"Arnik Village","countryName":"Guyana"},{"cityName":"Arakwai Outstation","countryName":"Guyana"},{"cityName":"Apoteri","countryName":"Guyana"},{"cityName":"Apanachi","countryName":"Guyana"},{"cityName":"Annai","countryName":"Guyana"},{"cityName":"Anna Catherina","countryName":"Guyana"},{"cityName":"Ankerville","countryName":"Guyana"},{"cityName":"Ampa","countryName":"Guyana"},{"cityName":"Ambrose Village","countryName":"Guyana"},{"cityName":"Amazon","countryName":"Guyana"},{"cityName":"Altora Village","countryName":"Guyana"},{"cityName":"Alness","countryName":"Guyana"},{"cityName":"Alexanderville","countryName":"Guyana"},{"cityName":"Alexander Village","countryName":"Guyana"},{"cityName":"Albouystown","countryName":"Guyana"},{"cityName":"Alberttown","countryName":"Guyana"},{"cityName":"Akwero","countryName":"Guyana"},{"cityName":"Akawini Mission","countryName":"Guyana"},{"cityName":"Aishalton","countryName":"Guyana"},{"cityName":"Agricola Village","countryName":"Guyana"},{"cityName":"Adventure","countryName":"Guyana"},{"cityName":"Adelair","countryName":"Guyana"},{"cityName":"Achiwib","countryName":"Guyana"},{"cityName":"Waramadon Village","countryName":"Guyana"},{"cityName":"Waioklepaluta Village","countryName":"Guyana"},{"cityName":"Tumareng","countryName":"Guyana"},{"cityName":"Pipillipai","countryName":"Guyana"},{"cityName":"Pathawaru","countryName":"Guyana"},{"cityName":"Paruima Mission","countryName":"Guyana"},{"cityName":"Pakera","countryName":"Guyana"},{"cityName":"Orinduik","countryName":"Guyana"},{"cityName":"Opadai","countryName":"Guyana"},{"cityName":"Muruwawe Village","countryName":"Guyana"},{"cityName":"Muruakundi","countryName":"Guyana"},{"cityName":"Morowta","countryName":"Guyana"},{"cityName":"Minata","countryName":"Guyana"},{"cityName":"Meruwang","countryName":"Guyana"},{"cityName":"Matthews Ridge","countryName":"Guyana"},{"cityName":"La Juanita","countryName":"Guyana"},{"cityName":"Kwiokrebaru","countryName":"Guyana"},{"cityName":"Kurutuku Village","countryName":"Guyana"},{"cityName":"Kurachi","countryName":"Guyana"},{"cityName":"Kowaeng Village","countryName":"Guyana"},{"cityName":"Konoro Village","countryName":"Guyana"},{"cityName":"Kokadai","countryName":"Guyana"},{"cityName":"Keweigek","countryName":"Guyana"},{"cityName":"Kanapang Village","countryName":"Guyana"},{"cityName":"Kamuda Village","countryName":"Guyana"},{"cityName":"Kamarang","countryName":"Guyana"},{"cityName":"Kaikan","countryName":"Guyana"},{"cityName":"Itabac","countryName":"Guyana"},{"cityName":"Isseneru Village","countryName":"Guyana"},{"cityName":"Ipisiau Village","countryName":"Guyana"},{"cityName":"Imbaimadai","countryName":"Guyana"},{"cityName":"Five Star","countryName":"Guyana"},{"cityName":"Enachu Landing","countryName":"Guyana"},{"cityName":"Ekereku","countryName":"Guyana"},{"cityName":"Baramita","countryName":"Guyana"},{"cityName":"Awarabati","countryName":"Guyana"},{"cityName":"Aunama Village","countryName":"Guyana"},{"cityName":"Arawai Village","countryName":"Guyana"},{"cityName":"Arau Village","countryName":"Guyana"},{"cityName":"Arakaka","countryName":"Guyana"},{"cityName":"Amokokopai Village","countryName":"Guyana"},{"cityName":"Amamuri Village","countryName":"Guyana"},{"cityName":"Akar Village","countryName":"Guyana"},{"cityName":"Ajimipepai","countryName":"Guyana"},{"cityName":"Anna Regina","countryName":"Guyana"},{"cityName":"Bara Bara","countryName":"Guyana"},{"cityName":"Yarow Creek","countryName":"Guyana"},{"cityName":"Agricola","countryName":"Guyana"},{"cityName":"Thomas Lands","countryName":"Guyana"},{"cityName":"Tucville","countryName":"Guyana"},{"cityName":"Festival City","countryName":"Guyana"},{"cityName":"West Ruimveldt","countryName":"Guyana"},{"cityName":"South Ruimveldt Park","countryName":"Guyana"},{"cityName":"South Ruimveldt Gardens","countryName":"Guyana"},{"cityName":"East Ruimveldt","countryName":"Guyana"},{"cityName":"Roxanne Burnham Gardens","countryName":"Guyana"},{"cityName":"North East La Penitence","countryName":"Guyana"},{"cityName":"Meadow Brook Gardens","countryName":"Guyana"},{"cityName":"Greenfield Park","countryName":"Guyana"},{"cityName":"Nandy Park","countryName":"Guyana"},{"cityName":"Republic Park","countryName":"Guyana"},{"cityName":"New Providence","countryName":"Guyana"},{"cityName":"Melanie Damishana","countryName":"Guyana"},{"cityName":"Alliance","countryName":"Guyana"},{"cityName":"Yarowkabra","countryName":"Guyana"},{"cityName":"Burma","countryName":"Guyana"},{"cityName":"Harlem","countryName":"Guyana"},{"cityName":"Margot","countryName":"Guyana"},{"cityName":"Beterverwagting","countryName":"Guyana"},{"cityName":"Lusignan","countryName":"Guyana"},{"cityName":"Success","countryName":"Guyana"},{"cityName":"Kabakaburi","countryName":"Guyana"},{"cityName":"Three Friends","countryName":"Guyana"},{"cityName":"Fort Canje","countryName":"Guyana"},{"cityName":"Santa Mission","countryName":"Guyana"},{"cityName":"Goodmans Freetown","countryName":"Guyana"},{"cityName":"Bachelors Adventure","countryName":"Guyana"},{"cityName":"Amsterdam","countryName":"Guyana"}]