[{"cityName":"Tsuen Wan","countryName":"Hong Kong"},{"cityName":"Yung Shue Wan","countryName":"Hong Kong"},{"cityName":"Yung Shue Long","countryName":"Hong Kong"},{"cityName":"Yung Shue Ha","countryName":"Hong Kong"},{"cityName":"Yung Shue Au","countryName":"Hong Kong"},{"cityName":"Lung Kwu Sheung Tan","countryName":"Hong Kong"},{"cityName":"Yuen Tun Ha","countryName":"Hong Kong"},{"cityName":"Yuen Tun","countryName":"Hong Kong"},{"cityName":"Yuen Ng Fan","countryName":"Hong Kong"},{"cityName":"Yuen Long San Hui","countryName":"Hong Kong"},{"cityName":"Yuen Long Kau Hui","countryName":"Hong Kong"},{"cityName":"Yuen Long","countryName":"Hong Kong"},{"cityName":"Yuen Leng","countryName":"Hong Kong"},{"cityName":"Yuen Kong San Tsuen","countryName":"Hong Kong"},{"cityName":"Yuen Kong","countryName":"Hong Kong"},{"cityName":"Yuen Chau Kok","countryName":"Hong Kong"},{"cityName":"Yue Kwong Chuen","countryName":"Hong Kong"},{"cityName":"Yue Kok","countryName":"Hong Kong"},{"cityName":"Yiu Tsz Kin","countryName":"Hong Kong"},{"cityName":"Yi Pei Chun","countryName":"Hong Kong"},{"cityName":"Yi Pak","countryName":"Hong Kong"},{"cityName":"Yi O San Tsuen","countryName":"Hong Kong"},{"cityName":"Yi O Kau Tsuen","countryName":"Hong Kong"},{"cityName":"Yi O Hau","countryName":"Hong Kong"},{"cityName":"Yin Ngam","countryName":"Hong Kong"},{"cityName":"Yin Kong","countryName":"Hong Kong"},{"cityName":"Ying Pun Ha","countryName":"Hong Kong"},{"cityName":"Ying Pun","countryName":"Hong Kong"},{"cityName":"Yim Tso Ha","countryName":"Hong Kong"},{"cityName":"Yim Tin","countryName":"Hong Kong"},{"cityName":"Yim Liu Ha","countryName":"Hong Kong"},{"cityName":"Yi Chuen","countryName":"Hong Kong"},{"cityName":"Yeung Uk Tsuen","countryName":"Hong Kong"},{"cityName":"Yeung Siu Hang","countryName":"Hong Kong"},{"cityName":"Yau Yue Wan","countryName":"Hong Kong"},{"cityName":"Yau Yat Tsuen","countryName":"Hong Kong"},{"cityName":"Yau Uk Tsuen","countryName":"Hong Kong"},{"cityName":"Yau Tong","countryName":"Hong Kong"},{"cityName":"Yau Ma Tei","countryName":"Hong Kong"},{"cityName":"Yau Ma Po","countryName":"Hong Kong"},{"cityName":"Yau Ma Hom","countryName":"Hong Kong"},{"cityName":"Yau Kom Tau","countryName":"Hong Kong"},{"cityName":"Yan Shau Wai","countryName":"Hong Kong"},{"cityName":"Yam Tsai","countryName":"Hong Kong"},{"cityName":"Yam O","countryName":"Hong Kong"},{"cityName":"Wu Uk","countryName":"Hong Kong"},{"cityName":"Wu Shek Kok","countryName":"Hong Kong"},{"cityName":"Wu Nga Lok Yeung","countryName":"Hong Kong"},{"cityName":"Wu Lei Tau","countryName":"Hong Kong"},{"cityName":"Wu Lei Kiu","countryName":"Hong Kong"},{"cityName":"Wu Kau Tang","countryName":"Hong Kong"},{"cityName":"Wu Chau Tong","countryName":"Hong Kong"},{"cityName":"Wo Yi Hop","countryName":"Hong Kong"},{"cityName":"Wo Tong Kong","countryName":"Hong Kong"},{"cityName":"Wo Tin","countryName":"Hong Kong"},{"cityName":"Wo Sheung Tun","countryName":"Hong Kong"},{"cityName":"Wo Sheung Au","countryName":"Hong Kong"},{"cityName":"Wo Shang Wai","countryName":"Hong Kong"},{"cityName":"Wong Yue Tan","countryName":"Hong Kong"},{"cityName":"Wong Yi Chau","countryName":"Hong Kong"},{"cityName":"Wong Uk","countryName":"Hong Kong"},{"cityName":"Wong Tai Sin","countryName":"Hong Kong"},{"cityName":"Wong Nai Uk","countryName":"Hong Kong"},{"cityName":"Wong Nai Tun","countryName":"Hong Kong"},{"cityName":"Wong Nai Tau","countryName":"Hong Kong"},{"cityName":"Wong Nai Fai","countryName":"Hong Kong"},{"cityName":"Wong Mo Ying","countryName":"Hong Kong"},{"cityName":"Wong Mau Kok","countryName":"Hong Kong"},{"cityName":"Wong Lung Hang","countryName":"Hong Kong"},{"cityName":"Wong Keng Tsai","countryName":"Hong Kong"},{"cityName":"Wong Keng Tei","countryName":"Hong Kong"},{"cityName":"Wong Ka Wai","countryName":"Hong Kong"},{"cityName":"Wong Fung Tin","countryName":"Hong Kong"},{"cityName":"Wong Fung Leng","countryName":"Hong Kong"},{"cityName":"Wong Chuk Yeung","countryName":"Hong Kong"},{"cityName":"Wong Chuk Wan","countryName":"Hong Kong"},{"cityName":"Wong Chuk Tsuen","countryName":"Hong Kong"},{"cityName":"Wong Chuk Shan","countryName":"Hong Kong"},{"cityName":"Wong Chuk Long","countryName":"Hong Kong"},{"cityName":"Wong Chuk Hang San Wai","countryName":"Hong Kong"},{"cityName":"Wong Chuk Hang Kau Wai","countryName":"Hong Kong"},{"cityName":"Wong Chuk Hang","countryName":"Hong Kong"},{"cityName":"Wo Mei","countryName":"Hong Kong"},{"cityName":"Wo Liu Hang","countryName":"Hong Kong"},{"cityName":"Wo Liu","countryName":"Hong Kong"},{"cityName":"Wo Keng Shan","countryName":"Hong Kong"},{"cityName":"Wo Hop Shek","countryName":"Hong Kong"},{"cityName":"Wo Hang Tai Long","countryName":"Hong Kong"},{"cityName":"Wo Che","countryName":"Hong Kong"},{"cityName":"Wing Ping Tsuen","countryName":"Hong Kong"},{"cityName":"Wing Ning Wai","countryName":"Hong Kong"},{"cityName":"Wing Ning Tsuen","countryName":"Hong Kong"},{"cityName":"Wing Ning Lei","countryName":"Hong Kong"},{"cityName":"Wing Lung Wai","countryName":"Hong Kong"},{"cityName":"Wing Ling Tsuen","countryName":"Hong Kong"},{"cityName":"Wan Tsai","countryName":"Hong Kong"},{"cityName":"Wan Tau Tong","countryName":"Hong Kong"},{"cityName":"Wan Tau Kok","countryName":"Hong Kong"},{"cityName":"Wang Tong","countryName":"Hong Kong"},{"cityName":"Wang Toi Shan","countryName":"Hong Kong"},{"cityName":"Wang Tau Hom","countryName":"Hong Kong"},{"cityName":"Wang Shan Keuk San Tsuen","countryName":"Hong Kong"},{"cityName":"Wang Shan Keuk","countryName":"Hong Kong"},{"cityName":"Wang Long","countryName":"Hong Kong"},{"cityName":"Wang Leng Tau","countryName":"Hong Kong"},{"cityName":"Wang Hang","countryName":"Hong Kong"},{"cityName":"Wang Che","countryName":"Hong Kong"},{"cityName":"Wan Chai","countryName":"Hong Kong"},{"cityName":"Wa Mei Shan","countryName":"Hong Kong"},{"cityName":"Wai Tsai","countryName":"Hong Kong"},{"cityName":"Wai Tau Tsuen","countryName":"Hong Kong"},{"cityName":"Wai Ha","countryName":"Hong Kong"},{"cityName":"Wah Fu","countryName":"Hong Kong"},{"cityName":"Upper Keung Shan","countryName":"Hong Kong"},{"cityName":"Uk Tau","countryName":"Hong Kong"},{"cityName":"Uk Cheung","countryName":"Hong Kong"},{"cityName":"Tung Wan Tau","countryName":"Hong Kong"},{"cityName":"Tung Wan","countryName":"Hong Kong"},{"cityName":"Tung Tsz","countryName":"Hong Kong"},{"cityName":"Tung Tau Tsuen","countryName":"Hong Kong"},{"cityName":"Tung Shing Lei","countryName":"Hong Kong"},{"cityName":"Tung Shan Ha","countryName":"Hong Kong"},{"cityName":"Tung Sam Kei","countryName":"Hong Kong"},{"cityName":"Tung O","countryName":"Hong Kong"},{"cityName":"Causeway Bay","countryName":"Hong Kong"},{"cityName":"Tung Lo Wan","countryName":"Hong Kong"},{"cityName":"Tung Kok Wai","countryName":"Hong Kong"},{"cityName":"Tung Hing","countryName":"Hong Kong"},{"cityName":"Tung Chan Wai","countryName":"Hong Kong"},{"cityName":"Tuk Mei Chung","countryName":"Hong Kong"},{"cityName":"Tuen Tsz Wai","countryName":"Hong Kong"},{"cityName":"Tuen Mun San Hui","countryName":"Hong Kong"},{"cityName":"Tuen Mun Kau Hui","countryName":"Hong Kong"},{"cityName":"Tuen Mun","countryName":"Hong Kong"},{"cityName":"Tsz Wan Shan","countryName":"Hong Kong"},{"cityName":"Tsz Tong Tsuen","countryName":"Hong Kong"},{"cityName":"Tsz Tin Tsuen","countryName":"Hong Kong"},{"cityName":"Tsung Yuen Ha","countryName":"Hong Kong"},{"cityName":"Tsung Yuen","countryName":"Hong Kong"},{"cityName":"Tsung Tsai Yuen","countryName":"Hong Kong"},{"cityName":"Tsung Tau Ha","countryName":"Hong Kong"},{"cityName":"Tsung Pak Long","countryName":"Hong Kong"},{"cityName":"Tso Wo Hang","countryName":"Hong Kong"},{"cityName":"Tso Wan","countryName":"Hong Kong"},{"cityName":"Tso Tui Ha","countryName":"Hong Kong"},{"cityName":"Tso Kung Tam","countryName":"Hong Kong"},{"cityName":"Tsok Pok Hang","countryName":"Hong Kong"},{"cityName":"Tsoi Yuen Tsuen","countryName":"Hong Kong"},{"cityName":"Tsoi Yuen Kok","countryName":"Hong Kong"},{"cityName":"Tsiu Wo","countryName":"Hong Kong"},{"cityName":"Tsiu Lung","countryName":"Hong Kong"},{"cityName":"Tsiu Lam","countryName":"Hong Kong"},{"cityName":"Tsiu Keng Pang Uk","countryName":"Hong Kong"},{"cityName":"Tsiu Keng Lo Wai","countryName":"Hong Kong"},{"cityName":"Tsiu Hang Hau","countryName":"Hong Kong"},{"cityName":"Tsiu Hang","countryName":"Hong Kong"},{"cityName":"Tsin Yue Wan","countryName":"Hong Kong"},{"cityName":"Repulse Bay","countryName":"Hong Kong"},{"cityName":"Tsin Shui Ma Tau","countryName":"Hong Kong"},{"cityName":"Tsing Yi Town","countryName":"Hong Kong"},{"cityName":"Tsing Shan Tsuen","countryName":"Hong Kong"},{"cityName":"Tsing Lung Tsuen","countryName":"Hong Kong"},{"cityName":"Tsing Lung Tau","countryName":"Hong Kong"},{"cityName":"Tsing Leng Tsui","countryName":"Hong Kong"},{"cityName":"Tsing Fai Tong","countryName":"Hong Kong"},{"cityName":"Tsing Chuen Wai","countryName":"Hong Kong"},{"cityName":"Tsing Chau Wan","countryName":"Hong Kong"},{"cityName":"Tsing Chau Tsai","countryName":"Hong Kong"},{"cityName":"Tsim Sha Tsui","countryName":"Hong Kong"},{"cityName":"Tseung Kwan O","countryName":"Hong Kong"},{"cityName":"Tseung Kong Wai","countryName":"Hong Kong"},{"cityName":"Tseng Tau Wai","countryName":"Hong Kong"},{"cityName":"Tseng Tau San Tsuen","countryName":"Hong Kong"},{"cityName":"Tseng Tau","countryName":"Hong Kong"},{"cityName":"Tseng Lan Shue","countryName":"Hong Kong"},{"cityName":"Tsat Sing Kong","countryName":"Hong Kong"},{"cityName":"Tsang Tai Uk","countryName":"Hong Kong"},{"cityName":"Tsang Tsui","countryName":"Hong Kong"},{"cityName":"Tsam Chuk Wan","countryName":"Hong Kong"},{"cityName":"Tsak Yue Wu","countryName":"Hong Kong"},{"cityName":"To Yuen Wai","countryName":"Hong Kong"},{"cityName":"To Yuen Tung","countryName":"Hong Kong"},{"cityName":"To Tei Wan","countryName":"Hong Kong"},{"cityName":"To Tau","countryName":"Hong Kong"},{"cityName":"To Shek","countryName":"Hong Kong"},{"cityName":"Tong Yan San Tsuen","countryName":"Hong Kong"},{"cityName":"Tong To","countryName":"Hong Kong"},{"cityName":"Tong Tau Po","countryName":"Hong Kong"},{"cityName":"Tong Min Tsuen","countryName":"Hong Kong"},{"cityName":"Tong Kung Leng","countryName":"Hong Kong"},{"cityName":"Tong Kai Tseng","countryName":"Hong Kong"},{"cityName":"Tong Hang","countryName":"Hong Kong"},{"cityName":"Tong Fuk","countryName":"Hong Kong"},{"cityName":"Tong Fong Tsuen","countryName":"Hong Kong"},{"cityName":"Tong Fong","countryName":"Hong Kong"},{"cityName":"To Kwa Wan","countryName":"Hong Kong"},{"cityName":"To Kwa Peng","countryName":"Hong Kong"},{"cityName":"To Fung Shan","countryName":"Hong Kong"},{"cityName":"Tiu Keng Leng","countryName":"Hong Kong"},{"cityName":"Tit Kim Hang","countryName":"Hong Kong"},{"cityName":"Tit Hang","countryName":"Hong Kong"},{"cityName":"Tin Wan Resettlement Estate","countryName":"Hong Kong"},{"cityName":"Tin Shui Wai","countryName":"Hong Kong"},{"cityName":"Tin Sam","countryName":"Hong Kong"},{"cityName":"Tin Liu Tsuen","countryName":"Hong Kong"},{"cityName":"Tin Liu Ha","countryName":"Hong Kong"},{"cityName":"Tin Liu","countryName":"Hong Kong"},{"cityName":"Tin Ha Wan","countryName":"Hong Kong"},{"cityName":"Tin Hau Miu","countryName":"Hong Kong"},{"cityName":"Ting Kok","countryName":"Hong Kong"},{"cityName":"Ting Kau","countryName":"Hong Kong"},{"cityName":"Tin Fu Tsai","countryName":"Hong Kong"},{"cityName":"Tei Tong Tsui","countryName":"Hong Kong"},{"cityName":"Tei Tong Tsai","countryName":"Hong Kong"},{"cityName":"Ta Tit Yan","countryName":"Hong Kong"},{"cityName":"Ta Shek Wu","countryName":"Hong Kong"},{"cityName":"Tap Mun Shi","countryName":"Hong Kong"},{"cityName":"Ta Pang Po","countryName":"Hong Kong"},{"cityName":"Tan Shan Tsuen","countryName":"Hong Kong"},{"cityName":"Tanner Hill Estate","countryName":"Hong Kong"},{"cityName":"Tan Kwai Tsuen","countryName":"Hong Kong"},{"cityName":"Tan Ka Wan","countryName":"Hong Kong"},{"cityName":"Tan Chuk Hang Lo Wai","countryName":"Hong Kong"},{"cityName":"Tan Chuk Hang","countryName":"Hong Kong"},{"cityName":"Tan Cheung","countryName":"Hong Kong"},{"cityName":"Tam Wat","countryName":"Hong Kong"},{"cityName":"Tam Kon Shan","countryName":"Hong Kong"},{"cityName":"Tam Kon Chau","countryName":"Hong Kong"},{"cityName":"Tak Yuet Lau","countryName":"Hong Kong"},{"cityName":"Tai Wo Ping","countryName":"Hong Kong"},{"cityName":"Tai Wong Sheung","countryName":"Hong Kong"},{"cityName":"Tai Wong Ha","countryName":"Hong Kong"},{"cityName":"Tai Wo Hau","countryName":"Hong Kong"},{"cityName":"Tai Wo","countryName":"Hong Kong"},{"cityName":"Tai Wan To","countryName":"Hong Kong"},{"cityName":"Tai Wan Tau","countryName":"Hong Kong"},{"cityName":"Tai Wan San Tsuen","countryName":"Hong Kong"},{"cityName":"Tai Wan Kau Tsuen","countryName":"Hong Kong"},{"cityName":"Tai Wan","countryName":"Hong Kong"},{"cityName":"Tai Wai","countryName":"Hong Kong"},{"cityName":"Tai Uk Wai","countryName":"Hong Kong"},{"cityName":"Tai Tung Wo Liu","countryName":"Hong Kong"},{"cityName":"Tai Tung","countryName":"Hong Kong"},{"cityName":"Tai Tsing Chau","countryName":"Hong Kong"},{"cityName":"Tai Tseng Wai","countryName":"Hong Kong"},{"cityName":"Tai Tong","countryName":"Hong Kong"},{"cityName":"Tai Tei Tong","countryName":"Hong Kong"},{"cityName":"Tai Tau Leng","countryName":"Hong Kong"},{"cityName":"Tai Tan","countryName":"Hong Kong"},{"cityName":"Tai Tam","countryName":"Hong Kong"},{"cityName":"Tai Shui Hang","countryName":"Hong Kong"},{"cityName":"Tai She Wan","countryName":"Hong Kong"},{"cityName":"Tai Shek Hau","countryName":"Hong Kong"},{"cityName":"Tai Shang Wai","countryName":"Hong Kong"},{"cityName":"Tai Po Tsai","countryName":"Hong Kong"},{"cityName":"Tai Po Tin","countryName":"Hong Kong"},{"cityName":"Tai Po Tau Lo Wai","countryName":"Hong Kong"},{"cityName":"Tai Po Tau","countryName":"Hong Kong"},{"cityName":"Tai Po Mei","countryName":"Hong Kong"},{"cityName":"Tai Po Kau San Wai","countryName":"Hong Kong"},{"cityName":"Tai Po Kau Lo Wai","countryName":"Hong Kong"},{"cityName":"Tai Po Kau","countryName":"Hong Kong"},{"cityName":"Tai Po","countryName":"Hong Kong"},{"cityName":"Tai Ping Shan","countryName":"Hong Kong"},{"cityName":"Tai Peng","countryName":"Hong Kong"},{"cityName":"Tai Pak","countryName":"Hong Kong"},{"cityName":"Tai Om Shan","countryName":"Hong Kong"},{"cityName":"Tai Om","countryName":"Hong Kong"},{"cityName":"Tai O","countryName":"Hong Kong"},{"cityName":"Tai No Sheung Yeung","countryName":"Hong Kong"},{"cityName":"Tai No","countryName":"Hong Kong"},{"cityName":"Tai Mong Tsai","countryName":"Hong Kong"},{"cityName":"Tai Mong Che","countryName":"Hong Kong"},{"cityName":"Tai Mei Tuk","countryName":"Hong Kong"},{"cityName":"Tai Long Wan Cun","countryName":"Hong Kong"},{"cityName":"Tai Long","countryName":"Hong Kong"},{"cityName":"Tai Lin Pai","countryName":"Hong Kong"},{"cityName":"Tai Lang Shui","countryName":"Hong Kong"},{"cityName":"Tai Lam Wu","countryName":"Hong Kong"},{"cityName":"Tai Lam Liu","countryName":"Hong Kong"},{"cityName":"Tai Lam Chung Tsuen","countryName":"Hong Kong"},{"cityName":"So Kwun Tan","countryName":"Hong Kong"},{"cityName":"Tai Kong Po","countryName":"Hong Kong"},{"cityName":"Tai Kok Tsui","countryName":"Hong Kong"},{"cityName":"Tai Kek","countryName":"Hong Kong"},{"cityName":"Tai Kei Leng","countryName":"Hong Kong"},{"cityName":"Tai Kau","countryName":"Hong Kong"},{"cityName":"Tai Hong Wai","countryName":"Hong Kong"},{"cityName":"Tai Hong Tsuen","countryName":"Hong Kong"},{"cityName":"Tai Hom Village","countryName":"Hong Kong"},{"cityName":"Tai Hom","countryName":"Hong Kong"},{"cityName":"Tai Ho","countryName":"Hong Kong"},{"cityName":"Tai Hang Mei","countryName":"Hong Kong"},{"cityName":"Tai Hang Hau","countryName":"Hong Kong"},{"cityName":"Tai Hang","countryName":"Hong Kong"},{"cityName":"Tai Chuen","countryName":"Hong Kong"},{"cityName":"Tai Ching Cheung","countryName":"Hong Kong"},{"cityName":"Tai Chik Sha","countryName":"Hong Kong"},{"cityName":"Tai Che","countryName":"Hong Kong"},{"cityName":"Tai Chau To","countryName":"Hong Kong"},{"cityName":"Tai Au Mun","countryName":"Hong Kong"},{"cityName":"Ta Ho Tun","countryName":"Hong Kong"},{"cityName":"Sz Tsz Uk","countryName":"Hong Kong"},{"cityName":"Sze Pak","countryName":"Hong Kong"},{"cityName":"Sun Fung Wai","countryName":"Hong Kong"},{"cityName":"Sui Lam","countryName":"Hong Kong"},{"cityName":"So Lo Pun","countryName":"Hong Kong"},{"cityName":"So Kwun Wat Tsuen","countryName":"Hong Kong"},{"cityName":"So Kwun Wat","countryName":"Hong Kong"},{"cityName":"So Kwun Po","countryName":"Hong Kong"},{"cityName":"So Kon Po","countryName":"Hong Kong"},{"cityName":"Sok Kwu Wan","countryName":"Hong Kong"},{"cityName":"Siu Om Shan","countryName":"Hong Kong"},{"cityName":"Siu Lek Yuen","countryName":"Hong Kong"},{"cityName":"Siu Lang Shui","countryName":"Hong Kong"},{"cityName":"Siu Kau","countryName":"Hong Kong"},{"cityName":"Siu Hang Tsuen","countryName":"Hong Kong"},{"cityName":"Siu Hang San Tsuen","countryName":"Hong Kong"},{"cityName":"Siu Hang Hau","countryName":"Hong Kong"},{"cityName":"Siu Chik Sha","countryName":"Hong Kong"},{"cityName":"Siu A Chau Tsuen","countryName":"Hong Kong"},{"cityName":"Sin Yan Tseng","countryName":"Hong Kong"},{"cityName":"Sik Kong Wai","countryName":"Hong Kong"},{"cityName":"Sik Kong Tsuen","countryName":"Hong Kong"},{"cityName":"Shung Him Tong","countryName":"Hong Kong"},{"cityName":"Shui Wo","countryName":"Hong Kong"},{"cityName":"Shui Tsiu San Tsuen","countryName":"Hong Kong"},{"cityName":"Shui Tsiu Lo Wai","countryName":"Hong Kong"},{"cityName":"Shui Tseng Wan","countryName":"Hong Kong"},{"cityName":"Shui Tsan Tin","countryName":"Hong Kong"},{"cityName":"Shui Tin Tsuen","countryName":"Hong Kong"},{"cityName":"Shui Tau","countryName":"Hong Kong"},{"cityName":"Shui Pin Wai","countryName":"Hong Kong"},{"cityName":"Shui Pin Tsuen","countryName":"Hong Kong"},{"cityName":"Shui Mong Tin","countryName":"Hong Kong"},{"cityName":"Shui Mei","countryName":"Hong Kong"},{"cityName":"Shui Lau Tin","countryName":"Hong Kong"},{"cityName":"Shui Hau","countryName":"Hong Kong"},{"cityName":"Shuen Wan Lei Uk","countryName":"Hong Kong"},{"cityName":"Shuen Wan Chim Uk","countryName":"Hong Kong"},{"cityName":"Shuen Wan Chan Uk","countryName":"Hong Kong"},{"cityName":"Shuen Wan","countryName":"Hong Kong"},{"cityName":"Shouson Hill","countryName":"Hong Kong"},{"cityName":"Shing Uk Tsuen","countryName":"Hong Kong"},{"cityName":"Shing Uk","countryName":"Hong Kong"},{"cityName":"Shing On","countryName":"Hong Kong"},{"cityName":"Sheung Yuen Leng","countryName":"Hong Kong"},{"cityName":"Sheung Yiu","countryName":"Hong Kong"},{"cityName":"Sheung Yeung","countryName":"Hong Kong"},{"cityName":"Sheung Yau Tin","countryName":"Hong Kong"},{"cityName":"Sheung Wun Yiu","countryName":"Hong Kong"},{"cityName":"Sheung Wong Yi Au","countryName":"Hong Kong"},{"cityName":"Sheung Wo Hang","countryName":"Hong Kong"},{"cityName":"Sheung Wan","countryName":"Hong Kong"},{"cityName":"Sheung Tsuen Lai Ka Tsz","countryName":"Hong Kong"},{"cityName":"Sheung Tsuen","countryName":"Hong Kong"},{"cityName":"Sheung Tsat Muk Kiu","countryName":"Hong Kong"},{"cityName":"Sheung Tong","countryName":"Hong Kong"},{"cityName":"Sheung Tam Shui Hang","countryName":"Hong Kong"},{"cityName":"Sheung Sz Wan","countryName":"Hong Kong"},{"cityName":"Sheung Shui Wa Shan","countryName":"Hong Kong"},{"cityName":"Sheung Shui Choi Yuen Tsuen","countryName":"Hong Kong"},{"cityName":"Sheung Shui","countryName":"Hong Kong"},{"cityName":"Sheung Shan Kai Wat","countryName":"Hong Kong"},{"cityName":"Sheung San Wai","countryName":"Hong Kong"},{"cityName":"Sheung Miu Tin","countryName":"Hong Kong"},{"cityName":"Sheung Ling Pei","countryName":"Hong Kong"},{"cityName":"Sheung Lau Wan","countryName":"Hong Kong"},{"cityName":"Sheung Kwai Chung Wai","countryName":"Hong Kong"},{"cityName":"Sheung Ko Tan","countryName":"Hong Kong"},{"cityName":"Sheung Keng Hau","countryName":"Hong Kong"},{"cityName":"Sheung Hoi Pa","countryName":"Hong Kong"},{"cityName":"Sheung Fa Shan","countryName":"Hong Kong"},{"cityName":"Sheung Chung Mei","countryName":"Hong Kong"},{"cityName":"Sheung Chuk Yuen","countryName":"Hong Kong"},{"cityName":"Sheung Cheung Wai","countryName":"Hong Kong"},{"cityName":"Sheung Che","countryName":"Hong Kong"},{"cityName":"She Tau","countryName":"Hong Kong"},{"cityName":"She Shan","countryName":"Hong Kong"},{"cityName":"Shek Wu Wai","countryName":"Hong Kong"},{"cityName":"Shek Wu Tong","countryName":"Hong Kong"},{"cityName":"Shek Wu Hui","countryName":"Hong Kong"},{"cityName":"Shek Wai Kok","countryName":"Hong Kong"},{"cityName":"Shek Tsai Po","countryName":"Hong Kong"},{"cityName":"Shek Tong Tsui","countryName":"Hong Kong"},{"cityName":"Shek Tau Wai","countryName":"Hong Kong"},{"cityName":"Shek Po Tsuen","countryName":"Hong Kong"},{"cityName":"Shek Pok Wai","countryName":"Hong Kong"},{"cityName":"Shek Pik Au","countryName":"Hong Kong"},{"cityName":"Shek Pan Tam","countryName":"Hong Kong"},{"cityName":"Shek Pai Wan Resettlement Estate","countryName":"Hong Kong"},{"cityName":"Shek Pai Tau","countryName":"Hong Kong"},{"cityName":"Shek O Village","countryName":"Hong Kong"},{"cityName":"Shek Mun Kap","countryName":"Hong Kong"},{"cityName":"Shek Lung Tsai","countryName":"Hong Kong"},{"cityName":"Shek Lei","countryName":"Hong Kong"},{"cityName":"Shek Lau Tung","countryName":"Hong Kong"},{"cityName":"Shek Lau Po","countryName":"Hong Kong"},{"cityName":"Shek Kwu Lung","countryName":"Hong Kong"},{"cityName":"Shek Kong","countryName":"Hong Kong"},{"cityName":"Shek Kok Tsui","countryName":"Hong Kong"},{"cityName":"Shek Kiu Tau","countryName":"Hong Kong"},{"cityName":"Shek Kip Mei","countryName":"Hong Kong"},{"cityName":"Shek Hang","countryName":"Hong Kong"},{"cityName":"Shek Chung Au","countryName":"Hong Kong"},{"cityName":"Shau Kei Wan","countryName":"Hong Kong"},{"cityName":"Sha Tsiu","countryName":"Hong Kong"},{"cityName":"Sha Tin Wai","countryName":"Hong Kong"},{"cityName":"Sha Tin Tau","countryName":"Hong Kong"},{"cityName":"Sha Tin","countryName":"Hong Kong"},{"cityName":"Sha Tau Kok Tan Ka","countryName":"Hong Kong"},{"cityName":"Sha Tau Kok","countryName":"Hong Kong"},{"cityName":"Sha Tau","countryName":"Hong Kong"},{"cityName":"Sha Po Ng Tsuen","countryName":"Hong Kong"},{"cityName":"Sha Po Kong","countryName":"Hong Kong"},{"cityName":"Sha Po","countryName":"Hong Kong"},{"cityName":"Shap Long San Tsuen","countryName":"Hong Kong"},{"cityName":"Shap Long Kau Tsuen","countryName":"Hong Kong"},{"cityName":"Sha Pa","countryName":"Hong Kong"},{"cityName":"Shan Tsui","countryName":"Hong Kong"},{"cityName":"Shan Pui","countryName":"Hong Kong"},{"cityName":"Shan Mei","countryName":"Hong Kong"},{"cityName":"Shan Liu","countryName":"Hong Kong"},{"cityName":"Shan Kai Wat","countryName":"Hong Kong"},{"cityName":"Shan Ha Tsuen","countryName":"Hong Kong"},{"cityName":"Shan Ha","countryName":"Hong Kong"},{"cityName":"Sham Wat","countryName":"Hong Kong"},{"cityName":"Sham Wan Tsuen","countryName":"Hong Kong"},{"cityName":"Sham Tseng","countryName":"Hong Kong"},{"cityName":"Sham Shui Po","countryName":"Hong Kong"},{"cityName":"Sham Sek Tsuen","countryName":"Hong Kong"},{"cityName":"Sham Chung","countryName":"Hong Kong"},{"cityName":"Sha Lo Wan","countryName":"Hong Kong"},{"cityName":"Sha Lo Tung Lo Wai","countryName":"Hong Kong"},{"cityName":"Sha Ling","countryName":"Hong Kong"},{"cityName":"Sha Lan","countryName":"Hong Kong"},{"cityName":"Sha Kong Wai Tsai","countryName":"Hong Kong"},{"cityName":"Sha Kong Wai","countryName":"Hong Kong"},{"cityName":"Sha Kong Tsuen","countryName":"Hong Kong"},{"cityName":"Sha Kong Miu","countryName":"Hong Kong"},{"cityName":"Sha Kok Mei","countryName":"Hong Kong"},{"cityName":"Sha Ha","countryName":"Hong Kong"},{"cityName":"Sau Mau Ping","countryName":"Hong Kong"},{"cityName":"San Wai Tsai","countryName":"Hong Kong"},{"cityName":"San Wai","countryName":"Hong Kong"},{"cityName":"San Uk Tsuen","countryName":"Hong Kong"},{"cityName":"San Uk Tsai","countryName":"Hong Kong"},{"cityName":"San Uk Ling","countryName":"Hong Kong"},{"cityName":"San Uk Ha","countryName":"Hong Kong"},{"cityName":"San Uk","countryName":"Hong Kong"},{"cityName":"San Tsuen","countryName":"Hong Kong"},{"cityName":"San Tong Po","countryName":"Hong Kong"},{"cityName":"San Tong","countryName":"Hong Kong"},{"cityName":"San Tin Wai","countryName":"Hong Kong"},{"cityName":"San Tin San Wai","countryName":"Hong Kong"},{"cityName":"San Tin Hang","countryName":"Hong Kong"},{"cityName":"San Tin","countryName":"Hong Kong"},{"cityName":"San Tau Yiu","countryName":"Hong Kong"},{"cityName":"San Tau Kok","countryName":"Hong Kong"},{"cityName":"San Tau","countryName":"Hong Kong"},{"cityName":"San Shek Wan","countryName":"Hong Kong"},{"cityName":"San Po Kong","countryName":"Hong Kong"},{"cityName":"San Lung Wai","countryName":"Hong Kong"},{"cityName":"San Lung Tsuen","countryName":"Hong Kong"},{"cityName":"San Lei Uk Tsuen","countryName":"Hong Kong"},{"cityName":"San Kwai Tin","countryName":"Hong Kong"},{"cityName":"San Keng","countryName":"Hong Kong"},{"cityName":"San Hing Tsuen","countryName":"Hong Kong"},{"cityName":"San Hei Tsuen","countryName":"Hong Kong"},{"cityName":"Sam Tung Uk","countryName":"Hong Kong"},{"cityName":"Sam Tsuen","countryName":"Hong Kong"},{"cityName":"Sam Shing Hui","countryName":"Hong Kong"},{"cityName":"Sam Pak","countryName":"Hong Kong"},{"cityName":"Sam Mun Tsai","countryName":"Hong Kong"},{"cityName":"Sam Long Tsuen","countryName":"Hong Kong"},{"cityName":"Sam Ka Tsuen","countryName":"Hong Kong"},{"cityName":"Sam Fai Tin","countryName":"Hong Kong"},{"cityName":"Sam Chuen","countryName":"Hong Kong"},{"cityName":"Sam A Tsuen","countryName":"Hong Kong"},{"cityName":"Sam A Chung","countryName":"Hong Kong"},{"cityName":"Sai Ying Pun","countryName":"Hong Kong"},{"cityName":"Sai Wan Ho","countryName":"Hong Kong"},{"cityName":"Sai Wan Estate","countryName":"Hong Kong"},{"cityName":"Sai Wan","countryName":"Hong Kong"},{"cityName":"Sai Tsuen","countryName":"Hong Kong"},{"cityName":"Sai Tso Wan","countryName":"Hong Kong"},{"cityName":"Sai Tau Wai","countryName":"Hong Kong"},{"cityName":"Sai Shan Tsuen","countryName":"Hong Kong"},{"cityName":"Sai Shan","countryName":"Hong Kong"},{"cityName":"Sai Pin Wai","countryName":"Hong Kong"},{"cityName":"Sai O","countryName":"Hong Kong"},{"cityName":"Sai Lau Kok","countryName":"Hong Kong"},{"cityName":"Sai Kung Tuk","countryName":"Hong Kong"},{"cityName":"Sai Kung","countryName":"Hong Kong"},{"cityName":"Sai Keng","countryName":"Hong Kong"},{"cityName":"Quarry Bay","countryName":"Hong Kong"},{"cityName":"Pun Uk Tsuen","countryName":"Hong Kong"},{"cityName":"Pun Shan Tsuen","countryName":"Hong Kong"},{"cityName":"Pun Shan Chau","countryName":"Hong Kong"},{"cityName":"Pun Chun Yuen","countryName":"Hong Kong"},{"cityName":"Pui O","countryName":"Hong Kong"},{"cityName":"Po Tong Ha","countryName":"Hong Kong"},{"cityName":"Po Toi O","countryName":"Hong Kong"},{"cityName":"Po Sam Pai","countryName":"Hong Kong"},{"cityName":"Po Min","countryName":"Hong Kong"},{"cityName":"Po Lo Shan","countryName":"Hong Kong"},{"cityName":"Pok Wai","countryName":"Hong Kong"},{"cityName":"Po Kat Tsai","countryName":"Hong Kong"},{"cityName":"Po Chue Tam","countryName":"Hong Kong"},{"cityName":"Ping Yeung","countryName":"Hong Kong"},{"cityName":"Ping Tun","countryName":"Hong Kong"},{"cityName":"Ping Shek","countryName":"Hong Kong"},{"cityName":"Ping Shan Chai","countryName":"Hong Kong"},{"cityName":"Ping Shan","countryName":"Hong Kong"},{"cityName":"Ping Long","countryName":"Hong Kong"},{"cityName":"Ping Kong","countryName":"Hong Kong"},{"cityName":"Ping Che","countryName":"Hong Kong"},{"cityName":"Pik Uk","countryName":"Hong Kong"},{"cityName":"Peng Chau","countryName":"Hong Kong"},{"cityName":"Pat Tsz Wo","countryName":"Hong Kong"},{"cityName":"Pa Tau Kwu","countryName":"Hong Kong"},{"cityName":"Pan Long Wan","countryName":"Hong Kong"},{"cityName":"Pang Ka Tsuen","countryName":"Hong Kong"},{"cityName":"Pan Chung San Tsuen","countryName":"Hong Kong"},{"cityName":"Pan Chung","countryName":"Hong Kong"},{"cityName":"Pak Wan","countryName":"Hong Kong"},{"cityName":"Pak Wai","countryName":"Hong Kong"},{"cityName":"Pak Tin Pa San Tsuen","countryName":"Hong Kong"},{"cityName":"Pak Tin Pa","countryName":"Hong Kong"},{"cityName":"Pak Tin","countryName":"Hong Kong"},{"cityName":"Pak Tam Chung","countryName":"Hong Kong"},{"cityName":"Pak Tam Au","countryName":"Hong Kong"},{"cityName":"Pak Tam","countryName":"Hong Kong"},{"cityName":"Pak Shin Kok","countryName":"Hong Kong"},{"cityName":"Pak Shek Wo","countryName":"Hong Kong"},{"cityName":"Pak Shek Kiu","countryName":"Hong Kong"},{"cityName":"Pak Shek Au","countryName":"Hong Kong"},{"cityName":"Pak Shek","countryName":"Hong Kong"},{"cityName":"Pak Sha Wo Liu","countryName":"Hong Kong"},{"cityName":"Pak Sha Tsuen","countryName":"Hong Kong"},{"cityName":"Pak Sha Tsai","countryName":"Hong Kong"},{"cityName":"Pak Sha Tau","countryName":"Hong Kong"},{"cityName":"Pak Sha O Ha Yeung","countryName":"Hong Kong"},{"cityName":"Pak Sha O","countryName":"Hong Kong"},{"cityName":"Pak Ngau Shek","countryName":"Hong Kong"},{"cityName":"Pak Ngan Heung","countryName":"Hong Kong"},{"cityName":"Sheung Pak Nai","countryName":"Hong Kong"},{"cityName":"Pak Mong","countryName":"Hong Kong"},{"cityName":"Pak Long","countryName":"Hong Kong"},{"cityName":"Pak Lap","countryName":"Hong Kong"},{"cityName":"Pak Kung Au","countryName":"Hong Kong"},{"cityName":"Pak Kong Au","countryName":"Hong Kong"},{"cityName":"Pak Kong","countryName":"Hong Kong"},{"cityName":"Pak Kok San Tsuen","countryName":"Hong Kong"},{"cityName":"Pak Kok Kau Tsuen","countryName":"Hong Kong"},{"cityName":"North Point","countryName":"Hong Kong"},{"cityName":"Pak Kok","countryName":"Hong Kong"},{"cityName":"Pak Kiu","countryName":"Hong Kong"},{"cityName":"Pak Hok Chau","countryName":"Hong Kong"},{"cityName":"Pak A","countryName":"Hong Kong"},{"cityName":"Pai Tau Hang","countryName":"Hong Kong"},{"cityName":"Pai Tau","countryName":"Hong Kong"},{"cityName":"Pai Mun","countryName":"Hong Kong"},{"cityName":"Pai Chong","countryName":"Hong Kong"},{"cityName":"O Tau","countryName":"Hong Kong"},{"cityName":"O Pui Lung","countryName":"Hong Kong"},{"cityName":"On Lung Tsuen","countryName":"Hong Kong"},{"cityName":"On Lok Tsuen","countryName":"Hong Kong"},{"cityName":"North Point Estate","countryName":"Hong Kong"},{"cityName":"Nim Yuen","countryName":"Hong Kong"},{"cityName":"Nim Wan","countryName":"Hong Kong"},{"cityName":"Nim Shue Wan Tsuen","countryName":"Hong Kong"},{"cityName":"Nim Au","countryName":"Hong Kong"},{"cityName":"Ng Uk Tsuen","countryName":"Hong Kong"},{"cityName":"Ng Tung Chai","countryName":"Hong Kong"},{"cityName":"Ngong Wo","countryName":"Hong Kong"},{"cityName":"Ngong Shuen Au","countryName":"Hong Kong"},{"cityName":"Ngong Ping","countryName":"Hong Kong"},{"cityName":"Ng Ka Tsuen","countryName":"Hong Kong"},{"cityName":"Nga Yiu Tau","countryName":"Hong Kong"},{"cityName":"Nga Yiu Ha","countryName":"Hong Kong"},{"cityName":"Ngau Wu Tok","countryName":"Hong Kong"},{"cityName":"Ngau Tau Kok","countryName":"Hong Kong"},{"cityName":"Ngau Tam Mei","countryName":"Hong Kong"},{"cityName":"Ngau Shi Wu","countryName":"Hong Kong"},{"cityName":"Ngau Pui Wo","countryName":"Hong Kong"},{"cityName":"Ngau Pei Sha","countryName":"Hong Kong"},{"cityName":"Ngau Liu Ha","countryName":"Hong Kong"},{"cityName":"Ngau Liu","countryName":"Hong Kong"},{"cityName":"Ngau Kwu Wan","countryName":"Hong Kong"},{"cityName":"Ngau Kwu Long","countryName":"Hong Kong"},{"cityName":"Ngau Kwo Tin","countryName":"Hong Kong"},{"cityName":"Ngau Kok Wan","countryName":"Hong Kong"},{"cityName":"Ngau Keng","countryName":"Hong Kong"},{"cityName":"Ngau Hom Shek","countryName":"Hong Kong"},{"cityName":"Ngau Hom Sha","countryName":"Hong Kong"},{"cityName":"Ngau Hom","countryName":"Hong Kong"},{"cityName":"Ngau Chi Wan","countryName":"Hong Kong"},{"cityName":"Ngau Au","countryName":"Hong Kong"},{"cityName":"Nga Tsin Wai","countryName":"Hong Kong"},{"cityName":"Ngan Hang","countryName":"Hong Kong"},{"cityName":"San Tung Chung Hang","countryName":"Hong Kong"},{"cityName":"New Kowloon","countryName":"Hong Kong"},{"cityName":"Nam Wa Po","countryName":"Hong Kong"},{"cityName":"Nam Wan","countryName":"Hong Kong"},{"cityName":"Nam Wai","countryName":"Hong Kong"},{"cityName":"Nam She","countryName":"Hong Kong"},{"cityName":"Nam Sha Po","countryName":"Hong Kong"},{"cityName":"Nam Shan Tung","countryName":"Hong Kong"},{"cityName":"Nam Shan Mei","countryName":"Hong Kong"},{"cityName":"Nam Shan","countryName":"Hong Kong"},{"cityName":"Nam Pin Wai","countryName":"Hong Kong"},{"cityName":"Nam On Fong","countryName":"Hong Kong"},{"cityName":"Nam Long","countryName":"Hong Kong"},{"cityName":"Nam Hang","countryName":"Hong Kong"},{"cityName":"Nam Fung Wan","countryName":"Hong Kong"},{"cityName":"Nam Fung Chau","countryName":"Hong Kong"},{"cityName":"Nam Chung Yeung Uk","countryName":"Hong Kong"},{"cityName":"Nam Chung Lo Uk","countryName":"Hong Kong"},{"cityName":"Nam Chung Lei Uk","countryName":"Hong Kong"},{"cityName":"Nam Chung Lam Uk","countryName":"Hong Kong"},{"cityName":"Nam Chung Cheung Uk","countryName":"Hong Kong"},{"cityName":"Nam Chung Cheng Uk","countryName":"Hong Kong"},{"cityName":"Nam Chung","countryName":"Hong Kong"},{"cityName":"Nam A","countryName":"Hong Kong"},{"cityName":"Nai Wai","countryName":"Hong Kong"},{"cityName":"Nai Tong Kok","countryName":"Hong Kong"},{"cityName":"Nai Chung","countryName":"Hong Kong"},{"cityName":"Muk Wu Chuen Yiu","countryName":"Hong Kong"},{"cityName":"Muk Wu","countryName":"Hong Kong"},{"cityName":"Muk Min Tau","countryName":"Hong Kong"},{"cityName":"Muk Min Shan","countryName":"Hong Kong"},{"cityName":"Muk Min Ha","countryName":"Hong Kong"},{"cityName":"Muk Kiu Tau","countryName":"Hong Kong"},{"cityName":"Mui Wo Kau Tsuen","countryName":"Hong Kong"},{"cityName":"Mui Tsz Lam","countryName":"Hong Kong"},{"cityName":"Mui Shue Hang","countryName":"Hong Kong"},{"cityName":"Mount Davis","countryName":"Hong Kong"},{"cityName":"Mo To Tang","countryName":"Hong Kong"},{"cityName":"Mo Tat Wan","countryName":"Hong Kong"},{"cityName":"Mo Tat","countryName":"Hong Kong"},{"cityName":"Morrison Hill","countryName":"Hong Kong"},{"cityName":"Mong Tung Hang","countryName":"Hong Kong"},{"cityName":"Mong Tseng Wai","countryName":"Hong Kong"},{"cityName":"Sha Kiu Tsuen","countryName":"Hong Kong"},{"cityName":"Mong Kok","countryName":"Hong Kong"},{"cityName":"Mok Tse Che","countryName":"Hong Kong"},{"cityName":"Mok Ka","countryName":"Hong Kong"},{"cityName":"Min Fong","countryName":"Hong Kong"},{"cityName":"Mid Levels","countryName":"Hong Kong"},{"cityName":"Ma Yiu","countryName":"Hong Kong"},{"cityName":"Ma Yin Tung Pai Chong","countryName":"Hong Kong"},{"cityName":"Ma Yau Tong","countryName":"Hong Kong"},{"cityName":"Ma Wo","countryName":"Hong Kong"},{"cityName":"Ma Wat Wai","countryName":"Hong Kong"},{"cityName":"Ma Wat Tsuen","countryName":"Hong Kong"},{"cityName":"Ma Wan Tsuen","countryName":"Hong Kong"},{"cityName":"Ma Wan Chung","countryName":"Hong Kong"},{"cityName":"Ma Wan","countryName":"Hong Kong"},{"cityName":"Mau Wu Tsai","countryName":"Hong Kong"},{"cityName":"Mau Tso Ngam","countryName":"Hong Kong"},{"cityName":"Mau Tin","countryName":"Hong Kong"},{"cityName":"Mau Po","countryName":"Hong Kong"},{"cityName":"Mau Ping San Uk","countryName":"Hong Kong"},{"cityName":"Mau Ping Lo Uk","countryName":"Hong Kong"},{"cityName":"Mau Ping","countryName":"Hong Kong"},{"cityName":"Ma Tso Lung San Tsuen","countryName":"Hong Kong"},{"cityName":"Ma Tso Lung","countryName":"Hong Kong"},{"cityName":"Ma Tseuk Leng San Uk Ha","countryName":"Hong Kong"},{"cityName":"Ma Tseuk Leng","countryName":"Hong Kong"},{"cityName":"Ma Tin Tsuen","countryName":"Hong Kong"},{"cityName":"Ma Tau Wai","countryName":"Hong Kong"},{"cityName":"Ma Tau Kok","countryName":"Hong Kong"},{"cityName":"Ma Shi Po","countryName":"Hong Kong"},{"cityName":"Ma Shan","countryName":"Hong Kong"},{"cityName":"Ma Po Mei","countryName":"Hong Kong"},{"cityName":"Ma On Shan Tsuen","countryName":"Hong Kong"},{"cityName":"Ma On Kong","countryName":"Hong Kong"},{"cityName":"Man Wo","countryName":"Hong Kong"},{"cityName":"Man Uk Pin","countryName":"Hong Kong"},{"cityName":"Man Kok","countryName":"Hong Kong"},{"cityName":"Man Kam To","countryName":"Hong Kong"},{"cityName":"Ma Niu Shui","countryName":"Hong Kong"},{"cityName":"Ma Niu","countryName":"Hong Kong"},{"cityName":"Man Hang","countryName":"Hong Kong"},{"cityName":"Mang Tong","countryName":"Hong Kong"},{"cityName":"Mang Kung Uk","countryName":"Hong Kong"},{"cityName":"Man Cheung Po","countryName":"Hong Kong"},{"cityName":"Ma Nam Wat","countryName":"Hong Kong"},{"cityName":"Ma Mei Ha Leng Tsui","countryName":"Hong Kong"},{"cityName":"Ma Mei Ha","countryName":"Hong Kong"},{"cityName":"Ma Liu Shui","countryName":"Hong Kong"},{"cityName":"Ma Kwu Lam","countryName":"Hong Kong"},{"cityName":"Mak Uk","countryName":"Hong Kong"},{"cityName":"Mai Po San Tsuen","countryName":"Hong Kong"},{"cityName":"Mai Po Lo Wai","countryName":"Hong Kong"},{"cityName":"Lung Yeuk Tau","countryName":"Hong Kong"},{"cityName":"Lung Wo Tsuen","countryName":"Hong Kong"},{"cityName":"Lung Tseng Tau","countryName":"Hong Kong"},{"cityName":"Lung Tsai","countryName":"Hong Kong"},{"cityName":"Lung Tin Tsuen","countryName":"Hong Kong"},{"cityName":"Lung Mei Tau","countryName":"Hong Kong"},{"cityName":"Lung Mei","countryName":"Hong Kong"},{"cityName":"Lung A Pai","countryName":"Hong Kong"},{"cityName":"Luk Wu","countryName":"Hong Kong"},{"cityName":"Luk Tei Tong","countryName":"Hong Kong"},{"cityName":"Luk Keng Wong Uk","countryName":"Hong Kong"},{"cityName":"Luk Keng Chan Uk","countryName":"Hong Kong"},{"cityName":"Luk Keng","countryName":"Hong Kong"},{"cityName":"Luk Chau","countryName":"Hong Kong"},{"cityName":"Luen Wo San Tsuen","countryName":"Hong Kong"},{"cityName":"Luen Wo Market","countryName":"Hong Kong"},{"cityName":"Lo Wu","countryName":"Hong Kong"},{"cityName":"Lower Keung Shan","countryName":"Hong Kong"},{"cityName":"Lo Wai","countryName":"Hong Kong"},{"cityName":"Lo Uk Tsuen","countryName":"Hong Kong"},{"cityName":"Lo Uk","countryName":"Hong Kong"},{"cityName":"Lo Tsz Tin","countryName":"Hong Kong"},{"cityName":"Lo Tik Wan","countryName":"Hong Kong"},{"cityName":"Lo So Shing","countryName":"Hong Kong"},{"cityName":"Lo Shue Tin","countryName":"Hong Kong"},{"cityName":"Lo Shue Ling","countryName":"Hong Kong"},{"cityName":"Long Mei","countryName":"Hong Kong"},{"cityName":"Long Keng","countryName":"Hong Kong"},{"cityName":"Long Ke","countryName":"Hong Kong"},{"cityName":"Lo Lau Uk","countryName":"Hong Kong"},{"cityName":"Lok Wo Sha","countryName":"Hong Kong"},{"cityName":"Lok Ma Chau","countryName":"Hong Kong"},{"cityName":"Lok Lo Ha","countryName":"Hong Kong"},{"cityName":"Lok Kang Po","countryName":"Hong Kong"},{"cityName":"Loi Tung","countryName":"Hong Kong"},{"cityName":"Lo Fu Ngam","countryName":"Hong Kong"},{"cityName":"Liu To","countryName":"Hong Kong"},{"cityName":"Liu Pok","countryName":"Hong Kong"},{"cityName":"Lin Tong Mei Tsoi Yuen","countryName":"Hong Kong"},{"cityName":"Lin Tong Mei","countryName":"Hong Kong"},{"cityName":"Lin Ma Hang","countryName":"Hong Kong"},{"cityName":"Ling Nam San Tsuen","countryName":"Hong Kong"},{"cityName":"Lin Fa Tei","countryName":"Hong Kong"},{"cityName":"Lin Au","countryName":"Hong Kong"},{"cityName":"Leung Uk","countryName":"Hong Kong"},{"cityName":"Leung Tin Tsuen","countryName":"Hong Kong"},{"cityName":"Leung Shui Tseng","countryName":"Hong Kong"},{"cityName":"Leung Shuen Wan","countryName":"Hong Kong"},{"cityName":"Leung Fai Tin","countryName":"Hong Kong"},{"cityName":"Leng Tsai","countryName":"Hong Kong"},{"cityName":"Leng Pei Tsuen","countryName":"Hong Kong"},{"cityName":"Lek Mei","countryName":"Hong Kong"},{"cityName":"Lei Yue Mun","countryName":"Hong Kong"},{"cityName":"Lei Uk Tsuen","countryName":"Hong Kong"},{"cityName":"Lei Uk","countryName":"Hong Kong"},{"cityName":"Leighton Hill","countryName":"Hong Kong"},{"cityName":"Lau Shui Heung","countryName":"Hong Kong"},{"cityName":"Lau Hang","countryName":"Hong Kong"},{"cityName":"Lau Fau Sha","countryName":"Hong Kong"},{"cityName":"Lap Wo Tsuen","countryName":"Hong Kong"},{"cityName":"Lan Nai Wan Tsau Uk","countryName":"Hong Kong"},{"cityName":"Lan Nai Wan Man Uk","countryName":"Hong Kong"},{"cityName":"Lan Nai Wan Lei Uk","countryName":"Hong Kong"},{"cityName":"Lan Nai Wan","countryName":"Hong Kong"},{"cityName":"Lam Uk Wai","countryName":"Hong Kong"},{"cityName":"Lam Tsuen San Tsuen","countryName":"Hong Kong"},{"cityName":"Lam Tin","countryName":"Hong Kong"},{"cityName":"Lam Tei","countryName":"Hong Kong"},{"cityName":"Lam Hau","countryName":"Hong Kong"},{"cityName":"Lam Che","countryName":"Hong Kong"},{"cityName":"Lai Tau Shek","countryName":"Hong Kong"},{"cityName":"Lai Pek Shan","countryName":"Hong Kong"},{"cityName":"Lai Chi Yuen","countryName":"Hong Kong"},{"cityName":"Lai Chi Wo","countryName":"Hong Kong"},{"cityName":"Lai Chi Shan","countryName":"Hong Kong"},{"cityName":"Lai Chi Kok","countryName":"Hong Kong"},{"cityName":"Lai Chi Chong","countryName":"Hong Kong"},{"cityName":"Kwu Tung","countryName":"Hong Kong"},{"cityName":"Kwun Yam Shan","countryName":"Hong Kong"},{"cityName":"Kwun Yam Keng","countryName":"Hong Kong"},{"cityName":"Kwun Tong","countryName":"Hong Kong"},{"cityName":"Kwun Hang","countryName":"Hong Kong"},{"cityName":"Kwo Lo Wan","countryName":"Hong Kong"},{"cityName":"Kwan Tei","countryName":"Hong Kong"},{"cityName":"Kwai Tau Leng","countryName":"Hong Kong"},{"cityName":"Kwai Po Lau","countryName":"Hong Kong"},{"cityName":"Kwai Chung","countryName":"Hong Kong"},{"cityName":"Kung Miu","countryName":"Hong Kong"},{"cityName":"Kung Man Tsuen","countryName":"Hong Kong"},{"cityName":"Kuk Po","countryName":"Hong Kong"},{"cityName":"Kuk Liu","countryName":"Hong Kong"},{"cityName":"Kowloon Tong","countryName":"Hong Kong"},{"cityName":"Kowloon City","countryName":"Hong Kong"},{"cityName":"Kowloon","countryName":"Hong Kong"},{"cityName":"Ko Tong Ha Yeung","countryName":"Hong Kong"},{"cityName":"Ko Tong","countryName":"Hong Kong"},{"cityName":"Ko Tin Hom","countryName":"Hong Kong"},{"cityName":"Kop Tong","countryName":"Hong Kong"},{"cityName":"Ko Po Tsuen","countryName":"Hong Kong"},{"cityName":"Ko Po","countryName":"Hong Kong"},{"cityName":"Kon Hang","countryName":"Hong Kong"},{"cityName":"Kong Tau Tsuen","countryName":"Hong Kong"},{"cityName":"Kong Tau San Tsuen","countryName":"Hong Kong"},{"cityName":"Kong Pui Tsuen","countryName":"Hong Kong"},{"cityName":"Kong Ha","countryName":"Hong Kong"},{"cityName":"Ko Long","countryName":"Hong Kong"},{"cityName":"Kiu Tsui","countryName":"Hong Kong"},{"cityName":"Kiu Tau Wai","countryName":"Hong Kong"},{"cityName":"Kiu Tau","countryName":"Hong Kong"},{"cityName":"Kiu Sai","countryName":"Hong Kong"},{"cityName":"Kings Park","countryName":"Hong Kong"},{"cityName":"Kik Yeung Tsuen","countryName":"Hong Kong"},{"cityName":"Kennedy Town","countryName":"Hong Kong"},{"cityName":"Keng Pang Ha","countryName":"Hong Kong"},{"cityName":"Kei Pik Shan","countryName":"Hong Kong"},{"cityName":"Kei Lun Wai","countryName":"Hong Kong"},{"cityName":"Kei Ling Ha San Wai","countryName":"Hong Kong"},{"cityName":"Kei Ling Ha Lo Wai","countryName":"Hong Kong"},{"cityName":"Kau Wa Keng San Tsuen","countryName":"Hong Kong"},{"cityName":"Kau Wa Keng","countryName":"Hong Kong"},{"cityName":"Kau Tsin Uk","countryName":"Hong Kong"},{"cityName":"Kau To","countryName":"Hong Kong"},{"cityName":"Kau Tam Tso","countryName":"Hong Kong"},{"cityName":"Kau Shi Wai","countryName":"Hong Kong"},{"cityName":"Kau Shat Wan","countryName":"Hong Kong"},{"cityName":"Kau San Tei","countryName":"Hong Kong"},{"cityName":"Kau Sai","countryName":"Hong Kong"},{"cityName":"Kau Man","countryName":"Hong Kong"},{"cityName":"Kau Lung Hang San Wai","countryName":"Hong Kong"},{"cityName":"Kau Lung Hang Lo Wai","countryName":"Hong Kong"},{"cityName":"Kau Liu Ha","countryName":"Hong Kong"},{"cityName":"Kau Lau Wan","countryName":"Hong Kong"},{"cityName":"Kat O Sheung Wai","countryName":"Hong Kong"},{"cityName":"Kat Hing Wai","countryName":"Hong Kong"},{"cityName":"Kap Pin Long","countryName":"Hong Kong"},{"cityName":"Kan Tau Wai","countryName":"Hong Kong"},{"cityName":"Kan Tau Tsuen","countryName":"Hong Kong"},{"cityName":"Kam Tsin Wai","countryName":"Hong Kong"},{"cityName":"Kam Tsin","countryName":"Hong Kong"},{"cityName":"Kam Tin Shi","countryName":"Hong Kong"},{"cityName":"Kam Tin San Tsuen","countryName":"Hong Kong"},{"cityName":"Kam Shan","countryName":"Hong Kong"},{"cityName":"Kam Hing Wai","countryName":"Hong Kong"},{"cityName":"Kam Chuk Pai","countryName":"Hong Kong"},{"cityName":"Kak Tin","countryName":"Hong Kong"},{"cityName":"Kak Hang Tun","countryName":"Hong Kong"},{"cityName":"Kai Yi Wan","countryName":"Hong Kong"},{"cityName":"Kai Leng","countryName":"Hong Kong"},{"cityName":"Kai Kuk Shue Ha","countryName":"Hong Kong"},{"cityName":"Kai Ham","countryName":"Hong Kong"},{"cityName":"Jordan Valley","countryName":"Hong Kong"},{"cityName":"Jardines Lookout","countryName":"Hong Kong"},{"cityName":"Hung Uk Tsuen","countryName":"Hong Kong"},{"cityName":"Hung Tso Tin","countryName":"Hong Kong"},{"cityName":"Hung Tin","countryName":"Hong Kong"},{"cityName":"Hung Shui","countryName":"Hong Kong"},{"cityName":"Hung Shing Ye","countryName":"Hong Kong"},{"cityName":"Hung Leng","countryName":"Hong Kong"},{"cityName":"Hung Hom","countryName":"Hong Kong"},{"cityName":"Hung Fa Ngan","countryName":"Hong Kong"},{"cityName":"Ho Tung Lau","countryName":"Hong Kong"},{"cityName":"Ho Tin","countryName":"Hong Kong"},{"cityName":"Ho Sheung Heung","countryName":"Hong Kong"},{"cityName":"Ho Pui","countryName":"Hong Kong"},{"cityName":"Hong Mei Tsuen","countryName":"Hong Kong"},{"cityName":"Hong Lok Yuen","countryName":"Hong Kong"},{"cityName":"Hong Kong","countryName":"Hong Kong"},{"cityName":"Ho Man Tin","countryName":"Hong Kong"},{"cityName":"Holy Cross Path Village","countryName":"Hong Kong"},{"cityName":"Ho Lek Pui","countryName":"Hong Kong"},{"cityName":"Hok Tsui Wan","countryName":"Hong Kong"},{"cityName":"Hok Tau Wai","countryName":"Hong Kong"},{"cityName":"Hok Tau Pai","countryName":"Hong Kong"},{"cityName":"Hoi Pui Leng","countryName":"Hong Kong"},{"cityName":"Hoi Pa","countryName":"Hong Kong"},{"cityName":"Hoi Ha","countryName":"Hong Kong"},{"cityName":"Ho Chung","countryName":"Hong Kong"},{"cityName":"Hin Tin","countryName":"Hong Kong"},{"cityName":"Hing Wah Tsuen","countryName":"Hong Kong"},{"cityName":"Hing Lung Tsuen","countryName":"Hong Kong"},{"cityName":"Heung Yuen Wai","countryName":"Hong Kong"},{"cityName":"Aberdeen","countryName":"Hong Kong"},{"cityName":"Heung Fan Liu","countryName":"Hong Kong"},{"cityName":"Heung Chung","countryName":"Hong Kong"},{"cityName":"Hei Tsz Wan","countryName":"Hong Kong"},{"cityName":"Ha Yuen Leng","countryName":"Hong Kong"},{"cityName":"Ha Yeung","countryName":"Hong Kong"},{"cityName":"Ha Yau Tin","countryName":"Hong Kong"},{"cityName":"Ha Wun Yiu","countryName":"Hong Kong"},{"cityName":"Ha Wong Yi Au","countryName":"Hong Kong"},{"cityName":"Ha Wo Hang","countryName":"Hong Kong"},{"cityName":"Ha Wan Tsuen","countryName":"Hong Kong"},{"cityName":"Ha Wai","countryName":"Hong Kong"},{"cityName":"Ha Tsuen Shi","countryName":"Hong Kong"},{"cityName":"Ha Tsuen","countryName":"Hong Kong"},{"cityName":"Ha Tsat Muk Kiu","countryName":"Hong Kong"},{"cityName":"Ha Tei Ha","countryName":"Hong Kong"},{"cityName":"Ha Tam Shui Hang","countryName":"Hong Kong"},{"cityName":"Ha Shan Kai Wat","countryName":"Hong Kong"},{"cityName":"Ha San Wai","countryName":"Hong Kong"},{"cityName":"Happy Valley","countryName":"Hong Kong"},{"cityName":"Hang Tau Tai Po","countryName":"Hong Kong"},{"cityName":"Hang Tau","countryName":"Hong Kong"},{"cityName":"Hang Pui","countryName":"Hong Kong"},{"cityName":"Hang Mei Tsuen","countryName":"Hong Kong"},{"cityName":"Hang Mei","countryName":"Hong Kong"},{"cityName":"Hang Hau Tsuen","countryName":"Hong Kong"},{"cityName":"Hang Hau Town","countryName":"Hong Kong"},{"cityName":"Hang Ha Po","countryName":"Hong Kong"},{"cityName":"Ham Tin","countryName":"Hong Kong"},{"cityName":"Ha Miu Tin","countryName":"Hong Kong"},{"cityName":"Ham Hang Mei","countryName":"Hong Kong"},{"cityName":"Ha Mei San Tsuen","countryName":"Hong Kong"},{"cityName":"Ha Loi Tung","countryName":"Hong Kong"},{"cityName":"Ha Ling Pei","countryName":"Hong Kong"},{"cityName":"Ha Kwai Chung","countryName":"Hong Kong"},{"cityName":"Ha Ko Tan","countryName":"Hong Kong"},{"cityName":"Ha Keng Hau","countryName":"Hong Kong"},{"cityName":"Ha Keng","countryName":"Hong Kong"},{"cityName":"Ha Heung Yuen","countryName":"Hong Kong"},{"cityName":"Ha Hang","countryName":"Hong Kong"},{"cityName":"Ha Fa Shan","countryName":"Hong Kong"},{"cityName":"Ha Chung Mei","countryName":"Hong Kong"},{"cityName":"Ha Chuk Yuen","countryName":"Hong Kong"},{"cityName":"Ha Che","countryName":"Hong Kong"},{"cityName":"Fu Yung Shan","countryName":"Hong Kong"},{"cityName":"Fu Yung Pit","countryName":"Hong Kong"},{"cityName":"Fu Tei Wan","countryName":"Hong Kong"},{"cityName":"Fu Tei Pai","countryName":"Hong Kong"},{"cityName":"Fu Tei Kok","countryName":"Hong Kong"},{"cityName":"Fu Tei San Tsuen","countryName":"Hong Kong"},{"cityName":"Fu Tau Wat","countryName":"Hong Kong"},{"cityName":"Fu Tau Pun Chau","countryName":"Hong Kong"},{"cityName":"Fung Yuen Lo Tsuen","countryName":"Hong Kong"},{"cityName":"Fung Wong Wu","countryName":"Hong Kong"},{"cityName":"Fung Wong Village","countryName":"Hong Kong"},{"cityName":"Fung Shue Wo","countryName":"Hong Kong"},{"cityName":"Fung Kong Tsuen","countryName":"Hong Kong"},{"cityName":"Fung Ka Wai","countryName":"Hong Kong"},{"cityName":"Fung Kat Heung","countryName":"Hong Kong"},{"cityName":"Fung Hang","countryName":"Hong Kong"},{"cityName":"Fung Chi Heung","countryName":"Hong Kong"},{"cityName":"Fuk Tak Kung","countryName":"Hong Kong"},{"cityName":"Fuk Lo Tsuen","countryName":"Hong Kong"},{"cityName":"Fuk Lok Tsuen","countryName":"Hong Kong"},{"cityName":"Fuk Hing Tsuen","countryName":"Hong Kong"},{"cityName":"Fuk Hing Lei","countryName":"Hong Kong"},{"cityName":"Fui Yiu Ha","countryName":"Hong Kong"},{"cityName":"Fui Yiu","countryName":"Hong Kong"},{"cityName":"Fui Sha Wai","countryName":"Hong Kong"},{"cityName":"Fo Tan","countryName":"Hong Kong"},{"cityName":"Fong Yuen","countryName":"Hong Kong"},{"cityName":"Fong Pin Sho","countryName":"Hong Kong"},{"cityName":"Fong Ma Po","countryName":"Hong Kong"},{"cityName":"Fa Yuen","countryName":"Hong Kong"},{"cityName":"Fa Sam Hang","countryName":"Hong Kong"},{"cityName":"Fa Peng","countryName":"Hong Kong"},{"cityName":"Fan Tin Tsuen","countryName":"Hong Kong"},{"cityName":"Fan Shui Au","countryName":"Hong Kong"},{"cityName":"Fanling","countryName":"Hong Kong"},{"cityName":"Fan Leng Tai Wai","countryName":"Hong Kong"},{"cityName":"Fan Leng Pak Wai","countryName":"Hong Kong"},{"cityName":"Fan Leng Nam Wai","countryName":"Hong Kong"},{"cityName":"Fan Leng Lau","countryName":"Hong Kong"},{"cityName":"Fan Kwai Tong","countryName":"Hong Kong"},{"cityName":"Epworth Village","countryName":"Hong Kong"},{"cityName":"Discovery Bay","countryName":"Hong Kong"},{"cityName":"Dills Corner","countryName":"Hong Kong"},{"cityName":"Central District","countryName":"Hong Kong"},{"cityName":"Chung Wai","countryName":"Hong Kong"},{"cityName":"Chung Uk Tsuen","countryName":"Hong Kong"},{"cityName":"Chung Uk","countryName":"Hong Kong"},{"cityName":"Chung Sam Wai","countryName":"Hong Kong"},{"cityName":"Chung Pui","countryName":"Hong Kong"},{"cityName":"Chung Mei Kok","countryName":"Hong Kong"},{"cityName":"Chung Mei","countryName":"Hong Kong"},{"cityName":"Chung Hau","countryName":"Hong Kong"},{"cityName":"Chun Fa Lok","countryName":"Hong Kong"},{"cityName":"Chuk Yuen","countryName":"Hong Kong"},{"cityName":"Chuk Kok","countryName":"Hong Kong"},{"cityName":"Chuk Hang","countryName":"Hong Kong"},{"cityName":"Chuen Lung","countryName":"Hong Kong"},{"cityName":"Choi Hung","countryName":"Hong Kong"},{"cityName":"Chi Ma Hang","countryName":"Hong Kong"},{"cityName":"Cheung Wo","countryName":"Hong Kong"},{"cityName":"Cheung Uk Wai","countryName":"Hong Kong"},{"cityName":"Cheung Uk","countryName":"Hong Kong"},{"cityName":"Cheung Ting","countryName":"Hong Kong"},{"cityName":"Cheung Sok","countryName":"Hong Kong"},{"cityName":"Cheung Shue Tau","countryName":"Hong Kong"},{"cityName":"Cheung Shue Tan","countryName":"Hong Kong"},{"cityName":"Cheung Sheung","countryName":"Hong Kong"},{"cityName":"Cheung Shek Pai","countryName":"Hong Kong"},{"cityName":"Cheung Sha Wan","countryName":"Hong Kong"},{"cityName":"Cheung Sha Lan","countryName":"Hong Kong"},{"cityName":"Cheung Sha","countryName":"Hong Kong"},{"cityName":"Cheung Po","countryName":"Hong Kong"},{"cityName":"Cheung Pei Shan","countryName":"Hong Kong"},{"cityName":"Cheung Muk Tau","countryName":"Hong Kong"},{"cityName":"Cheung Lek Mei","countryName":"Hong Kong"},{"cityName":"Cheung Lek","countryName":"Hong Kong"},{"cityName":"Cheung Kong","countryName":"Hong Kong"},{"cityName":"Cheung Kang","countryName":"Hong Kong"},{"cityName":"Cheung Chau","countryName":"Hong Kong"},{"cityName":"Che Kung Miu","countryName":"Hong Kong"},{"cityName":"Chek Nai Ping","countryName":"Hong Kong"},{"cityName":"Chek Kok Tau","countryName":"Hong Kong"},{"cityName":"Chek Keng","countryName":"Hong Kong"},{"cityName":"Che Keng Tuk","countryName":"Hong Kong"},{"cityName":"Chek Chue","countryName":"Hong Kong"},{"cityName":"Che Ha","countryName":"Hong Kong"},{"cityName":"Chau Tau","countryName":"Hong Kong"},{"cityName":"Chap Wai Kon","countryName":"Hong Kong"},{"cityName":"Chap Mun Tau","countryName":"Hong Kong"},{"cityName":"Chan Uk Po","countryName":"Hong Kong"},{"cityName":"Cha Kwo Ling","countryName":"Hong Kong"},{"cityName":"Chai Wan Kok","countryName":"Hong Kong"},{"cityName":"Chai Wan","countryName":"Hong Kong"},{"cityName":"Chai Kek","countryName":"Hong Kong"},{"cityName":"Castle Peak New Town","countryName":"Hong Kong"},{"cityName":"Siu Lam San Tsuen","countryName":"Hong Kong"},{"cityName":"Caroline Hill","countryName":"Hong Kong"},{"cityName":"Au Tau","countryName":"Hong Kong"},{"cityName":"Au Pui Wan","countryName":"Hong Kong"},{"cityName":"Au Pui Tong","countryName":"Hong Kong"},{"cityName":"Au Ha","countryName":"Hong Kong"},{"cityName":"A Shan Tseng Tau","countryName":"Hong Kong"},{"cityName":"A Shan","countryName":"Hong Kong"},{"cityName":"A Po Long","countryName":"Hong Kong"},{"cityName":"A Ma Wat","countryName":"Hong Kong"},{"cityName":"A Kung Wan","countryName":"Hong Kong"},{"cityName":"A Kung Tin","countryName":"Hong Kong"},{"cityName":"A Kung Ngam","countryName":"Hong Kong"},{"cityName":"Ka Loon Tsuen","countryName":"Hong Kong"},{"cityName":"Shan Ting Tsuen","countryName":"Hong Kong"},{"cityName":"Victoria","countryName":"Hong Kong"},{"cityName":"Fu Heng Estate","countryName":"Hong Kong"},{"cityName":"Tai Yuen Estate","countryName":"Hong Kong"},{"cityName":"Mongkok","countryName":"Hong Kong"},{"cityName":"Ha Pak Nai","countryName":"Hong Kong"},{"cityName":"Fortress Hill","countryName":"Hong Kong"},{"cityName":"Island East","countryName":"Hong Kong"},{"cityName":"Admiralty","countryName":"Hong Kong"},{"cityName":"Central","countryName":"Hong Kong"},{"cityName":"Jordon","countryName":"Hong Kong"},{"cityName":"Kowloon Bay","countryName":"Hong Kong"}]