[{"cityName":"Tsuen Wan","countryName":"Hong Kong","localeCode":"en","districtName":""},{"cityName":"Yung Shue Wan","countryName":"Hong Kong","localeCode":"en","districtName":""},{"cityName":"Yung Shue Long","countryName":"Hong Kong","localeCode":"en","districtName":""},{"cityName":"Yung Shue Ha","countryName":"Hong Kong","localeCode":"en","districtName":""},{"cityName":"Yung Shue Au","countryName":"Hong Kong","localeCode":"en","districtName":""},{"cityName":"Lung Kwu Sheung Tan","countryName":"Hong Kong","localeCode":"en","districtName":""},{"cityName":"Yuen Tun Ha","countryName":"Hong Kong","localeCode":"en","districtName":""},{"cityName":"Yuen Tun","countryName":"Hong Kong","localeCode":"en","districtName":""},{"cityName":"Yuen Ng Fan","countryName":"Hong Kong","localeCode":"en","districtName":""},{"cityName":"Yuen Long San Hui","countryName":"Hong Kong","localeCode":"en","districtName":""},{"cityName":"Yuen Long Kau Hui","countryName":"Hong Kong","localeCode":"en","districtName":""},{"cityName":"Yuen Long","countryName":"Hong Kong","localeCode":"en","districtName":""},{"cityName":"Yuen Leng","countryName":"Hong Kong","localeCode":"en","districtName":""},{"cityName":"Yuen Kong San Tsuen","countryName":"Hong Kong","localeCode":"en","districtName":""},{"cityName":"Yuen Kong","countryName":"Hong Kong","localeCode":"en","districtName":""},{"cityName":"Yuen Chau Kok","countryName":"Hong Kong","localeCode":"en","districtName":""},{"cityName":"Yue Kwong Chuen","countryName":"Hong Kong","localeCode":"en","districtName":""},{"cityName":"Yue Kok","countryName":"Hong Kong","localeCode":"en","districtName":""},{"cityName":"Yiu Tsz Kin","countryName":"Hong Kong","localeCode":"en","districtName":""},{"cityName":"Yi Pei Chun","countryName":"Hong Kong","localeCode":"en","districtName":""},{"cityName":"Yi Pak","countryName":"Hong Kong","localeCode":"en","districtName":""},{"cityName":"Yi O San Tsuen","countryName":"Hong Kong","localeCode":"en","districtName":""},{"cityName":"Yi O Kau Tsuen","countryName":"Hong Kong","localeCode":"en","districtName":""},{"cityName":"Yi O Hau","countryName":"Hong Kong","localeCode":"en","districtName":""},{"cityName":"Yin Ngam","countryName":"Hong Kong","localeCode":"en","districtName":""},{"cityName":"Yin Kong","countryName":"Hong Kong","localeCode":"en","districtName":""},{"cityName":"Ying Pun Ha","countryName":"Hong Kong","localeCode":"en","districtName":""},{"cityName":"Ying Pun","countryName":"Hong Kong","localeCode":"en","districtName":""},{"cityName":"Yim Tso Ha","countryName":"Hong Kong","localeCode":"en","districtName":""},{"cityName":"Yim Tin","countryName":"Hong Kong","localeCode":"en","districtName":""},{"cityName":"Yim Liu Ha","countryName":"Hong Kong","localeCode":"en","districtName":""},{"cityName":"Yi Chuen","countryName":"Hong Kong","localeCode":"en","districtName":""},{"cityName":"Yeung Uk Tsuen","countryName":"Hong Kong","localeCode":"en","districtName":""},{"cityName":"Yeung Siu Hang","countryName":"Hong Kong","localeCode":"en","districtName":""},{"cityName":"Yau Yue Wan","countryName":"Hong Kong","localeCode":"en","districtName":""},{"cityName":"Yau Yat Tsuen","countryName":"Hong Kong","localeCode":"en","districtName":""},{"cityName":"Yau Uk Tsuen","countryName":"Hong Kong","localeCode":"en","districtName":""},{"cityName":"Yau Tong","countryName":"Hong Kong","localeCode":"en","districtName":""},{"cityName":"Yau Ma Tei","countryName":"Hong Kong","localeCode":"en","districtName":""},{"cityName":"Yau Ma Po","countryName":"Hong Kong","localeCode":"en","districtName":""},{"cityName":"Yau Ma Hom","countryName":"Hong Kong","localeCode":"en","districtName":""},{"cityName":"Yau Kom Tau","countryName":"Hong Kong","localeCode":"en","districtName":""},{"cityName":"Yan Shau Wai","countryName":"Hong Kong","localeCode":"en","districtName":""},{"cityName":"Yam Tsai","countryName":"Hong Kong","localeCode":"en","districtName":""},{"cityName":"Yam O","countryName":"Hong Kong","localeCode":"en","districtName":""},{"cityName":"Wu Uk","countryName":"Hong Kong","localeCode":"en","districtName":""},{"cityName":"Wu Shek Kok","countryName":"Hong Kong","localeCode":"en","districtName":""},{"cityName":"Wu Nga Lok Yeung","countryName":"Hong Kong","localeCode":"en","districtName":""},{"cityName":"Wu Lei Tau","countryName":"Hong Kong","localeCode":"en","districtName":""},{"cityName":"Wu Lei Kiu","countryName":"Hong Kong","localeCode":"en","districtName":""},{"cityName":"Wu Kau Tang","countryName":"Hong Kong","localeCode":"en","districtName":""},{"cityName":"Wu Chau Tong","countryName":"Hong Kong","localeCode":"en","districtName":""},{"cityName":"Wo Yi Hop","countryName":"Hong Kong","localeCode":"en","districtName":""},{"cityName":"Wo Tong Kong","countryName":"Hong Kong","localeCode":"en","districtName":""},{"cityName":"Wo Tin","countryName":"Hong Kong","localeCode":"en","districtName":""},{"cityName":"Wo Sheung Tun","countryName":"Hong Kong","localeCode":"en","districtName":""},{"cityName":"Wo Sheung Au","countryName":"Hong Kong","localeCode":"en","districtName":""},{"cityName":"Wo Shang Wai","countryName":"Hong Kong","localeCode":"en","districtName":""},{"cityName":"Wong Yue Tan","countryName":"Hong Kong","localeCode":"en","districtName":""},{"cityName":"Wong Yi Chau","countryName":"Hong Kong","localeCode":"en","districtName":""},{"cityName":"Wong Uk","countryName":"Hong Kong","localeCode":"en","districtName":""},{"cityName":"Wong Tai Sin","countryName":"Hong Kong","localeCode":"en","districtName":""},{"cityName":"Wong Nai Uk","countryName":"Hong Kong","localeCode":"en","districtName":""},{"cityName":"Wong Nai Tun","countryName":"Hong Kong","localeCode":"en","districtName":""},{"cityName":"Wong Nai Tau","countryName":"Hong Kong","localeCode":"en","districtName":""},{"cityName":"Wong Nai Fai","countryName":"Hong Kong","localeCode":"en","districtName":""},{"cityName":"Wong Mo Ying","countryName":"Hong Kong","localeCode":"en","districtName":""},{"cityName":"Wong Mau Kok","countryName":"Hong Kong","localeCode":"en","districtName":""},{"cityName":"Wong Lung Hang","countryName":"Hong Kong","localeCode":"en","districtName":""},{"cityName":"Wong Keng Tsai","countryName":"Hong Kong","localeCode":"en","districtName":""},{"cityName":"Wong Keng Tei","countryName":"Hong Kong","localeCode":"en","districtName":""},{"cityName":"Wong Ka Wai","countryName":"Hong Kong","localeCode":"en","districtName":""},{"cityName":"Wong Fung Tin","countryName":"Hong Kong","localeCode":"en","districtName":""},{"cityName":"Wong Fung Leng","countryName":"Hong Kong","localeCode":"en","districtName":""},{"cityName":"Wong Chuk Yeung","countryName":"Hong Kong","localeCode":"en","districtName":""},{"cityName":"Wong Chuk Wan","countryName":"Hong Kong","localeCode":"en","districtName":""},{"cityName":"Wong Chuk Tsuen","countryName":"Hong Kong","localeCode":"en","districtName":""},{"cityName":"Wong Chuk Shan","countryName":"Hong Kong","localeCode":"en","districtName":""},{"cityName":"Wong Chuk Long","countryName":"Hong Kong","localeCode":"en","districtName":""},{"cityName":"Wong Chuk Hang San Wai","countryName":"Hong Kong","localeCode":"en","districtName":""},{"cityName":"Wong Chuk Hang Kau Wai","countryName":"Hong Kong","localeCode":"en","districtName":""},{"cityName":"Wong Chuk Hang","countryName":"Hong Kong","localeCode":"en","districtName":""},{"cityName":"Wo Mei","countryName":"Hong Kong","localeCode":"en","districtName":""},{"cityName":"Wo Liu Hang","countryName":"Hong Kong","localeCode":"en","districtName":""},{"cityName":"Wo Liu","countryName":"Hong Kong","localeCode":"en","districtName":""},{"cityName":"Wo Keng Shan","countryName":"Hong Kong","localeCode":"en","districtName":""},{"cityName":"Wo Hop Shek","countryName":"Hong Kong","localeCode":"en","districtName":""},{"cityName":"Wo Hang Tai Long","countryName":"Hong Kong","localeCode":"en","districtName":""},{"cityName":"Wo Che","countryName":"Hong Kong","localeCode":"en","districtName":""},{"cityName":"Wing Ping Tsuen","countryName":"Hong Kong","localeCode":"en","districtName":""},{"cityName":"Wing Ning Wai","countryName":"Hong Kong","localeCode":"en","districtName":""},{"cityName":"Wing Ning Tsuen","countryName":"Hong Kong","localeCode":"en","districtName":""},{"cityName":"Wing Ning Lei","countryName":"Hong Kong","localeCode":"en","districtName":""},{"cityName":"Wing Lung Wai","countryName":"Hong Kong","localeCode":"en","districtName":""},{"cityName":"Wing Ling Tsuen","countryName":"Hong Kong","localeCode":"en","districtName":""},{"cityName":"Wan Tsai","countryName":"Hong Kong","localeCode":"en","districtName":""},{"cityName":"Wan Tau Tong","countryName":"Hong Kong","localeCode":"en","districtName":""},{"cityName":"Wan Tau Kok","countryName":"Hong Kong","localeCode":"en","districtName":""},{"cityName":"Wang Tong","countryName":"Hong Kong","localeCode":"en","districtName":""},{"cityName":"Wang Toi Shan","countryName":"Hong Kong","localeCode":"en","districtName":""},{"cityName":"Wang Tau Hom","countryName":"Hong Kong","localeCode":"en","districtName":""},{"cityName":"Wang Shan Keuk San Tsuen","countryName":"Hong Kong","localeCode":"en","districtName":""},{"cityName":"Wang Shan Keuk","countryName":"Hong Kong","localeCode":"en","districtName":""},{"cityName":"Wang Long","countryName":"Hong Kong","localeCode":"en","districtName":""},{"cityName":"Wang Leng Tau","countryName":"Hong Kong","localeCode":"en","districtName":""},{"cityName":"Wang Hang","countryName":"Hong Kong","localeCode":"en","districtName":""},{"cityName":"Wang Che","countryName":"Hong Kong","localeCode":"en","districtName":""},{"cityName":"Wan Chai","countryName":"Hong Kong","localeCode":"en","districtName":""},{"cityName":"Wa Mei Shan","countryName":"Hong Kong","localeCode":"en","districtName":""},{"cityName":"Wai Tsai","countryName":"Hong Kong","localeCode":"en","districtName":""},{"cityName":"Wai Tau Tsuen","countryName":"Hong Kong","localeCode":"en","districtName":""},{"cityName":"Wai Ha","countryName":"Hong Kong","localeCode":"en","districtName":""},{"cityName":"Wah Fu","countryName":"Hong Kong","localeCode":"en","districtName":""},{"cityName":"Upper Keung Shan","countryName":"Hong Kong","localeCode":"en","districtName":""},{"cityName":"Uk Tau","countryName":"Hong Kong","localeCode":"en","districtName":""},{"cityName":"Uk Cheung","countryName":"Hong Kong","localeCode":"en","districtName":""},{"cityName":"Tung Wan Tau","countryName":"Hong Kong","localeCode":"en","districtName":""},{"cityName":"Tung Wan","countryName":"Hong Kong","localeCode":"en","districtName":""},{"cityName":"Tung Tsz","countryName":"Hong Kong","localeCode":"en","districtName":""},{"cityName":"Tung Tau Tsuen","countryName":"Hong Kong","localeCode":"en","districtName":""},{"cityName":"Tung Shing Lei","countryName":"Hong Kong","localeCode":"en","districtName":""},{"cityName":"Tung Shan Ha","countryName":"Hong Kong","localeCode":"en","districtName":""},{"cityName":"Tung Sam Kei","countryName":"Hong Kong","localeCode":"en","districtName":""},{"cityName":"Tung O","countryName":"Hong Kong","localeCode":"en","districtName":""},{"cityName":"Causeway Bay","countryName":"Hong Kong","localeCode":"en","districtName":""},{"cityName":"Tung Lo Wan","countryName":"Hong Kong","localeCode":"en","districtName":""},{"cityName":"Tung Kok Wai","countryName":"Hong Kong","localeCode":"en","districtName":""},{"cityName":"Tung Hing","countryName":"Hong Kong","localeCode":"en","districtName":""},{"cityName":"Tung Chan Wai","countryName":"Hong Kong","localeCode":"en","districtName":""},{"cityName":"Tuk Mei Chung","countryName":"Hong Kong","localeCode":"en","districtName":""},{"cityName":"Tuen Tsz Wai","countryName":"Hong Kong","localeCode":"en","districtName":""},{"cityName":"Tuen Mun San Hui","countryName":"Hong Kong","localeCode":"en","districtName":""},{"cityName":"Tuen Mun Kau Hui","countryName":"Hong Kong","localeCode":"en","districtName":""},{"cityName":"Tuen Mun","countryName":"Hong Kong","localeCode":"en","districtName":""},{"cityName":"Tsz Wan Shan","countryName":"Hong Kong","localeCode":"en","districtName":""},{"cityName":"Tsz Tong Tsuen","countryName":"Hong Kong","localeCode":"en","districtName":""},{"cityName":"Tsz Tin Tsuen","countryName":"Hong Kong","localeCode":"en","districtName":""},{"cityName":"Tsung Yuen Ha","countryName":"Hong Kong","localeCode":"en","districtName":""},{"cityName":"Tsung Yuen","countryName":"Hong Kong","localeCode":"en","districtName":""},{"cityName":"Tsung Tsai Yuen","countryName":"Hong Kong","localeCode":"en","districtName":""},{"cityName":"Tsung Tau Ha","countryName":"Hong Kong","localeCode":"en","districtName":""},{"cityName":"Tsung Pak Long","countryName":"Hong Kong","localeCode":"en","districtName":""},{"cityName":"Tso Wo Hang","countryName":"Hong Kong","localeCode":"en","districtName":""},{"cityName":"Tso Wan","countryName":"Hong Kong","localeCode":"en","districtName":""},{"cityName":"Tso Tui Ha","countryName":"Hong Kong","localeCode":"en","districtName":""},{"cityName":"Tso Kung Tam","countryName":"Hong Kong","localeCode":"en","districtName":""},{"cityName":"Tsok Pok Hang","countryName":"Hong Kong","localeCode":"en","districtName":""},{"cityName":"Tsoi Yuen Tsuen","countryName":"Hong Kong","localeCode":"en","districtName":""},{"cityName":"Tsoi Yuen Kok","countryName":"Hong Kong","localeCode":"en","districtName":""},{"cityName":"Tsiu Wo","countryName":"Hong Kong","localeCode":"en","districtName":""},{"cityName":"Tsiu Lung","countryName":"Hong Kong","localeCode":"en","districtName":""},{"cityName":"Tsiu Lam","countryName":"Hong Kong","localeCode":"en","districtName":""},{"cityName":"Tsiu Keng Pang Uk","countryName":"Hong Kong","localeCode":"en","districtName":""},{"cityName":"Tsiu Keng Lo Wai","countryName":"Hong Kong","localeCode":"en","districtName":""},{"cityName":"Tsiu Hang Hau","countryName":"Hong Kong","localeCode":"en","districtName":""},{"cityName":"Tsiu Hang","countryName":"Hong Kong","localeCode":"en","districtName":""},{"cityName":"Tsin Yue Wan","countryName":"Hong Kong","localeCode":"en","districtName":""},{"cityName":"Repulse Bay","countryName":"Hong Kong","localeCode":"en","districtName":""},{"cityName":"Tsin Shui Ma Tau","countryName":"Hong Kong","localeCode":"en","districtName":""},{"cityName":"Tsing Yi Town","countryName":"Hong Kong","localeCode":"en","districtName":""},{"cityName":"Tsing Shan Tsuen","countryName":"Hong Kong","localeCode":"en","districtName":""},{"cityName":"Tsing Lung Tsuen","countryName":"Hong Kong","localeCode":"en","districtName":""},{"cityName":"Tsing Lung Tau","countryName":"Hong Kong","localeCode":"en","districtName":""},{"cityName":"Tsing Leng Tsui","countryName":"Hong Kong","localeCode":"en","districtName":""},{"cityName":"Tsing Fai Tong","countryName":"Hong Kong","localeCode":"en","districtName":""},{"cityName":"Tsing Chuen Wai","countryName":"Hong Kong","localeCode":"en","districtName":""},{"cityName":"Tsing Chau Wan","countryName":"Hong Kong","localeCode":"en","districtName":""},{"cityName":"Tsing Chau Tsai","countryName":"Hong Kong","localeCode":"en","districtName":""},{"cityName":"Tsim Sha Tsui","countryName":"Hong Kong","localeCode":"en","districtName":""},{"cityName":"Tseung Kwan O","countryName":"Hong Kong","localeCode":"en","districtName":""},{"cityName":"Tseung Kong Wai","countryName":"Hong Kong","localeCode":"en","districtName":""},{"cityName":"Tseng Tau Wai","countryName":"Hong Kong","localeCode":"en","districtName":""},{"cityName":"Tseng Tau San Tsuen","countryName":"Hong Kong","localeCode":"en","districtName":""},{"cityName":"Tseng Tau","countryName":"Hong Kong","localeCode":"en","districtName":""},{"cityName":"Tseng Lan Shue","countryName":"Hong Kong","localeCode":"en","districtName":""},{"cityName":"Tsat Sing Kong","countryName":"Hong Kong","localeCode":"en","districtName":""},{"cityName":"Tsang Tai Uk","countryName":"Hong Kong","localeCode":"en","districtName":""},{"cityName":"Tsang Tsui","countryName":"Hong Kong","localeCode":"en","districtName":""},{"cityName":"Tsam Chuk Wan","countryName":"Hong Kong","localeCode":"en","districtName":""},{"cityName":"Tsak Yue Wu","countryName":"Hong Kong","localeCode":"en","districtName":""},{"cityName":"To Yuen Wai","countryName":"Hong Kong","localeCode":"en","districtName":""},{"cityName":"To Yuen Tung","countryName":"Hong Kong","localeCode":"en","districtName":""},{"cityName":"To Tei Wan","countryName":"Hong Kong","localeCode":"en","districtName":""},{"cityName":"To Tau","countryName":"Hong Kong","localeCode":"en","districtName":""},{"cityName":"To Shek","countryName":"Hong Kong","localeCode":"en","districtName":""},{"cityName":"Tong Yan San Tsuen","countryName":"Hong Kong","localeCode":"en","districtName":""},{"cityName":"Tong To","countryName":"Hong Kong","localeCode":"en","districtName":""},{"cityName":"Tong Tau Po","countryName":"Hong Kong","localeCode":"en","districtName":""},{"cityName":"Tong Min Tsuen","countryName":"Hong Kong","localeCode":"en","districtName":""},{"cityName":"Tong Kung Leng","countryName":"Hong Kong","localeCode":"en","districtName":""},{"cityName":"Tong Kai Tseng","countryName":"Hong Kong","localeCode":"en","districtName":""},{"cityName":"Tong Hang","countryName":"Hong Kong","localeCode":"en","districtName":""},{"cityName":"Tong Fuk","countryName":"Hong Kong","localeCode":"en","districtName":""},{"cityName":"Tong Fong Tsuen","countryName":"Hong Kong","localeCode":"en","districtName":""},{"cityName":"Tong Fong","countryName":"Hong Kong","localeCode":"en","districtName":""},{"cityName":"To Kwa Wan","countryName":"Hong Kong","localeCode":"en","districtName":""},{"cityName":"To Kwa Peng","countryName":"Hong Kong","localeCode":"en","districtName":""},{"cityName":"To Fung Shan","countryName":"Hong Kong","localeCode":"en","districtName":""},{"cityName":"Tiu Keng Leng","countryName":"Hong Kong","localeCode":"en","districtName":""},{"cityName":"Tit Kim Hang","countryName":"Hong Kong","localeCode":"en","districtName":""},{"cityName":"Tit Hang","countryName":"Hong Kong","localeCode":"en","districtName":""},{"cityName":"Tin Wan Resettlement Estate","countryName":"Hong Kong","localeCode":"en","districtName":""},{"cityName":"Tin Shui Wai","countryName":"Hong Kong","localeCode":"en","districtName":""},{"cityName":"Tin Sam","countryName":"Hong Kong","localeCode":"en","districtName":""},{"cityName":"Tin Liu Tsuen","countryName":"Hong Kong","localeCode":"en","districtName":""},{"cityName":"Tin Liu Ha","countryName":"Hong Kong","localeCode":"en","districtName":""},{"cityName":"Tin Liu","countryName":"Hong Kong","localeCode":"en","districtName":""},{"cityName":"Tin Ha Wan","countryName":"Hong Kong","localeCode":"en","districtName":""},{"cityName":"Tin Hau Miu","countryName":"Hong Kong","localeCode":"en","districtName":""},{"cityName":"Ting Kok","countryName":"Hong Kong","localeCode":"en","districtName":""},{"cityName":"Ting Kau","countryName":"Hong Kong","localeCode":"en","districtName":""},{"cityName":"Tin Fu Tsai","countryName":"Hong Kong","localeCode":"en","districtName":""},{"cityName":"Tei Tong Tsui","countryName":"Hong Kong","localeCode":"en","districtName":""},{"cityName":"Tei Tong Tsai","countryName":"Hong Kong","localeCode":"en","districtName":""},{"cityName":"Ta Tit Yan","countryName":"Hong Kong","localeCode":"en","districtName":""},{"cityName":"Ta Shek Wu","countryName":"Hong Kong","localeCode":"en","districtName":""},{"cityName":"Tap Mun Shi","countryName":"Hong Kong","localeCode":"en","districtName":""},{"cityName":"Ta Pang Po","countryName":"Hong Kong","localeCode":"en","districtName":""},{"cityName":"Tan Shan Tsuen","countryName":"Hong Kong","localeCode":"en","districtName":""},{"cityName":"Tanner Hill Estate","countryName":"Hong Kong","localeCode":"en","districtName":""},{"cityName":"Tan Kwai Tsuen","countryName":"Hong Kong","localeCode":"en","districtName":""},{"cityName":"Tan Ka Wan","countryName":"Hong Kong","localeCode":"en","districtName":""},{"cityName":"Tan Chuk Hang Lo Wai","countryName":"Hong Kong","localeCode":"en","districtName":""},{"cityName":"Tan Chuk Hang","countryName":"Hong Kong","localeCode":"en","districtName":""},{"cityName":"Tan Cheung","countryName":"Hong Kong","localeCode":"en","districtName":""},{"cityName":"Tam Wat","countryName":"Hong Kong","localeCode":"en","districtName":""},{"cityName":"Tam Kon Shan","countryName":"Hong Kong","localeCode":"en","districtName":""},{"cityName":"Tam Kon Chau","countryName":"Hong Kong","localeCode":"en","districtName":""},{"cityName":"Tak Yuet Lau","countryName":"Hong Kong","localeCode":"en","districtName":""},{"cityName":"Tai Wo Ping","countryName":"Hong Kong","localeCode":"en","districtName":""},{"cityName":"Tai Wong Sheung","countryName":"Hong Kong","localeCode":"en","districtName":""},{"cityName":"Tai Wong Ha","countryName":"Hong Kong","localeCode":"en","districtName":""},{"cityName":"Tai Wo Hau","countryName":"Hong Kong","localeCode":"en","districtName":""},{"cityName":"Tai Wo","countryName":"Hong Kong","localeCode":"en","districtName":""},{"cityName":"Tai Wan To","countryName":"Hong Kong","localeCode":"en","districtName":""},{"cityName":"Tai Wan Tau","countryName":"Hong Kong","localeCode":"en","districtName":""},{"cityName":"Tai Wan San Tsuen","countryName":"Hong Kong","localeCode":"en","districtName":""},{"cityName":"Tai Wan Kau Tsuen","countryName":"Hong Kong","localeCode":"en","districtName":""},{"cityName":"Tai Wan","countryName":"Hong Kong","localeCode":"en","districtName":""},{"cityName":"Tai Wai","countryName":"Hong Kong","localeCode":"en","districtName":""},{"cityName":"Tai Uk Wai","countryName":"Hong Kong","localeCode":"en","districtName":""},{"cityName":"Tai Tung Wo Liu","countryName":"Hong Kong","localeCode":"en","districtName":""},{"cityName":"Tai Tung","countryName":"Hong Kong","localeCode":"en","districtName":""},{"cityName":"Tai Tsing Chau","countryName":"Hong Kong","localeCode":"en","districtName":""},{"cityName":"Tai Tseng Wai","countryName":"Hong Kong","localeCode":"en","districtName":""},{"cityName":"Tai Tong","countryName":"Hong Kong","localeCode":"en","districtName":""},{"cityName":"Tai Tei Tong","countryName":"Hong Kong","localeCode":"en","districtName":""},{"cityName":"Tai Tau Leng","countryName":"Hong Kong","localeCode":"en","districtName":""},{"cityName":"Tai Tan","countryName":"Hong Kong","localeCode":"en","districtName":""},{"cityName":"Tai Tam","countryName":"Hong Kong","localeCode":"en","districtName":""},{"cityName":"Tai Shui Hang","countryName":"Hong Kong","localeCode":"en","districtName":""},{"cityName":"Tai She Wan","countryName":"Hong Kong","localeCode":"en","districtName":""},{"cityName":"Tai Shek Hau","countryName":"Hong Kong","localeCode":"en","districtName":""},{"cityName":"Tai Shang Wai","countryName":"Hong Kong","localeCode":"en","districtName":""},{"cityName":"Tai Po Tsai","countryName":"Hong Kong","localeCode":"en","districtName":""},{"cityName":"Tai Po Tin","countryName":"Hong Kong","localeCode":"en","districtName":""},{"cityName":"Tai Po Tau Lo Wai","countryName":"Hong Kong","localeCode":"en","districtName":""},{"cityName":"Tai Po Tau","countryName":"Hong Kong","localeCode":"en","districtName":""},{"cityName":"Tai Po Mei","countryName":"Hong Kong","localeCode":"en","districtName":""},{"cityName":"Tai Po Kau San Wai","countryName":"Hong Kong","localeCode":"en","districtName":""},{"cityName":"Tai Po Kau Lo Wai","countryName":"Hong Kong","localeCode":"en","districtName":""},{"cityName":"Tai Po Kau","countryName":"Hong Kong","localeCode":"en","districtName":""},{"cityName":"Tai Po","countryName":"Hong Kong","localeCode":"en","districtName":""},{"cityName":"Tai Ping Shan","countryName":"Hong Kong","localeCode":"en","districtName":""},{"cityName":"Tai Peng","countryName":"Hong Kong","localeCode":"en","districtName":""},{"cityName":"Tai Pak","countryName":"Hong Kong","localeCode":"en","districtName":""},{"cityName":"Tai Om Shan","countryName":"Hong Kong","localeCode":"en","districtName":""},{"cityName":"Tai Om","countryName":"Hong Kong","localeCode":"en","districtName":""},{"cityName":"Tai O","countryName":"Hong Kong","localeCode":"en","districtName":""},{"cityName":"Tai No Sheung Yeung","countryName":"Hong Kong","localeCode":"en","districtName":""},{"cityName":"Tai No","countryName":"Hong Kong","localeCode":"en","districtName":""},{"cityName":"Tai Mong Tsai","countryName":"Hong Kong","localeCode":"en","districtName":""},{"cityName":"Tai Mong Che","countryName":"Hong Kong","localeCode":"en","districtName":""},{"cityName":"Tai Mei Tuk","countryName":"Hong Kong","localeCode":"en","districtName":""},{"cityName":"Tai Long Wan Cun","countryName":"Hong Kong","localeCode":"en","districtName":""},{"cityName":"Tai Long","countryName":"Hong Kong","localeCode":"en","districtName":""},{"cityName":"Tai Lin Pai","countryName":"Hong Kong","localeCode":"en","districtName":""},{"cityName":"Tai Lang Shui","countryName":"Hong Kong","localeCode":"en","districtName":""},{"cityName":"Tai Lam Wu","countryName":"Hong Kong","localeCode":"en","districtName":""},{"cityName":"Tai Lam Liu","countryName":"Hong Kong","localeCode":"en","districtName":""},{"cityName":"Tai Lam Chung Tsuen","countryName":"Hong Kong","localeCode":"en","districtName":""},{"cityName":"So Kwun Tan","countryName":"Hong Kong","localeCode":"en","districtName":""},{"cityName":"Tai Kong Po","countryName":"Hong Kong","localeCode":"en","districtName":""},{"cityName":"Tai Kok Tsui","countryName":"Hong Kong","localeCode":"en","districtName":""},{"cityName":"Tai Kek","countryName":"Hong Kong","localeCode":"en","districtName":""},{"cityName":"Tai Kei Leng","countryName":"Hong Kong","localeCode":"en","districtName":""},{"cityName":"Tai Kau","countryName":"Hong Kong","localeCode":"en","districtName":""},{"cityName":"Tai Hong Wai","countryName":"Hong Kong","localeCode":"en","districtName":""},{"cityName":"Tai Hong Tsuen","countryName":"Hong Kong","localeCode":"en","districtName":""},{"cityName":"Tai Hom Village","countryName":"Hong Kong","localeCode":"en","districtName":""},{"cityName":"Tai Hom","countryName":"Hong Kong","localeCode":"en","districtName":""},{"cityName":"Tai Ho","countryName":"Hong Kong","localeCode":"en","districtName":""},{"cityName":"Tai Hang Mei","countryName":"Hong Kong","localeCode":"en","districtName":""},{"cityName":"Tai Hang Hau","countryName":"Hong Kong","localeCode":"en","districtName":""},{"cityName":"Tai Hang","countryName":"Hong Kong","localeCode":"en","districtName":""},{"cityName":"Tai Chuen","countryName":"Hong Kong","localeCode":"en","districtName":""},{"cityName":"Tai Ching Cheung","countryName":"Hong Kong","localeCode":"en","districtName":""},{"cityName":"Tai Chik Sha","countryName":"Hong Kong","localeCode":"en","districtName":""},{"cityName":"Tai Che","countryName":"Hong Kong","localeCode":"en","districtName":""},{"cityName":"Tai Chau To","countryName":"Hong Kong","localeCode":"en","districtName":""},{"cityName":"Tai Au Mun","countryName":"Hong Kong","localeCode":"en","districtName":""},{"cityName":"Ta Ho Tun","countryName":"Hong Kong","localeCode":"en","districtName":""},{"cityName":"Sz Tsz Uk","countryName":"Hong Kong","localeCode":"en","districtName":""},{"cityName":"Sze Pak","countryName":"Hong Kong","localeCode":"en","districtName":""},{"cityName":"Sun Fung Wai","countryName":"Hong Kong","localeCode":"en","districtName":""},{"cityName":"Sui Lam","countryName":"Hong Kong","localeCode":"en","districtName":""},{"cityName":"So Lo Pun","countryName":"Hong Kong","localeCode":"en","districtName":""},{"cityName":"So Kwun Wat Tsuen","countryName":"Hong Kong","localeCode":"en","districtName":""},{"cityName":"So Kwun Wat","countryName":"Hong Kong","localeCode":"en","districtName":""},{"cityName":"So Kwun Po","countryName":"Hong Kong","localeCode":"en","districtName":""},{"cityName":"So Kon Po","countryName":"Hong Kong","localeCode":"en","districtName":""},{"cityName":"Sok Kwu Wan","countryName":"Hong Kong","localeCode":"en","districtName":""},{"cityName":"Siu Om Shan","countryName":"Hong Kong","localeCode":"en","districtName":""},{"cityName":"Siu Lek Yuen","countryName":"Hong Kong","localeCode":"en","districtName":""},{"cityName":"Siu Lang Shui","countryName":"Hong Kong","localeCode":"en","districtName":""},{"cityName":"Siu Kau","countryName":"Hong Kong","localeCode":"en","districtName":""},{"cityName":"Siu Hang Tsuen","countryName":"Hong Kong","localeCode":"en","districtName":""},{"cityName":"Siu Hang San Tsuen","countryName":"Hong Kong","localeCode":"en","districtName":""},{"cityName":"Siu Hang Hau","countryName":"Hong Kong","localeCode":"en","districtName":""},{"cityName":"Siu Chik Sha","countryName":"Hong Kong","localeCode":"en","districtName":""},{"cityName":"Siu A Chau Tsuen","countryName":"Hong Kong","localeCode":"en","districtName":""},{"cityName":"Sin Yan Tseng","countryName":"Hong Kong","localeCode":"en","districtName":""},{"cityName":"Sik Kong Wai","countryName":"Hong Kong","localeCode":"en","districtName":""},{"cityName":"Sik Kong Tsuen","countryName":"Hong Kong","localeCode":"en","districtName":""},{"cityName":"Shung Him Tong","countryName":"Hong Kong","localeCode":"en","districtName":""},{"cityName":"Shui Wo","countryName":"Hong Kong","localeCode":"en","districtName":""},{"cityName":"Shui Tsiu San Tsuen","countryName":"Hong Kong","localeCode":"en","districtName":""},{"cityName":"Shui Tsiu Lo Wai","countryName":"Hong Kong","localeCode":"en","districtName":""},{"cityName":"Shui Tseng Wan","countryName":"Hong Kong","localeCode":"en","districtName":""},{"cityName":"Shui Tsan Tin","countryName":"Hong Kong","localeCode":"en","districtName":""},{"cityName":"Shui Tin Tsuen","countryName":"Hong Kong","localeCode":"en","districtName":""},{"cityName":"Shui Tau","countryName":"Hong Kong","localeCode":"en","districtName":""},{"cityName":"Shui Pin Wai","countryName":"Hong Kong","localeCode":"en","districtName":""},{"cityName":"Shui Pin Tsuen","countryName":"Hong Kong","localeCode":"en","districtName":""},{"cityName":"Shui Mong Tin","countryName":"Hong Kong","localeCode":"en","districtName":""},{"cityName":"Shui Mei","countryName":"Hong Kong","localeCode":"en","districtName":""},{"cityName":"Shui Lau Tin","countryName":"Hong Kong","localeCode":"en","districtName":""},{"cityName":"Shui Hau","countryName":"Hong Kong","localeCode":"en","districtName":""},{"cityName":"Shuen Wan Lei Uk","countryName":"Hong Kong","localeCode":"en","districtName":""},{"cityName":"Shuen Wan Chim Uk","countryName":"Hong Kong","localeCode":"en","districtName":""},{"cityName":"Shuen Wan Chan Uk","countryName":"Hong Kong","localeCode":"en","districtName":""},{"cityName":"Shuen Wan","countryName":"Hong Kong","localeCode":"en","districtName":""},{"cityName":"Shouson Hill","countryName":"Hong Kong","localeCode":"en","districtName":""},{"cityName":"Shing Uk Tsuen","countryName":"Hong Kong","localeCode":"en","districtName":""},{"cityName":"Shing Uk","countryName":"Hong Kong","localeCode":"en","districtName":""},{"cityName":"Shing On","countryName":"Hong Kong","localeCode":"en","districtName":""},{"cityName":"Sheung Yuen Leng","countryName":"Hong Kong","localeCode":"en","districtName":""},{"cityName":"Sheung Yiu","countryName":"Hong Kong","localeCode":"en","districtName":""},{"cityName":"Sheung Yeung","countryName":"Hong Kong","localeCode":"en","districtName":""},{"cityName":"Sheung Yau Tin","countryName":"Hong Kong","localeCode":"en","districtName":""},{"cityName":"Sheung Wun Yiu","countryName":"Hong Kong","localeCode":"en","districtName":""},{"cityName":"Sheung Wong Yi Au","countryName":"Hong Kong","localeCode":"en","districtName":""},{"cityName":"Sheung Wo Hang","countryName":"Hong Kong","localeCode":"en","districtName":""},{"cityName":"Sheung Wan","countryName":"Hong Kong","localeCode":"en","districtName":""},{"cityName":"Sheung Tsuen Lai Ka Tsz","countryName":"Hong Kong","localeCode":"en","districtName":""},{"cityName":"Sheung Tsuen","countryName":"Hong Kong","localeCode":"en","districtName":""},{"cityName":"Sheung Tsat Muk Kiu","countryName":"Hong Kong","localeCode":"en","districtName":""},{"cityName":"Sheung Tong","countryName":"Hong Kong","localeCode":"en","districtName":""},{"cityName":"Sheung Tam Shui Hang","countryName":"Hong Kong","localeCode":"en","districtName":""},{"cityName":"Sheung Sz Wan","countryName":"Hong Kong","localeCode":"en","districtName":""},{"cityName":"Sheung Shui Wa Shan","countryName":"Hong Kong","localeCode":"en","districtName":""},{"cityName":"Sheung Shui Choi Yuen Tsuen","countryName":"Hong Kong","localeCode":"en","districtName":""},{"cityName":"Sheung Shui","countryName":"Hong Kong","localeCode":"en","districtName":""},{"cityName":"Sheung Shan Kai Wat","countryName":"Hong Kong","localeCode":"en","districtName":""},{"cityName":"Sheung San Wai","countryName":"Hong Kong","localeCode":"en","districtName":""},{"cityName":"Sheung Miu Tin","countryName":"Hong Kong","localeCode":"en","districtName":""},{"cityName":"Sheung Ling Pei","countryName":"Hong Kong","localeCode":"en","districtName":""},{"cityName":"Sheung Lau Wan","countryName":"Hong Kong","localeCode":"en","districtName":""},{"cityName":"Sheung Kwai Chung Wai","countryName":"Hong Kong","localeCode":"en","districtName":""},{"cityName":"Sheung Ko Tan","countryName":"Hong Kong","localeCode":"en","districtName":""},{"cityName":"Sheung Keng Hau","countryName":"Hong Kong","localeCode":"en","districtName":""},{"cityName":"Sheung Hoi Pa","countryName":"Hong Kong","localeCode":"en","districtName":""},{"cityName":"Sheung Fa Shan","countryName":"Hong Kong","localeCode":"en","districtName":""},{"cityName":"Sheung Chung Mei","countryName":"Hong Kong","localeCode":"en","districtName":""},{"cityName":"Sheung Chuk Yuen","countryName":"Hong Kong","localeCode":"en","districtName":""},{"cityName":"Sheung Cheung Wai","countryName":"Hong Kong","localeCode":"en","districtName":""},{"cityName":"Sheung Che","countryName":"Hong Kong","localeCode":"en","districtName":""},{"cityName":"She Tau","countryName":"Hong Kong","localeCode":"en","districtName":""},{"cityName":"She Shan","countryName":"Hong Kong","localeCode":"en","districtName":""},{"cityName":"Shek Wu Wai","countryName":"Hong Kong","localeCode":"en","districtName":""},{"cityName":"Shek Wu Tong","countryName":"Hong Kong","localeCode":"en","districtName":""},{"cityName":"Shek Wu Hui","countryName":"Hong Kong","localeCode":"en","districtName":""},{"cityName":"Shek Wai Kok","countryName":"Hong Kong","localeCode":"en","districtName":""},{"cityName":"Shek Tsai Po","countryName":"Hong Kong","localeCode":"en","districtName":""},{"cityName":"Shek Tong Tsui","countryName":"Hong Kong","localeCode":"en","districtName":""},{"cityName":"Shek Tau Wai","countryName":"Hong Kong","localeCode":"en","districtName":""},{"cityName":"Shek Po Tsuen","countryName":"Hong Kong","localeCode":"en","districtName":""},{"cityName":"Shek Pok Wai","countryName":"Hong Kong","localeCode":"en","districtName":""},{"cityName":"Shek Pik Au","countryName":"Hong Kong","localeCode":"en","districtName":""},{"cityName":"Shek Pan Tam","countryName":"Hong Kong","localeCode":"en","districtName":""},{"cityName":"Shek Pai Wan Resettlement Estate","countryName":"Hong Kong","localeCode":"en","districtName":""},{"cityName":"Shek Pai Tau","countryName":"Hong Kong","localeCode":"en","districtName":""},{"cityName":"Shek O Village","countryName":"Hong Kong","localeCode":"en","districtName":""},{"cityName":"Shek Mun Kap","countryName":"Hong Kong","localeCode":"en","districtName":""},{"cityName":"Shek Lung Tsai","countryName":"Hong Kong","localeCode":"en","districtName":""},{"cityName":"Shek Lei","countryName":"Hong Kong","localeCode":"en","districtName":""},{"cityName":"Shek Lau Tung","countryName":"Hong Kong","localeCode":"en","districtName":""},{"cityName":"Shek Lau Po","countryName":"Hong Kong","localeCode":"en","districtName":""},{"cityName":"Shek Kwu Lung","countryName":"Hong Kong","localeCode":"en","districtName":""},{"cityName":"Shek Kong","countryName":"Hong Kong","localeCode":"en","districtName":""},{"cityName":"Shek Kok Tsui","countryName":"Hong Kong","localeCode":"en","districtName":""},{"cityName":"Shek Kiu Tau","countryName":"Hong Kong","localeCode":"en","districtName":""},{"cityName":"Shek Kip Mei","countryName":"Hong Kong","localeCode":"en","districtName":""},{"cityName":"Shek Hang","countryName":"Hong Kong","localeCode":"en","districtName":""},{"cityName":"Shek Chung Au","countryName":"Hong Kong","localeCode":"en","districtName":""},{"cityName":"Shau Kei Wan","countryName":"Hong Kong","localeCode":"en","districtName":""},{"cityName":"Sha Tsiu","countryName":"Hong Kong","localeCode":"en","districtName":""},{"cityName":"Sha Tin Wai","countryName":"Hong Kong","localeCode":"en","districtName":""},{"cityName":"Sha Tin Tau","countryName":"Hong Kong","localeCode":"en","districtName":""},{"cityName":"Sha Tin","countryName":"Hong Kong","localeCode":"en","districtName":""},{"cityName":"Sha Tau Kok Tan Ka","countryName":"Hong Kong","localeCode":"en","districtName":""},{"cityName":"Sha Tau Kok","countryName":"Hong Kong","localeCode":"en","districtName":""},{"cityName":"Sha Tau","countryName":"Hong Kong","localeCode":"en","districtName":""},{"cityName":"Sha Po Ng Tsuen","countryName":"Hong Kong","localeCode":"en","districtName":""},{"cityName":"Sha Po Kong","countryName":"Hong Kong","localeCode":"en","districtName":""},{"cityName":"Sha Po","countryName":"Hong Kong","localeCode":"en","districtName":""},{"cityName":"Shap Long San Tsuen","countryName":"Hong Kong","localeCode":"en","districtName":""},{"cityName":"Shap Long Kau Tsuen","countryName":"Hong Kong","localeCode":"en","districtName":""},{"cityName":"Sha Pa","countryName":"Hong Kong","localeCode":"en","districtName":""},{"cityName":"Shan Tsui","countryName":"Hong Kong","localeCode":"en","districtName":""},{"cityName":"Shan Pui","countryName":"Hong Kong","localeCode":"en","districtName":""},{"cityName":"Shan Mei","countryName":"Hong Kong","localeCode":"en","districtName":""},{"cityName":"Shan Liu","countryName":"Hong Kong","localeCode":"en","districtName":""},{"cityName":"Shan Kai Wat","countryName":"Hong Kong","localeCode":"en","districtName":""},{"cityName":"Shan Ha Tsuen","countryName":"Hong Kong","localeCode":"en","districtName":""},{"cityName":"Shan Ha","countryName":"Hong Kong","localeCode":"en","districtName":""},{"cityName":"Sham Wat","countryName":"Hong Kong","localeCode":"en","districtName":""},{"cityName":"Sham Wan Tsuen","countryName":"Hong Kong","localeCode":"en","districtName":""},{"cityName":"Sham Tseng","countryName":"Hong Kong","localeCode":"en","districtName":""},{"cityName":"Sham Shui Po","countryName":"Hong Kong","localeCode":"en","districtName":""},{"cityName":"Sham Sek Tsuen","countryName":"Hong Kong","localeCode":"en","districtName":""},{"cityName":"Sham Chung","countryName":"Hong Kong","localeCode":"en","districtName":""},{"cityName":"Sha Lo Wan","countryName":"Hong Kong","localeCode":"en","districtName":""},{"cityName":"Sha Lo Tung Lo Wai","countryName":"Hong Kong","localeCode":"en","districtName":""},{"cityName":"Sha Ling","countryName":"Hong Kong","localeCode":"en","districtName":""},{"cityName":"Sha Lan","countryName":"Hong Kong","localeCode":"en","districtName":""},{"cityName":"Sha Kong Wai Tsai","countryName":"Hong Kong","localeCode":"en","districtName":""},{"cityName":"Sha Kong Wai","countryName":"Hong Kong","localeCode":"en","districtName":""},{"cityName":"Sha Kong Tsuen","countryName":"Hong Kong","localeCode":"en","districtName":""},{"cityName":"Sha Kong Miu","countryName":"Hong Kong","localeCode":"en","districtName":""},{"cityName":"Sha Kok Mei","countryName":"Hong Kong","localeCode":"en","districtName":""},{"cityName":"Sha Ha","countryName":"Hong Kong","localeCode":"en","districtName":""},{"cityName":"Sau Mau Ping","countryName":"Hong Kong","localeCode":"en","districtName":""},{"cityName":"San Wai Tsai","countryName":"Hong Kong","localeCode":"en","districtName":""},{"cityName":"San Wai","countryName":"Hong Kong","localeCode":"en","districtName":""},{"cityName":"San Uk Tsuen","countryName":"Hong Kong","localeCode":"en","districtName":""},{"cityName":"San Uk Tsai","countryName":"Hong Kong","localeCode":"en","districtName":""},{"cityName":"San Uk Ling","countryName":"Hong Kong","localeCode":"en","districtName":""},{"cityName":"San Uk Ha","countryName":"Hong Kong","localeCode":"en","districtName":""},{"cityName":"San Uk","countryName":"Hong Kong","localeCode":"en","districtName":""},{"cityName":"San Tsuen","countryName":"Hong Kong","localeCode":"en","districtName":""},{"cityName":"San Tong Po","countryName":"Hong Kong","localeCode":"en","districtName":""},{"cityName":"San Tong","countryName":"Hong Kong","localeCode":"en","districtName":""},{"cityName":"San Tin Wai","countryName":"Hong Kong","localeCode":"en","districtName":""},{"cityName":"San Tin San Wai","countryName":"Hong Kong","localeCode":"en","districtName":""},{"cityName":"San Tin Hang","countryName":"Hong Kong","localeCode":"en","districtName":""},{"cityName":"San Tin","countryName":"Hong Kong","localeCode":"en","districtName":""},{"cityName":"San Tau Yiu","countryName":"Hong Kong","localeCode":"en","districtName":""},{"cityName":"San Tau Kok","countryName":"Hong Kong","localeCode":"en","districtName":""},{"cityName":"San Tau","countryName":"Hong Kong","localeCode":"en","districtName":""},{"cityName":"San Shek Wan","countryName":"Hong Kong","localeCode":"en","districtName":""},{"cityName":"San Po Kong","countryName":"Hong Kong","localeCode":"en","districtName":""},{"cityName":"San Lung Wai","countryName":"Hong Kong","localeCode":"en","districtName":""},{"cityName":"San Lung Tsuen","countryName":"Hong Kong","localeCode":"en","districtName":""},{"cityName":"San Lei Uk Tsuen","countryName":"Hong Kong","localeCode":"en","districtName":""},{"cityName":"San Kwai Tin","countryName":"Hong Kong","localeCode":"en","districtName":""},{"cityName":"San Keng","countryName":"Hong Kong","localeCode":"en","districtName":""},{"cityName":"San Hing Tsuen","countryName":"Hong Kong","localeCode":"en","districtName":""},{"cityName":"San Hei Tsuen","countryName":"Hong Kong","localeCode":"en","districtName":""},{"cityName":"Sam Tung Uk","countryName":"Hong Kong","localeCode":"en","districtName":""},{"cityName":"Sam Tsuen","countryName":"Hong Kong","localeCode":"en","districtName":""},{"cityName":"Sam Shing Hui","countryName":"Hong Kong","localeCode":"en","districtName":""},{"cityName":"Sam Pak","countryName":"Hong Kong","localeCode":"en","districtName":""},{"cityName":"Sam Mun Tsai","countryName":"Hong Kong","localeCode":"en","districtName":""},{"cityName":"Sam Long Tsuen","countryName":"Hong Kong","localeCode":"en","districtName":""},{"cityName":"Sam Ka Tsuen","countryName":"Hong Kong","localeCode":"en","districtName":""},{"cityName":"Sam Fai Tin","countryName":"Hong Kong","localeCode":"en","districtName":""},{"cityName":"Sam Chuen","countryName":"Hong Kong","localeCode":"en","districtName":""},{"cityName":"Sam A Tsuen","countryName":"Hong Kong","localeCode":"en","districtName":""},{"cityName":"Sam A Chung","countryName":"Hong Kong","localeCode":"en","districtName":""},{"cityName":"Sai Ying Pun","countryName":"Hong Kong","localeCode":"en","districtName":""},{"cityName":"Sai Wan Ho","countryName":"Hong Kong","localeCode":"en","districtName":""},{"cityName":"Sai Wan Estate","countryName":"Hong Kong","localeCode":"en","districtName":""},{"cityName":"Sai Wan","countryName":"Hong Kong","localeCode":"en","districtName":""},{"cityName":"Sai Tsuen","countryName":"Hong Kong","localeCode":"en","districtName":""},{"cityName":"Sai Tso Wan","countryName":"Hong Kong","localeCode":"en","districtName":""},{"cityName":"Sai Tau Wai","countryName":"Hong Kong","localeCode":"en","districtName":""},{"cityName":"Sai Shan Tsuen","countryName":"Hong Kong","localeCode":"en","districtName":""},{"cityName":"Sai Shan","countryName":"Hong Kong","localeCode":"en","districtName":""},{"cityName":"Sai Pin Wai","countryName":"Hong Kong","localeCode":"en","districtName":""},{"cityName":"Sai O","countryName":"Hong Kong","localeCode":"en","districtName":""},{"cityName":"Sai Lau Kok","countryName":"Hong Kong","localeCode":"en","districtName":""},{"cityName":"Sai Kung Tuk","countryName":"Hong Kong","localeCode":"en","districtName":""},{"cityName":"Sai Kung","countryName":"Hong Kong","localeCode":"en","districtName":""},{"cityName":"Sai Keng","countryName":"Hong Kong","localeCode":"en","districtName":""},{"cityName":"Quarry Bay","countryName":"Hong Kong","localeCode":"en","districtName":""},{"cityName":"Pun Uk Tsuen","countryName":"Hong Kong","localeCode":"en","districtName":""},{"cityName":"Pun Shan Tsuen","countryName":"Hong Kong","localeCode":"en","districtName":""},{"cityName":"Pun Shan Chau","countryName":"Hong Kong","localeCode":"en","districtName":""},{"cityName":"Pun Chun Yuen","countryName":"Hong Kong","localeCode":"en","districtName":""},{"cityName":"Pui O","countryName":"Hong Kong","localeCode":"en","districtName":""},{"cityName":"Po Tong Ha","countryName":"Hong Kong","localeCode":"en","districtName":""},{"cityName":"Po Toi O","countryName":"Hong Kong","localeCode":"en","districtName":""},{"cityName":"Po Sam Pai","countryName":"Hong Kong","localeCode":"en","districtName":""},{"cityName":"Po Min","countryName":"Hong Kong","localeCode":"en","districtName":""},{"cityName":"Po Lo Shan","countryName":"Hong Kong","localeCode":"en","districtName":""},{"cityName":"Pok Wai","countryName":"Hong Kong","localeCode":"en","districtName":""},{"cityName":"Po Kat Tsai","countryName":"Hong Kong","localeCode":"en","districtName":""},{"cityName":"Po Chue Tam","countryName":"Hong Kong","localeCode":"en","districtName":""},{"cityName":"Ping Yeung","countryName":"Hong Kong","localeCode":"en","districtName":""},{"cityName":"Ping Tun","countryName":"Hong Kong","localeCode":"en","districtName":""},{"cityName":"Ping Shek","countryName":"Hong Kong","localeCode":"en","districtName":""},{"cityName":"Ping Shan Chai","countryName":"Hong Kong","localeCode":"en","districtName":""},{"cityName":"Ping Shan","countryName":"Hong Kong","localeCode":"en","districtName":""},{"cityName":"Ping Long","countryName":"Hong Kong","localeCode":"en","districtName":""},{"cityName":"Ping Kong","countryName":"Hong Kong","localeCode":"en","districtName":""},{"cityName":"Ping Che","countryName":"Hong Kong","localeCode":"en","districtName":""},{"cityName":"Pik Uk","countryName":"Hong Kong","localeCode":"en","districtName":""},{"cityName":"Peng Chau","countryName":"Hong Kong","localeCode":"en","districtName":""},{"cityName":"Pat Tsz Wo","countryName":"Hong Kong","localeCode":"en","districtName":""},{"cityName":"Pa Tau Kwu","countryName":"Hong Kong","localeCode":"en","districtName":""},{"cityName":"Pan Long Wan","countryName":"Hong Kong","localeCode":"en","districtName":""},{"cityName":"Pang Ka Tsuen","countryName":"Hong Kong","localeCode":"en","districtName":""},{"cityName":"Pan Chung San Tsuen","countryName":"Hong Kong","localeCode":"en","districtName":""},{"cityName":"Pan Chung","countryName":"Hong Kong","localeCode":"en","districtName":""},{"cityName":"Pak Wan","countryName":"Hong Kong","localeCode":"en","districtName":""},{"cityName":"Pak Wai","countryName":"Hong Kong","localeCode":"en","districtName":""},{"cityName":"Pak Tin Pa San Tsuen","countryName":"Hong Kong","localeCode":"en","districtName":""},{"cityName":"Pak Tin Pa","countryName":"Hong Kong","localeCode":"en","districtName":""},{"cityName":"Pak Tin","countryName":"Hong Kong","localeCode":"en","districtName":""},{"cityName":"Pak Tam Chung","countryName":"Hong Kong","localeCode":"en","districtName":""},{"cityName":"Pak Tam Au","countryName":"Hong Kong","localeCode":"en","districtName":""},{"cityName":"Pak Tam","countryName":"Hong Kong","localeCode":"en","districtName":""},{"cityName":"Pak Shin Kok","countryName":"Hong Kong","localeCode":"en","districtName":""},{"cityName":"Pak Shek Wo","countryName":"Hong Kong","localeCode":"en","districtName":""},{"cityName":"Pak Shek Kiu","countryName":"Hong Kong","localeCode":"en","districtName":""},{"cityName":"Pak Shek Au","countryName":"Hong Kong","localeCode":"en","districtName":""},{"cityName":"Pak Shek","countryName":"Hong Kong","localeCode":"en","districtName":""},{"cityName":"Pak Sha Wo Liu","countryName":"Hong Kong","localeCode":"en","districtName":""},{"cityName":"Pak Sha Tsuen","countryName":"Hong Kong","localeCode":"en","districtName":""},{"cityName":"Pak Sha Tsai","countryName":"Hong Kong","localeCode":"en","districtName":""},{"cityName":"Pak Sha Tau","countryName":"Hong Kong","localeCode":"en","districtName":""},{"cityName":"Pak Sha O Ha Yeung","countryName":"Hong Kong","localeCode":"en","districtName":""},{"cityName":"Pak Sha O","countryName":"Hong Kong","localeCode":"en","districtName":""},{"cityName":"Pak Ngau Shek","countryName":"Hong Kong","localeCode":"en","districtName":""},{"cityName":"Pak Ngan Heung","countryName":"Hong Kong","localeCode":"en","districtName":""},{"cityName":"Sheung Pak Nai","countryName":"Hong Kong","localeCode":"en","districtName":""},{"cityName":"Pak Mong","countryName":"Hong Kong","localeCode":"en","districtName":""},{"cityName":"Pak Long","countryName":"Hong Kong","localeCode":"en","districtName":""},{"cityName":"Pak Lap","countryName":"Hong Kong","localeCode":"en","districtName":""},{"cityName":"Pak Kung Au","countryName":"Hong Kong","localeCode":"en","districtName":""},{"cityName":"Pak Kong Au","countryName":"Hong Kong","localeCode":"en","districtName":""},{"cityName":"Pak Kong","countryName":"Hong Kong","localeCode":"en","districtName":""},{"cityName":"Pak Kok San Tsuen","countryName":"Hong Kong","localeCode":"en","districtName":""},{"cityName":"Pak Kok Kau Tsuen","countryName":"Hong Kong","localeCode":"en","districtName":""},{"cityName":"North Point","countryName":"Hong Kong","localeCode":"en","districtName":""},{"cityName":"Pak Kok","countryName":"Hong Kong","localeCode":"en","districtName":""},{"cityName":"Pak Kiu","countryName":"Hong Kong","localeCode":"en","districtName":""},{"cityName":"Pak Hok Chau","countryName":"Hong Kong","localeCode":"en","districtName":""},{"cityName":"Pak A","countryName":"Hong Kong","localeCode":"en","districtName":""},{"cityName":"Pai Tau Hang","countryName":"Hong Kong","localeCode":"en","districtName":""},{"cityName":"Pai Tau","countryName":"Hong Kong","localeCode":"en","districtName":""},{"cityName":"Pai Mun","countryName":"Hong Kong","localeCode":"en","districtName":""},{"cityName":"Pai Chong","countryName":"Hong Kong","localeCode":"en","districtName":""},{"cityName":"O Tau","countryName":"Hong Kong","localeCode":"en","districtName":""},{"cityName":"O Pui Lung","countryName":"Hong Kong","localeCode":"en","districtName":""},{"cityName":"On Lung Tsuen","countryName":"Hong Kong","localeCode":"en","districtName":""},{"cityName":"On Lok Tsuen","countryName":"Hong Kong","localeCode":"en","districtName":""},{"cityName":"North Point Estate","countryName":"Hong Kong","localeCode":"en","districtName":""},{"cityName":"Nim Yuen","countryName":"Hong Kong","localeCode":"en","districtName":""},{"cityName":"Nim Wan","countryName":"Hong Kong","localeCode":"en","districtName":""},{"cityName":"Nim Shue Wan Tsuen","countryName":"Hong Kong","localeCode":"en","districtName":""},{"cityName":"Nim Au","countryName":"Hong Kong","localeCode":"en","districtName":""},{"cityName":"Ng Uk Tsuen","countryName":"Hong Kong","localeCode":"en","districtName":""},{"cityName":"Ng Tung Chai","countryName":"Hong Kong","localeCode":"en","districtName":""},{"cityName":"Ngong Wo","countryName":"Hong Kong","localeCode":"en","districtName":""},{"cityName":"Ngong Shuen Au","countryName":"Hong Kong","localeCode":"en","districtName":""},{"cityName":"Ngong Ping","countryName":"Hong Kong","localeCode":"en","districtName":""},{"cityName":"Ng Ka Tsuen","countryName":"Hong Kong","localeCode":"en","districtName":""},{"cityName":"Nga Yiu Tau","countryName":"Hong Kong","localeCode":"en","districtName":""},{"cityName":"Nga Yiu Ha","countryName":"Hong Kong","localeCode":"en","districtName":""},{"cityName":"Ngau Wu Tok","countryName":"Hong Kong","localeCode":"en","districtName":""},{"cityName":"Ngau Tau Kok","countryName":"Hong Kong","localeCode":"en","districtName":""},{"cityName":"Ngau Tam Mei","countryName":"Hong Kong","localeCode":"en","districtName":""},{"cityName":"Ngau Shi Wu","countryName":"Hong Kong","localeCode":"en","districtName":""},{"cityName":"Ngau Pui Wo","countryName":"Hong Kong","localeCode":"en","districtName":""},{"cityName":"Ngau Pei Sha","countryName":"Hong Kong","localeCode":"en","districtName":""},{"cityName":"Ngau Liu Ha","countryName":"Hong Kong","localeCode":"en","districtName":""},{"cityName":"Ngau Liu","countryName":"Hong Kong","localeCode":"en","districtName":""},{"cityName":"Ngau Kwu Wan","countryName":"Hong Kong","localeCode":"en","districtName":""},{"cityName":"Ngau Kwu Long","countryName":"Hong Kong","localeCode":"en","districtName":""},{"cityName":"Ngau Kwo Tin","countryName":"Hong Kong","localeCode":"en","districtName":""},{"cityName":"Ngau Kok Wan","countryName":"Hong Kong","localeCode":"en","districtName":""},{"cityName":"Ngau Keng","countryName":"Hong Kong","localeCode":"en","districtName":""},{"cityName":"Ngau Hom Shek","countryName":"Hong Kong","localeCode":"en","districtName":""},{"cityName":"Ngau Hom Sha","countryName":"Hong Kong","localeCode":"en","districtName":""},{"cityName":"Ngau Hom","countryName":"Hong Kong","localeCode":"en","districtName":""},{"cityName":"Ngau Chi Wan","countryName":"Hong Kong","localeCode":"en","districtName":""},{"cityName":"Ngau Au","countryName":"Hong Kong","localeCode":"en","districtName":""},{"cityName":"Nga Tsin Wai","countryName":"Hong Kong","localeCode":"en","districtName":""},{"cityName":"Ngan Hang","countryName":"Hong Kong","localeCode":"en","districtName":""},{"cityName":"San Tung Chung Hang","countryName":"Hong Kong","localeCode":"en","districtName":""},{"cityName":"New Kowloon","countryName":"Hong Kong","localeCode":"en","districtName":""},{"cityName":"Nam Wa Po","countryName":"Hong Kong","localeCode":"en","districtName":""},{"cityName":"Nam Wan","countryName":"Hong Kong","localeCode":"en","districtName":""},{"cityName":"Nam Wai","countryName":"Hong Kong","localeCode":"en","districtName":""},{"cityName":"Nam She","countryName":"Hong Kong","localeCode":"en","districtName":""},{"cityName":"Nam Sha Po","countryName":"Hong Kong","localeCode":"en","districtName":""},{"cityName":"Nam Shan Tung","countryName":"Hong Kong","localeCode":"en","districtName":""},{"cityName":"Nam Shan Mei","countryName":"Hong Kong","localeCode":"en","districtName":""},{"cityName":"Nam Shan","countryName":"Hong Kong","localeCode":"en","districtName":""},{"cityName":"Nam Pin Wai","countryName":"Hong Kong","localeCode":"en","districtName":""},{"cityName":"Nam On Fong","countryName":"Hong Kong","localeCode":"en","districtName":""},{"cityName":"Nam Long","countryName":"Hong Kong","localeCode":"en","districtName":""},{"cityName":"Nam Hang","countryName":"Hong Kong","localeCode":"en","districtName":""},{"cityName":"Nam Fung Wan","countryName":"Hong Kong","localeCode":"en","districtName":""},{"cityName":"Nam Fung Chau","countryName":"Hong Kong","localeCode":"en","districtName":""},{"cityName":"Nam Chung Yeung Uk","countryName":"Hong Kong","localeCode":"en","districtName":""},{"cityName":"Nam Chung Lo Uk","countryName":"Hong Kong","localeCode":"en","districtName":""},{"cityName":"Nam Chung Lei Uk","countryName":"Hong Kong","localeCode":"en","districtName":""},{"cityName":"Nam Chung Lam Uk","countryName":"Hong Kong","localeCode":"en","districtName":""},{"cityName":"Nam Chung Cheung Uk","countryName":"Hong Kong","localeCode":"en","districtName":""},{"cityName":"Nam Chung Cheng Uk","countryName":"Hong Kong","localeCode":"en","districtName":""},{"cityName":"Nam Chung","countryName":"Hong Kong","localeCode":"en","districtName":""},{"cityName":"Nam A","countryName":"Hong Kong","localeCode":"en","districtName":""},{"cityName":"Nai Wai","countryName":"Hong Kong","localeCode":"en","districtName":""},{"cityName":"Nai Tong Kok","countryName":"Hong Kong","localeCode":"en","districtName":""},{"cityName":"Nai Chung","countryName":"Hong Kong","localeCode":"en","districtName":""},{"cityName":"Muk Wu Chuen Yiu","countryName":"Hong Kong","localeCode":"en","districtName":""},{"cityName":"Muk Wu","countryName":"Hong Kong","localeCode":"en","districtName":""},{"cityName":"Muk Min Tau","countryName":"Hong Kong","localeCode":"en","districtName":""},{"cityName":"Muk Min Shan","countryName":"Hong Kong","localeCode":"en","districtName":""},{"cityName":"Muk Min Ha","countryName":"Hong Kong","localeCode":"en","districtName":""},{"cityName":"Muk Kiu Tau","countryName":"Hong Kong","localeCode":"en","districtName":""},{"cityName":"Mui Wo Kau Tsuen","countryName":"Hong Kong","localeCode":"en","districtName":""},{"cityName":"Mui Tsz Lam","countryName":"Hong Kong","localeCode":"en","districtName":""},{"cityName":"Mui Shue Hang","countryName":"Hong Kong","localeCode":"en","districtName":""},{"cityName":"Mount Davis","countryName":"Hong Kong","localeCode":"en","districtName":""},{"cityName":"Mo To Tang","countryName":"Hong Kong","localeCode":"en","districtName":""},{"cityName":"Mo Tat Wan","countryName":"Hong Kong","localeCode":"en","districtName":""},{"cityName":"Mo Tat","countryName":"Hong Kong","localeCode":"en","districtName":""},{"cityName":"Morrison Hill","countryName":"Hong Kong","localeCode":"en","districtName":""},{"cityName":"Mong Tung Hang","countryName":"Hong Kong","localeCode":"en","districtName":""},{"cityName":"Mong Tseng Wai","countryName":"Hong Kong","localeCode":"en","districtName":""},{"cityName":"Sha Kiu Tsuen","countryName":"Hong Kong","localeCode":"en","districtName":""},{"cityName":"Mong Kok","countryName":"Hong Kong","localeCode":"en","districtName":""},{"cityName":"Mok Tse Che","countryName":"Hong Kong","localeCode":"en","districtName":""},{"cityName":"Mok Ka","countryName":"Hong Kong","localeCode":"en","districtName":""},{"cityName":"Min Fong","countryName":"Hong Kong","localeCode":"en","districtName":""},{"cityName":"Mid Levels","countryName":"Hong Kong","localeCode":"en","districtName":""},{"cityName":"Ma Yiu","countryName":"Hong Kong","localeCode":"en","districtName":""},{"cityName":"Ma Yin Tung Pai Chong","countryName":"Hong Kong","localeCode":"en","districtName":""},{"cityName":"Ma Yau Tong","countryName":"Hong Kong","localeCode":"en","districtName":""},{"cityName":"Ma Wo","countryName":"Hong Kong","localeCode":"en","districtName":""},{"cityName":"Ma Wat Wai","countryName":"Hong Kong","localeCode":"en","districtName":""},{"cityName":"Ma Wat Tsuen","countryName":"Hong Kong","localeCode":"en","districtName":""},{"cityName":"Ma Wan Tsuen","countryName":"Hong Kong","localeCode":"en","districtName":""},{"cityName":"Ma Wan Chung","countryName":"Hong Kong","localeCode":"en","districtName":""},{"cityName":"Ma Wan","countryName":"Hong Kong","localeCode":"en","districtName":""},{"cityName":"Mau Wu Tsai","countryName":"Hong Kong","localeCode":"en","districtName":""},{"cityName":"Mau Tso Ngam","countryName":"Hong Kong","localeCode":"en","districtName":""},{"cityName":"Mau Tin","countryName":"Hong Kong","localeCode":"en","districtName":""},{"cityName":"Mau Po","countryName":"Hong Kong","localeCode":"en","districtName":""},{"cityName":"Mau Ping San Uk","countryName":"Hong Kong","localeCode":"en","districtName":""},{"cityName":"Mau Ping Lo Uk","countryName":"Hong Kong","localeCode":"en","districtName":""},{"cityName":"Mau Ping","countryName":"Hong Kong","localeCode":"en","districtName":""},{"cityName":"Ma Tso Lung San Tsuen","countryName":"Hong Kong","localeCode":"en","districtName":""},{"cityName":"Ma Tso Lung","countryName":"Hong Kong","localeCode":"en","districtName":""},{"cityName":"Ma Tseuk Leng San Uk Ha","countryName":"Hong Kong","localeCode":"en","districtName":""},{"cityName":"Ma Tseuk Leng","countryName":"Hong Kong","localeCode":"en","districtName":""},{"cityName":"Ma Tin Tsuen","countryName":"Hong Kong","localeCode":"en","districtName":""},{"cityName":"Ma Tau Wai","countryName":"Hong Kong","localeCode":"en","districtName":""},{"cityName":"Ma Tau Kok","countryName":"Hong Kong","localeCode":"en","districtName":""},{"cityName":"Ma Shi Po","countryName":"Hong Kong","localeCode":"en","districtName":""},{"cityName":"Ma Shan","countryName":"Hong Kong","localeCode":"en","districtName":""},{"cityName":"Ma Po Mei","countryName":"Hong Kong","localeCode":"en","districtName":""},{"cityName":"Ma On Shan Tsuen","countryName":"Hong Kong","localeCode":"en","districtName":""},{"cityName":"Ma On Kong","countryName":"Hong Kong","localeCode":"en","districtName":""},{"cityName":"Man Wo","countryName":"Hong Kong","localeCode":"en","districtName":""},{"cityName":"Man Uk Pin","countryName":"Hong Kong","localeCode":"en","districtName":""},{"cityName":"Man Kok","countryName":"Hong Kong","localeCode":"en","districtName":""},{"cityName":"Man Kam To","countryName":"Hong Kong","localeCode":"en","districtName":""},{"cityName":"Ma Niu Shui","countryName":"Hong Kong","localeCode":"en","districtName":""},{"cityName":"Ma Niu","countryName":"Hong Kong","localeCode":"en","districtName":""},{"cityName":"Man Hang","countryName":"Hong Kong","localeCode":"en","districtName":""},{"cityName":"Mang Tong","countryName":"Hong Kong","localeCode":"en","districtName":""},{"cityName":"Mang Kung Uk","countryName":"Hong Kong","localeCode":"en","districtName":""},{"cityName":"Man Cheung Po","countryName":"Hong Kong","localeCode":"en","districtName":""},{"cityName":"Ma Nam Wat","countryName":"Hong Kong","localeCode":"en","districtName":""},{"cityName":"Ma Mei Ha Leng Tsui","countryName":"Hong Kong","localeCode":"en","districtName":""},{"cityName":"Ma Mei Ha","countryName":"Hong Kong","localeCode":"en","districtName":""},{"cityName":"Ma Liu Shui","countryName":"Hong Kong","localeCode":"en","districtName":""},{"cityName":"Ma Kwu Lam","countryName":"Hong Kong","localeCode":"en","districtName":""},{"cityName":"Mak Uk","countryName":"Hong Kong","localeCode":"en","districtName":""},{"cityName":"Mai Po San Tsuen","countryName":"Hong Kong","localeCode":"en","districtName":""},{"cityName":"Mai Po Lo Wai","countryName":"Hong Kong","localeCode":"en","districtName":""},{"cityName":"Lung Yeuk Tau","countryName":"Hong Kong","localeCode":"en","districtName":""},{"cityName":"Lung Wo Tsuen","countryName":"Hong Kong","localeCode":"en","districtName":""},{"cityName":"Lung Tseng Tau","countryName":"Hong Kong","localeCode":"en","districtName":""},{"cityName":"Lung Tsai","countryName":"Hong Kong","localeCode":"en","districtName":""},{"cityName":"Lung Tin Tsuen","countryName":"Hong Kong","localeCode":"en","districtName":""},{"cityName":"Lung Mei Tau","countryName":"Hong Kong","localeCode":"en","districtName":""},{"cityName":"Lung Mei","countryName":"Hong Kong","localeCode":"en","districtName":""},{"cityName":"Lung A Pai","countryName":"Hong Kong","localeCode":"en","districtName":""},{"cityName":"Luk Wu","countryName":"Hong Kong","localeCode":"en","districtName":""},{"cityName":"Luk Tei Tong","countryName":"Hong Kong","localeCode":"en","districtName":""},{"cityName":"Luk Keng Wong Uk","countryName":"Hong Kong","localeCode":"en","districtName":""},{"cityName":"Luk Keng Chan Uk","countryName":"Hong Kong","localeCode":"en","districtName":""},{"cityName":"Luk Keng","countryName":"Hong Kong","localeCode":"en","districtName":""},{"cityName":"Luk Chau","countryName":"Hong Kong","localeCode":"en","districtName":""},{"cityName":"Luen Wo San Tsuen","countryName":"Hong Kong","localeCode":"en","districtName":""},{"cityName":"Luen Wo Market","countryName":"Hong Kong","localeCode":"en","districtName":""},{"cityName":"Lo Wu","countryName":"Hong Kong","localeCode":"en","districtName":""},{"cityName":"Lower Keung Shan","countryName":"Hong Kong","localeCode":"en","districtName":""},{"cityName":"Lo Wai","countryName":"Hong Kong","localeCode":"en","districtName":""},{"cityName":"Lo Uk Tsuen","countryName":"Hong Kong","localeCode":"en","districtName":""},{"cityName":"Lo Uk","countryName":"Hong Kong","localeCode":"en","districtName":""},{"cityName":"Lo Tsz Tin","countryName":"Hong Kong","localeCode":"en","districtName":""},{"cityName":"Lo Tik Wan","countryName":"Hong Kong","localeCode":"en","districtName":""},{"cityName":"Lo So Shing","countryName":"Hong Kong","localeCode":"en","districtName":""},{"cityName":"Lo Shue Tin","countryName":"Hong Kong","localeCode":"en","districtName":""},{"cityName":"Lo Shue Ling","countryName":"Hong Kong","localeCode":"en","districtName":""},{"cityName":"Long Mei","countryName":"Hong Kong","localeCode":"en","districtName":""},{"cityName":"Long Keng","countryName":"Hong Kong","localeCode":"en","districtName":""},{"cityName":"Long Ke","countryName":"Hong Kong","localeCode":"en","districtName":""},{"cityName":"Lo Lau Uk","countryName":"Hong Kong","localeCode":"en","districtName":""},{"cityName":"Lok Wo Sha","countryName":"Hong Kong","localeCode":"en","districtName":""},{"cityName":"Lok Ma Chau","countryName":"Hong Kong","localeCode":"en","districtName":""},{"cityName":"Lok Lo Ha","countryName":"Hong Kong","localeCode":"en","districtName":""},{"cityName":"Lok Kang Po","countryName":"Hong Kong","localeCode":"en","districtName":""},{"cityName":"Loi Tung","countryName":"Hong Kong","localeCode":"en","districtName":""},{"cityName":"Lo Fu Ngam","countryName":"Hong Kong","localeCode":"en","districtName":""},{"cityName":"Liu To","countryName":"Hong Kong","localeCode":"en","districtName":""},{"cityName":"Liu Pok","countryName":"Hong Kong","localeCode":"en","districtName":""},{"cityName":"Lin Tong Mei Tsoi Yuen","countryName":"Hong Kong","localeCode":"en","districtName":""},{"cityName":"Lin Tong Mei","countryName":"Hong Kong","localeCode":"en","districtName":""},{"cityName":"Lin Ma Hang","countryName":"Hong Kong","localeCode":"en","districtName":""},{"cityName":"Ling Nam San Tsuen","countryName":"Hong Kong","localeCode":"en","districtName":""},{"cityName":"Lin Fa Tei","countryName":"Hong Kong","localeCode":"en","districtName":""},{"cityName":"Lin Au","countryName":"Hong Kong","localeCode":"en","districtName":""},{"cityName":"Leung Uk","countryName":"Hong Kong","localeCode":"en","districtName":""},{"cityName":"Leung Tin Tsuen","countryName":"Hong Kong","localeCode":"en","districtName":""},{"cityName":"Leung Shui Tseng","countryName":"Hong Kong","localeCode":"en","districtName":""},{"cityName":"Leung Shuen Wan","countryName":"Hong Kong","localeCode":"en","districtName":""},{"cityName":"Leung Fai Tin","countryName":"Hong Kong","localeCode":"en","districtName":""},{"cityName":"Leng Tsai","countryName":"Hong Kong","localeCode":"en","districtName":""},{"cityName":"Leng Pei Tsuen","countryName":"Hong Kong","localeCode":"en","districtName":""},{"cityName":"Lek Mei","countryName":"Hong Kong","localeCode":"en","districtName":""},{"cityName":"Lei Yue Mun","countryName":"Hong Kong","localeCode":"en","districtName":""},{"cityName":"Lei Uk Tsuen","countryName":"Hong Kong","localeCode":"en","districtName":""},{"cityName":"Lei Uk","countryName":"Hong Kong","localeCode":"en","districtName":""},{"cityName":"Leighton Hill","countryName":"Hong Kong","localeCode":"en","districtName":""},{"cityName":"Lau Shui Heung","countryName":"Hong Kong","localeCode":"en","districtName":""},{"cityName":"Lau Hang","countryName":"Hong Kong","localeCode":"en","districtName":""},{"cityName":"Lau Fau Sha","countryName":"Hong Kong","localeCode":"en","districtName":""},{"cityName":"Lap Wo Tsuen","countryName":"Hong Kong","localeCode":"en","districtName":""},{"cityName":"Lan Nai Wan Tsau Uk","countryName":"Hong Kong","localeCode":"en","districtName":""},{"cityName":"Lan Nai Wan Man Uk","countryName":"Hong Kong","localeCode":"en","districtName":""},{"cityName":"Lan Nai Wan Lei Uk","countryName":"Hong Kong","localeCode":"en","districtName":""},{"cityName":"Lan Nai Wan","countryName":"Hong Kong","localeCode":"en","districtName":""},{"cityName":"Lam Uk Wai","countryName":"Hong Kong","localeCode":"en","districtName":""},{"cityName":"Lam Tsuen San Tsuen","countryName":"Hong Kong","localeCode":"en","districtName":""},{"cityName":"Lam Tin","countryName":"Hong Kong","localeCode":"en","districtName":""},{"cityName":"Lam Tei","countryName":"Hong Kong","localeCode":"en","districtName":""},{"cityName":"Lam Hau","countryName":"Hong Kong","localeCode":"en","districtName":""},{"cityName":"Lam Che","countryName":"Hong Kong","localeCode":"en","districtName":""},{"cityName":"Lai Tau Shek","countryName":"Hong Kong","localeCode":"en","districtName":""},{"cityName":"Lai Pek Shan","countryName":"Hong Kong","localeCode":"en","districtName":""},{"cityName":"Lai Chi Yuen","countryName":"Hong Kong","localeCode":"en","districtName":""},{"cityName":"Lai Chi Wo","countryName":"Hong Kong","localeCode":"en","districtName":""},{"cityName":"Lai Chi Shan","countryName":"Hong Kong","localeCode":"en","districtName":""},{"cityName":"Lai Chi Kok","countryName":"Hong Kong","localeCode":"en","districtName":""},{"cityName":"Lai Chi Chong","countryName":"Hong Kong","localeCode":"en","districtName":""},{"cityName":"Kwu Tung","countryName":"Hong Kong","localeCode":"en","districtName":""},{"cityName":"Kwun Yam Shan","countryName":"Hong Kong","localeCode":"en","districtName":""},{"cityName":"Kwun Yam Keng","countryName":"Hong Kong","localeCode":"en","districtName":""},{"cityName":"Kwun Tong","countryName":"Hong Kong","localeCode":"en","districtName":""},{"cityName":"Kwun Hang","countryName":"Hong Kong","localeCode":"en","districtName":""},{"cityName":"Kwo Lo Wan","countryName":"Hong Kong","localeCode":"en","districtName":""},{"cityName":"Kwan Tei","countryName":"Hong Kong","localeCode":"en","districtName":""},{"cityName":"Kwai Tau Leng","countryName":"Hong Kong","localeCode":"en","districtName":""},{"cityName":"Kwai Po Lau","countryName":"Hong Kong","localeCode":"en","districtName":""},{"cityName":"Kwai Chung","countryName":"Hong Kong","localeCode":"en","districtName":""},{"cityName":"Kung Miu","countryName":"Hong Kong","localeCode":"en","districtName":""},{"cityName":"Kung Man Tsuen","countryName":"Hong Kong","localeCode":"en","districtName":""},{"cityName":"Kuk Po","countryName":"Hong Kong","localeCode":"en","districtName":""},{"cityName":"Kuk Liu","countryName":"Hong Kong","localeCode":"en","districtName":""},{"cityName":"Kowloon Tong","countryName":"Hong Kong","localeCode":"en","districtName":""},{"cityName":"Kowloon City","countryName":"Hong Kong","localeCode":"en","districtName":""},{"cityName":"Kowloon","countryName":"Hong Kong","localeCode":"en","districtName":""},{"cityName":"Ko Tong Ha Yeung","countryName":"Hong Kong","localeCode":"en","districtName":""},{"cityName":"Ko Tong","countryName":"Hong Kong","localeCode":"en","districtName":""},{"cityName":"Ko Tin Hom","countryName":"Hong Kong","localeCode":"en","districtName":""},{"cityName":"Kop Tong","countryName":"Hong Kong","localeCode":"en","districtName":""},{"cityName":"Ko Po Tsuen","countryName":"Hong Kong","localeCode":"en","districtName":""},{"cityName":"Ko Po","countryName":"Hong Kong","localeCode":"en","districtName":""},{"cityName":"Kon Hang","countryName":"Hong Kong","localeCode":"en","districtName":""},{"cityName":"Kong Tau Tsuen","countryName":"Hong Kong","localeCode":"en","districtName":""},{"cityName":"Kong Tau San Tsuen","countryName":"Hong Kong","localeCode":"en","districtName":""},{"cityName":"Kong Pui Tsuen","countryName":"Hong Kong","localeCode":"en","districtName":""},{"cityName":"Kong Ha","countryName":"Hong Kong","localeCode":"en","districtName":""},{"cityName":"Ko Long","countryName":"Hong Kong","localeCode":"en","districtName":""},{"cityName":"Kiu Tsui","countryName":"Hong Kong","localeCode":"en","districtName":""},{"cityName":"Kiu Tau Wai","countryName":"Hong Kong","localeCode":"en","districtName":""},{"cityName":"Kiu Tau","countryName":"Hong Kong","localeCode":"en","districtName":""},{"cityName":"Kiu Sai","countryName":"Hong Kong","localeCode":"en","districtName":""},{"cityName":"Kings Park","countryName":"Hong Kong","localeCode":"en","districtName":""},{"cityName":"Kik Yeung Tsuen","countryName":"Hong Kong","localeCode":"en","districtName":""},{"cityName":"Kennedy Town","countryName":"Hong Kong","localeCode":"en","districtName":""},{"cityName":"Keng Pang Ha","countryName":"Hong Kong","localeCode":"en","districtName":""},{"cityName":"Kei Pik Shan","countryName":"Hong Kong","localeCode":"en","districtName":""},{"cityName":"Kei Lun Wai","countryName":"Hong Kong","localeCode":"en","districtName":""},{"cityName":"Kei Ling Ha San Wai","countryName":"Hong Kong","localeCode":"en","districtName":""},{"cityName":"Kei Ling Ha Lo Wai","countryName":"Hong Kong","localeCode":"en","districtName":""},{"cityName":"Kau Wa Keng San Tsuen","countryName":"Hong Kong","localeCode":"en","districtName":""},{"cityName":"Kau Wa Keng","countryName":"Hong Kong","localeCode":"en","districtName":""},{"cityName":"Kau Tsin Uk","countryName":"Hong Kong","localeCode":"en","districtName":""},{"cityName":"Kau To","countryName":"Hong Kong","localeCode":"en","districtName":""},{"cityName":"Kau Tam Tso","countryName":"Hong Kong","localeCode":"en","districtName":""},{"cityName":"Kau Shi Wai","countryName":"Hong Kong","localeCode":"en","districtName":""},{"cityName":"Kau Shat Wan","countryName":"Hong Kong","localeCode":"en","districtName":""},{"cityName":"Kau San Tei","countryName":"Hong Kong","localeCode":"en","districtName":""},{"cityName":"Kau Sai","countryName":"Hong Kong","localeCode":"en","districtName":""},{"cityName":"Kau Man","countryName":"Hong Kong","localeCode":"en","districtName":""},{"cityName":"Kau Lung Hang San Wai","countryName":"Hong Kong","localeCode":"en","districtName":""},{"cityName":"Kau Lung Hang Lo Wai","countryName":"Hong Kong","localeCode":"en","districtName":""},{"cityName":"Kau Liu Ha","countryName":"Hong Kong","localeCode":"en","districtName":""},{"cityName":"Kau Lau Wan","countryName":"Hong Kong","localeCode":"en","districtName":""},{"cityName":"Kat O Sheung Wai","countryName":"Hong Kong","localeCode":"en","districtName":""},{"cityName":"Kat Hing Wai","countryName":"Hong Kong","localeCode":"en","districtName":""},{"cityName":"Kap Pin Long","countryName":"Hong Kong","localeCode":"en","districtName":""},{"cityName":"Kan Tau Wai","countryName":"Hong Kong","localeCode":"en","districtName":""},{"cityName":"Kan Tau Tsuen","countryName":"Hong Kong","localeCode":"en","districtName":""},{"cityName":"Kam Tsin Wai","countryName":"Hong Kong","localeCode":"en","districtName":""},{"cityName":"Kam Tsin","countryName":"Hong Kong","localeCode":"en","districtName":""},{"cityName":"Kam Tin Shi","countryName":"Hong Kong","localeCode":"en","districtName":""},{"cityName":"Kam Tin San Tsuen","countryName":"Hong Kong","localeCode":"en","districtName":""},{"cityName":"Kam Shan","countryName":"Hong Kong","localeCode":"en","districtName":""},{"cityName":"Kam Hing Wai","countryName":"Hong Kong","localeCode":"en","districtName":""},{"cityName":"Kam Chuk Pai","countryName":"Hong Kong","localeCode":"en","districtName":""},{"cityName":"Kak Tin","countryName":"Hong Kong","localeCode":"en","districtName":""},{"cityName":"Kak Hang Tun","countryName":"Hong Kong","localeCode":"en","districtName":""},{"cityName":"Kai Yi Wan","countryName":"Hong Kong","localeCode":"en","districtName":""},{"cityName":"Kai Leng","countryName":"Hong Kong","localeCode":"en","districtName":""},{"cityName":"Kai Kuk Shue Ha","countryName":"Hong Kong","localeCode":"en","districtName":""},{"cityName":"Kai Ham","countryName":"Hong Kong","localeCode":"en","districtName":""},{"cityName":"Jordan Valley","countryName":"Hong Kong","localeCode":"en","districtName":""},{"cityName":"Jardines Lookout","countryName":"Hong Kong","localeCode":"en","districtName":""},{"cityName":"Hung Uk Tsuen","countryName":"Hong Kong","localeCode":"en","districtName":""},{"cityName":"Hung Tso Tin","countryName":"Hong Kong","localeCode":"en","districtName":""},{"cityName":"Hung Tin","countryName":"Hong Kong","localeCode":"en","districtName":""},{"cityName":"Hung Shui","countryName":"Hong Kong","localeCode":"en","districtName":""},{"cityName":"Hung Shing Ye","countryName":"Hong Kong","localeCode":"en","districtName":""},{"cityName":"Hung Leng","countryName":"Hong Kong","localeCode":"en","districtName":""},{"cityName":"Hung Hom","countryName":"Hong Kong","localeCode":"en","districtName":""},{"cityName":"Hung Fa Ngan","countryName":"Hong Kong","localeCode":"en","districtName":""},{"cityName":"Ho Tung Lau","countryName":"Hong Kong","localeCode":"en","districtName":""},{"cityName":"Ho Tin","countryName":"Hong Kong","localeCode":"en","districtName":""},{"cityName":"Ho Sheung Heung","countryName":"Hong Kong","localeCode":"en","districtName":""},{"cityName":"Ho Pui","countryName":"Hong Kong","localeCode":"en","districtName":""},{"cityName":"Hong Mei Tsuen","countryName":"Hong Kong","localeCode":"en","districtName":""},{"cityName":"Hong Lok Yuen","countryName":"Hong Kong","localeCode":"en","districtName":""},{"cityName":"Hong Kong","countryName":"Hong Kong","localeCode":"en","districtName":""},{"cityName":"Ho Man Tin","countryName":"Hong Kong","localeCode":"en","districtName":""},{"cityName":"Holy Cross Path Village","countryName":"Hong Kong","localeCode":"en","districtName":""},{"cityName":"Ho Lek Pui","countryName":"Hong Kong","localeCode":"en","districtName":""},{"cityName":"Hok Tsui Wan","countryName":"Hong Kong","localeCode":"en","districtName":""},{"cityName":"Hok Tau Wai","countryName":"Hong Kong","localeCode":"en","districtName":""},{"cityName":"Hok Tau Pai","countryName":"Hong Kong","localeCode":"en","districtName":""},{"cityName":"Hoi Pui Leng","countryName":"Hong Kong","localeCode":"en","districtName":""},{"cityName":"Hoi Pa","countryName":"Hong Kong","localeCode":"en","districtName":""},{"cityName":"Hoi Ha","countryName":"Hong Kong","localeCode":"en","districtName":""},{"cityName":"Ho Chung","countryName":"Hong Kong","localeCode":"en","districtName":""},{"cityName":"Hin Tin","countryName":"Hong Kong","localeCode":"en","districtName":""},{"cityName":"Hing Wah Tsuen","countryName":"Hong Kong","localeCode":"en","districtName":""},{"cityName":"Hing Lung Tsuen","countryName":"Hong Kong","localeCode":"en","districtName":""},{"cityName":"Heung Yuen Wai","countryName":"Hong Kong","localeCode":"en","districtName":""},{"cityName":"Aberdeen","countryName":"Hong Kong","localeCode":"en","districtName":""},{"cityName":"Heung Fan Liu","countryName":"Hong Kong","localeCode":"en","districtName":""},{"cityName":"Heung Chung","countryName":"Hong Kong","localeCode":"en","districtName":""},{"cityName":"Hei Tsz Wan","countryName":"Hong Kong","localeCode":"en","districtName":""},{"cityName":"Ha Yuen Leng","countryName":"Hong Kong","localeCode":"en","districtName":""},{"cityName":"Ha Yeung","countryName":"Hong Kong","localeCode":"en","districtName":""},{"cityName":"Ha Yau Tin","countryName":"Hong Kong","localeCode":"en","districtName":""},{"cityName":"Ha Wun Yiu","countryName":"Hong Kong","localeCode":"en","districtName":""},{"cityName":"Ha Wong Yi Au","countryName":"Hong Kong","localeCode":"en","districtName":""},{"cityName":"Ha Wo Hang","countryName":"Hong Kong","localeCode":"en","districtName":""},{"cityName":"Ha Wan Tsuen","countryName":"Hong Kong","localeCode":"en","districtName":""},{"cityName":"Ha Wai","countryName":"Hong Kong","localeCode":"en","districtName":""},{"cityName":"Ha Tsuen Shi","countryName":"Hong Kong","localeCode":"en","districtName":""},{"cityName":"Ha Tsuen","countryName":"Hong Kong","localeCode":"en","districtName":""},{"cityName":"Ha Tsat Muk Kiu","countryName":"Hong Kong","localeCode":"en","districtName":""},{"cityName":"Ha Tei Ha","countryName":"Hong Kong","localeCode":"en","districtName":""},{"cityName":"Ha Tam Shui Hang","countryName":"Hong Kong","localeCode":"en","districtName":""},{"cityName":"Ha Shan Kai Wat","countryName":"Hong Kong","localeCode":"en","districtName":""},{"cityName":"Ha San Wai","countryName":"Hong Kong","localeCode":"en","districtName":""},{"cityName":"Happy Valley","countryName":"Hong Kong","localeCode":"en","districtName":""},{"cityName":"Hang Tau Tai Po","countryName":"Hong Kong","localeCode":"en","districtName":""},{"cityName":"Hang Tau","countryName":"Hong Kong","localeCode":"en","districtName":""},{"cityName":"Hang Pui","countryName":"Hong Kong","localeCode":"en","districtName":""},{"cityName":"Hang Mei Tsuen","countryName":"Hong Kong","localeCode":"en","districtName":""},{"cityName":"Hang Mei","countryName":"Hong Kong","localeCode":"en","districtName":""},{"cityName":"Hang Hau Tsuen","countryName":"Hong Kong","localeCode":"en","districtName":""},{"cityName":"Hang Hau Town","countryName":"Hong Kong","localeCode":"en","districtName":""},{"cityName":"Hang Ha Po","countryName":"Hong Kong","localeCode":"en","districtName":""},{"cityName":"Ham Tin","countryName":"Hong Kong","localeCode":"en","districtName":""},{"cityName":"Ha Miu Tin","countryName":"Hong Kong","localeCode":"en","districtName":""},{"cityName":"Ham Hang Mei","countryName":"Hong Kong","localeCode":"en","districtName":""},{"cityName":"Ha Mei San Tsuen","countryName":"Hong Kong","localeCode":"en","districtName":""},{"cityName":"Ha Loi Tung","countryName":"Hong Kong","localeCode":"en","districtName":""},{"cityName":"Ha Ling Pei","countryName":"Hong Kong","localeCode":"en","districtName":""},{"cityName":"Ha Kwai Chung","countryName":"Hong Kong","localeCode":"en","districtName":""},{"cityName":"Ha Ko Tan","countryName":"Hong Kong","localeCode":"en","districtName":""},{"cityName":"Ha Keng Hau","countryName":"Hong Kong","localeCode":"en","districtName":""},{"cityName":"Ha Keng","countryName":"Hong Kong","localeCode":"en","districtName":""},{"cityName":"Ha Heung Yuen","countryName":"Hong Kong","localeCode":"en","districtName":""},{"cityName":"Ha Hang","countryName":"Hong Kong","localeCode":"en","districtName":""},{"cityName":"Ha Fa Shan","countryName":"Hong Kong","localeCode":"en","districtName":""},{"cityName":"Ha Chung Mei","countryName":"Hong Kong","localeCode":"en","districtName":""},{"cityName":"Ha Chuk Yuen","countryName":"Hong Kong","localeCode":"en","districtName":""},{"cityName":"Ha Che","countryName":"Hong Kong","localeCode":"en","districtName":""},{"cityName":"Fu Yung Shan","countryName":"Hong Kong","localeCode":"en","districtName":""},{"cityName":"Fu Yung Pit","countryName":"Hong Kong","localeCode":"en","districtName":""},{"cityName":"Fu Tei Wan","countryName":"Hong Kong","localeCode":"en","districtName":""},{"cityName":"Fu Tei Pai","countryName":"Hong Kong","localeCode":"en","districtName":""},{"cityName":"Fu Tei Kok","countryName":"Hong Kong","localeCode":"en","districtName":""},{"cityName":"Fu Tei San Tsuen","countryName":"Hong Kong","localeCode":"en","districtName":""},{"cityName":"Fu Tau Wat","countryName":"Hong Kong","localeCode":"en","districtName":""},{"cityName":"Fu Tau Pun Chau","countryName":"Hong Kong","localeCode":"en","districtName":""},{"cityName":"Fung Yuen Lo Tsuen","countryName":"Hong Kong","localeCode":"en","districtName":""},{"cityName":"Fung Wong Wu","countryName":"Hong Kong","localeCode":"en","districtName":""},{"cityName":"Fung Wong Village","countryName":"Hong Kong","localeCode":"en","districtName":""},{"cityName":"Fung Shue Wo","countryName":"Hong Kong","localeCode":"en","districtName":""},{"cityName":"Fung Kong Tsuen","countryName":"Hong Kong","localeCode":"en","districtName":""},{"cityName":"Fung Ka Wai","countryName":"Hong Kong","localeCode":"en","districtName":""},{"cityName":"Fung Kat Heung","countryName":"Hong Kong","localeCode":"en","districtName":""},{"cityName":"Fung Hang","countryName":"Hong Kong","localeCode":"en","districtName":""},{"cityName":"Fung Chi Heung","countryName":"Hong Kong","localeCode":"en","districtName":""},{"cityName":"Fuk Tak Kung","countryName":"Hong Kong","localeCode":"en","districtName":""},{"cityName":"Fuk Lo Tsuen","countryName":"Hong Kong","localeCode":"en","districtName":""},{"cityName":"Fuk Lok Tsuen","countryName":"Hong Kong","localeCode":"en","districtName":""},{"cityName":"Fuk Hing Tsuen","countryName":"Hong Kong","localeCode":"en","districtName":""},{"cityName":"Fuk Hing Lei","countryName":"Hong Kong","localeCode":"en","districtName":""},{"cityName":"Fui Yiu Ha","countryName":"Hong Kong","localeCode":"en","districtName":""},{"cityName":"Fui Yiu","countryName":"Hong Kong","localeCode":"en","districtName":""},{"cityName":"Fui Sha Wai","countryName":"Hong Kong","localeCode":"en","districtName":""},{"cityName":"Fo Tan","countryName":"Hong Kong","localeCode":"en","districtName":""},{"cityName":"Fong Yuen","countryName":"Hong Kong","localeCode":"en","districtName":""},{"cityName":"Fong Pin Sho","countryName":"Hong Kong","localeCode":"en","districtName":""},{"cityName":"Fong Ma Po","countryName":"Hong Kong","localeCode":"en","districtName":""},{"cityName":"Fa Yuen","countryName":"Hong Kong","localeCode":"en","districtName":""},{"cityName":"Fa Sam Hang","countryName":"Hong Kong","localeCode":"en","districtName":""},{"cityName":"Fa Peng","countryName":"Hong Kong","localeCode":"en","districtName":""},{"cityName":"Fan Tin Tsuen","countryName":"Hong Kong","localeCode":"en","districtName":""},{"cityName":"Fan Shui Au","countryName":"Hong Kong","localeCode":"en","districtName":""},{"cityName":"Fanling","countryName":"Hong Kong","localeCode":"en","districtName":""},{"cityName":"Fan Leng Tai Wai","countryName":"Hong Kong","localeCode":"en","districtName":""},{"cityName":"Fan Leng Pak Wai","countryName":"Hong Kong","localeCode":"en","districtName":""},{"cityName":"Fan Leng Nam Wai","countryName":"Hong Kong","localeCode":"en","districtName":""},{"cityName":"Fan Leng Lau","countryName":"Hong Kong","localeCode":"en","districtName":""},{"cityName":"Fan Kwai Tong","countryName":"Hong Kong","localeCode":"en","districtName":""},{"cityName":"Epworth Village","countryName":"Hong Kong","localeCode":"en","districtName":""},{"cityName":"Discovery Bay","countryName":"Hong Kong","localeCode":"en","districtName":""},{"cityName":"Dills Corner","countryName":"Hong Kong","localeCode":"en","districtName":""},{"cityName":"Central District","countryName":"Hong Kong","localeCode":"en","districtName":""},{"cityName":"Chung Wai","countryName":"Hong Kong","localeCode":"en","districtName":""},{"cityName":"Chung Uk Tsuen","countryName":"Hong Kong","localeCode":"en","districtName":""},{"cityName":"Chung Uk","countryName":"Hong Kong","localeCode":"en","districtName":""},{"cityName":"Chung Sam Wai","countryName":"Hong Kong","localeCode":"en","districtName":""},{"cityName":"Chung Pui","countryName":"Hong Kong","localeCode":"en","districtName":""},{"cityName":"Chung Mei Kok","countryName":"Hong Kong","localeCode":"en","districtName":""},{"cityName":"Chung Mei","countryName":"Hong Kong","localeCode":"en","districtName":""},{"cityName":"Chung Hau","countryName":"Hong Kong","localeCode":"en","districtName":""},{"cityName":"Chun Fa Lok","countryName":"Hong Kong","localeCode":"en","districtName":""},{"cityName":"Chuk Yuen","countryName":"Hong Kong","localeCode":"en","districtName":""},{"cityName":"Chuk Kok","countryName":"Hong Kong","localeCode":"en","districtName":""},{"cityName":"Chuk Hang","countryName":"Hong Kong","localeCode":"en","districtName":""},{"cityName":"Chuen Lung","countryName":"Hong Kong","localeCode":"en","districtName":""},{"cityName":"Choi Hung","countryName":"Hong Kong","localeCode":"en","districtName":""},{"cityName":"Chi Ma Hang","countryName":"Hong Kong","localeCode":"en","districtName":""},{"cityName":"Cheung Wo","countryName":"Hong Kong","localeCode":"en","districtName":""},{"cityName":"Cheung Uk Wai","countryName":"Hong Kong","localeCode":"en","districtName":""},{"cityName":"Cheung Uk","countryName":"Hong Kong","localeCode":"en","districtName":""},{"cityName":"Cheung Ting","countryName":"Hong Kong","localeCode":"en","districtName":""},{"cityName":"Cheung Sok","countryName":"Hong Kong","localeCode":"en","districtName":""},{"cityName":"Cheung Shue Tau","countryName":"Hong Kong","localeCode":"en","districtName":""},{"cityName":"Cheung Shue Tan","countryName":"Hong Kong","localeCode":"en","districtName":""},{"cityName":"Cheung Sheung","countryName":"Hong Kong","localeCode":"en","districtName":""},{"cityName":"Cheung Shek Pai","countryName":"Hong Kong","localeCode":"en","districtName":""},{"cityName":"Cheung Sha Wan","countryName":"Hong Kong","localeCode":"en","districtName":""},{"cityName":"Cheung Sha Lan","countryName":"Hong Kong","localeCode":"en","districtName":""},{"cityName":"Cheung Sha","countryName":"Hong Kong","localeCode":"en","districtName":""},{"cityName":"Cheung Po","countryName":"Hong Kong","localeCode":"en","districtName":""},{"cityName":"Cheung Pei Shan","countryName":"Hong Kong","localeCode":"en","districtName":""},{"cityName":"Cheung Muk Tau","countryName":"Hong Kong","localeCode":"en","districtName":""},{"cityName":"Cheung Lek Mei","countryName":"Hong Kong","localeCode":"en","districtName":""},{"cityName":"Cheung Lek","countryName":"Hong Kong","localeCode":"en","districtName":""},{"cityName":"Cheung Kong","countryName":"Hong Kong","localeCode":"en","districtName":""},{"cityName":"Cheung Kang","countryName":"Hong Kong","localeCode":"en","districtName":""},{"cityName":"Cheung Chau","countryName":"Hong Kong","localeCode":"en","districtName":""},{"cityName":"Che Kung Miu","countryName":"Hong Kong","localeCode":"en","districtName":""},{"cityName":"Chek Nai Ping","countryName":"Hong Kong","localeCode":"en","districtName":""},{"cityName":"Chek Kok Tau","countryName":"Hong Kong","localeCode":"en","districtName":""},{"cityName":"Chek Keng","countryName":"Hong Kong","localeCode":"en","districtName":""},{"cityName":"Che Keng Tuk","countryName":"Hong Kong","localeCode":"en","districtName":""},{"cityName":"Chek Chue","countryName":"Hong Kong","localeCode":"en","districtName":""},{"cityName":"Che Ha","countryName":"Hong Kong","localeCode":"en","districtName":""},{"cityName":"Chau Tau","countryName":"Hong Kong","localeCode":"en","districtName":""},{"cityName":"Chap Wai Kon","countryName":"Hong Kong","localeCode":"en","districtName":""},{"cityName":"Chap Mun Tau","countryName":"Hong Kong","localeCode":"en","districtName":""},{"cityName":"Chan Uk Po","countryName":"Hong Kong","localeCode":"en","districtName":""},{"cityName":"Cha Kwo Ling","countryName":"Hong Kong","localeCode":"en","districtName":""},{"cityName":"Chai Wan Kok","countryName":"Hong Kong","localeCode":"en","districtName":""},{"cityName":"Chai Wan","countryName":"Hong Kong","localeCode":"en","districtName":""},{"cityName":"Chai Kek","countryName":"Hong Kong","localeCode":"en","districtName":""},{"cityName":"Castle Peak New Town","countryName":"Hong Kong","localeCode":"en","districtName":""},{"cityName":"Siu Lam San Tsuen","countryName":"Hong Kong","localeCode":"en","districtName":""},{"cityName":"Caroline Hill","countryName":"Hong Kong","localeCode":"en","districtName":""},{"cityName":"Au Tau","countryName":"Hong Kong","localeCode":"en","districtName":""},{"cityName":"Au Pui Wan","countryName":"Hong Kong","localeCode":"en","districtName":""},{"cityName":"Au Pui Tong","countryName":"Hong Kong","localeCode":"en","districtName":""},{"cityName":"Au Ha","countryName":"Hong Kong","localeCode":"en","districtName":""},{"cityName":"A Shan Tseng Tau","countryName":"Hong Kong","localeCode":"en","districtName":""},{"cityName":"A Shan","countryName":"Hong Kong","localeCode":"en","districtName":""},{"cityName":"A Po Long","countryName":"Hong Kong","localeCode":"en","districtName":""},{"cityName":"A Ma Wat","countryName":"Hong Kong","localeCode":"en","districtName":""},{"cityName":"A Kung Wan","countryName":"Hong Kong","localeCode":"en","districtName":""},{"cityName":"A Kung Tin","countryName":"Hong Kong","localeCode":"en","districtName":""},{"cityName":"A Kung Ngam","countryName":"Hong Kong","localeCode":"en","districtName":""},{"cityName":"Ka Loon Tsuen","countryName":"Hong Kong","localeCode":"en","districtName":""},{"cityName":"Shan Ting Tsuen","countryName":"Hong Kong","localeCode":"en","districtName":""},{"cityName":"Victoria","countryName":"Hong Kong","localeCode":"en","districtName":""},{"cityName":"Fu Heng Estate","countryName":"Hong Kong","localeCode":"en","districtName":""},{"cityName":"Tai Yuen Estate","countryName":"Hong Kong","localeCode":"en","districtName":""},{"cityName":"Mongkok","countryName":"Hong Kong","localeCode":"en","districtName":""},{"cityName":"Ha Pak Nai","countryName":"Hong Kong","localeCode":"en","districtName":""},{"cityName":"Fortress Hill","countryName":"Hong Kong","localeCode":"en","districtName":""},{"cityName":"Island East","countryName":"Hong Kong","localeCode":"en","districtName":""},{"cityName":"Admiralty","countryName":"Hong Kong","localeCode":"en","districtName":""},{"cityName":"Central","countryName":"Hong Kong","localeCode":"en","districtName":""},{"cityName":"Jordon","countryName":"Hong Kong","localeCode":"en","districtName":""},{"cityName":"Kowloon Bay","countryName":"Hong Kong","localeCode":"en","districtName":""}]