[{"cityName":"Talpiyyot","countryName":"Israel"},{"cityName":"Qomemiyyut","countryName":"Israel"},{"cityName":"Qiryat Moshe","countryName":"Israel"},{"cityName":"Jerusalem","countryName":"Israel"},{"cityName":"Giv`at Hananya","countryName":"Israel"},{"cityName":"Yafe Nof","countryName":"Israel"},{"cityName":"Kiryat Netafim","countryName":"Israel"},{"cityName":"Kefar Rut","countryName":"Israel"},{"cityName":"Beit Safafa","countryName":"Israel"},{"cityName":"Latrun Monastery","countryName":"Israel"},{"cityName":"Bet Mirsham","countryName":"Israel"},{"cityName":"Burj el Baiyara","countryName":"Israel"},{"cityName":"Gadot","countryName":"Israel"},{"cityName":"Be'er Toviyya","countryName":"Israel"},{"cityName":"Zur Shalom","countryName":"Israel"},{"cityName":"Zur Natan","countryName":"Israel"},{"cityName":"Zur Moshe","countryName":"Israel"},{"cityName":"Zuri'el","countryName":"Israel"},{"cityName":"Zur Hadassa","countryName":"Israel"},{"cityName":"Zova","countryName":"Israel"},{"cityName":"Zor`a","countryName":"Israel"},{"cityName":"Zohar","countryName":"Israel"},{"cityName":"Zofit","countryName":"Israel"},{"cityName":"Ziqim","countryName":"Israel"},{"cityName":"Zippori","countryName":"Israel"},{"cityName":"Zimrat","countryName":"Israel"},{"cityName":"Zikhron Ya`aqov","countryName":"Israel"},{"cityName":"Zetan","countryName":"Israel"},{"cityName":"Zerufa","countryName":"Israel"},{"cityName":"Zeru`a","countryName":"Israel"},{"cityName":"Zerahya","countryName":"Israel"},{"cityName":"Zemorot","countryName":"Israel"},{"cityName":"Zelafon","countryName":"Israel"},{"cityName":"Zekher Dov","countryName":"Israel"},{"cityName":"Zekharya","countryName":"Israel"},{"cityName":"Zefat","countryName":"Israel"},{"cityName":"Ze'elim","countryName":"Israel"},{"cityName":"Zavdi'el","countryName":"Israel"},{"cityName":"Zarnuqa","countryName":"Israel"},{"cityName":"Zar`it","countryName":"Israel"},{"cityName":"Zanoah","countryName":"Israel"},{"cityName":"Zalafa esh Sharqiya","countryName":"Israel"},{"cityName":"Zalafa el Gharbiya","countryName":"Israel"},{"cityName":"Zalafa","countryName":"Israel"},{"cityName":"Zahala","countryName":"Israel"},{"cityName":"Zafriyya","countryName":"Israel"},{"cityName":"Zafririm","countryName":"Israel"},{"cityName":"Yuval","countryName":"Israel"},{"cityName":"Yotvata","countryName":"Israel"},{"cityName":"Yoshivya","countryName":"Israel"},{"cityName":"Yoqne`am `Illit","countryName":"Israel"},{"cityName":"Yohanan","countryName":"Israel"},{"cityName":"Yodefat","countryName":"Israel"},{"cityName":"Yizre`el","countryName":"Israel"},{"cityName":"Yizre`am","countryName":"Israel"},{"cityName":"Yish`i","countryName":"Israel"},{"cityName":"Yir'on","countryName":"Israel"},{"cityName":"Yirka","countryName":"Israel"},{"cityName":"Yinnon","countryName":"Israel"},{"cityName":"Yikkon","countryName":"Israel"},{"cityName":"Yiftah","countryName":"Israel"},{"cityName":"Yif`at","countryName":"Israel"},{"cityName":"Yibna","countryName":"Israel"},{"cityName":"Yesud HaMa`ala","countryName":"Israel"},{"cityName":"Yesodot","countryName":"Israel"},{"cityName":"Yesha`","countryName":"Israel"},{"cityName":"Yeroham","countryName":"Israel"},{"cityName":"Yemin Orde","countryName":"Israel"},{"cityName":"Yehud","countryName":"Israel"},{"cityName":"Yehi`am","countryName":"Israel"},{"cityName":"Yedidya","countryName":"Israel"},{"cityName":"Yaziz","countryName":"Israel"},{"cityName":"Yaziv","countryName":"Israel"},{"cityName":"Yavor","countryName":"Israel"},{"cityName":"Yavne'el","countryName":"Israel"},{"cityName":"Yavne","countryName":"Israel"},{"cityName":"Yas`ur","countryName":"Israel"},{"cityName":"Yashresh","countryName":"Israel"},{"cityName":"Yarqona","countryName":"Israel"},{"cityName":"Yarhiv","countryName":"Israel"},{"cityName":"Yardena","countryName":"Israel"},{"cityName":"Yaqum","countryName":"Israel"},{"cityName":"Yanuv","countryName":"Israel"},{"cityName":"Yanoah","countryName":"Israel"},{"cityName":"Yamma","countryName":"Israel"},{"cityName":"Yakhini","countryName":"Israel"},{"cityName":"Yajur","countryName":"Israel"},{"cityName":"Yagur","countryName":"Israel"},{"cityName":"Yagel","countryName":"Israel"},{"cityName":"Yafo","countryName":"Israel"},{"cityName":"Yafa an-Nasirah","countryName":"Israel"},{"cityName":"Ya`el","countryName":"Israel"},{"cityName":"Yad Rambam","countryName":"Israel"},{"cityName":"Yad Natan","countryName":"Israel"},{"cityName":"Yad Mordekhay","countryName":"Israel"},{"cityName":"Yad Hanna","countryName":"Israel"},{"cityName":"Yad Eli`ezer","countryName":"Israel"},{"cityName":"Yad Binyamin","countryName":"Israel"},{"cityName":"Ya`arot Karmel","countryName":"Israel"},{"cityName":"Ya`ara","countryName":"Israel"},{"cityName":"Wardiyya","countryName":"Israel"},{"cityName":"`Uzeir","countryName":"Israel"},{"cityName":"`Uza","countryName":"Israel"},{"cityName":"Usha","countryName":"Israel"},{"cityName":"Urim","countryName":"Israel"},{"cityName":"Uri'el","countryName":"Israel"},{"cityName":"Umm el Qutuf","countryName":"Israel"},{"cityName":"Umm el Ghanam","countryName":"Israel"},{"cityName":"Umm el Fahm","countryName":"Israel"},{"cityName":"Udim","countryName":"Israel"},{"cityName":"Tushiyya","countryName":"Israel"},{"cityName":"Tur`an","countryName":"Israel"},{"cityName":"Tuba Zangariya","countryName":"Israel"},{"cityName":"Tohelet","countryName":"Israel"},{"cityName":"Tirosh","countryName":"Israel"},{"cityName":"Tirat Zevi","countryName":"Israel"},{"cityName":"Tirat Yehuda","countryName":"Israel"},{"cityName":"Tirat Shalom","countryName":"Israel"},{"cityName":"Tirat Karmel","countryName":"Israel"},{"cityName":"Timrat","countryName":"Israel"},{"cityName":"Timmorim","countryName":"Israel"},{"cityName":"Tifrah","countryName":"Israel"},{"cityName":"Tidhar","countryName":"Israel"},{"cityName":"Tiberias","countryName":"Israel"},{"cityName":"Tequma","countryName":"Israel"},{"cityName":"Tenuvot","countryName":"Israel"},{"cityName":"Tel Zur","countryName":"Israel"},{"cityName":"Tel Yosef","countryName":"Israel"},{"cityName":"Tel Yizhaq","countryName":"Israel"},{"cityName":"Tel Mond","countryName":"Israel"},{"cityName":"Tel Litwinsky","countryName":"Israel"},{"cityName":"Tel Hay","countryName":"Israel"},{"cityName":"Tel Hanan","countryName":"Israel"},{"cityName":"Tel Binyamin","countryName":"Israel"},{"cityName":"Tel Barukh","countryName":"Israel"},{"cityName":"Tel Aviv","countryName":"Israel"},{"cityName":"Telamim","countryName":"Israel"},{"cityName":"Tel `Adashim","countryName":"Israel"},{"cityName":"Te'ashur","countryName":"Israel"},{"cityName":"Tarum","countryName":"Israel"},{"cityName":"maalot Tarshiha","countryName":"Israel"},{"cityName":"Ta`oz","countryName":"Israel"},{"cityName":"Tamra","countryName":"Israel"},{"cityName":"Tal Shahar","countryName":"Israel"},{"cityName":"Talme Yehi'el","countryName":"Israel"},{"cityName":"Talme Yafe","countryName":"Israel"},{"cityName":"Talme Menashe","countryName":"Israel"},{"cityName":"Talme El`azar","countryName":"Israel"},{"cityName":"Talme Bilu","countryName":"Israel"},{"cityName":"Sumsum","countryName":"Israel"},{"cityName":"Summeil","countryName":"Israel"},{"cityName":"Sulam","countryName":"Israel"},{"cityName":"Sitriyya","countryName":"Israel"},{"cityName":"Sifsufa","countryName":"Israel"},{"cityName":"Shuva","countryName":"Israel"},{"cityName":"Shoval","countryName":"Israel"},{"cityName":"Shoresh","countryName":"Israel"},{"cityName":"Shoqeda","countryName":"Israel"},{"cityName":"Shomera","countryName":"Israel"},{"cityName":"Sho'eva","countryName":"Israel"},{"cityName":"Shimron","countryName":"Israel"},{"cityName":"Shikkun Gil `Amal","countryName":"Israel"},{"cityName":"Shibbolim","countryName":"Israel"},{"cityName":"Shezor","countryName":"Israel"},{"cityName":"Shezaf","countryName":"Israel"},{"cityName":"Shevut `Am","countryName":"Israel"},{"cityName":"Shetulim","countryName":"Israel"},{"cityName":"Shetula","countryName":"Israel"},{"cityName":"Sheluhot","countryName":"Israel"},{"cityName":"Shelomi","countryName":"Israel"},{"cityName":"Shekhunat HaTiqwa","countryName":"Israel"},{"cityName":"Shekhunat Bet Eli`ezer","countryName":"Israel"},{"cityName":"Shekhunat Ben `Ammi","countryName":"Israel"},{"cityName":"Shekhunat Belinson","countryName":"Israel"},{"cityName":"Shefer","countryName":"Israel"},{"cityName":"Shefayim","countryName":"Israel"},{"cityName":"Shefar`am","countryName":"Israel"},{"cityName":"Shedema","countryName":"Israel"},{"cityName":"She'ar Yashuv","countryName":"Israel"},{"cityName":"Shave Ziyyon","countryName":"Israel"},{"cityName":"Sharsheret","countryName":"Israel"},{"cityName":"Sharona","countryName":"Israel"},{"cityName":"Shari`","countryName":"Israel"},{"cityName":"Shamir","countryName":"Israel"},{"cityName":"Shamerat","countryName":"Israel"},{"cityName":"Shalwa","countryName":"Israel"},{"cityName":"Shahariyya","countryName":"Israel"},{"cityName":"Shahar","countryName":"Israel"},{"cityName":"Shafir","countryName":"Israel"},{"cityName":"Shadmot Devora","countryName":"Israel"},{"cityName":"Sha`ar Menashe","countryName":"Israel"},{"cityName":"Bet Yizhaq Sha`ar Hefer","countryName":"Israel"},{"cityName":"Sha`ar HaGolan","countryName":"Israel"},{"cityName":"Sha`ar Ha`Amaqim","countryName":"Israel"},{"cityName":"Sha`ar Ha`Aliya","countryName":"Israel"},{"cityName":"Sha`ar Efrayim","countryName":"Israel"},{"cityName":"Sha`are Avraham","countryName":"Israel"},{"cityName":"Sha'anan","countryName":"Israel"},{"cityName":"Sha`alvim","countryName":"Israel"},{"cityName":"Sha`av","countryName":"Israel"},{"cityName":"Semadar","countryName":"Israel"},{"cityName":"Segula","countryName":"Israel"},{"cityName":"Segev","countryName":"Israel"},{"cityName":"Sedot Yam","countryName":"Israel"},{"cityName":"Sedot Mikha","countryName":"Israel"},{"cityName":"Sde Zevi","countryName":"Israel"},{"cityName":"Sde Yo'av","countryName":"Israel"},{"cityName":"Sde Yizhaq","countryName":"Israel"},{"cityName":"Sde Ya'aqov","countryName":"Israel"},{"cityName":"Sde Warburg","countryName":"Israel"},{"cityName":"Sde 'Uziyyahu","countryName":"Israel"},{"cityName":"Sde Terumot","countryName":"Israel"},{"cityName":"Sederot","countryName":"Israel"},{"cityName":"Sde Nehemya","countryName":"Israel"},{"cityName":"Sde Nahum","countryName":"Israel"},{"cityName":"Sde Moshe","countryName":"Israel"},{"cityName":"Sde Ilan","countryName":"Israel"},{"cityName":"Sde Hemed","countryName":"Israel"},{"cityName":"Sde Eliyyahu","countryName":"Israel"},{"cityName":"Sde Eli'ezer","countryName":"Israel"},{"cityName":"Sde Dawid","countryName":"Israel"},{"cityName":"Sde Boker","countryName":"Israel"},{"cityName":"Savyon","countryName":"Israel"},{"cityName":"Sasa","countryName":"Israel"},{"cityName":"Sarid","countryName":"Israel"},{"cityName":"Sarafand","countryName":"Israel"},{"cityName":"Sanhedriyya Murhevet","countryName":"Israel"},{"cityName":"Sanhedriyya","countryName":"Israel"},{"cityName":"Sandala","countryName":"Israel"},{"cityName":"Salim","countryName":"Israel"},{"cityName":"Sakhnin","countryName":"Israel"},{"cityName":"Sajur","countryName":"Israel"},{"cityName":"Sabalan","countryName":"Israel"},{"cityName":"Sa`ar","countryName":"Israel"},{"cityName":"Sa`ad","countryName":"Israel"},{"cityName":"Rummana","countryName":"Israel"},{"cityName":"Ruhama","countryName":"Israel"},{"cityName":"Rosh Pinna","countryName":"Israel"},{"cityName":"Rosh Ha'Ayin","countryName":"Israel"},{"cityName":"Romema","countryName":"Israel"},{"cityName":"Rogelit","countryName":"Israel"},{"cityName":"Rishpon","countryName":"Israel"},{"cityName":"Rishon LeZiyyon","countryName":"Israel"},{"cityName":"Rinnatya","countryName":"Israel"},{"cityName":"Rihaniya","countryName":"Israel"},{"cityName":"Rewaya","countryName":"Israel"},{"cityName":"Revaha","countryName":"Israel"},{"cityName":"Revivim","countryName":"Israel"},{"cityName":"Revadim","countryName":"Israel"},{"cityName":"Reshef","countryName":"Israel"},{"cityName":"Reshafim","countryName":"Israel"},{"cityName":"Rekhasim","countryName":"Israel"},{"cityName":"Re`im","countryName":"Israel"},{"cityName":"Rehovot","countryName":"Israel"},{"cityName":"Rehov","countryName":"Israel"},{"cityName":"Regba","countryName":"Israel"},{"cityName":"Regavim","countryName":"Israel"},{"cityName":"Rannen","countryName":"Israel"},{"cityName":"Ramot Remez","countryName":"Israel"},{"cityName":"Ramot Naftali","countryName":"Israel"},{"cityName":"Ramot Menashe","countryName":"Israel"},{"cityName":"Ramot Me'ir","countryName":"Israel"},{"cityName":"Ramot HaShavim","countryName":"Israel"},{"cityName":"Ramot Eshkol","countryName":"Israel"},{"cityName":"Ram On","countryName":"Israel"},{"cityName":"Ramla","countryName":"Israel"},{"cityName":"Ramim","countryName":"Israel"},{"cityName":"Ramat Zevi","countryName":"Israel"},{"cityName":"Ramat Yishay","countryName":"Israel"},{"cityName":"Ramat Yohanan","countryName":"Israel"},{"cityName":"Ramat Tiomkin","countryName":"Israel"},{"cityName":"Ramat Razi'el","countryName":"Israel"},{"cityName":"Ramat Rahel","countryName":"Israel"},{"cityName":"Ramat Pinkas","countryName":"Israel"},{"cityName":"Ramat Hen","countryName":"Israel"},{"cityName":"Ramat Hayyal","countryName":"Israel"},{"cityName":"Ramat HaShofet","countryName":"Israel"},{"cityName":"Ramat HaShenayim","countryName":"Israel"},{"cityName":"Ramat HaSharon","countryName":"Israel"},{"cityName":"Ramat HaKovesh","countryName":"Israel"},{"cityName":"Ramat Hadassa","countryName":"Israel"},{"cityName":"Ramat Hadar","countryName":"Israel"},{"cityName":"Ramat Gan","countryName":"Israel"},{"cityName":"Ramat Eliyyahu","countryName":"Israel"},{"cityName":"Ramat Dawid","countryName":"Israel"},{"cityName":"Ramat Aviv","countryName":"Israel"},{"cityName":"Rama","countryName":"Israel"},{"cityName":"Ra`ananna","countryName":"Israel"},{"cityName":"Qiryat Ye`arim","countryName":"Israel"},{"cityName":"Qiryat Yam","countryName":"Israel"},{"cityName":"Qiryat Tiv`on","countryName":"Israel"},{"cityName":"Qiryat Shemu'el","countryName":"Israel"},{"cityName":"Qiryat Shemona","countryName":"Israel"},{"cityName":"Newe Gan","countryName":"Israel"},{"cityName":"Qiryat Shalom","countryName":"Israel"},{"cityName":"Qiryat Sara","countryName":"Israel"},{"cityName":"Qiryat Nahum","countryName":"Israel"},{"cityName":"Qiryat Motzkin","countryName":"Israel"},{"cityName":"Qiryat Menahem","countryName":"Israel"},{"cityName":"Qiryat Me'ir","countryName":"Israel"},{"cityName":"Qiryat Mal'akhi","countryName":"Israel"},{"cityName":"Qiryat Hayyim","countryName":"Israel"},{"cityName":"Qiryat HaYovel","countryName":"Israel"},{"cityName":"Qiryat HaTekhniyyon","countryName":"Israel"},{"cityName":"Qiryat Haroshet","countryName":"Israel"},{"cityName":"Qiryat Gat","countryName":"Israel"},{"cityName":"Qiryat Binyamin","countryName":"Israel"},{"cityName":"Qiryat Bialik","countryName":"Israel"},{"cityName":"Qiryat Ata","countryName":"Israel"},{"cityName":"Qiryat Arye","countryName":"Israel"},{"cityName":"Qiryat `Anavim","countryName":"Israel"},{"cityName":"Qiryat `Amal","countryName":"Israel"},{"cityName":"Qidron","countryName":"Israel"},{"cityName":"Qezi`ot","countryName":"Israel"},{"cityName":"Qevuzat Yavne","countryName":"Israel"},{"cityName":"Qelahim","countryName":"Israel"},{"cityName":"Qedma","countryName":"Israel"},{"cityName":"Qaryat Jawarish","countryName":"Israel"},{"cityName":"Qalansuwa","countryName":"Israel"},{"cityName":"Kadima","countryName":"Israel"},{"cityName":"Poriyya Illit","countryName":"Israel"},{"cityName":"Poriyya","countryName":"Israel"},{"cityName":"Porat","countryName":"Israel"},{"cityName":"Petahya","countryName":"Israel"},{"cityName":"Petah Tiqwa","countryName":"Israel"},{"cityName":"Perazon","countryName":"Israel"},{"cityName":"Peqi`in Hadasha","countryName":"Israel"},{"cityName":"Peduyyim","countryName":"Israel"},{"cityName":"Pedaya","countryName":"Israel"},{"cityName":"Pattish","countryName":"Israel"},{"cityName":"Parod","countryName":"Israel"},{"cityName":"Pardes Kaz","countryName":"Israel"},{"cityName":"Pardesiyya","countryName":"Israel"},{"cityName":"Pardes Hanna Karkur","countryName":"Israel"},{"cityName":"Palmahim","countryName":"Israel"},{"cityName":"Pa`ame Tashaz","countryName":"Israel"},{"cityName":"`Ozem","countryName":"Israel"},{"cityName":"Or Yehuda","countryName":"Israel"},{"cityName":"Orot","countryName":"Israel"},{"cityName":"Or HaNer","countryName":"Israel"},{"cityName":"Or `Aqiva","countryName":"Israel"},{"cityName":"Oranim","countryName":"Israel"},{"cityName":"Ora","countryName":"Israel"},{"cityName":"Qiryat Ono","countryName":"Israel"},{"cityName":"Omez","countryName":"Israel"},{"cityName":"`Omer","countryName":"Israel"},{"cityName":"Omen","countryName":"Israel"},{"cityName":"`Olesh","countryName":"Israel"},{"cityName":"`Ofer","countryName":"Israel"},{"cityName":"Ofaqim","countryName":"Israel"},{"cityName":"Nurit","countryName":"Israel"},{"cityName":"Notera","countryName":"Israel"},{"cityName":"Nordiyya","countryName":"Israel"},{"cityName":"Nogah","countryName":"Israel"},{"cityName":"Nof Yam","countryName":"Israel"},{"cityName":"Nofekh","countryName":"Israel"},{"cityName":"No`am","countryName":"Israel"},{"cityName":"Nizzanim","countryName":"Israel"},{"cityName":"Nizzane `Oz","countryName":"Israel"},{"cityName":"Nizzana","countryName":"Israel"},{"cityName":"Niva","countryName":"Israel"},{"cityName":"Nir Zevi","countryName":"Israel"},{"cityName":"Nir Yizhaq","countryName":"Israel"},{"cityName":"Nir Yisra'el","countryName":"Israel"},{"cityName":"Nir Yafe","countryName":"Israel"},{"cityName":"Nir `Oz","countryName":"Israel"},{"cityName":"Nir Moshe","countryName":"Israel"},{"cityName":"Nirim","countryName":"Israel"},{"cityName":"Nir Hen","countryName":"Israel"},{"cityName":"Nir Gallim","countryName":"Israel"},{"cityName":"Nir `Ezyon","countryName":"Israel"},{"cityName":"Nir Eliyyahu","countryName":"Israel"},{"cityName":"Nir Dawid","countryName":"Israel"},{"cityName":"Nir Banim","countryName":"Israel"},{"cityName":"Nir `Aqiva","countryName":"Israel"},{"cityName":"Nir`am","countryName":"Israel"},{"cityName":"Ni`ilya","countryName":"Israel"},{"cityName":"Nezer Sereni","countryName":"Israel"},{"cityName":"Newe Zohar","countryName":"Israel"},{"cityName":"Newe Zedeq","countryName":"Israel"},{"cityName":"Newe Yaraq","countryName":"Israel"},{"cityName":"Newe Yamin","countryName":"Israel"},{"cityName":"Newe Yam","countryName":"Israel"},{"cityName":"Newe Ya`aqov","countryName":"Israel"},{"cityName":"Newe Ur","countryName":"Israel"},{"cityName":"Newe Sha'anan","countryName":"Israel"},{"cityName":"Newe Mikha'el","countryName":"Israel"},{"cityName":"Newe Mivtah","countryName":"Israel"},{"cityName":"Newe Ilan","countryName":"Israel"},{"cityName":"Newe Hayyim","countryName":"Israel"},{"cityName":"Newe Etan","countryName":"Israel"},{"cityName":"Newe Efrayim","countryName":"Israel"},{"cityName":"Newe Avot","countryName":"Israel"},{"cityName":"Newe `Ammi'el","countryName":"Israel"},{"cityName":"Nevatim","countryName":"Israel"},{"cityName":"Ne`urim","countryName":"Israel"},{"cityName":"Netivot","countryName":"Israel"},{"cityName":"Netiv HaShayyara","countryName":"Israel"},{"cityName":"Netiv HaLamed He","countryName":"Israel"},{"cityName":"Netanya","countryName":"Israel"},{"cityName":"Neta`im","countryName":"Israel"},{"cityName":"Ness Ziona","countryName":"Israel"},{"cityName":"Nesher","countryName":"Israel"},{"cityName":"Nes Harim","countryName":"Israel"},{"cityName":"Nes `Ammim","countryName":"Israel"},{"cityName":"Ne'ot Sade","countryName":"Israel"},{"cityName":"Ne'ot Mordekhay","countryName":"Israel"},{"cityName":"Ne'ot HaKikar","countryName":"Israel"},{"cityName":"Nein","countryName":"Israel"},{"cityName":"Nehusha","countryName":"Israel"},{"cityName":"Nehora","countryName":"Israel"},{"cityName":"Nehalim","countryName":"Israel"},{"cityName":"Negba","countryName":"Israel"},{"cityName":"Ne`ane","countryName":"Israel"},{"cityName":"Nazerat `Illit","countryName":"Israel"},{"cityName":"Nazareth","countryName":"Israel"},{"cityName":"Na`ura","countryName":"Israel"},{"cityName":"Nahshonim","countryName":"Israel"},{"cityName":"Nahshon","countryName":"Israel"},{"cityName":"Nahsholim","countryName":"Israel"},{"cityName":"Nahf","countryName":"Israel"},{"cityName":"Nahariyya","countryName":"Israel"},{"cityName":"Naham","countryName":"Israel"},{"cityName":"Nahal `Oz","countryName":"Israel"},{"cityName":"Nahal Malkishua`","countryName":"Israel"},{"cityName":"Nahalat Yizhaq","countryName":"Israel"},{"cityName":"Nahalat Yehuda","countryName":"Israel"},{"cityName":"Nahala'ot","countryName":"Israel"},{"cityName":"Nahalal","countryName":"Israel"},{"cityName":"Nahala","countryName":"Israel"},{"cityName":"Na`an","countryName":"Israel"},{"cityName":"Musmus","countryName":"Israel"},{"cityName":"El Musheirifa","countryName":"Israel"},{"cityName":"Muqeibila","countryName":"Israel"},{"cityName":"Mu`awiya","countryName":"Israel"},{"cityName":"Moza `Illit","countryName":"Israel"},{"cityName":"Moza","countryName":"Israel"},{"cityName":"Montefiore","countryName":"Israel"},{"cityName":"Moledet","countryName":"Israel"},{"cityName":"Mizra`","countryName":"Israel"},{"cityName":"Mitzpe Ramon","countryName":"Israel"},{"cityName":"Mizpa","countryName":"Israel"},{"cityName":"Mivtahim","countryName":"Israel"},{"cityName":"Mivhor","countryName":"Israel"},{"cityName":"Mishmeret","countryName":"Israel"},{"cityName":"Mishmarot","countryName":"Israel"},{"cityName":"Mishmar HaYarden","countryName":"Israel"},{"cityName":"Mishmar HaYam","countryName":"Israel"},{"cityName":"Mishmar HaShiv`a","countryName":"Israel"},{"cityName":"Mishmar HaShelosha","countryName":"Israel"},{"cityName":"Mishmar HaSharon","countryName":"Israel"},{"cityName":"Mishmar HaNegev","countryName":"Israel"},{"cityName":"Mishmar Ha`Emeq","countryName":"Israel"},{"cityName":"Mishmar Dawid","countryName":"Israel"},{"cityName":"Mishmar Ayyalon","countryName":"Israel"},{"cityName":"Misgav `Am","countryName":"Israel"},{"cityName":"Miqwe Yisra'el","countryName":"Israel"},{"cityName":"Mikhmoret","countryName":"Israel"},{"cityName":"Mi`ilya","countryName":"Israel"},{"cityName":"Mihraqa","countryName":"Israel"},{"cityName":"Migdal Ha`Emeq","countryName":"Israel"},{"cityName":"Migdal Afeq","countryName":"Israel"},{"cityName":"Migdal","countryName":"Israel"},{"cityName":"Mezer","countryName":"Israel"},{"cityName":"Mevo Modi'im","countryName":"Israel"},{"cityName":"Mevo Betar","countryName":"Israel"},{"cityName":"Mevasseret Ziyyon","countryName":"Israel"},{"cityName":"Mevasseret Yerushalayim","countryName":"Israel"},{"cityName":"Metulla","countryName":"Israel"},{"cityName":"Metav","countryName":"Israel"},{"cityName":"Mesillot","countryName":"Israel"},{"cityName":"Mesillat Ziyyon","countryName":"Israel"},{"cityName":"Mesheq HaPo`alot","countryName":"Israel"},{"cityName":"Meshar","countryName":"Israel"},{"cityName":"Meron","countryName":"Israel"},{"cityName":"Merhavya","countryName":"Israel"},{"cityName":"Meqor Hayyim","countryName":"Israel"},{"cityName":"Me`ona","countryName":"Israel"},{"cityName":"Menuha","countryName":"Israel"},{"cityName":"Menora","countryName":"Israel"},{"cityName":"Me Neftoah","countryName":"Israel"},{"cityName":"Menahemya","countryName":"Israel"},{"cityName":"Melilot","countryName":"Israel"},{"cityName":"Mele'a","countryName":"Israel"},{"cityName":"Me'ir Shefeya","countryName":"Israel"},{"cityName":"Megiddo","countryName":"Israel"},{"cityName":"Megadim","countryName":"Israel"},{"cityName":"Mefallesim","countryName":"Israel"},{"cityName":"Me `Ammi","countryName":"Israel"},{"cityName":"Mazzuva","countryName":"Israel"},{"cityName":"Mazliah","countryName":"Israel"},{"cityName":"Mazkeret Batya","countryName":"Israel"},{"cityName":"Ma`yan Zevi","countryName":"Israel"},{"cityName":"Ma`yan Barukh","countryName":"Israel"},{"cityName":"Mavqi`im","countryName":"Israel"},{"cityName":"Matta`","countryName":"Israel"},{"cityName":"Massu'ot Yizhaq","countryName":"Israel"},{"cityName":"Massu'a","countryName":"Israel"},{"cityName":"Massada","countryName":"Israel"},{"cityName":"Maslul","countryName":"Israel"},{"cityName":"Mashmia` Shalom","countryName":"Israel"},{"cityName":"Mash Had","countryName":"Israel"},{"cityName":"Mash`en","countryName":"Israel"},{"cityName":"Mash'abbe Sade","countryName":"Israel"},{"cityName":"Marja","countryName":"Israel"},{"cityName":"Mar`it","countryName":"Israel"},{"cityName":"Margaliyyot","countryName":"Israel"},{"cityName":"Maqura","countryName":"Israel"},{"cityName":"Ma`oz Ziyyon","countryName":"Israel"},{"cityName":"Ma`oz Hayyim","countryName":"Israel"},{"cityName":"Ma'or","countryName":"Israel"},{"cityName":"Manot","countryName":"Israel"},{"cityName":"Manahat","countryName":"Israel"},{"cityName":"Mallaha","countryName":"Israel"},{"cityName":"Malkiyya","countryName":"Israel"},{"cityName":"Majd el Kurum","countryName":"Israel"},{"cityName":"Mahzevet Geves","countryName":"Israel"},{"cityName":"Mahseya","countryName":"Israel"},{"cityName":"Mahane Yisra'el","countryName":"Israel"},{"cityName":"Mahanayim","countryName":"Israel"},{"cityName":"Magshimim","countryName":"Israel"},{"cityName":"Maghar","countryName":"Israel"},{"cityName":"Maggal","countryName":"Israel"},{"cityName":"Magen","countryName":"Israel"},{"cityName":"Magdi'el","countryName":"Israel"},{"cityName":"Ma`galim","countryName":"Israel"},{"cityName":"Mabbu`im","countryName":"Israel"},{"cityName":"Ma`barot","countryName":"Israel"},{"cityName":"Ma`bara","countryName":"Israel"},{"cityName":"Midrakh `Oz","countryName":"Israel"},{"cityName":"Ma`as","countryName":"Israel"},{"cityName":"Ma`anit","countryName":"Israel"},{"cityName":"Ma`alot Tarshiha","countryName":"Israel"},{"cityName":"Ma`ale HaHamisha","countryName":"Israel"},{"cityName":"Ma`ale Gilboa`","countryName":"Israel"},{"cityName":"Ma`agan Mikha'el","countryName":"Israel"},{"cityName":"Luzit","countryName":"Israel"},{"cityName":"Lohame HaGeta'ot","countryName":"Israel"},{"cityName":"Lod","countryName":"Israel"},{"cityName":"Li On","countryName":"Israel"},{"cityName":"Liman","countryName":"Israel"},{"cityName":"Lavi","countryName":"Israel"},{"cityName":"Lakhish","countryName":"Israel"},{"cityName":"Lahavot Haviva","countryName":"Israel"},{"cityName":"Lahavot HaBashan","countryName":"Israel"},{"cityName":"Lahav","countryName":"Israel"},{"cityName":"Kokhav Mikha'el Sobell","countryName":"Israel"},{"cityName":"Kissufim","countryName":"Israel"},{"cityName":"Kisra","countryName":"Israel"},{"cityName":"Kinneret","countryName":"Israel"},{"cityName":"Meisir","countryName":"Israel"},{"cityName":"Kheiriya","countryName":"Israel"},{"cityName":"Kesalon","countryName":"Israel"},{"cityName":"Kerem Shalom","countryName":"Israel"},{"cityName":"Kerem Maharal","countryName":"Israel"},{"cityName":"Kerem Ben Zimra","countryName":"Israel"},{"cityName":"Kefar Ziw","countryName":"Israel"},{"cityName":"Kefar Zetim","countryName":"Israel"},{"cityName":"Kefar Yona","countryName":"Israel"},{"cityName":"Kefar Yeladim","countryName":"Israel"},{"cityName":"Kefar Yehoshua`","countryName":"Israel"},{"cityName":"Kefar Yehezqel","countryName":"Israel"},{"cityName":"Kefar Ya`bez","countryName":"Israel"},{"cityName":"Kefar Warburg","countryName":"Israel"},{"cityName":"Kefar Witqin","countryName":"Israel"},{"cityName":"Kefar Uriyya","countryName":"Israel"},{"cityName":"Kefar Truman","countryName":"Israel"},{"cityName":"Kefar Tavor","countryName":"Israel"},{"cityName":"Kefar Szold","countryName":"Israel"},{"cityName":"Kefar Sirkin","countryName":"Israel"},{"cityName":"Kefar Shemu'el","countryName":"Israel"},{"cityName":"Kefar Shemaryahu","countryName":"Israel"},{"cityName":"Kefar Sha'ul","countryName":"Israel"},{"cityName":"Kefar Shammay","countryName":"Israel"},{"cityName":"Kefar Shamir","countryName":"Israel"},{"cityName":"Kefar Shalem","countryName":"Israel"},{"cityName":"Kfar Saba","countryName":"Israel"},{"cityName":"Kefar Salma","countryName":"Israel"},{"cityName":"Kefar Ruppin","countryName":"Israel"},{"cityName":"Kefar Rosh HaNiqra","countryName":"Israel"},{"cityName":"Kefar Kisch","countryName":"Israel"},{"cityName":"Kefar Pir`am","countryName":"Israel"},{"cityName":"Kefar Pines","countryName":"Israel"},{"cityName":"Kefar Netter","countryName":"Israel"},{"cityName":"Kefar Nahaman","countryName":"Israel"},{"cityName":"Kefar Mordekhay","countryName":"Israel"},{"cityName":"Kefar Monash","countryName":"Israel"},{"cityName":"Kefar Menahem","countryName":"Israel"},{"cityName":"Kefar Maymon","countryName":"Israel"},{"cityName":"Kefar Masaryk","countryName":"Israel"},{"cityName":"Kefar Marmorek","countryName":"Israel"},{"cityName":"Kefar Mallal","countryName":"Israel"},{"cityName":"Kefar Hittim","countryName":"Israel"},{"cityName":"Kfar Hess","countryName":"Israel"},{"cityName":"Kefar Hayyim","countryName":"Israel"},{"cityName":"Kefar HaYaroq","countryName":"Israel"},{"cityName":"Kefar Hasidim","countryName":"Israel"},{"cityName":"Kefar HaRo'e","countryName":"Israel"},{"cityName":"Kefar HaRif","countryName":"Israel"},{"cityName":"Kefar HaNo`ar Nizzanim","countryName":"Israel"},{"cityName":"Kefar HaNo`ar HaDati","countryName":"Israel"},{"cityName":"Kefar HaNasi","countryName":"Israel"},{"cityName":"Kefar HaNagid","countryName":"Israel"},{"cityName":"Kefar HaMaccabi","countryName":"Israel"},{"cityName":"Kefar HaHoresh","countryName":"Israel"},{"cityName":"Kefar Habad","countryName":"Israel"},{"cityName":"Kefar Glickson","countryName":"Israel"},{"cityName":"Kefar Gil`adi","countryName":"Israel"},{"cityName":"Kefar Gid`on","countryName":"Israel"},{"cityName":"Kefar Gevirol","countryName":"Israel"},{"cityName":"Kefar Gannim","countryName":"Israel"},{"cityName":"Kefar Gallim","countryName":"Israel"},{"cityName":"Qiryat `Eqron","countryName":"Israel"},{"cityName":"Kefar Daniyyel","countryName":"Israel"},{"cityName":"Kefar Brandeis","countryName":"Israel"},{"cityName":"Kefar Blum","countryName":"Israel"},{"cityName":"Kefar Bin Nun","countryName":"Israel"},{"cityName":"Kefar Bilu","countryName":"Israel"},{"cityName":"Kefar Bialik","countryName":"Israel"},{"cityName":"Kefar Barukh","countryName":"Israel"},{"cityName":"Kefar Bar`am","countryName":"Israel"},{"cityName":"Kefar `Azza","countryName":"Israel"},{"cityName":"Kefar Azar","countryName":"Israel"},{"cityName":"Kefar Aviv","countryName":"Israel"},{"cityName":"Kefar Ahim","countryName":"Israel"},{"cityName":"Kefar Aharon","countryName":"Israel"},{"cityName":"Kaukaba","countryName":"Israel"},{"cityName":"Kaukab Abu el Hija","countryName":"Israel"},{"cityName":"Karmon","countryName":"Israel"},{"cityName":"Karmiyya","countryName":"Israel"},{"cityName":"Karmi'el","countryName":"Israel"},{"cityName":"Karkur","countryName":"Israel"},{"cityName":"Karkom","countryName":"Israel"},{"cityName":"Kare Na`aman","countryName":"Israel"},{"cityName":"Akhsanit Kare Deshe","countryName":"Israel"},{"cityName":"Kannot","countryName":"Israel"},{"cityName":"Kafr Yasif","countryName":"Israel"},{"cityName":"Kafr Sumei`","countryName":"Israel"},{"cityName":"Kafr Qasim","countryName":"Israel"},{"cityName":"Kafr Qari`","countryName":"Israel"},{"cityName":"Kafr Misr","countryName":"Israel"},{"cityName":"Kafr Manda","countryName":"Israel"},{"cityName":"Kafr Lam","countryName":"Israel"},{"cityName":"Kafr Kanna","countryName":"Israel"},{"cityName":"Kafr Kama","countryName":"Israel"},{"cityName":"Kefar Bara","countryName":"Israel"},{"cityName":"Kabul","countryName":"Israel"},{"cityName":"Kabri","countryName":"Israel"},{"cityName":"Jurdeih","countryName":"Israel"},{"cityName":"Julis","countryName":"Israel"},{"cityName":"Judieda Makr","countryName":"Israel"},{"cityName":"Jisr ez Zarqa","countryName":"Israel"},{"cityName":"Jish","countryName":"Israel"},{"cityName":"Ji`ara","countryName":"Israel"},{"cityName":"Jatt","countryName":"Israel"},{"cityName":"Jaljulya","countryName":"Israel"},{"cityName":"`Isfiya","countryName":"Israel"},{"cityName":"`Isawiya","countryName":"Israel"},{"cityName":"`Ir HaMifraz","countryName":"Israel"},{"cityName":"`Ir Gannim","countryName":"Israel"},{"cityName":"`Illut","countryName":"Israel"},{"cityName":"Ilaniyya","countryName":"Israel"},{"cityName":"Iksal","countryName":"Israel"},{"cityName":"Ibtin","countryName":"Israel"},{"cityName":"Ibthan","countryName":"Israel"},{"cityName":"I`billin","countryName":"Israel"},{"cityName":"Ibbim","countryName":"Israel"},{"cityName":"Hurfeish","countryName":"Israel"},{"cityName":"Huqoq","countryName":"Israel"},{"cityName":"Hunin","countryName":"Israel"},{"cityName":"Hulda","countryName":"Israel"},{"cityName":"Hulata","countryName":"Israel"},{"cityName":"Hoter","countryName":"Israel"},{"cityName":"Hosen","countryName":"Israel"},{"cityName":"Horeshim","countryName":"Israel"},{"cityName":"Holon","countryName":"Israel"},{"cityName":"Hogla","countryName":"Israel"},{"cityName":"Hofit","countryName":"Israel"},{"cityName":"Hodiyya","countryName":"Israel"},{"cityName":"Hod HaSharon","countryName":"Israel"},{"cityName":"Hibbat Ziyyon","countryName":"Israel"},{"cityName":"Hever","countryName":"Israel"},{"cityName":"Herzliyya B","countryName":"Israel"},{"cityName":"Herzliyya","countryName":"Israel"},{"cityName":"Herut","countryName":"Israel"},{"cityName":"Herev Le'et","countryName":"Israel"},{"cityName":"Hemed","countryName":"Israel"},{"cityName":"Helez","countryName":"Israel"},{"cityName":"Hela","countryName":"Israel"},{"cityName":"Hefzi Bah","countryName":"Israel"},{"cityName":"Haifa","countryName":"Israel"},{"cityName":"HaZore`im","countryName":"Israel"},{"cityName":"HaZorea`","countryName":"Israel"},{"cityName":"Hazor Ashdod","countryName":"Israel"},{"cityName":"Hazor HaGelilit","countryName":"Israel"},{"cityName":"Hazeva","countryName":"Israel"},{"cityName":"Hazerim","countryName":"Israel"},{"cityName":"Hazav","countryName":"Israel"},{"cityName":"HaYogev","countryName":"Israel"},{"cityName":"Hawwat Shemu'el","countryName":"Israel"},{"cityName":"Hawwat Shalem","countryName":"Israel"},{"cityName":"Hawwat Maresha","countryName":"Israel"},{"cityName":"Havazzelet HaSharon","countryName":"Israel"},{"cityName":"Havazzelet","countryName":"Israel"},{"cityName":"HaSolelim","countryName":"Israel"},{"cityName":"Hawwat HaShomer","countryName":"Israel"},{"cityName":"Haruzim","countryName":"Israel"},{"cityName":"Haruvit","countryName":"Israel"},{"cityName":"Hartuv","countryName":"Israel"},{"cityName":"Har'el","countryName":"Israel"},{"cityName":"HaQirya","countryName":"Israel"},{"cityName":"HaOn","countryName":"Israel"},{"cityName":"Ha`Ogen","countryName":"Israel"},{"cityName":"Hanni'el","countryName":"Israel"},{"cityName":"Hanita","countryName":"Israel"},{"cityName":"Hammat","countryName":"Israel"},{"cityName":"HaMa`pil","countryName":"Israel"},{"cityName":"Hamadya","countryName":"Israel"},{"cityName":"HaKarmel","countryName":"Israel"},{"cityName":"HaHoterim","countryName":"Israel"},{"cityName":"HaGosherim","countryName":"Israel"},{"cityName":"Hagor","countryName":"Israel"},{"cityName":"Hafez Hayyim","countryName":"Israel"},{"cityName":"Hadid","countryName":"Israel"},{"cityName":"Hadera","countryName":"Israel"},{"cityName":"Hadassim","countryName":"Israel"},{"cityName":"Hadar Yosef","countryName":"Israel"},{"cityName":"Hadar Ramatayim","countryName":"Israel"},{"cityName":"Hadar HaKarmel","countryName":"Israel"},{"cityName":"Hadar `Am","countryName":"Israel"},{"cityName":"HaBonim","countryName":"Israel"},{"cityName":"Goren","countryName":"Israel"},{"cityName":"Gonen","countryName":"Israel"},{"cityName":"Bet Zayd","countryName":"Israel"},{"cityName":"Giv`ot Mordekhay","countryName":"Israel"},{"cityName":"Giv`olim","countryName":"Israel"},{"cityName":"Giv`at Yesha`yahu","countryName":"Israel"},{"cityName":"Giv`at Ye`arim","countryName":"Israel"},{"cityName":"Giv`at Shemu'el","countryName":"Israel"},{"cityName":"Giv`at Shemesh","countryName":"Israel"},{"cityName":"Giv`at Sha'ul","countryName":"Israel"},{"cityName":"Giv`at Shappira","countryName":"Israel"},{"cityName":"Giv`at Rambam","countryName":"Israel"},{"cityName":"Giv`at Ram","countryName":"Israel"},{"cityName":"Giv`at `Oz","countryName":"Israel"},{"cityName":"Giv`at Olga","countryName":"Israel"},{"cityName":"Giv`at Nili","countryName":"Israel"},{"cityName":"Giv`at Mordekhay","countryName":"Israel"},{"cityName":"Giv`at Koah","countryName":"Israel"},{"cityName":"Giv`ati","countryName":"Israel"},{"cityName":"Giv`at Herzl","countryName":"Israel"},{"cityName":"Giv`at Hen","countryName":"Israel"},{"cityName":"Giv`at Hayyim","countryName":"Israel"},{"cityName":"Giv`at Haviva","countryName":"Israel"},{"cityName":"Giv`at HaShelosha","countryName":"Israel"},{"cityName":"Giv`at Brenner","countryName":"Israel"},{"cityName":"Giv`atayim","countryName":"Israel"},{"cityName":"Giv`at `Ada","countryName":"Israel"},{"cityName":"Ginnosar","countryName":"Israel"},{"cityName":"Ginnegar","countryName":"Israel"},{"cityName":"Ginnaton","countryName":"Israel"},{"cityName":"Gimzo","countryName":"Israel"},{"cityName":"Gilat","countryName":"Israel"},{"cityName":"Gile`am","countryName":"Israel"},{"cityName":"Gid`ona","countryName":"Israel"},{"cityName":"Gibbeton","countryName":"Israel"},{"cityName":"Gezer","countryName":"Israel"},{"cityName":"Gevulot","countryName":"Israel"},{"cityName":"Gevim","countryName":"Israel"},{"cityName":"Gevat","countryName":"Israel"},{"cityName":"Gevar`am","countryName":"Israel"},{"cityName":"Geva` Karmel","countryName":"Israel"},{"cityName":"Geva`","countryName":"Israel"},{"cityName":"Ge'ullim","countryName":"Israel"},{"cityName":"Ge'ulle Teman","countryName":"Israel"},{"cityName":"Gesher HaZiw","countryName":"Israel"},{"cityName":"Gesher","countryName":"Israel"},{"cityName":"Gerofit","countryName":"Israel"},{"cityName":"Gelil Yam","countryName":"Israel"},{"cityName":"Gefen","countryName":"Israel"},{"cityName":"Gedera","countryName":"Israel"},{"cityName":"Ge'alya","countryName":"Israel"},{"cityName":"Ge'a","countryName":"Israel"},{"cityName":"Gazit","countryName":"Israel"},{"cityName":"Gat Rimmon","countryName":"Israel"},{"cityName":"Ga`ton","countryName":"Israel"},{"cityName":"Gat","countryName":"Israel"},{"cityName":"Gan Yoshiyya","countryName":"Israel"},{"cityName":"Gan Yavne","countryName":"Israel"},{"cityName":"Gan Soreq","countryName":"Israel"},{"cityName":"Gan Shomeron","countryName":"Israel"},{"cityName":"Gan Shemu'el","countryName":"Israel"},{"cityName":"Gan Shelomo","countryName":"Israel"},{"cityName":"Gannot Hadar","countryName":"Israel"},{"cityName":"Gannot","countryName":"Israel"},{"cityName":"Ganne Yohanan","countryName":"Israel"},{"cityName":"Ganne Yehuda","countryName":"Israel"},{"cityName":"Ganne Tiqwa","countryName":"Israel"},{"cityName":"Ganne`am","countryName":"Israel"},{"cityName":"Gan Hayyim","countryName":"Israel"},{"cityName":"Gan HaSharon","countryName":"Israel"},{"cityName":"Gan HaDarom","countryName":"Israel"},{"cityName":"Gal'on","countryName":"Israel"},{"cityName":"Gadish","countryName":"Israel"},{"cityName":"Ga`ash","countryName":"Israel"},{"cityName":"Mafshatah","countryName":"Israel"},{"cityName":"Fardisiya","countryName":"Israel"},{"cityName":"`Ezuz","countryName":"Israel"},{"cityName":"Newe Eliyyahu","countryName":"Israel"},{"cityName":"Eyal","countryName":"Israel"},{"cityName":"`Evron","countryName":"Israel"},{"cityName":"Even Yizhaq","countryName":"Israel"},{"cityName":"Even Yehuda","countryName":"Israel"},{"cityName":"Even Shemu'el","countryName":"Israel"},{"cityName":"Even Sappir","countryName":"Israel"},{"cityName":"Even Menahem","countryName":"Israel"},{"cityName":"Tirah","countryName":"Israel"},{"cityName":"Et Taiyiba","countryName":"Israel"},{"cityName":"Etanim","countryName":"Israel"},{"cityName":"Etan","countryName":"Israel"},{"cityName":"Eshta'ol","countryName":"Israel"},{"cityName":"Sheikh Muwannis","countryName":"Israel"},{"cityName":"Esh Sheikh Dawud","countryName":"Israel"},{"cityName":"Esh Sheikh Dannun","countryName":"Israel"},{"cityName":"Sheikh Bureik","countryName":"Israel"},{"cityName":"Eshkolot","countryName":"Israel"},{"cityName":"Eshel HaNasi","countryName":"Israel"},{"cityName":"Eshbol","countryName":"Israel"},{"cityName":"Er Reina","countryName":"Israel"},{"cityName":"Erez","countryName":"Israel"},{"cityName":"`En Zurim","countryName":"Israel"},{"cityName":"`En Zetim","countryName":"Israel"},{"cityName":"`En Yahav","countryName":"Israel"},{"cityName":"`En Ya`aqov","countryName":"Israel"},{"cityName":"Ein Vered","countryName":"Israel"},{"cityName":"`En Shemer","countryName":"Israel"},{"cityName":"Ein Sarid","countryName":"Israel"},{"cityName":"`En Sara","countryName":"Israel"},{"cityName":"En Nuqeib","countryName":"Israel"},{"cityName":"`En Netafim","countryName":"Israel"},{"cityName":"En Nawaqir","countryName":"Israel"},{"cityName":"`En Na`aman","countryName":"Israel"},{"cityName":"`En Kerem","countryName":"Israel"},{"cityName":"`En Karmel","countryName":"Israel"},{"cityName":"`En `Iron","countryName":"Israel"},{"cityName":"`En Hod","countryName":"Israel"},{"cityName":"`En HaShofet","countryName":"Israel"},{"cityName":"`En HaShelosha","countryName":"Israel"},{"cityName":"`En Harod Me'uhad","countryName":"Israel"},{"cityName":"`En Harod Ihud","countryName":"Israel"},{"cityName":"`En Harod","countryName":"Israel"},{"cityName":"`En HaNaziv","countryName":"Israel"},{"cityName":"`En HaMifraz","countryName":"Israel"},{"cityName":"`En HaHoresh","countryName":"Israel"},{"cityName":"`En Ha`Emeq","countryName":"Israel"},{"cityName":"`En Gev","countryName":"Israel"},{"cityName":"`En Gedi","countryName":"Israel"},{"cityName":"`En Gannim","countryName":"Israel"},{"cityName":"`En Dor","countryName":"Israel"},{"cityName":"`En Boqeq","countryName":"Israel"},{"cityName":"`En Ayyala","countryName":"Israel"},{"cityName":"`Enat","countryName":"Israel"},{"cityName":"Emunim","countryName":"Israel"},{"cityName":"Elyashiv","countryName":"Israel"},{"cityName":"Elyaqim","countryName":"Israel"},{"cityName":"Elyakhin","countryName":"Israel"},{"cityName":"El `Ulmaniya","countryName":"Israel"},{"cityName":"Elro'i","countryName":"Israel"},{"cityName":"Elqosh","countryName":"Israel"},{"cityName":"Eilot","countryName":"Israel"},{"cityName":"Elon","countryName":"Israel"},{"cityName":"Al Musrarah","countryName":"Israel"},{"cityName":"El Musheirifa et Tahta","countryName":"Israel"},{"cityName":"El Musheirifa el Fauqa","countryName":"Israel"},{"cityName":"El Murtafi`a","countryName":"Israel"},{"cityName":"El Mazra`a","countryName":"Israel"},{"cityName":"El Mazar","countryName":"Israel"},{"cityName":"El Manshiya","countryName":"Israel"},{"cityName":"El Makr","countryName":"Israel"},{"cityName":"El Kababir","countryName":"Israel"},{"cityName":"Elishama`","countryName":"Israel"},{"cityName":"El `Imara","countryName":"Israel"},{"cityName":"Elifelet","countryName":"Israel"},{"cityName":"El Huzaiyil","countryName":"Israel"},{"cityName":"El Fureidis","countryName":"Israel"},{"cityName":"Eilat","countryName":"Israel"},{"cityName":"El `Ajami","countryName":"Israel"},{"cityName":"`Ein Rafa","countryName":"Israel"},{"cityName":"`Ein Mahil","countryName":"Israel"},{"cityName":"`Ein Ibrahim","countryName":"Israel"},{"cityName":"`Ein el Asad","countryName":"Israel"},{"cityName":"'Eilabun","countryName":"Israel"},{"cityName":"Hawwat `Eden","countryName":"Israel"},{"cityName":"Dahi","countryName":"Israel"},{"cityName":"Dovev","countryName":"Israel"},{"cityName":"Dorot","countryName":"Israel"},{"cityName":"Dor","countryName":"Israel"},{"cityName":"Dishon","countryName":"Israel"},{"cityName":"Dimona","countryName":"Israel"},{"cityName":"Devora","countryName":"Israel"},{"cityName":"Devira","countryName":"Israel"},{"cityName":"Deir Suneid","countryName":"Israel"},{"cityName":"Deir Hanna","countryName":"Israel"},{"cityName":"Deir el Asad","countryName":"Israel"},{"cityName":"Deganya Bet","countryName":"Israel"},{"cityName":"Deganya Alef","countryName":"Israel"},{"cityName":"Deganim","countryName":"Israel"},{"cityName":"Daverat","countryName":"Israel"},{"cityName":"Dan","countryName":"Israel"},{"cityName":"Dalton","countryName":"Israel"},{"cityName":"Daliyya","countryName":"Israel"},{"cityName":"Daliyat er Ruha","countryName":"Israel"},{"cityName":"Daliyat el Karmil","countryName":"Israel"},{"cityName":"Dafna","countryName":"Israel"},{"cityName":"Dabburiya","countryName":"Israel"},{"cityName":"Bustan HaGalil","countryName":"Israel"},{"cityName":"Buregeta","countryName":"Israel"},{"cityName":"Bureir","countryName":"Israel"},{"cityName":"Buqei`a","countryName":"Israel"},{"cityName":"Bu`eina","countryName":"Israel"},{"cityName":"Bizzaron","countryName":"Israel"},{"cityName":"Bitha","countryName":"Israel"},{"cityName":"Bitanya","countryName":"Israel"},{"cityName":"Bitan Aharon","countryName":"Israel"},{"cityName":"Biriyya","countryName":"Israel"},{"cityName":"Bir es Sikka","countryName":"Israel"},{"cityName":"Bir el Maksur","countryName":"Israel"},{"cityName":"Binyamina","countryName":"Israel"},{"cityName":"Bi`na","countryName":"Israel"},{"cityName":"Bezet","countryName":"Israel"},{"cityName":"Bet Zevi","countryName":"Israel"},{"cityName":"Bet Zera`","countryName":"Israel"},{"cityName":"Bet Zayit","countryName":"Israel"},{"cityName":"Bet Yosef","countryName":"Israel"},{"cityName":"Bet Yizhaq","countryName":"Israel"},{"cityName":"Bet Yehoshua`","countryName":"Israel"},{"cityName":"Bet Yannay","countryName":"Israel"},{"cityName":"Bet `Uzi'el","countryName":"Israel"},{"cityName":"Bet Shiqma","countryName":"Israel"},{"cityName":"Bet Shemu'el","countryName":"Israel"},{"cityName":"Bet Shemesh","countryName":"Israel"},{"cityName":"Bet She`arim","countryName":"Israel"},{"cityName":"Bet She'an","countryName":"Israel"},{"cityName":"Bet Rabban","countryName":"Israel"},{"cityName":"Bet Qeshet","countryName":"Israel"},{"cityName":"Bet Qama","countryName":"Israel"},{"cityName":"Bet `Oved","countryName":"Israel"},{"cityName":"Bet Oren","countryName":"Israel"},{"cityName":"Bet Nir","countryName":"Israel"},{"cityName":"Bet Neqofa","countryName":"Israel"},{"cityName":"Bet Nehemya","countryName":"Israel"},{"cityName":"Bet Me'ir","countryName":"Israel"},{"cityName":"Bet Ma`on","countryName":"Israel"},{"cityName":"Bet Lehem HaGelilit","countryName":"Israel"},{"cityName":"Bet Hilqiyya","countryName":"Israel"},{"cityName":"Bet Hillel","countryName":"Israel"},{"cityName":"Bet Herut","countryName":"Israel"},{"cityName":"Bet HaShitta","countryName":"Israel"},{"cityName":"Bet Hananya","countryName":"Israel"},{"cityName":"Bet Hanan","countryName":"Israel"},{"cityName":"Bet HaLewi","countryName":"Israel"},{"cityName":"Bet HaKerem","countryName":"Israel"},{"cityName":"Bet HaGaddi","countryName":"Israel"},{"cityName":"Bet Ha`Emeq","countryName":"Israel"},{"cityName":"Bet Guvrin","countryName":"Israel"},{"cityName":"Bet Gan","countryName":"Israel"},{"cityName":"Bet Gamli'el","countryName":"Israel"},{"cityName":"Bet `Ezra","countryName":"Israel"},{"cityName":"Bet El`azari","countryName":"Israel"},{"cityName":"Bet Dagan","countryName":"Israel"},{"cityName":"Bet `Arif","countryName":"Israel"},{"cityName":"Bet Alfa","countryName":"Israel"},{"cityName":"Berurim","countryName":"Israel"},{"cityName":"Berosh","countryName":"Israel"},{"cityName":"Beror Hayil","countryName":"Israel"},{"cityName":"Berit Ahim","countryName":"Israel"},{"cityName":"Berekhya","countryName":"Israel"},{"cityName":"Beqoa`","countryName":"Israel"},{"cityName":"Ben Zakkay","countryName":"Israel"},{"cityName":"Ben Shemen-Kefar Hano`ar","countryName":"Israel"},{"cityName":"Ben Shemen-Moshav","countryName":"Israel"},{"cityName":"Bene Ziyyon","countryName":"Israel"},{"cityName":"Bene Re'em","countryName":"Israel"},{"cityName":"Bene Deror","countryName":"Israel"},{"cityName":"Bene Darom","countryName":"Israel"},{"cityName":"Bene Beraq","countryName":"Israel"},{"cityName":"Bene 'Ayish","countryName":"Israel"},{"cityName":"Bene `Atarot","countryName":"Israel"},{"cityName":"Benaya","countryName":"Israel"},{"cityName":"Ben `Ammi","countryName":"Israel"},{"cityName":"Beit Jirja","countryName":"Israel"},{"cityName":"Beit Jimal","countryName":"Israel"},{"cityName":"Beit Jann","countryName":"Israel"},{"cityName":"Be'er Ya`aqov","countryName":"Israel"},{"cityName":"Beersheba","countryName":"Israel"},{"cityName":"Be'erot Yizhaq","countryName":"Israel"},{"cityName":"Be'erotayim","countryName":"Israel"},{"cityName":"Be'er Ora","countryName":"Israel"},{"cityName":"Be'er Menuha","countryName":"Israel"},{"cityName":"Be'eri","countryName":"Israel"},{"cityName":"Be'er Gannim","countryName":"Israel"},{"cityName":"Bazra","countryName":"Israel"},{"cityName":"Bayit Wegan","countryName":"Israel"},{"cityName":"Bat Yam","countryName":"Israel"},{"cityName":"Bat Shelomo","countryName":"Israel"},{"cityName":"Bat Gallim","countryName":"Israel"},{"cityName":"Basmat Tab`un","countryName":"Israel"},{"cityName":"Barta`a","countryName":"Israel"},{"cityName":"Barqay","countryName":"Israel"},{"cityName":"Barnea`","countryName":"Israel"},{"cityName":"Bar Giyyora","countryName":"Israel"},{"cityName":"Bareqet","countryName":"Israel"},{"cityName":"Baraq","countryName":"Israel"},{"cityName":"Bar`am","countryName":"Israel"},{"cityName":"Baqa el Gharbiyya","countryName":"Israel"},{"cityName":"Balfouriyya","countryName":"Israel"},{"cityName":"Bahan","countryName":"Israel"},{"cityName":"`Azriqam","countryName":"Israel"},{"cityName":"`Azri'el","countryName":"Israel"},{"cityName":"Azor","countryName":"Israel"},{"cityName":"`Azarya","countryName":"Israel"},{"cityName":"Ayyelet HaShahar","countryName":"Israel"},{"cityName":"`Ayanot","countryName":"Israel"},{"cityName":"Avuqa","countryName":"Israel"},{"cityName":"Avivim","countryName":"Israel"},{"cityName":"Avital","countryName":"Israel"},{"cityName":"Avihayil","countryName":"Israel"},{"cityName":"Avigedor","countryName":"Israel"},{"cityName":"Avi`ezer","countryName":"Israel"},{"cityName":"Avi'el","countryName":"Israel"},{"cityName":"`Avdon","countryName":"Israel"},{"cityName":"`Atlit","countryName":"Israel"},{"cityName":"Ashqelon","countryName":"Israel"},{"cityName":"Ashmruah","countryName":"Israel"},{"cityName":"Ashdot Ya`aqov Me'uhad","countryName":"Israel"},{"cityName":"Ashdot Ya`aqov Ihud","countryName":"Israel"},{"cityName":"Ashdot Ya`aqov","countryName":"Israel"},{"cityName":"Ashdod","countryName":"Israel"},{"cityName":"`Aseret","countryName":"Israel"},{"cityName":"`Arugot","countryName":"Israel"},{"cityName":"`Arraba","countryName":"Israel"},{"cityName":"Arbel","countryName":"Israel"},{"cityName":"`Ar`ara","countryName":"Israel"},{"cityName":"'Arad","countryName":"Israel"},{"cityName":"`Ara","countryName":"Israel"},{"cityName":"`Aqqada","countryName":"Israel"},{"cityName":"`Amqa","countryName":"Israel"},{"cityName":"`Ammishav","countryName":"Israel"},{"cityName":"`Ammi`oz","countryName":"Israel"},{"cityName":"`Amminadav","countryName":"Israel"},{"cityName":"`Ammi`ad","countryName":"Israel"},{"cityName":"Amirim","countryName":"Israel"},{"cityName":"`Amir","countryName":"Israel"},{"cityName":"Amazya","countryName":"Israel"},{"cityName":"Alummot","countryName":"Israel"},{"cityName":"`Alumim","countryName":"Israel"},{"cityName":"Almagor","countryName":"Israel"},{"cityName":"`Alma","countryName":"Israel"},{"cityName":"Allonim","countryName":"Israel"},{"cityName":"Allone Yizhaq","countryName":"Israel"},{"cityName":"Allone Abba","countryName":"Israel"},{"cityName":"`Akko","countryName":"Israel"},{"cityName":"`Akbara","countryName":"Israel"},{"cityName":"Ahuza","countryName":"Israel"},{"cityName":"Ahuzzat Naftali","countryName":"Israel"},{"cityName":"Ahuzzam","countryName":"Israel"},{"cityName":"Ahituv","countryName":"Israel"},{"cityName":"Ahisamakh","countryName":"Israel"},{"cityName":"Ahihud","countryName":"Israel"},{"cityName":"Ahi`ezer","countryName":"Israel"},{"cityName":"`Agur","countryName":"Israel"},{"cityName":"`Afula `Illit","countryName":"Israel"},{"cityName":"`Afula","countryName":"Israel"},{"cityName":"Afridar","countryName":"Israel"},{"cityName":"Afiqim","countryName":"Israel"},{"cityName":"Afeq","countryName":"Israel"},{"cityName":"Adirim","countryName":"Israel"},{"cityName":"Adderet","countryName":"Israel"},{"cityName":"`Adanim","countryName":"Israel"},{"cityName":"Adamit","countryName":"Israel"},{"cityName":"Abu Sinan","countryName":"Israel"},{"cityName":"Abu Shusha","countryName":"Israel"},{"cityName":"Abu Kabir","countryName":"Israel"},{"cityName":"Abu Ghaush","countryName":"Israel"},{"cityName":"Abba Hillel","countryName":"Israel"},{"cityName":"Yahel","countryName":"Israel"},{"cityName":"Zuqim","countryName":"Israel"},{"cityName":"Paran","countryName":"Israel"},{"cityName":"Zofar","countryName":"Israel"},{"cityName":"Sappir","countryName":"Israel"},{"cityName":"`Ir Ovot","countryName":"Israel"},{"cityName":"Shizzafon","countryName":"Israel"},{"cityName":"Newe Harif","countryName":"Israel"},{"cityName":"Shittim","countryName":"Israel"},{"cityName":"Ya`alon","countryName":"Israel"},{"cityName":"Magen Sha'ul","countryName":"Israel"},{"cityName":"Shibli","countryName":"Israel"},{"cityName":"Hosha`ya","countryName":"Israel"},{"cityName":"Rumat Heib","countryName":"Israel"},{"cityName":"Bet Rimmon","countryName":"Israel"},{"cityName":"Massad","countryName":"Israel"},{"cityName":"Avtalyon","countryName":"Israel"},{"cityName":"Hararit","countryName":"Israel"},{"cityName":"Shekhanya","countryName":"Israel"},{"cityName":"Qoranit","countryName":"Israel"},{"cityName":"Raqqefet","countryName":"Israel"},{"cityName":"Misgav","countryName":"Israel"},{"cityName":"Kallanit","countryName":"Israel"},{"cityName":"Tefahot","countryName":"Israel"},{"cityName":"Lotem","countryName":"Israel"},{"cityName":"Sallama","countryName":"Israel"},{"cityName":"Shorashim","countryName":"Israel"},{"cityName":"Yuvallim","countryName":"Israel"},{"cityName":"Eshhar","countryName":"Israel"},{"cityName":"Hazon","countryName":"Israel"},{"cityName":"Kefar Hananya","countryName":"Israel"},{"cityName":"Qaddarim","countryName":"Israel"},{"cityName":"Moran","countryName":"Israel"},{"cityName":"Kammon","countryName":"Israel"},{"cityName":"Mikhmannim","countryName":"Israel"},{"cityName":"Zeviyya","countryName":"Israel"},{"cityName":"Zurit","countryName":"Israel"},{"cityName":"Tuval","countryName":"Israel"},{"cityName":"Haluz","countryName":"Israel"},{"cityName":"Harashim","countryName":"Israel"},{"cityName":"Hemdat Yamim","countryName":"Israel"},{"cityName":"Lappidot","countryName":"Israel"},{"cityName":"Migdal Tefen","countryName":"Israel"},{"cityName":"Kefar Weradim","countryName":"Israel"},{"cityName":"Intisar","countryName":"Israel"},{"cityName":"Zofiyya","countryName":"Israel"},{"cityName":"Bet Hashmonay","countryName":"Israel"},{"cityName":"Mazor","countryName":"Israel"},{"cityName":"Ramat Ef`al","countryName":"Israel"},{"cityName":"Morasha","countryName":"Israel"},{"cityName":"Nizzane Sinay","countryName":"Israel"},{"cityName":"Ashalim","countryName":"Israel"},{"cityName":"Telalim","countryName":"Israel"},{"cityName":"Ketura","countryName":"Israel"},{"cityName":"Ein Bokek","countryName":"Israel"},{"cityName":"Lehavim","countryName":"Israel"},{"cityName":"Petah Tikva","countryName":"Israel"},{"cityName":"Modiin","countryName":"Israel"},{"cityName":"maale adumim","countryName":"Israel"},{"cityName":"Midreshet Ben-Gurion","countryName":"Israel"},{"cityName":"Old City","countryName":"Israel"},{"cityName":"Raanana","countryName":"Israel"},{"cityName":"Qesarya","countryName":"Israel"},{"cityName":"West Jerusalem","countryName":"Israel"},{"cityName":"German Colony","countryName":"Israel"},{"cityName":"Hable","countryName":"Israel"},{"cityName":"Al-Ramadien","countryName":"Israel"},{"cityName":"Bayt Mirsim","countryName":"Israel"},{"cityName":"Meitar","countryName":"Israel"},{"cityName":"Hazrot Yasaf","countryName":"Israel"},{"cityName":"Lavon","countryName":"Israel"},{"cityName":"Gitta","countryName":"Israel"},{"cityName":"Kelil","countryName":"Israel"},{"cityName":"Hilla","countryName":"Israel"},{"cityName":"Gornot HaGalil","countryName":"Israel"},{"cityName":"`Aramsha","countryName":"Israel"},{"cityName":"Yevul","countryName":"Israel"},{"cityName":"Deqel","countryName":"Israel"},{"cityName":"Yated","countryName":"Israel"},{"cityName":"Talme Yosef","countryName":"Israel"},{"cityName":"Nahal Amittay","countryName":"Israel"},{"cityName":"Avshalom","countryName":"Israel"},{"cityName":"Ohad","countryName":"Israel"},{"cityName":"Holit","countryName":"Israel"},{"cityName":"Sufa","countryName":"Israel"},{"cityName":"Peri Gan","countryName":"Israel"},{"cityName":"Sede Avraham","countryName":"Israel"},{"cityName":"Talme Eliyyahu","countryName":"Israel"},{"cityName":"Sede Nizzan","countryName":"Israel"},{"cityName":"Netiv Ha`Asara","countryName":"Israel"},{"cityName":"Bat Hadar","countryName":"Israel"},{"cityName":"Alumma","countryName":"Israel"},{"cityName":"Merkaz Shapira","countryName":"Israel"},{"cityName":"Dohan","countryName":"Israel"},{"cityName":"`Ezer","countryName":"Israel"},{"cityName":"Ahawa","countryName":"Israel"},{"cityName":"Kefar Eliyyahu","countryName":"Israel"},{"cityName":"Or HaGanuz","countryName":"Israel"},{"cityName":"Netu`a","countryName":"Israel"},{"cityName":"Mantur","countryName":"Israel"},{"cityName":"Even Pelet","countryName":"Israel"},{"cityName":"Ahuzzat Baraq","countryName":"Israel"},{"cityName":"Akhsanya","countryName":"Israel"},{"cityName":"Shekhunat Ben Gurion","countryName":"Israel"},{"cityName":"Hodayot","countryName":"Israel"},{"cityName":"Giv`at Avni","countryName":"Israel"},{"cityName":"Mizpe Netofa","countryName":"Israel"},{"cityName":"Nujeidat","countryName":"Israel"},{"cityName":"Buregan","countryName":"Israel"},{"cityName":"Wered HaGalil","countryName":"Israel"},{"cityName":"Amnun","countryName":"Israel"},{"cityName":"Kahal","countryName":"Israel"},{"cityName":"Kokhav Ya'ir","countryName":"Israel"},{"cityName":"Zur Yig'al","countryName":"Israel"},{"cityName":"Ye`af","countryName":"Israel"},{"cityName":"Shoshannat Ha`Amaqim","countryName":"Israel"},{"cityName":"Bat Hefer","countryName":"Israel"},{"cityName":"Harish","countryName":"Israel"},{"cityName":"El Musherifa","countryName":"Israel"},{"cityName":"Qazir","countryName":"Israel"},{"cityName":"Qiryat Norda'u","countryName":"Israel"},{"cityName":"Ramat Poleg","countryName":"Israel"},{"cityName":"Shikun Darom","countryName":"Israel"},{"cityName":"Shikun Ben Ziyyon","countryName":"Israel"},{"cityName":"Shikun `Amalya","countryName":"Israel"},{"cityName":"Newe Itamar","countryName":"Israel"},{"cityName":"Newe Shalom","countryName":"Israel"},{"cityName":"`En Hitkhelet","countryName":"Israel"},{"cityName":"Shikun Ya`aqov","countryName":"Israel"},{"cityName":"Giv`at HaPo`alim","countryName":"Israel"},{"cityName":"Newe Sedot","countryName":"Israel"},{"cityName":"Zemer","countryName":"Israel"},{"cityName":"`Ein el Ma`lqa","countryName":"Israel"},{"cityName":"`Iriq es Sabav","countryName":"Israel"},{"cityName":"`Ammiqam","countryName":"Israel"},{"cityName":"Karme Yosef","countryName":"Israel"},{"cityName":"Gizo","countryName":"Israel"},{"cityName":"Yad HaShemona","countryName":"Israel"},{"cityName":"`Ein Naquba","countryName":"Israel"},{"cityName":"Giv`at Sharet","countryName":"Israel"},{"cityName":"Sheqef","countryName":"Israel"},{"cityName":"Shomeriyya","countryName":"Israel"},{"cityName":"Rahat","countryName":"Israel"},{"cityName":"Laqiyya","countryName":"Israel"},{"cityName":"Segev Shalom","countryName":"Israel"},{"cityName":"Kemehin","countryName":"Israel"},{"cityName":"Modiin Ilit","countryName":"Israel"},{"cityName":"Nof Ayalon","countryName":"Israel"},{"cityName":"Kfar Rut","countryName":"Israel"},{"cityName":"Shilat","countryName":"Israel"},{"cityName":"Hashmonaim","countryName":"Israel"},{"cityName":"Lapid","countryName":"Israel"},{"cityName":"Kfar NaOranim","countryName":"Israel"},{"cityName":"Mevo horon","countryName":"Israel"},{"cityName":"Givat Zeev","countryName":"Israel"},{"cityName":"Beit Horon","countryName":"Israel"},{"cityName":"Nili","countryName":"Israel"},{"cityName":"Na'ale","countryName":"Israel"},{"cityName":"Giv'on HaHadasha","countryName":"Israel"},{"cityName":"Nahliel","countryName":"Israel"},{"cityName":"Talmon","countryName":"Israel"},{"cityName":"Dolev","countryName":"Israel"},{"cityName":"Ariel","countryName":"Israel"},{"cityName":"Oranit","countryName":"Israel"},{"cityName":"Nirit","countryName":"Israel"},{"cityName":"Revava","countryName":"Israel"},{"cityName":"Tal El","countryName":"Israel"},{"cityName":"Ya`ad","countryName":"Israel"},{"cityName":"Na`aman","countryName":"Israel"},{"cityName":"Manof","countryName":"Israel"},{"cityName":"Moreshet","countryName":"Israel"},{"cityName":"Mizpe Aviv","countryName":"Israel"},{"cityName":"Qiryat Hayyim HaMa`arvit","countryName":"Israel"},{"cityName":"Kefar HaNo`ar Nir Ha`Emeq","countryName":"Israel"},{"cityName":"Giv`at `Eden","countryName":"Israel"},{"cityName":"Tel Shaddud","countryName":"Israel"},{"cityName":"Zarzir","countryName":"Israel"},{"cityName":"Shimshit","countryName":"Israel"},{"cityName":"Giv`at Ela","countryName":"Israel"},{"cityName":"Hajajra","countryName":"Israel"},{"cityName":"Halaf Tabbash","countryName":"Israel"},{"cityName":"Universitet Hefa","countryName":"Israel"},{"cityName":"Hod HaKarmel","countryName":"Israel"},{"cityName":"Ben Dor","countryName":"Israel"},{"cityName":"Nofit","countryName":"Israel"},{"cityName":"Ka`abiyya","countryName":"Israel"},{"cityName":"Zafon Ka`abiyya","countryName":"Israel"},{"cityName":"Harduf","countryName":"Israel"},{"cityName":"Allon HaGalil","countryName":"Israel"},{"cityName":"`Adi","countryName":"Israel"},{"cityName":"Ras `Ali","countryName":"Israel"},{"cityName":"Ramat Sha'ul","countryName":"Israel"},{"cityName":"`En HaYam","countryName":"Israel"},{"cityName":"Hazrot Karmel","countryName":"Israel"},{"cityName":"Shambur","countryName":"Israel"},{"cityName":"Shekhunat Ziw","countryName":"Israel"},{"cityName":"Qiryat Shemaryahu","countryName":"Israel"},{"cityName":"Nahal Eshbar","countryName":"Israel"},{"cityName":"Karmelia","countryName":"Israel"},{"cityName":"Ramat HaTishbi","countryName":"Israel"},{"cityName":"Kishor","countryName":"Israel"},{"cityName":"Asherat","countryName":"Israel"},{"cityName":"Abbirim","countryName":"Israel"},{"cityName":"Bar Yohay","countryName":"Israel"},{"cityName":"Ziv`on","countryName":"Israel"},{"cityName":"Qeren","countryName":"Israel"},{"cityName":"Neriyya","countryName":"Israel"},{"cityName":"Mattat","countryName":"Israel"},{"cityName":"`En HaBesor","countryName":"Israel"},{"cityName":"Ravid","countryName":"Israel"},{"cityName":"Livnim","countryName":"Israel"},{"cityName":"Hamam","countryName":"Israel"},{"cityName":"Zoran","countryName":"Israel"},{"cityName":"Baiyada","countryName":"Israel"},{"cityName":"`Ein es Sahla","countryName":"Israel"},{"cityName":"Arsuf","countryName":"Israel"},{"cityName":"Tel Sheva`","countryName":"Israel"},{"cityName":"Pelekh","countryName":"Israel"},{"cityName":"Gilon","countryName":"Israel"},{"cityName":"Hannaton","countryName":"Israel"},{"cityName":"Loten","countryName":"Israel"},{"cityName":"Samar","countryName":"Israel"},{"cityName":"Elifaz","countryName":"Israel"},{"cityName":"Gan Ner","countryName":"Israel"},{"cityName":"Shekhunat Eliyyahu","countryName":"Israel"},{"cityName":"Shekhunat Gordon","countryName":"Israel"},{"cityName":"Shekhunat Haluzim","countryName":"Israel"},{"cityName":"Shekhunat Shprinzak","countryName":"Israel"},{"cityName":"Na'ot Semadar","countryName":"Israel"},{"cityName":"Kefar Ata","countryName":"Israel"},{"cityName":"Retamim","countryName":"Israel"},{"cityName":"`Ar`ara BaNegev","countryName":"Israel"},{"cityName":"Hura","countryName":"Israel"},{"cityName":"Kuseifa","countryName":"Israel"},{"cityName":"Keramim","countryName":"Israel"},{"cityName":"Metar","countryName":"Israel"},{"cityName":"Yittar","countryName":"Israel"},{"cityName":"`Amasa","countryName":"Israel"},{"cityName":"Shani","countryName":"Israel"},{"cityName":"Abu Rabi`a","countryName":"Israel"},{"cityName":"Abu Raqeiq","countryName":"Israel"},{"cityName":"Ramat Yosef","countryName":"Israel"},{"cityName":"Kefar Batya","countryName":"Israel"},{"cityName":"Shekhunat Asher","countryName":"Israel"},{"cityName":"Nahalat `Ada","countryName":"Israel"},{"cityName":"Newe `Amal","countryName":"Israel"},{"cityName":"Shaviv","countryName":"Israel"},{"cityName":"Herziliyya Pituah","countryName":"Israel"},{"cityName":"Newe Yisra'el","countryName":"Israel"},{"cityName":"Newe `Oved","countryName":"Israel"},{"cityName":"Ganne Zevi","countryName":"Israel"},{"cityName":"Newe Hadar","countryName":"Israel"},{"cityName":"Newe Rom","countryName":"Israel"},{"cityName":"Newe Rosco","countryName":"Israel"},{"cityName":"Newe Magen","countryName":"Israel"},{"cityName":"Afeqa","countryName":"Israel"},{"cityName":"Newe Avivim","countryName":"Israel"},{"cityName":"Ma`oz Aviv","countryName":"Israel"},{"cityName":"Ne'ot Afeqa","countryName":"Israel"},{"cityName":"Sela`","countryName":"Israel"},{"cityName":"Newe Sharet","countryName":"Israel"},{"cityName":"Qiryat Sherat","countryName":"Israel"},{"cityName":"Giv`at `Amal","countryName":"Israel"},{"cityName":"Nahalat Gannim","countryName":"Israel"},{"cityName":"Qiryat Yisrael","countryName":"Israel"},{"cityName":"Giv`at `Aliyya","countryName":"Israel"},{"cityName":"Shekhunat `Ezra","countryName":"Israel"},{"cityName":"Yad Eliyyahu","countryName":"Israel"},{"cityName":"Ramat Yizhaq","countryName":"Israel"},{"cityName":"Newe Yahoshua`","countryName":"Israel"},{"cityName":"Ramat `Amidar","countryName":"Israel"},{"cityName":"Newe On","countryName":"Israel"},{"cityName":"Bar Ilan","countryName":"Israel"},{"cityName":"Qiryat Krinitzi","countryName":"Israel"},{"cityName":"Qir'on","countryName":"Israel"},{"cityName":"Qiryat Matalon","countryName":"Israel"},{"cityName":"Newe `Oz","countryName":"Israel"},{"cityName":"Ramot Yam","countryName":"Israel"},{"cityName":"Ramat HaNasi","countryName":"Israel"},{"cityName":"Na'ot Rahel","countryName":"Israel"},{"cityName":"Shekhun Vatikim","countryName":"Israel"},{"cityName":"Qiryat Ben Gurion","countryName":"Israel"},{"cityName":"Kramim","countryName":"Israel"},{"cityName":"Shikun Sela`","countryName":"Israel"},{"cityName":"Qiryat Rishon","countryName":"Israel"},{"cityName":"Newe Shiqma","countryName":"Israel"},{"cityName":"Newe Deqalim","countryName":"Israel"},{"cityName":"Newe Hof","countryName":"Israel"},{"cityName":"Qiryat Hateni Pras Nobel","countryName":"Israel"},{"cityName":"Newe Ashalim","countryName":"Israel"},{"cityName":"Qiryat Gannim","countryName":"Israel"},{"cityName":"Shikun Gordan","countryName":"Israel"},{"cityName":"Kefar Arya","countryName":"Israel"},{"cityName":"`Amidar","countryName":"Israel"},{"cityName":"Shikun Herzl","countryName":"Israel"},{"cityName":"Shikun Rambam","countryName":"Israel"},{"cityName":"Newe Zayit","countryName":"Israel"},{"cityName":"Newe `Amit","countryName":"Israel"},{"cityName":"Giv`at Mikhal","countryName":"Israel"},{"cityName":"Ganne Hadar","countryName":"Israel"},{"cityName":"Re`ut","countryName":"Israel"},{"cityName":"Shoham","countryName":"Israel"},{"cityName":"El`ad","countryName":"Israel"},{"cityName":"Kefar Avraham","countryName":"Israel"},{"cityName":"Ed Deir","countryName":"Israel"},{"cityName":"Giv`at Qesem","countryName":"Israel"},{"cityName":"Newe Ne'eman","countryName":"Israel"},{"cityName":"Shikun Sirkin","countryName":"Israel"},{"cityName":"Mahane Yehuda","countryName":"Israel"},{"cityName":"Sha`aria","countryName":"Israel"},{"cityName":"Shikun `Aliyya","countryName":"Israel"},{"cityName":"Shikun Kaplan","countryName":"Israel"},{"cityName":"Shekhunat Eli`ezer","countryName":"Israel"},{"cityName":"Shikun Ge'ullim","countryName":"Israel"},{"cityName":"Matan","countryName":"Israel"},{"cityName":"Oron","countryName":"Israel"},{"cityName":"`En Tamar","countryName":"Israel"},{"cityName":"`Iddan","countryName":"Israel"},{"cityName":"Newe Midbar","countryName":"Israel"},{"cityName":"HaDeqel","countryName":"Israel"},{"cityName":"Ye`elim","countryName":"Israel"},{"cityName":"HaEshel","countryName":"Israel"},{"cityName":"`Arava","countryName":"Israel"},{"cityName":"Mizpe Yam","countryName":"Israel"},{"cityName":"Ofir","countryName":"Israel"},{"cityName":"Zofit `Illit","countryName":"Israel"},{"cityName":"Zofit Tahtit","countryName":"Israel"},{"cityName":"Mercaz","countryName":"Israel"},{"cityName":"Amdar","countryName":"Israel"},{"cityName":"Gannim Alef","countryName":"Israel"},{"cityName":"Shahmon","countryName":"Israel"},{"cityName":"Gannim Bet","countryName":"Israel"},{"cityName":"Herzliya Pituah","countryName":"Israel"}]