[{"cityName":"Orange Park","countryName":"Jamaica"},{"cityName":"Harmony Vale","countryName":"Jamaica"},{"cityName":"Sherwood Content","countryName":"Jamaica"},{"cityName":"Zion Hill","countryName":"Jamaica"},{"cityName":"Y.S. Estate","countryName":"Jamaica"},{"cityName":"York Street","countryName":"Jamaica"},{"cityName":"York Castle","countryName":"Jamaica"},{"cityName":"York","countryName":"Jamaica"},{"cityName":"Yates Savanna","countryName":"Jamaica"},{"cityName":"Yallahs","countryName":"Jamaica"},{"cityName":"Worthy Park","countryName":"Jamaica"},{"cityName":"Worcester","countryName":"Jamaica"},{"cityName":"Woolwich","countryName":"Jamaica"},{"cityName":"Woolbury","countryName":"Jamaica"},{"cityName":"Woodstock","countryName":"Jamaica"},{"cityName":"Woodside","countryName":"Jamaica"},{"cityName":"Woodlands","countryName":"Jamaica"},{"cityName":"Wood Hall","countryName":"Jamaica"},{"cityName":"Woodhall","countryName":"Jamaica"},{"cityName":"Winefield","countryName":"Jamaica"},{"cityName":"Windsor Park","countryName":"Jamaica"},{"cityName":"Windsor Lodge","countryName":"Jamaica"},{"cityName":"Windsor Heights","countryName":"Jamaica"},{"cityName":"Windsor Forest","countryName":"Jamaica"},{"cityName":"Windsor Castle","countryName":"Jamaica"},{"cityName":"Windsor","countryName":"Jamaica"},{"cityName":"Winchester","countryName":"Jamaica"},{"cityName":"Wiltshire","countryName":"Jamaica"},{"cityName":"Wilton","countryName":"Jamaica"},{"cityName":"Wilson","countryName":"Jamaica"},{"cityName":"Wilmington","countryName":"Jamaica"},{"cityName":"Williams Town","countryName":"Jamaica"},{"cityName":"Williamsons","countryName":"Jamaica"},{"cityName":"Williams Moreland","countryName":"Jamaica"},{"cityName":"Williamsfield","countryName":"Jamaica"},{"cityName":"Wilderness","countryName":"Jamaica"},{"cityName":"Wilbury","countryName":"Jamaica"},{"cityName":"Wigton","countryName":"Jamaica"},{"cityName":"Wick","countryName":"Jamaica"},{"cityName":"Whydaw","countryName":"Jamaica"},{"cityName":"Whorton","countryName":"Jamaica"},{"cityName":"Whitney Turn","countryName":"Jamaica"},{"cityName":"Whitney","countryName":"Jamaica"},{"cityName":"Whithorn","countryName":"Jamaica"},{"cityName":"Whitfield Town","countryName":"Jamaica"},{"cityName":"Whitfield","countryName":"Jamaica"},{"cityName":"White Rock","countryName":"Jamaica"},{"cityName":"White River","countryName":"Jamaica"},{"cityName":"Whitehouse","countryName":"Jamaica"},{"cityName":"White Horses","countryName":"Jamaica"},{"cityName":"Whitehorns Thicket","countryName":"Jamaica"},{"cityName":"White Hill","countryName":"Jamaica"},{"cityName":"White Hall","countryName":"Jamaica"},{"cityName":"Whitehall","countryName":"Jamaica"},{"cityName":"Whitby","countryName":"Jamaica"},{"cityName":"Whitaker Corner","countryName":"Jamaica"},{"cityName":"Wheelersfield","countryName":"Jamaica"},{"cityName":"Weymouth","countryName":"Jamaica"},{"cityName":"Westphalia","countryName":"Jamaica"},{"cityName":"Westlands","countryName":"Jamaica"},{"cityName":"Westfield","countryName":"Jamaica"},{"cityName":"Wemyss","countryName":"Jamaica"},{"cityName":"Welcome","countryName":"Jamaica"},{"cityName":"Wedge Well","countryName":"Jamaica"},{"cityName":"Watt Town","countryName":"Jamaica"},{"cityName":"Watson Town","countryName":"Jamaica"},{"cityName":"Water Works","countryName":"Jamaica"},{"cityName":"Water Wheel","countryName":"Jamaica"},{"cityName":"Water Valley","countryName":"Jamaica"},{"cityName":"Watermount","countryName":"Jamaica"},{"cityName":"Waterloo","countryName":"Jamaica"},{"cityName":"Waterhouse Pen","countryName":"Jamaica"},{"cityName":"Watchwell","countryName":"Jamaica"},{"cityName":"Washington Gardens","countryName":"Jamaica"},{"cityName":"Warwick","countryName":"Jamaica"},{"cityName":"Warsop","countryName":"Jamaica"},{"cityName":"Warsaw","countryName":"Jamaica"},{"cityName":"Walton","countryName":"Jamaica"},{"cityName":"Wallingford","countryName":"Jamaica"},{"cityName":"Wallen","countryName":"Jamaica"},{"cityName":"Walkers Wood","countryName":"Jamaica"},{"cityName":"Walderston","countryName":"Jamaica"},{"cityName":"Wakefield","countryName":"Jamaica"},{"cityName":"Wait a Bit","countryName":"Jamaica"},{"cityName":"Virginia","countryName":"Jamaica"},{"cityName":"Vineyard Town","countryName":"Jamaica"},{"cityName":"Vinegar Hill","countryName":"Jamaica"},{"cityName":"Village of Kettering","countryName":"Jamaica"},{"cityName":"Villa","countryName":"Jamaica"},{"cityName":"Victoria Town","countryName":"Jamaica"},{"cityName":"Vaz Delight","countryName":"Jamaica"},{"cityName":"Vaughansfield","countryName":"Jamaica"},{"cityName":"Vanity Fair","countryName":"Jamaica"},{"cityName":"Vale Royal","countryName":"Jamaica"},{"cityName":"Usher Mount","countryName":"Jamaica"},{"cityName":"Up Park Camp","countryName":"Jamaica"},{"cityName":"Unity Valley","countryName":"Jamaica"},{"cityName":"Unity Pen","countryName":"Jamaica"},{"cityName":"Unity Hall","countryName":"Jamaica"},{"cityName":"Unity","countryName":"Jamaica"},{"cityName":"Union Pen","countryName":"Jamaica"},{"cityName":"Union Hill","countryName":"Jamaica"},{"cityName":"Union","countryName":"Jamaica"},{"cityName":"Ulster Spring","countryName":"Jamaica"},{"cityName":"Tyre","countryName":"Jamaica"},{"cityName":"Twickenham Park","countryName":"Jamaica"},{"cityName":"Tweedside","countryName":"Jamaica"},{"cityName":"Turtle Pond","countryName":"Jamaica"},{"cityName":"Tumbridge","countryName":"Jamaica"},{"cityName":"Tulloch","countryName":"Jamaica"},{"cityName":"Tug Hill","countryName":"Jamaica"},{"cityName":"Trysee Village","countryName":"Jamaica"},{"cityName":"Tryall","countryName":"Jamaica"},{"cityName":"Truro Pen","countryName":"Jamaica"},{"cityName":"Troy","countryName":"Jamaica"},{"cityName":"Trout Hall","countryName":"Jamaica"},{"cityName":"Troja","countryName":"Jamaica"},{"cityName":"Tripoli","countryName":"Jamaica"},{"cityName":"Trinity Ville","countryName":"Jamaica"},{"cityName":"Trinity","countryName":"Jamaica"},{"cityName":"Trenton","countryName":"Jamaica"},{"cityName":"Trentham Park","countryName":"Jamaica"},{"cityName":"Trench Town","countryName":"Jamaica"},{"cityName":"Tree Grove","countryName":"Jamaica"},{"cityName":"Treasure Beach","countryName":"Jamaica"},{"cityName":"Treadways","countryName":"Jamaica"},{"cityName":"Treadlight","countryName":"Jamaica"},{"cityName":"Trafalgar","countryName":"Jamaica"},{"cityName":"Tows Pen","countryName":"Jamaica"},{"cityName":"Townshens Pen","countryName":"Jamaica"},{"cityName":"Town Head","countryName":"Jamaica"},{"cityName":"Tower Hill","countryName":"Jamaica"},{"cityName":"Torrington Castle","countryName":"Jamaica"},{"cityName":"Torrington","countryName":"Jamaica"},{"cityName":"Top Hill","countryName":"Jamaica"},{"cityName":"Top Buxton","countryName":"Jamaica"},{"cityName":"Toms River","countryName":"Jamaica"},{"cityName":"Tom Spring","countryName":"Jamaica"},{"cityName":"Toms Hope","countryName":"Jamaica"},{"cityName":"Tomsfield","countryName":"Jamaica"},{"cityName":"Tommy Bush","countryName":"Jamaica"},{"cityName":"Tom Kings","countryName":"Jamaica"},{"cityName":"Tombstone","countryName":"Jamaica"},{"cityName":"Toll Gate","countryName":"Jamaica"},{"cityName":"Tobolski","countryName":"Jamaica"},{"cityName":"Titchfield","countryName":"Jamaica"},{"cityName":"Time and Patience","countryName":"Jamaica"},{"cityName":"Three Mile River","countryName":"Jamaica"},{"cityName":"Three Mile","countryName":"Jamaica"},{"cityName":"Thornton","countryName":"Jamaica"},{"cityName":"Thornhill","countryName":"Jamaica"},{"cityName":"Thorn Hill","countryName":"Jamaica"},{"cityName":"Thomson Hill","countryName":"Jamaica"},{"cityName":"Thompson Town","countryName":"Jamaica"},{"cityName":"Thompsons Bush","countryName":"Jamaica"},{"cityName":"Thompson Pen","countryName":"Jamaica"},{"cityName":"Thompson","countryName":"Jamaica"},{"cityName":"Thicket","countryName":"Jamaica"},{"cityName":"Thetford Mountain","countryName":"Jamaica"},{"cityName":"Thetford","countryName":"Jamaica"},{"cityName":"The Shambles","countryName":"Jamaica"},{"cityName":"The Rock","countryName":"Jamaica"},{"cityName":"The Rest","countryName":"Jamaica"},{"cityName":"The Lodge","countryName":"Jamaica"},{"cityName":"The Cross","countryName":"Jamaica"},{"cityName":"The Cottage","countryName":"Jamaica"},{"cityName":"The Cooperage","countryName":"Jamaica"},{"cityName":"The Alves","countryName":"Jamaica"},{"cityName":"The Alps","countryName":"Jamaica"},{"cityName":"The Alley","countryName":"Jamaica"},{"cityName":"Thatch Walk","countryName":"Jamaica"},{"cityName":"Thatch Pen","countryName":"Jamaica"},{"cityName":"Thatchfield","countryName":"Jamaica"},{"cityName":"Tharp Pen","countryName":"Jamaica"},{"cityName":"Teak Pen","countryName":"Jamaica"},{"cityName":"Taylors","countryName":"Jamaica"},{"cityName":"Tarwood","countryName":"Jamaica"},{"cityName":"Tarentum","countryName":"Jamaica"},{"cityName":"Tanglewood","countryName":"Jamaica"},{"cityName":"Tales Pen","countryName":"Jamaica"},{"cityName":"Sydenham","countryName":"Jamaica"},{"cityName":"Swift River","countryName":"Jamaica"},{"cityName":"Sweet River","countryName":"Jamaica"},{"cityName":"Swansea","countryName":"Jamaica"},{"cityName":"Swallowfield","countryName":"Jamaica"},{"cityName":"Suttons","countryName":"Jamaica"},{"cityName":"Sussex","countryName":"Jamaica"},{"cityName":"Susan Hill","countryName":"Jamaica"},{"cityName":"Sunny Bank","countryName":"Jamaica"},{"cityName":"Sunning Hill","countryName":"Jamaica"},{"cityName":"Sunflower","countryName":"Jamaica"},{"cityName":"Summer Hill","countryName":"Jamaica"},{"cityName":"Suffolk Park","countryName":"Jamaica"},{"cityName":"Success","countryName":"Jamaica"},{"cityName":"Sturge Town","countryName":"Jamaica"},{"cityName":"Struie","countryName":"Jamaica"},{"cityName":"Stricklands","countryName":"Jamaica"},{"cityName":"Strawberry","countryName":"Jamaica"},{"cityName":"Stony Hill","countryName":"Jamaica"},{"cityName":"Stony Gut","countryName":"Jamaica"},{"cityName":"Stone Hill","countryName":"Jamaica"},{"cityName":"Stonehenge","countryName":"Jamaica"},{"cityName":"Stokes Hall","countryName":"Jamaica"},{"cityName":"Stirling Castle","countryName":"Jamaica"},{"cityName":"Stirling","countryName":"Jamaica"},{"cityName":"Stewart Town","countryName":"Jamaica"},{"cityName":"Stewarton","countryName":"Jamaica"},{"cityName":"Stettin","countryName":"Jamaica"},{"cityName":"Stepney","countryName":"Jamaica"},{"cityName":"Steer Town","countryName":"Jamaica"},{"cityName":"Steerfield","countryName":"Jamaica"},{"cityName":"Steelfield","countryName":"Jamaica"},{"cityName":"Starapple Grove","countryName":"Jamaica"},{"cityName":"Stanton Harcourt","countryName":"Jamaica"},{"cityName":"Stanton","countryName":"Jamaica"},{"cityName":"Stanmore Grove","countryName":"Jamaica"},{"cityName":"Stanmore","countryName":"Jamaica"},{"cityName":"Stanberry Grove","countryName":"Jamaica"},{"cityName":"Staketon","countryName":"Jamaica"},{"cityName":"Spur Tree","countryName":"Jamaica"},{"cityName":"Spring Village","countryName":"Jamaica"},{"cityName":"Spring Valley","countryName":"Jamaica"},{"cityName":"Spring Vale","countryName":"Jamaica"},{"cityName":"Springvale","countryName":"Jamaica"},{"cityName":"Spring Rises","countryName":"Jamaica"},{"cityName":"Spring Park","countryName":"Jamaica"},{"cityName":"Spring Mount","countryName":"Jamaica"},{"cityName":"Spring Hill","countryName":"Jamaica"},{"cityName":"Spring Grove","countryName":"Jamaica"},{"cityName":"Spring Garden","countryName":"Jamaica"},{"cityName":"Springfield","countryName":"Jamaica"},{"cityName":"Spring Bank","countryName":"Jamaica"},{"cityName":"Spot Valley","countryName":"Jamaica"},{"cityName":"Spotfield","countryName":"Jamaica"},{"cityName":"Spitzbergen","countryName":"Jamaica"},{"cityName":"Spicy Grove","countryName":"Jamaica"},{"cityName":"Spencers Pen","countryName":"Jamaica"},{"cityName":"Speculation","countryName":"Jamaica"},{"cityName":"Spa Spring","countryName":"Jamaica"},{"cityName":"Spanish Well","countryName":"Jamaica"},{"cityName":"Spanish Town","countryName":"Jamaica"},{"cityName":"Spaldings","countryName":"Jamaica"},{"cityName":"Southfield","countryName":"Jamaica"},{"cityName":"Soursop Turn","countryName":"Jamaica"},{"cityName":"Sooky Gal","countryName":"Jamaica"},{"cityName":"Sommers Town","countryName":"Jamaica"},{"cityName":"Sommerset","countryName":"Jamaica"},{"cityName":"Somerville","countryName":"Jamaica"},{"cityName":"Somerton","countryName":"Jamaica"},{"cityName":"Somerset Hall","countryName":"Jamaica"},{"cityName":"Somerset","countryName":"Jamaica"},{"cityName":"Soho","countryName":"Jamaica"},{"cityName":"Socks Lodge","countryName":"Jamaica"},{"cityName":"Snowdon","countryName":"Jamaica"},{"cityName":"Smithville","countryName":"Jamaica"},{"cityName":"Smith Village","countryName":"Jamaica"},{"cityName":"Smiths Pen","countryName":"Jamaica"},{"cityName":"Smithfield","countryName":"Jamaica"},{"cityName":"Slipe","countryName":"Jamaica"},{"cityName":"Sligoville","countryName":"Jamaica"},{"cityName":"Slanmore","countryName":"Jamaica"},{"cityName":"Skipton","countryName":"Jamaica"},{"cityName":"Skibo","countryName":"Jamaica"},{"cityName":"Six Miles","countryName":"Jamaica"},{"cityName":"Simpsons","countryName":"Jamaica"},{"cityName":"Simmers Valley","countryName":"Jamaica"},{"cityName":"Silver Sands","countryName":"Jamaica"},{"cityName":"Silver Hill","countryName":"Jamaica"},{"cityName":"Siloah","countryName":"Jamaica"},{"cityName":"Sidney Castle","countryName":"Jamaica"},{"cityName":"Siberia","countryName":"Jamaica"},{"cityName":"Shrewsbury","countryName":"Jamaica"},{"cityName":"Showfield","countryName":"Jamaica"},{"cityName":"Shotover","countryName":"Jamaica"},{"cityName":"Shooters Hill","countryName":"Jamaica"},{"cityName":"Shirley Pen","countryName":"Jamaica"},{"cityName":"Shirley Castle","countryName":"Jamaica"},{"cityName":"Shirehampton","countryName":"Jamaica"},{"cityName":"Shickles Pen","countryName":"Jamaica"},{"cityName":"Shettlewood","countryName":"Jamaica"},{"cityName":"Sherwood Forest","countryName":"Jamaica"},{"cityName":"Shepperds Hall","countryName":"Jamaica"},{"cityName":"Sheffield","countryName":"Jamaica"},{"cityName":"Sheerness","countryName":"Jamaica"},{"cityName":"Shaws","countryName":"Jamaica"},{"cityName":"Shaw Park","countryName":"Jamaica"},{"cityName":"Seville Heights","countryName":"Jamaica"},{"cityName":"Seville","countryName":"Jamaica"},{"cityName":"Sevens","countryName":"Jamaica"},{"cityName":"Seven Rivers","countryName":"Jamaica"},{"cityName":"Seven Oaks","countryName":"Jamaica"},{"cityName":"Seven Mile","countryName":"Jamaica"},{"cityName":"Seven Doubloons","countryName":"Jamaica"},{"cityName":"Seven Corners","countryName":"Jamaica"},{"cityName":"Serge Island","countryName":"Jamaica"},{"cityName":"Seniors","countryName":"Jamaica"},{"cityName":"Selington","countryName":"Jamaica"},{"cityName":"Sedburgh","countryName":"Jamaica"},{"cityName":"Sea View","countryName":"Jamaica"},{"cityName":"Seamans Valley","countryName":"Jamaica"},{"cityName":"Seaforth","countryName":"Jamaica"},{"cityName":"Seaford Town","countryName":"Jamaica"},{"cityName":"Seafield","countryName":"Jamaica"},{"cityName":"Scotts Pass","countryName":"Jamaica"},{"cityName":"Scotia","countryName":"Jamaica"},{"cityName":"Schwallenburgh","countryName":"Jamaica"},{"cityName":"Scholefield","countryName":"Jamaica"},{"cityName":"Scarlett Hall","countryName":"Jamaica"},{"cityName":"Scarborough","countryName":"Jamaica"},{"cityName":"Saxony Pen","countryName":"Jamaica"},{"cityName":"Saxham","countryName":"Jamaica"},{"cityName":"Sawyers","countryName":"Jamaica"},{"cityName":"Savanna-la-Mar","countryName":"Jamaica"},{"cityName":"Santamaria","countryName":"Jamaica"},{"cityName":"Santa Maria","countryName":"Jamaica"},{"cityName":"Santa Cruz","countryName":"Jamaica"},{"cityName":"Sanguinetti","countryName":"Jamaica"},{"cityName":"Sandy Gully","countryName":"Jamaica"},{"cityName":"Sandy Ground","countryName":"Jamaica"},{"cityName":"Sandy Bay","countryName":"Jamaica"},{"cityName":"Sandside","countryName":"Jamaica"},{"cityName":"Salt Spring","countryName":"Jamaica"},{"cityName":"Salt River","countryName":"Jamaica"},{"cityName":"Salt Pond Pen","countryName":"Jamaica"},{"cityName":"Salt Gut","countryName":"Jamaica"},{"cityName":"Salters Hill","countryName":"Jamaica"},{"cityName":"Sallys Hall","countryName":"Jamaica"},{"cityName":"Sallys Delight","countryName":"Jamaica"},{"cityName":"Salisbury","countryName":"Jamaica"},{"cityName":"Salem","countryName":"Jamaica"},{"cityName":"Saint Vincent","countryName":"Jamaica"},{"cityName":"Saint Toolies","countryName":"Jamaica"},{"cityName":"Saint Peter's","countryName":"Jamaica"},{"cityName":"Saint Pauls","countryName":"Jamaica"},{"cityName":"Saint Mountain","countryName":"Jamaica"},{"cityName":"Saint Mary's","countryName":"Jamaica"},{"cityName":"Saint Margaret's Bay","countryName":"Jamaica"},{"cityName":"Saint Leonards","countryName":"Jamaica"},{"cityName":"Saint John's","countryName":"Jamaica"},{"cityName":"Saint Jago","countryName":"Jamaica"},{"cityName":"Saint Helens","countryName":"Jamaica"},{"cityName":"Saint Helena","countryName":"Jamaica"},{"cityName":"Saint Faiths","countryName":"Jamaica"},{"cityName":"Saint D'Acre","countryName":"Jamaica"},{"cityName":"Saint Christopher","countryName":"Jamaica"},{"cityName":"Saint Ann's Bay","countryName":"Jamaica"},{"cityName":"Sadlers Hall","countryName":"Jamaica"},{"cityName":"Russells","countryName":"Jamaica"},{"cityName":"Russell Pen","countryName":"Jamaica"},{"cityName":"Rural Vale","countryName":"Jamaica"},{"cityName":"Runaway Bay","countryName":"Jamaica"},{"cityName":"Rules Pen","countryName":"Jamaica"},{"cityName":"Rozelle","countryName":"Jamaica"},{"cityName":"Royal Flat","countryName":"Jamaica"},{"cityName":"Roxbro","countryName":"Jamaica"},{"cityName":"Roxborough","countryName":"Jamaica"},{"cityName":"Rowlandsfield","countryName":"Jamaica"},{"cityName":"Rowington Park","countryName":"Jamaica"},{"cityName":"Rowes Corner","countryName":"Jamaica"},{"cityName":"Round Hill","countryName":"Jamaica"},{"cityName":"Rotherwood","countryName":"Jamaica"},{"cityName":"Roslin Castle","countryName":"Jamaica"},{"cityName":"Rosewell","countryName":"Jamaica"},{"cityName":"Rose Valley","countryName":"Jamaica"},{"cityName":"Rosetta","countryName":"Jamaica"},{"cityName":"Rosend","countryName":"Jamaica"},{"cityName":"Rosemount","countryName":"Jamaica"},{"cityName":"Rose Hill","countryName":"Jamaica"},{"cityName":"Rose Hall","countryName":"Jamaica"},{"cityName":"Roseberry","countryName":"Jamaica"},{"cityName":"Roscommon","countryName":"Jamaica"},{"cityName":"Rollington Town","countryName":"Jamaica"},{"cityName":"Roehampton","countryName":"Jamaica"},{"cityName":"Roebuck Hill","countryName":"Jamaica"},{"cityName":"Rocky Point","countryName":"Jamaica"},{"cityName":"Rock Spring","countryName":"Jamaica"},{"cityName":"Rock River","countryName":"Jamaica"},{"cityName":"Rockingham","countryName":"Jamaica"},{"cityName":"Rock Hall","countryName":"Jamaica"},{"cityName":"Rock Fort","countryName":"Jamaica"},{"cityName":"Robins River","countryName":"Jamaica"},{"cityName":"Robinsons New Park","countryName":"Jamaica"},{"cityName":"Robinson Run","countryName":"Jamaica"},{"cityName":"Robins Hall","countryName":"Jamaica"},{"cityName":"Robins Bay","countryName":"Jamaica"},{"cityName":"Roberts Run","countryName":"Jamaica"},{"cityName":"Roaring River","countryName":"Jamaica"},{"cityName":"Roadside","countryName":"Jamaica"},{"cityName":"Riverside","countryName":"Jamaica"},{"cityName":"Riversdale","countryName":"Jamaica"},{"cityName":"Riverhead","countryName":"Jamaica"},{"cityName":"River Head","countryName":"Jamaica"},{"cityName":"Ritchies","countryName":"Jamaica"},{"cityName":"Riswich","countryName":"Jamaica"},{"cityName":"Rising Sun","countryName":"Jamaica"},{"cityName":"Rio Magno","countryName":"Jamaica"},{"cityName":"Rio Bueno","countryName":"Jamaica"},{"cityName":"Riley Village","countryName":"Jamaica"},{"cityName":"Ridgeland","countryName":"Jamaica"},{"cityName":"Ricketts River","countryName":"Jamaica"},{"cityName":"Richmond Park","countryName":"Jamaica"},{"cityName":"Richmond Hill","countryName":"Jamaica"},{"cityName":"Richmond","countryName":"Jamaica"},{"cityName":"Richards Pen","countryName":"Jamaica"},{"cityName":"Richardsfield","countryName":"Jamaica"},{"cityName":"Rhymesbury","countryName":"Jamaica"},{"cityName":"Rhodes Hall","countryName":"Jamaica"},{"cityName":"Rhine","countryName":"Jamaica"},{"cityName":"Reynolds Run","countryName":"Jamaica"},{"cityName":"Revival","countryName":"Jamaica"},{"cityName":"Retrieve","countryName":"Jamaica"},{"cityName":"Retreat","countryName":"Jamaica"},{"cityName":"Retirement","countryName":"Jamaica"},{"cityName":"Rest Store","countryName":"Jamaica"},{"cityName":"Rest Pen","countryName":"Jamaica"},{"cityName":"Rest","countryName":"Jamaica"},{"cityName":"Resource","countryName":"Jamaica"},{"cityName":"Reserve","countryName":"Jamaica"},{"cityName":"Rennals","countryName":"Jamaica"},{"cityName":"Relston Park","countryName":"Jamaica"},{"cityName":"Relief","countryName":"Jamaica"},{"cityName":"Relford","countryName":"Jamaica"},{"cityName":"Refuge","countryName":"Jamaica"},{"cityName":"Reeves Wood","countryName":"Jamaica"},{"cityName":"Redwood","countryName":"Jamaica"},{"cityName":"Red Hills","countryName":"Jamaica"},{"cityName":"Red Hill","countryName":"Jamaica"},{"cityName":"Red Ground","countryName":"Jamaica"},{"cityName":"Reddington","countryName":"Jamaica"},{"cityName":"Redbury","countryName":"Jamaica"},{"cityName":"Rectory","countryName":"Jamaica"},{"cityName":"Recovery Pen","countryName":"Jamaica"},{"cityName":"Recess","countryName":"Jamaica"},{"cityName":"Reading","countryName":"Jamaica"},{"cityName":"Readers Pen","countryName":"Jamaica"},{"cityName":"Reach","countryName":"Jamaica"},{"cityName":"Raymonds","countryName":"Jamaica"},{"cityName":"Rat Trap","countryName":"Jamaica"},{"cityName":"Ratcliff Park","countryName":"Jamaica"},{"cityName":"Ramble Pen","countryName":"Jamaica"},{"cityName":"Ramble","countryName":"Jamaica"},{"cityName":"Race Course","countryName":"Jamaica"},{"cityName":"Rabys Corner","countryName":"Jamaica"},{"cityName":"Quick Step","countryName":"Jamaica"},{"cityName":"Queenhythe","countryName":"Jamaica"},{"cityName":"Quebec","countryName":"Jamaica"},{"cityName":"Quaw Hill","countryName":"Jamaica"},{"cityName":"Quatre Bras","countryName":"Jamaica"},{"cityName":"Pusey Hill","countryName":"Jamaica"},{"cityName":"Pusey Hall Pen","countryName":"Jamaica"},{"cityName":"Pusey Hall","countryName":"Jamaica"},{"cityName":"Punchbowl","countryName":"Jamaica"},{"cityName":"Pullet Hall","countryName":"Jamaica"},{"cityName":"Providence","countryName":"Jamaica"},{"cityName":"Prospect","countryName":"Jamaica"},{"cityName":"Priory","countryName":"Jamaica"},{"cityName":"Priestmans River","countryName":"Jamaica"},{"cityName":"Pridees","countryName":"Jamaica"},{"cityName":"Pratville","countryName":"Jamaica"},{"cityName":"Potosi","countryName":"Jamaica"},{"cityName":"Pot House Pen","countryName":"Jamaica"},{"cityName":"Porus","countryName":"Jamaica"},{"cityName":"Port Royal","countryName":"Jamaica"},{"cityName":"Portmore","countryName":"Jamaica"},{"cityName":"Port Morant","countryName":"Jamaica"},{"cityName":"Port Maria","countryName":"Jamaica"},{"cityName":"Port Mahon","countryName":"Jamaica"},{"cityName":"Portland Cottage","countryName":"Jamaica"},{"cityName":"Port Kaiser","countryName":"Jamaica"},{"cityName":"Port Henderson","countryName":"Jamaica"},{"cityName":"Port Esquivel","countryName":"Jamaica"},{"cityName":"Porters Mountain","countryName":"Jamaica"},{"cityName":"Port Antonio","countryName":"Jamaica"},{"cityName":"Poor Mans Corner","countryName":"Jamaica"},{"cityName":"Pondside","countryName":"Jamaica"},{"cityName":"Pond Side","countryName":"Jamaica"},{"cityName":"Point Hill","countryName":"Jamaica"},{"cityName":"Point","countryName":"Jamaica"},{"cityName":"Plum Corner","countryName":"Jamaica"},{"cityName":"Plowden Hill","countryName":"Jamaica"},{"cityName":"Pleasing Prospect","countryName":"Jamaica"},{"cityName":"Pleasant Valley","countryName":"Jamaica"},{"cityName":"Pleasant Hill","countryName":"Jamaica"},{"cityName":"Planters Hall","countryName":"Jamaica"},{"cityName":"Pisgah","countryName":"Jamaica"},{"cityName":"Pipers","countryName":"Jamaica"},{"cityName":"Pimento Walk","countryName":"Jamaica"},{"cityName":"Pimento Grove","countryName":"Jamaica"},{"cityName":"Pilot","countryName":"Jamaica"},{"cityName":"Phoenix Town","countryName":"Jamaica"},{"cityName":"Phoenix Park","countryName":"Jamaica"},{"cityName":"Phoenix","countryName":"Jamaica"},{"cityName":"Philadelphia","countryName":"Jamaica"},{"cityName":"Phelps Run","countryName":"Jamaica"},{"cityName":"Petersville","countryName":"Jamaica"},{"cityName":"Petersfield","countryName":"Jamaica"},{"cityName":"Peru","countryName":"Jamaica"},{"cityName":"Perth Town","countryName":"Jamaica"},{"cityName":"Perth","countryName":"Jamaica"},{"cityName":"Perrins","countryName":"Jamaica"},{"cityName":"Peppingford","countryName":"Jamaica"},{"cityName":"Pepper","countryName":"Jamaica"},{"cityName":"Penshurst","countryName":"Jamaica"},{"cityName":"Pennycooke","countryName":"Jamaica"},{"cityName":"Pennants","countryName":"Jamaica"},{"cityName":"Pembroke Hall","countryName":"Jamaica"},{"cityName":"Pemberton Valley","countryName":"Jamaica"},{"cityName":"Pedro River","countryName":"Jamaica"},{"cityName":"Pedro Pen","countryName":"Jamaica"},{"cityName":"Pedro Cross","countryName":"Jamaica"},{"cityName":"Pedro","countryName":"Jamaica"},{"cityName":"Peckham","countryName":"Jamaica"},{"cityName":"Pear Tree Valley","countryName":"Jamaica"},{"cityName":"Pear Tree River","countryName":"Jamaica"},{"cityName":"Pear Tree Grove","countryName":"Jamaica"},{"cityName":"Peak Pen","countryName":"Jamaica"},{"cityName":"Paul Island","countryName":"Jamaica"},{"cityName":"Patton Park","countryName":"Jamaica"},{"cityName":"Patrick Town","countryName":"Jamaica"},{"cityName":"Passage Fort","countryName":"Jamaica"},{"cityName":"Parsonage","countryName":"Jamaica"},{"cityName":"Parry Town","countryName":"Jamaica"},{"cityName":"Parnassus","countryName":"Jamaica"},{"cityName":"Parks Road","countryName":"Jamaica"},{"cityName":"Park Head","countryName":"Jamaica"},{"cityName":"Park Hall","countryName":"Jamaica"},{"cityName":"Paradise","countryName":"Jamaica"},{"cityName":"Papine","countryName":"Jamaica"},{"cityName":"Panton Town","countryName":"Jamaica"},{"cityName":"Palmyra","countryName":"Jamaica"},{"cityName":"Palmetto Grove","countryName":"Jamaica"},{"cityName":"Palmetto Cottage","countryName":"Jamaica"},{"cityName":"Palmers Cross","countryName":"Jamaica"},{"cityName":"Palm Beach","countryName":"Jamaica"},{"cityName":"Palm","countryName":"Jamaica"},{"cityName":"Oxford","countryName":"Jamaica"},{"cityName":"Owens","countryName":"Jamaica"},{"cityName":"Outon","countryName":"Jamaica"},{"cityName":"Osborne Store","countryName":"Jamaica"},{"cityName":"Osbornes","countryName":"Jamaica"},{"cityName":"Ormiston","countryName":"Jamaica"},{"cityName":"Orchard","countryName":"Jamaica"},{"cityName":"Orange Valley","countryName":"Jamaica"},{"cityName":"Orange River Pen","countryName":"Jamaica"},{"cityName":"Orange Hill","countryName":"Jamaica"},{"cityName":"Orange Hall","countryName":"Jamaica"},{"cityName":"Orangefield","countryName":"Jamaica"},{"cityName":"Orange Cove","countryName":"Jamaica"},{"cityName":"Orange Bay","countryName":"Jamaica"},{"cityName":"Orange","countryName":"Jamaica"},{"cityName":"Oracabessa","countryName":"Jamaica"},{"cityName":"Onslows","countryName":"Jamaica"},{"cityName":"Olympic Gardens","countryName":"Jamaica"},{"cityName":"Old Yarmouth","countryName":"Jamaica"},{"cityName":"Old Shafton","countryName":"Jamaica"},{"cityName":"Old Rotherwood","countryName":"Jamaica"},{"cityName":"Old Pera","countryName":"Jamaica"},{"cityName":"Old Lee Gate","countryName":"Jamaica"},{"cityName":"Old House","countryName":"Jamaica"},{"cityName":"Old Hope","countryName":"Jamaica"},{"cityName":"Old Harbour Bay","countryName":"Jamaica"},{"cityName":"Old Harbour","countryName":"Jamaica"},{"cityName":"Old England","countryName":"Jamaica"},{"cityName":"Oldbury","countryName":"Jamaica"},{"cityName":"Old Barracks","countryName":"Jamaica"},{"cityName":"Ocho Rios","countryName":"Jamaica"},{"cityName":"Occasion Town","countryName":"Jamaica"},{"cityName":"Oberlin","countryName":"Jamaica"},{"cityName":"Oakes Pen","countryName":"Jamaica"},{"cityName":"Oakes","countryName":"Jamaica"},{"cityName":"Norwich","countryName":"Jamaica"},{"cityName":"Norway","countryName":"Jamaica"},{"cityName":"Northampton","countryName":"Jamaica"},{"cityName":"Norris","countryName":"Jamaica"},{"cityName":"Norman Gardens","countryName":"Jamaica"},{"cityName":"Norfolk","countryName":"Jamaica"},{"cityName":"Nonsuch","countryName":"Jamaica"},{"cityName":"Nonpareil","countryName":"Jamaica"},{"cityName":"Nightengale Grove","countryName":"Jamaica"},{"cityName":"Niger Corner","countryName":"Jamaica"},{"cityName":"New York","countryName":"Jamaica"},{"cityName":"New Yarmouth","countryName":"Jamaica"},{"cityName":"New Works","countryName":"Jamaica"},{"cityName":"Newton","countryName":"Jamaica"},{"cityName":"Newstead","countryName":"Jamaica"},{"cityName":"New Shafton","countryName":"Jamaica"},{"cityName":"New Road","countryName":"Jamaica"},{"cityName":"New Ramble","countryName":"Jamaica"},{"cityName":"Newport West","countryName":"Jamaica"},{"cityName":"Newport East","countryName":"Jamaica"},{"cityName":"Newport","countryName":"Jamaica"},{"cityName":"New Pera","countryName":"Jamaica"},{"cityName":"New Monklands","countryName":"Jamaica"},{"cityName":"Newmarket Pen","countryName":"Jamaica"},{"cityName":"Newmarket","countryName":"Jamaica"},{"cityName":"Newlands","countryName":"Jamaica"},{"cityName":"New Kingston","countryName":"Jamaica"},{"cityName":"New Hall","countryName":"Jamaica"},{"cityName":"Newhall","countryName":"Jamaica"},{"cityName":"New Green Island","countryName":"Jamaica"},{"cityName":"New England","countryName":"Jamaica"},{"cityName":"Newell","countryName":"Jamaica"},{"cityName":"Newcombe Valley","countryName":"Jamaica"},{"cityName":"New Colliston","countryName":"Jamaica"},{"cityName":"New Castle","countryName":"Jamaica"},{"cityName":"Newcastle","countryName":"Jamaica"},{"cityName":"New Broughton","countryName":"Jamaica"},{"cityName":"New Bermuda","countryName":"Jamaica"},{"cityName":"Newark","countryName":"Jamaica"},{"cityName":"Ness Castle","countryName":"Jamaica"},{"cityName":"Negril Spots","countryName":"Jamaica"},{"cityName":"Negril","countryName":"Jamaica"},{"cityName":"Needham Pen","countryName":"Jamaica"},{"cityName":"Natural Bridge","countryName":"Jamaica"},{"cityName":"Naseberry Garden","countryName":"Jamaica"},{"cityName":"Nain","countryName":"Jamaica"},{"cityName":"Naggo Head","countryName":"Jamaica"},{"cityName":"Myersville","countryName":"Jamaica"},{"cityName":"Murray Mountain","countryName":"Jamaica"},{"cityName":"Mulleth Hall","countryName":"Jamaica"},{"cityName":"Mount Zion","countryName":"Jamaica"},{"cityName":"Mount Vernon","countryName":"Jamaica"},{"cityName":"Mount Terza","countryName":"Jamaica"},{"cityName":"Mount Stewart","countryName":"Jamaica"},{"cityName":"Mount Solus","countryName":"Jamaica"},{"cityName":"Mount Providence","countryName":"Jamaica"},{"cityName":"Mount Prospect","countryName":"Jamaica"},{"cityName":"Mount Pleasant","countryName":"Jamaica"},{"cityName":"Mount Pelier","countryName":"Jamaica"},{"cityName":"Mount Olive","countryName":"Jamaica"},{"cityName":"Mount Nelson","countryName":"Jamaica"},{"cityName":"Mount Nebo","countryName":"Jamaica"},{"cityName":"Mount Moses","countryName":"Jamaica"},{"cityName":"Mount Morency","countryName":"Jamaica"},{"cityName":"Mount Lebanus","countryName":"Jamaica"},{"cityName":"Mount James","countryName":"Jamaica"},{"cityName":"Mount Horeb","countryName":"Jamaica"},{"cityName":"Mount Hermon","countryName":"Jamaica"},{"cityName":"Mount Grace","countryName":"Jamaica"},{"cityName":"Mount Eagle","countryName":"Jamaica"},{"cityName":"Mount Dispute","countryName":"Jamaica"},{"cityName":"Mount Cotterall","countryName":"Jamaica"},{"cityName":"Mount Charles","countryName":"Jamaica"},{"cityName":"Mount Carmel","countryName":"Jamaica"},{"cityName":"Mount Carey","countryName":"Jamaica"},{"cityName":"Mount Blow","countryName":"Jamaica"},{"cityName":"Mount Belmore","countryName":"Jamaica"},{"cityName":"Mount Augusta","countryName":"Jamaica"},{"cityName":"Mount Airy","countryName":"Jamaica"},{"cityName":"Mountain View Gardens","countryName":"Jamaica"},{"cityName":"Mountain Valley","countryName":"Jamaica"},{"cityName":"Mountain Side","countryName":"Jamaica"},{"cityName":"Mountain River","countryName":"Jamaica"},{"cityName":"Mosquito Cove","countryName":"Jamaica"},{"cityName":"Morris Hall","countryName":"Jamaica"},{"cityName":"Morgans Bridge","countryName":"Jamaica"},{"cityName":"Morgans","countryName":"Jamaica"},{"cityName":"Moreland","countryName":"Jamaica"},{"cityName":"Moravia","countryName":"Jamaica"},{"cityName":"Morant Bay","countryName":"Jamaica"},{"cityName":"Morant","countryName":"Jamaica"},{"cityName":"Moore Town","countryName":"Jamaica"},{"cityName":"Moores Pen","countryName":"Jamaica"},{"cityName":"Moores","countryName":"Jamaica"},{"cityName":"Montpelier","countryName":"Jamaica"},{"cityName":"Montmorency","countryName":"Jamaica"},{"cityName":"Montego Bay","countryName":"Jamaica"},{"cityName":"Monmouth","countryName":"Jamaica"},{"cityName":"Moneague","countryName":"Jamaica"},{"cityName":"Mona Heights","countryName":"Jamaica"},{"cityName":"Mocho House","countryName":"Jamaica"},{"cityName":"Mocho","countryName":"Jamaica"},{"cityName":"Mitchell Town","countryName":"Jamaica"},{"cityName":"Mitcham","countryName":"Jamaica"},{"cityName":"Mint","countryName":"Jamaica"},{"cityName":"Minho","countryName":"Jamaica"},{"cityName":"Minard","countryName":"Jamaica"},{"cityName":"Milltown","countryName":"Jamaica"},{"cityName":"Millbank","countryName":"Jamaica"},{"cityName":"Milk River Bath","countryName":"Jamaica"},{"cityName":"Milford","countryName":"Jamaica"},{"cityName":"Miles Town","countryName":"Jamaica"},{"cityName":"Mile Gully","countryName":"Jamaica"},{"cityName":"Mid Leyton","countryName":"Jamaica"},{"cityName":"Midgeham","countryName":"Jamaica"},{"cityName":"Middleton","countryName":"Jamaica"},{"cityName":"Middlesex","countryName":"Jamaica"},{"cityName":"Middle Quarters","countryName":"Jamaica"},{"cityName":"Mickleton","countryName":"Jamaica"},{"cityName":"Meylersfield","countryName":"Jamaica"},{"cityName":"Mexico","countryName":"Jamaica"},{"cityName":"Mesopotamia","countryName":"Jamaica"},{"cityName":"Merrywood","countryName":"Jamaica"},{"cityName":"Mendez Hill","countryName":"Jamaica"},{"cityName":"Mendes","countryName":"Jamaica"},{"cityName":"Melrose","countryName":"Jamaica"},{"cityName":"Mears","countryName":"Jamaica"},{"cityName":"Mearnsville","countryName":"Jamaica"},{"cityName":"May Pen","countryName":"Jamaica"},{"cityName":"May Hill","countryName":"Jamaica"},{"cityName":"Mayfield","countryName":"Jamaica"},{"cityName":"Maxfield","countryName":"Jamaica"},{"cityName":"Mavis Bank","countryName":"Jamaica"},{"cityName":"Maverty","countryName":"Jamaica"},{"cityName":"Matildas Corner","countryName":"Jamaica"},{"cityName":"Masters","countryName":"Jamaica"},{"cityName":"Mason Valley","countryName":"Jamaica"},{"cityName":"Mason River","countryName":"Jamaica"},{"cityName":"Mason Hall","countryName":"Jamaica"},{"cityName":"Mason","countryName":"Jamaica"},{"cityName":"Masemure","countryName":"Jamaica"},{"cityName":"Mary Village","countryName":"Jamaica"},{"cityName":"Maryland","countryName":"Jamaica"},{"cityName":"Maryfield","countryName":"Jamaica"},{"cityName":"Mary Browns Corner","countryName":"Jamaica"},{"cityName":"Martin Village","countryName":"Jamaica"},{"cityName":"Martin Hall","countryName":"Jamaica"},{"cityName":"Martha Brae","countryName":"Jamaica"},{"cityName":"Marshalls Pen","countryName":"Jamaica"},{"cityName":"Maroon Town","countryName":"Jamaica"},{"cityName":"Marlie Mount","countryName":"Jamaica"},{"cityName":"Marlie Hill","countryName":"Jamaica"},{"cityName":"Marley Hill","countryName":"Jamaica"},{"cityName":"Marley","countryName":"Jamaica"},{"cityName":"Marlborough Castle","countryName":"Jamaica"},{"cityName":"Marlborough","countryName":"Jamaica"},{"cityName":"Market","countryName":"Jamaica"},{"cityName":"March Town","countryName":"Jamaica"},{"cityName":"March Pen","countryName":"Jamaica"},{"cityName":"Mannings Town","countryName":"Jamaica"},{"cityName":"Manningfield Pen","countryName":"Jamaica"},{"cityName":"Mango Grove","countryName":"Jamaica"},{"cityName":"Mandeville","countryName":"Jamaica"},{"cityName":"Manchioneal","countryName":"Jamaica"},{"cityName":"Mammee Bay","countryName":"Jamaica"},{"cityName":"Malvern Well","countryName":"Jamaica"},{"cityName":"Malvern Park","countryName":"Jamaica"},{"cityName":"Malvern Chase","countryName":"Jamaica"},{"cityName":"Malvern","countryName":"Jamaica"},{"cityName":"Malton","countryName":"Jamaica"},{"cityName":"Maldon Village","countryName":"Jamaica"},{"cityName":"Maimsey Valley","countryName":"Jamaica"},{"cityName":"Maidstone","countryName":"Jamaica"},{"cityName":"Mahogany Vale","countryName":"Jamaica"},{"cityName":"Mahogany Hall","countryName":"Jamaica"},{"cityName":"Mahoe Hill","countryName":"Jamaica"},{"cityName":"Mahoe Garden","countryName":"Jamaica"},{"cityName":"Maggotty","countryName":"Jamaica"},{"cityName":"Mackfield","countryName":"Jamaica"},{"cityName":"Macca Tree","countryName":"Jamaica"},{"cityName":"Lyssons","countryName":"Jamaica"},{"cityName":"Lumsdale","countryName":"Jamaica"},{"cityName":"Ludlow","countryName":"Jamaica"},{"cityName":"Lucky Valley","countryName":"Jamaica"},{"cityName":"Lucky Hill","countryName":"Jamaica"},{"cityName":"Lucea","countryName":"Jamaica"},{"cityName":"Lows Mountain","countryName":"Jamaica"},{"cityName":"Low Leyton","countryName":"Jamaica"},{"cityName":"Low Ground Pen","countryName":"Jamaica"},{"cityName":"Lowes Pen","countryName":"Jamaica"},{"cityName":"Lowes Corner","countryName":"Jamaica"},{"cityName":"Lower Warminster","countryName":"Jamaica"},{"cityName":"Lower Tooting","countryName":"Jamaica"},{"cityName":"Lower Southfield","countryName":"Jamaica"},{"cityName":"Lowe River","countryName":"Jamaica"},{"cityName":"Lower Esher","countryName":"Jamaica"},{"cityName":"Lovers Leap","countryName":"Jamaica"},{"cityName":"Lottery","countryName":"Jamaica"},{"cityName":"Look Out","countryName":"Jamaica"},{"cityName":"Lookout","countryName":"Jamaica"},{"cityName":"Long Wood","countryName":"Jamaica"},{"cityName":"Longville Park","countryName":"Jamaica"},{"cityName":"Longville","countryName":"Jamaica"},{"cityName":"Long Pond Pen","countryName":"Jamaica"},{"cityName":"Long Pond","countryName":"Jamaica"},{"cityName":"Long Hill","countryName":"Jamaica"},{"cityName":"Long Bay","countryName":"Jamaica"},{"cityName":"Longacre","countryName":"Jamaica"},{"cityName":"Logwood","countryName":"Jamaica"},{"cityName":"Logie Green","countryName":"Jamaica"},{"cityName":"Logens Pen","countryName":"Jamaica"},{"cityName":"Logans Junction","countryName":"Jamaica"},{"cityName":"Logan Castle","countryName":"Jamaica"},{"cityName":"Lodge Bush","countryName":"Jamaica"},{"cityName":"Lodge","countryName":"Jamaica"},{"cityName":"Lochaber","countryName":"Jamaica"},{"cityName":"Lluidas Vale","countryName":"Jamaica"},{"cityName":"Lloyds Pen","countryName":"Jamaica"},{"cityName":"Lloyds","countryName":"Jamaica"},{"cityName":"Llanrumney","countryName":"Jamaica"},{"cityName":"Llandovery","countryName":"Jamaica"},{"cityName":"Llandilo","countryName":"Jamaica"},{"cityName":"Llandewey","countryName":"Jamaica"},{"cityName":"Little Spring Garden","countryName":"Jamaica"},{"cityName":"Little River","countryName":"Jamaica"},{"cityName":"Little Park","countryName":"Jamaica"},{"cityName":"Little Mountain","countryName":"Jamaica"},{"cityName":"Little London","countryName":"Jamaica"},{"cityName":"Little Ease","countryName":"Jamaica"},{"cityName":"Little Broughton","countryName":"Jamaica"},{"cityName":"Little Bay","countryName":"Jamaica"},{"cityName":"Little Angels","countryName":"Jamaica"},{"cityName":"Lititz","countryName":"Jamaica"},{"cityName":"Litchfield","countryName":"Jamaica"},{"cityName":"Lionel Town","countryName":"Jamaica"},{"cityName":"Linstead","countryName":"Jamaica"},{"cityName":"Lindos Gap","countryName":"Jamaica"},{"cityName":"Lindale Pen","countryName":"Jamaica"},{"cityName":"Lincoln","countryName":"Jamaica"},{"cityName":"Limetree Valley","countryName":"Jamaica"},{"cityName":"Lime Tree Garden","countryName":"Jamaica"},{"cityName":"Lime Hall","countryName":"Jamaica"},{"cityName":"Lima","countryName":"Jamaica"},{"cityName":"Lilliput","countryName":"Jamaica"},{"cityName":"Liguanea","countryName":"Jamaica"},{"cityName":"Liberty Valley","countryName":"Jamaica"},{"cityName":"Liberty Hill","countryName":"Jamaica"},{"cityName":"Liberty Castle","countryName":"Jamaica"},{"cityName":"Leyton Valley","countryName":"Jamaica"},{"cityName":"Lewis Town","countryName":"Jamaica"},{"cityName":"Lewis Store","countryName":"Jamaica"},{"cityName":"Lewis","countryName":"Jamaica"},{"cityName":"Lethe","countryName":"Jamaica"},{"cityName":"Leogan","countryName":"Jamaica"},{"cityName":"Lenox","countryName":"Jamaica"},{"cityName":"Lennox","countryName":"Jamaica"},{"cityName":"Lennansville","countryName":"Jamaica"},{"cityName":"Leith Hall","countryName":"Jamaica"},{"cityName":"Leicesterfields","countryName":"Jamaica"},{"cityName":"Leeds","countryName":"Jamaica"},{"cityName":"Lebanon","countryName":"Jamaica"},{"cityName":"Leamington","countryName":"Jamaica"},{"cityName":"Lawrence Tavern","countryName":"Jamaica"},{"cityName":"Laughlands","countryName":"Jamaica"},{"cityName":"Langley","countryName":"Jamaica"},{"cityName":"Lance Wood Valley","countryName":"Jamaica"},{"cityName":"Lances Bay","countryName":"Jamaica"},{"cityName":"Lancaster","countryName":"Jamaica"},{"cityName":"Lambs River","countryName":"Jamaica"},{"cityName":"Lacovia","countryName":"Jamaica"},{"cityName":"Labyrinth","countryName":"Jamaica"},{"cityName":"Kupuis","countryName":"Jamaica"},{"cityName":"Konigsberg","countryName":"Jamaica"},{"cityName":"Knutsford","countryName":"Jamaica"},{"cityName":"Knollis","countryName":"Jamaica"},{"cityName":"Knockpatrick","countryName":"Jamaica"},{"cityName":"Knockalva","countryName":"Jamaica"},{"cityName":"Knights","countryName":"Jamaica"},{"cityName":"Knapdale","countryName":"Jamaica"},{"cityName":"Kitson Town","countryName":"Jamaica"},{"cityName":"Kirkpatrick Hall","countryName":"Jamaica"},{"cityName":"Kirklands","countryName":"Jamaica"},{"cityName":"Kinloss","countryName":"Jamaica"},{"cityName":"Kingswood","countryName":"Jamaica"},{"cityName":"Kings Valley","countryName":"Jamaica"},{"cityName":"Kingsvale","countryName":"Jamaica"},{"cityName":"Kingston","countryName":"Jamaica"},{"cityName":"Kings Pen","countryName":"Jamaica"},{"cityName":"Kilmorey","countryName":"Jamaica"},{"cityName":"Kilmarnoch","countryName":"Jamaica"},{"cityName":"Kildare","countryName":"Jamaica"},{"cityName":"Kilbies","countryName":"Jamaica"},{"cityName":"Kew Park","countryName":"Jamaica"},{"cityName":"Kew","countryName":"Jamaica"},{"cityName":"Keppoch","countryName":"Jamaica"},{"cityName":"Kepham","countryName":"Jamaica"},{"cityName":"Kent Village","countryName":"Jamaica"},{"cityName":"Kentish","countryName":"Jamaica"},{"cityName":"Kent","countryName":"Jamaica"},{"cityName":"Kensington","countryName":"Jamaica"},{"cityName":"Kennedys","countryName":"Jamaica"},{"cityName":"Kendal","countryName":"Jamaica"},{"cityName":"Kencot","countryName":"Jamaica"},{"cityName":"Kempshot","countryName":"Jamaica"},{"cityName":"Kemps Hill","countryName":"Jamaica"},{"cityName":"Kellits","countryName":"Jamaica"},{"cityName":"Keith","countryName":"Jamaica"},{"cityName":"Keanwood","countryName":"Jamaica"},{"cityName":"Katram Castle","countryName":"Jamaica"},{"cityName":"Kan Pan","countryName":"Jamaica"},{"cityName":"Junction","countryName":"Jamaica"},{"cityName":"Jones Town","countryName":"Jamaica"},{"cityName":"Jones Pen","countryName":"Jamaica"},{"cityName":"Jones Moreland","countryName":"Jamaica"},{"cityName":"Jointwood","countryName":"Jamaica"},{"cityName":"Johns Town","countryName":"Jamaica"},{"cityName":"Johnston Village","countryName":"Jamaica"},{"cityName":"Johnston Pen","countryName":"Jamaica"},{"cityName":"Johnson Town","countryName":"Jamaica"},{"cityName":"Johnson Mountain","countryName":"Jamaica"},{"cityName":"Johns Lodge","countryName":"Jamaica"},{"cityName":"Johns Hall","countryName":"Jamaica"},{"cityName":"Jew Hill","countryName":"Jamaica"},{"cityName":"Jerusalem","countryName":"Jamaica"},{"cityName":"Jericho","countryName":"Jamaica"},{"cityName":"Jeffrey Town","countryName":"Jamaica"},{"cityName":"Java","countryName":"Jamaica"},{"cityName":"Jane Marks","countryName":"Jamaica"},{"cityName":"James Hill","countryName":"Jamaica"},{"cityName":"Jacks Rock","countryName":"Jamaica"},{"cityName":"Jackson Village","countryName":"Jamaica"},{"cityName":"Jackson Town","countryName":"Jamaica"},{"cityName":"Jacksons Bay","countryName":"Jamaica"},{"cityName":"Jacks Lodge","countryName":"Jamaica"},{"cityName":"Jacks Hill","countryName":"Jamaica"},{"cityName":"Jack River","countryName":"Jamaica"},{"cityName":"Jack Monday","countryName":"Jamaica"},{"cityName":"Ivy Mount","countryName":"Jamaica"},{"cityName":"Iver Cottage","countryName":"Jamaica"},{"cityName":"Iter Boreale","countryName":"Jamaica"},{"cityName":"Islington","countryName":"Jamaica"},{"cityName":"Isle","countryName":"Jamaica"},{"cityName":"Irwin","countryName":"Jamaica"},{"cityName":"Ironshore","countryName":"Jamaica"},{"cityName":"Irish Town","countryName":"Jamaica"},{"cityName":"Ipswich","countryName":"Jamaica"},{"cityName":"Inverness","countryName":"Jamaica"},{"cityName":"Innswood","countryName":"Jamaica"},{"cityName":"Industry","countryName":"Jamaica"},{"cityName":"Hyde Hall","countryName":"Jamaica"},{"cityName":"Hyde and Gibraltar","countryName":"Jamaica"},{"cityName":"Hutchensons Turret","countryName":"Jamaica"},{"cityName":"Hutchensons Hale","countryName":"Jamaica"},{"cityName":"Huntstown","countryName":"Jamaica"},{"cityName":"Hunts Pen","countryName":"Jamaica"},{"cityName":"Huntley Village","countryName":"Jamaica"},{"cityName":"Huntley","countryName":"Jamaica"},{"cityName":"Hordley","countryName":"Jamaica"},{"cityName":"Hopewell Hall","countryName":"Jamaica"},{"cityName":"Hopewell","countryName":"Jamaica"},{"cityName":"Hopeton","countryName":"Jamaica"},{"cityName":"Hope Pastures","countryName":"Jamaica"},{"cityName":"Hope Hall","countryName":"Jamaica"},{"cityName":"Hopefield","countryName":"Jamaica"},{"cityName":"Hope Bay","countryName":"Jamaica"},{"cityName":"Hope","countryName":"Jamaica"},{"cityName":"Home Castle","countryName":"Jamaica"},{"cityName":"Holyland Corner","countryName":"Jamaica"},{"cityName":"Holland Park","countryName":"Jamaica"},{"cityName":"Holland","countryName":"Jamaica"},{"cityName":"Hog Hole","countryName":"Jamaica"},{"cityName":"Hodges","countryName":"Jamaica"},{"cityName":"Hinds Town","countryName":"Jamaica"},{"cityName":"Hill Top","countryName":"Jamaica"},{"cityName":"Hillside","countryName":"Jamaica"},{"cityName":"Hillsborough","countryName":"Jamaica"},{"cityName":"Highland Castle","countryName":"Jamaica"},{"cityName":"Highgate","countryName":"Jamaica"},{"cityName":"Higgin Town","countryName":"Jamaica"},{"cityName":"Hibernia","countryName":"Jamaica"},{"cityName":"Heywood Hall","countryName":"Jamaica"},{"cityName":"Hesse Cassel","countryName":"Jamaica"},{"cityName":"Hermitage","countryName":"Jamaica"},{"cityName":"Helicon","countryName":"Jamaica"},{"cityName":"Hectors River","countryName":"Jamaica"},{"cityName":"Heavitree","countryName":"Jamaica"},{"cityName":"Heathfield","countryName":"Jamaica"},{"cityName":"Heartherfield","countryName":"Jamaica"},{"cityName":"Heart Ease","countryName":"Jamaica"},{"cityName":"Hazard","countryName":"Jamaica"},{"cityName":"Hayfield","countryName":"Jamaica"},{"cityName":"Hayes","countryName":"Jamaica"},{"cityName":"Haughton Hall","countryName":"Jamaica"},{"cityName":"Haughton Grove","countryName":"Jamaica"},{"cityName":"Haughton Court","countryName":"Jamaica"},{"cityName":"Haughton","countryName":"Jamaica"},{"cityName":"Hatfield","countryName":"Jamaica"},{"cityName":"Hart Hill","countryName":"Jamaica"},{"cityName":"Hartford","countryName":"Jamaica"},{"cityName":"Harry Watch","countryName":"Jamaica"},{"cityName":"Harmony Hill","countryName":"Jamaica"},{"cityName":"Harmony Hall","countryName":"Jamaica"},{"cityName":"Harmons","countryName":"Jamaica"},{"cityName":"Harewood","countryName":"Jamaica"},{"cityName":"Hard Bargain","countryName":"Jamaica"},{"cityName":"Harbour View","countryName":"Jamaica"},{"cityName":"Harbour Head","countryName":"Jamaica"},{"cityName":"Happy Retreat","countryName":"Jamaica"},{"cityName":"Happy Grove","countryName":"Jamaica"},{"cityName":"Hansons","countryName":"Jamaica"},{"cityName":"Hanover","countryName":"Jamaica"},{"cityName":"Hanbury","countryName":"Jamaica"},{"cityName":"Ham Walk","countryName":"Jamaica"},{"cityName":"Hampton Court","countryName":"Jamaica"},{"cityName":"Hampton","countryName":"Jamaica"},{"cityName":"Hampstead","countryName":"Jamaica"},{"cityName":"Hampden","countryName":"Jamaica"},{"cityName":"Hamilton Pen","countryName":"Jamaica"},{"cityName":"Halse Hall","countryName":"Jamaica"},{"cityName":"Hallsfield","countryName":"Jamaica"},{"cityName":"Halls Delight","countryName":"Jamaica"},{"cityName":"Hall Head","countryName":"Jamaica"},{"cityName":"Halifax","countryName":"Jamaica"},{"cityName":"Half Way Tree","countryName":"Jamaica"},{"cityName":"Halberstadt","countryName":"Jamaica"},{"cityName":"Hagley Gap","countryName":"Jamaica"},{"cityName":"Haddon","countryName":"Jamaica"},{"cityName":"Haddington","countryName":"Jamaica"},{"cityName":"Haddersfield","countryName":"Jamaica"},{"cityName":"Guys Hill","countryName":"Jamaica"},{"cityName":"Gutters","countryName":"Jamaica"},{"cityName":"Gunters Hill","countryName":"Jamaica"},{"cityName":"Guinea Corn","countryName":"Jamaica"},{"cityName":"Guilsbro","countryName":"Jamaica"},{"cityName":"Guava Ridge","countryName":"Jamaica"},{"cityName":"Guanaboa Vale","countryName":"Jamaica"},{"cityName":"Grove Town","countryName":"Jamaica"},{"cityName":"Grove Place","countryName":"Jamaica"},{"cityName":"Grossett Village","countryName":"Jamaica"},{"cityName":"Grimett","countryName":"Jamaica"},{"cityName":"Grier Park","countryName":"Jamaica"},{"cityName":"Grierfield","countryName":"Jamaica"},{"cityName":"Gregory Park","countryName":"Jamaica"},{"cityName":"Greenwood","countryName":"Jamaica"},{"cityName":"Greenwich Town","countryName":"Jamaica"},{"cityName":"Greenwich","countryName":"Jamaica"},{"cityName":"Green Walk","countryName":"Jamaica"},{"cityName":"Greenvale","countryName":"Jamaica"},{"cityName":"Green Vale","countryName":"Jamaica"},{"cityName":"Green Rossfield Isle","countryName":"Jamaica"},{"cityName":"Green River","countryName":"Jamaica"},{"cityName":"Green Pond","countryName":"Jamaica"},{"cityName":"Green Park","countryName":"Jamaica"},{"cityName":"Greenock","countryName":"Jamaica"},{"cityName":"Greenland","countryName":"Jamaica"},{"cityName":"Green Island","countryName":"Jamaica"},{"cityName":"Green Hills","countryName":"Jamaica"},{"cityName":"Green Hill","countryName":"Jamaica"},{"cityName":"Greenfield","countryName":"Jamaica"},{"cityName":"Green Castle","countryName":"Jamaica"},{"cityName":"Greencastle","countryName":"Jamaica"},{"cityName":"Great Valley","countryName":"Jamaica"},{"cityName":"Great Pond","countryName":"Jamaica"},{"cityName":"Grays Inn","countryName":"Jamaica"},{"cityName":"Gravel Hill","countryName":"Jamaica"},{"cityName":"Grasmond","countryName":"Jamaica"},{"cityName":"Grants Pen","countryName":"Jamaica"},{"cityName":"Grantham","countryName":"Jamaica"},{"cityName":"Grange Hill","countryName":"Jamaica"},{"cityName":"Grange","countryName":"Jamaica"},{"cityName":"Grandvale","countryName":"Jamaica"},{"cityName":"Grand Cairo","countryName":"Jamaica"},{"cityName":"Gowrie","countryName":"Jamaica"},{"cityName":"Government Pen","countryName":"Jamaica"},{"cityName":"Goulbournes","countryName":"Jamaica"},{"cityName":"Goshen Pen","countryName":"Jamaica"},{"cityName":"Goshen","countryName":"Jamaica"},{"cityName":"Gordon Town","countryName":"Jamaica"},{"cityName":"Gordons Store","countryName":"Jamaica"},{"cityName":"Goodwill","countryName":"Jamaica"},{"cityName":"Goods Pen","countryName":"Jamaica"},{"cityName":"Good Hope","countryName":"Jamaica"},{"cityName":"Good Endeavour","countryName":"Jamaica"},{"cityName":"Good Design","countryName":"Jamaica"},{"cityName":"Goldsons Corner","countryName":"Jamaica"},{"cityName":"Golden Vale","countryName":"Jamaica"},{"cityName":"Golden Spring","countryName":"Jamaica"},{"cityName":"Golden Grove","countryName":"Jamaica"},{"cityName":"Golden","countryName":"Jamaica"},{"cityName":"Gods Well","countryName":"Jamaica"},{"cityName":"Godfreys","countryName":"Jamaica"},{"cityName":"Goat Island","countryName":"Jamaica"},{"cityName":"Gloster","countryName":"Jamaica"},{"cityName":"Glenroy","countryName":"Jamaica"},{"cityName":"Glen Islay","countryName":"Jamaica"},{"cityName":"Glendevon","countryName":"Jamaica"},{"cityName":"Glebe Farm","countryName":"Jamaica"},{"cityName":"Glasgow","countryName":"Jamaica"},{"cityName":"Ginger Ridge","countryName":"Jamaica"},{"cityName":"Ginger House","countryName":"Jamaica"},{"cityName":"Ginger Hill","countryName":"Jamaica"},{"cityName":"Gilnock","countryName":"Jamaica"},{"cityName":"Giddy Hall","countryName":"Jamaica"},{"cityName":"Gibraltar","countryName":"Jamaica"},{"cityName":"Giblatore","countryName":"Jamaica"},{"cityName":"Georgia","countryName":"Jamaica"},{"cityName":"Georges Valley","countryName":"Jamaica"},{"cityName":"Georges Plain","countryName":"Jamaica"},{"cityName":"Geneva","countryName":"Jamaica"},{"cityName":"Gazeland","countryName":"Jamaica"},{"cityName":"Gayle","countryName":"Jamaica"},{"cityName":"Garlands","countryName":"Jamaica"},{"cityName":"Garland Grove","countryName":"Jamaica"},{"cityName":"Galway","countryName":"Jamaica"},{"cityName":"Gales Valley","countryName":"Jamaica"},{"cityName":"Fyffes Pen","countryName":"Jamaica"},{"cityName":"Fustic Grove","countryName":"Jamaica"},{"cityName":"Fullerswood Park","countryName":"Jamaica"},{"cityName":"Fullerswood","countryName":"Jamaica"},{"cityName":"Fullerfield Chapel","countryName":"Jamaica"},{"cityName":"Fruitful Vale","countryName":"Jamaica"},{"cityName":"Frontier","countryName":"Jamaica"},{"cityName":"Frome","countryName":"Jamaica"},{"cityName":"Friendship Valley","countryName":"Jamaica"},{"cityName":"Friendship","countryName":"Jamaica"},{"cityName":"French Pen","countryName":"Jamaica"},{"cityName":"French Park","countryName":"Jamaica"},{"cityName":"Frenchmans Hill","countryName":"Jamaica"},{"cityName":"Frenchman","countryName":"Jamaica"},{"cityName":"French Land","countryName":"Jamaica"},{"cityName":"Free Town","countryName":"Jamaica"},{"cityName":"Freetown","countryName":"Jamaica"},{"cityName":"Free People","countryName":"Jamaica"},{"cityName":"Free Hill","countryName":"Jamaica"},{"cityName":"Freefield","countryName":"Jamaica"},{"cityName":"Frankfield","countryName":"Jamaica"},{"cityName":"Four Roads","countryName":"Jamaica"},{"cityName":"Four Paths","countryName":"Jamaica"},{"cityName":"Four Mile","countryName":"Jamaica"},{"cityName":"Four Feet","countryName":"Jamaica"},{"cityName":"Fort William","countryName":"Jamaica"},{"cityName":"Fort Stewart","countryName":"Jamaica"},{"cityName":"Fort George","countryName":"Jamaica"},{"cityName":"Fort Charles","countryName":"Jamaica"},{"cityName":"Fornbrook","countryName":"Jamaica"},{"cityName":"Forest","countryName":"Jamaica"},{"cityName":"Foremost","countryName":"Jamaica"},{"cityName":"Font Hill","countryName":"Jamaica"},{"cityName":"Fontabelle","countryName":"Jamaica"},{"cityName":"Folly","countryName":"Jamaica"},{"cityName":"Flower Hill","countryName":"Jamaica"},{"cityName":"Florida","countryName":"Jamaica"},{"cityName":"Florence Hall","countryName":"Jamaica"},{"cityName":"Flint River","countryName":"Jamaica"},{"cityName":"Flat Point","countryName":"Jamaica"},{"cityName":"Flat Grass","countryName":"Jamaica"},{"cityName":"Flamstead","countryName":"Jamaica"},{"cityName":"Flagstaff","countryName":"Jamaica"},{"cityName":"Fish River","countryName":"Jamaica"},{"cityName":"Fiddle Hall","countryName":"Jamaica"},{"cityName":"Ferris Cross","countryName":"Jamaica"},{"cityName":"Fellowship Hall","countryName":"Jamaica"},{"cityName":"Fellowship","countryName":"Jamaica"},{"cityName":"Farm Hill","countryName":"Jamaica"},{"cityName":"Farenough","countryName":"Jamaica"},{"cityName":"Far Enough","countryName":"Jamaica"},{"cityName":"Falmouth","countryName":"Jamaica"},{"cityName":"Falkland","countryName":"Jamaica"},{"cityName":"Falkeners","countryName":"Jamaica"},{"cityName":"Fairy Hill","countryName":"Jamaica"},{"cityName":"Fair Prospect","countryName":"Jamaica"},{"cityName":"Fairfield","countryName":"Jamaica"},{"cityName":"Fairburn","countryName":"Jamaica"},{"cityName":"Exeter","countryName":"Jamaica"},{"cityName":"Exchange","countryName":"Jamaica"},{"cityName":"Ewarton","countryName":"Jamaica"},{"cityName":"Everton","countryName":"Jamaica"},{"cityName":"Evergreen","countryName":"Jamaica"},{"cityName":"Etingdon","countryName":"Jamaica"},{"cityName":"Essling","countryName":"Jamaica"},{"cityName":"Essex","countryName":"Jamaica"},{"cityName":"Esher","countryName":"Jamaica"},{"cityName":"Epworth","countryName":"Jamaica"},{"cityName":"Epsom","countryName":"Jamaica"},{"cityName":"Epping Farm","countryName":"Jamaica"},{"cityName":"Envy Valley","countryName":"Jamaica"},{"cityName":"Ensom Pen","countryName":"Jamaica"},{"cityName":"Enfield","countryName":"Jamaica"},{"cityName":"Endeavour","countryName":"Jamaica"},{"cityName":"Endeavor","countryName":"Jamaica"},{"cityName":"Emilie","countryName":"Jamaica"},{"cityName":"Elysium","countryName":"Jamaica"},{"cityName":"Eltham","countryName":"Jamaica"},{"cityName":"Ellis Caymanas","countryName":"Jamaica"},{"cityName":"Ellen Street","countryName":"Jamaica"},{"cityName":"Elim","countryName":"Jamaica"},{"cityName":"Elgin Town","countryName":"Jamaica"},{"cityName":"Eleven Mile","countryName":"Jamaica"},{"cityName":"Elderslie","countryName":"Jamaica"},{"cityName":"Egypt","countryName":"Jamaica"},{"cityName":"Eglington","countryName":"Jamaica"},{"cityName":"Effort","countryName":"Jamaica"},{"cityName":"Edward Piece","countryName":"Jamaica"},{"cityName":"Edinburgh Castle","countryName":"Jamaica"},{"cityName":"Eden Hill","countryName":"Jamaica"},{"cityName":"Eden Gardens","countryName":"Jamaica"},{"cityName":"Eden Bowers","countryName":"Jamaica"},{"cityName":"Eden","countryName":"Jamaica"},{"cityName":"Edbury","countryName":"Jamaica"},{"cityName":"Ecclesdown","countryName":"Jamaica"},{"cityName":"Ebony Park","countryName":"Jamaica"},{"cityName":"Eaton","countryName":"Jamaica"},{"cityName":"Eastwood Park","countryName":"Jamaica"},{"cityName":"Easington","countryName":"Jamaica"},{"cityName":"Durham","countryName":"Jamaica"},{"cityName":"Dunrobin","countryName":"Jamaica"},{"cityName":"Dunkleys Pen","countryName":"Jamaica"},{"cityName":"Dunkleys","countryName":"Jamaica"},{"cityName":"Dunkeld","countryName":"Jamaica"},{"cityName":"Dundee","countryName":"Jamaica"},{"cityName":"Duncans","countryName":"Jamaica"},{"cityName":"Dunbar","countryName":"Jamaica"},{"cityName":"Dump","countryName":"Jamaica"},{"cityName":"Dumblane","countryName":"Jamaica"},{"cityName":"Dumbarton","countryName":"Jamaica"},{"cityName":"Duff House","countryName":"Jamaica"},{"cityName":"Duckenfield Hall","countryName":"Jamaica"},{"cityName":"Dublin Castle","countryName":"Jamaica"},{"cityName":"Duanvale","countryName":"Jamaica"},{"cityName":"Dry River","countryName":"Jamaica"},{"cityName":"Dry Hill","countryName":"Jamaica"},{"cityName":"Dry Harbour Cave","countryName":"Jamaica"},{"cityName":"Drummonds Run","countryName":"Jamaica"},{"cityName":"Drummand Orange Grove","countryName":"Jamaica"},{"cityName":"Dromilly","countryName":"Jamaica"},{"cityName":"Dressikie","countryName":"Jamaica"},{"cityName":"Drapers","countryName":"Jamaica"},{"cityName":"Downs","countryName":"Jamaica"},{"cityName":"Dover","countryName":"Jamaica"},{"cityName":"Dove Hall","countryName":"Jamaica"},{"cityName":"Dove Cot Park","countryName":"Jamaica"},{"cityName":"Dorothy Pen","countryName":"Jamaica"},{"cityName":"Dorcas","countryName":"Jamaica"},{"cityName":"Doone Lodge","countryName":"Jamaica"},{"cityName":"Donegal","countryName":"Jamaica"},{"cityName":"Doncaster","countryName":"Jamaica"},{"cityName":"Doctors Cave","countryName":"Jamaica"},{"cityName":"Discovery Bay","countryName":"Jamaica"},{"cityName":"Dias","countryName":"Jamaica"},{"cityName":"Diamond","countryName":"Jamaica"},{"cityName":"Devon","countryName":"Jamaica"},{"cityName":"Denhigh Plain","countryName":"Jamaica"},{"cityName":"Denbigh","countryName":"Jamaica"},{"cityName":"Delacree Pen","countryName":"Jamaica"},{"cityName":"Defiance","countryName":"Jamaica"},{"cityName":"Deeside","countryName":"Jamaica"},{"cityName":"Dee Side","countryName":"Jamaica"},{"cityName":"Decoy Pen","countryName":"Jamaica"},{"cityName":"Decoy Estate","countryName":"Jamaica"},{"cityName":"Decoy","countryName":"Jamaica"},{"cityName":"Dawson Castle","countryName":"Jamaica"},{"cityName":"Dawkins Smokey Hole","countryName":"Jamaica"},{"cityName":"Dawkins Caymanas","countryName":"Jamaica"},{"cityName":"Davyton","countryName":"Jamaica"},{"cityName":"Davis Town","countryName":"Jamaica"},{"cityName":"David Wilsons Village","countryName":"Jamaica"},{"cityName":"Darliston","countryName":"Jamaica"},{"cityName":"Darlington","countryName":"Jamaica"},{"cityName":"Darley","countryName":"Jamaica"},{"cityName":"Danks","countryName":"Jamaica"},{"cityName":"Dalvey","countryName":"Jamaica"},{"cityName":"Dallingtober","countryName":"Jamaica"},{"cityName":"Dallas Castle","countryName":"Jamaica"},{"cityName":"Cyprus","countryName":"Jamaica"},{"cityName":"Cypress Hall","countryName":"Jamaica"},{"cityName":"Curatoe Hill","countryName":"Jamaica"},{"cityName":"Cum See","countryName":"Jamaica"},{"cityName":"Cumberland","countryName":"Jamaica"},{"cityName":"Culloden","countryName":"Jamaica"},{"cityName":"Cuffie Head","countryName":"Jamaica"},{"cityName":"Cudjoe Hill","countryName":"Jamaica"},{"cityName":"Croyden","countryName":"Jamaica"},{"cityName":"Cross Roads","countryName":"Jamaica"},{"cityName":"Cross Pen","countryName":"Jamaica"},{"cityName":"Cross Keys","countryName":"Jamaica"},{"cityName":"Crosbie","countryName":"Jamaica"},{"cityName":"Crooked River","countryName":"Jamaica"},{"cityName":"Crofts Hill","countryName":"Jamaica"},{"cityName":"Crescent Park","countryName":"Jamaica"},{"cityName":"Crescent","countryName":"Jamaica"},{"cityName":"Creighton Hall","countryName":"Jamaica"},{"cityName":"Crawle","countryName":"Jamaica"},{"cityName":"Crawford","countryName":"Jamaica"},{"cityName":"Craigton","countryName":"Jamaica"},{"cityName":"Craig Mill","countryName":"Jamaica"},{"cityName":"Craig Head","countryName":"Jamaica"},{"cityName":"Coxheath","countryName":"Jamaica"},{"cityName":"Cowans","countryName":"Jamaica"},{"cityName":"Coventry Pen","countryName":"Jamaica"},{"cityName":"Cousins Cove","countryName":"Jamaica"},{"cityName":"Coultant Grove","countryName":"Jamaica"},{"cityName":"Cotterwood","countryName":"Jamaica"},{"cityName":"Cottage","countryName":"Jamaica"},{"cityName":"Cotswold Hill","countryName":"Jamaica"},{"cityName":"Corrovants Grove","countryName":"Jamaica"},{"cityName":"Cornwood","countryName":"Jamaica"},{"cityName":"Cornwall Barracks","countryName":"Jamaica"},{"cityName":"Cornwall","countryName":"Jamaica"},{"cityName":"Corn Hill","countryName":"Jamaica"},{"cityName":"Corner Shop","countryName":"Jamaica"},{"cityName":"Corby Castle","countryName":"Jamaica"},{"cityName":"Copse","countryName":"Jamaica"},{"cityName":"Cool Spring","countryName":"Jamaica"},{"cityName":"Content Village","countryName":"Jamaica"},{"cityName":"Content","countryName":"Jamaica"},{"cityName":"Constitution Hill","countryName":"Jamaica"},{"cityName":"Constant Spring","countryName":"Jamaica"},{"cityName":"Connors","countryName":"Jamaica"},{"cityName":"Congreve Park","countryName":"Jamaica"},{"cityName":"Congress Hall","countryName":"Jamaica"},{"cityName":"Concord","countryName":"Jamaica"},{"cityName":"Commodore","countryName":"Jamaica"},{"cityName":"Comma Pen","countryName":"Jamaica"},{"cityName":"Commadore","countryName":"Jamaica"},{"cityName":"Comfort Village","countryName":"Jamaica"},{"cityName":"Comfort Settlement","countryName":"Jamaica"},{"cityName":"Comfort Hall","countryName":"Jamaica"},{"cityName":"Comfort Castle","countryName":"Jamaica"},{"cityName":"Comfort","countryName":"Jamaica"},{"cityName":"Colonels Ridge","countryName":"Jamaica"},{"cityName":"Colon","countryName":"Jamaica"},{"cityName":"Coleyville","countryName":"Jamaica"},{"cityName":"Coley","countryName":"Jamaica"},{"cityName":"Cold Spring","countryName":"Jamaica"},{"cityName":"Colbeck","countryName":"Jamaica"},{"cityName":"Coffee Piece","countryName":"Jamaica"},{"cityName":"Coffee Grove","countryName":"Jamaica"},{"cityName":"Coco Ree","countryName":"Jamaica"},{"cityName":"Cocoa Walk","countryName":"Jamaica"},{"cityName":"Cockshop","countryName":"Jamaica"},{"cityName":"Cockpit","countryName":"Jamaica"},{"cityName":"Cockburn Gardens","countryName":"Jamaica"},{"cityName":"Cobblers","countryName":"Jamaica"},{"cityName":"Coates Pen","countryName":"Jamaica"},{"cityName":"Clydesdale","countryName":"Jamaica"},{"cityName":"Clover Hill","countryName":"Jamaica"},{"cityName":"Clonmel","countryName":"Jamaica"},{"cityName":"Clifton","countryName":"Jamaica"},{"cityName":"Cliffords Rest","countryName":"Jamaica"},{"cityName":"Clermont","countryName":"Jamaica"},{"cityName":"Clarks Town","countryName":"Jamaica"},{"cityName":"Clarksonville","countryName":"Jamaica"},{"cityName":"Clarendon Park","countryName":"Jamaica"},{"cityName":"Claremont Park","countryName":"Jamaica"},{"cityName":"Claremont","countryName":"Jamaica"},{"cityName":"Clandon","countryName":"Jamaica"},{"cityName":"Clair Park","countryName":"Jamaica"},{"cityName":"Cinnamon Hill","countryName":"Jamaica"},{"cityName":"Chudleigh","countryName":"Jamaica"},{"cityName":"Christianfield Village","countryName":"Jamaica"},{"cityName":"Christiana","countryName":"Jamaica"},{"cityName":"Chovey","countryName":"Jamaica"},{"cityName":"Chipps Hall","countryName":"Jamaica"},{"cityName":"Chilton","countryName":"Jamaica"},{"cityName":"Chigwell","countryName":"Jamaica"},{"cityName":"Chestervale","countryName":"Jamaica"},{"cityName":"Chesterfield","countryName":"Jamaica"},{"cityName":"Chester","countryName":"Jamaica"},{"cityName":"Cherry Garden","countryName":"Jamaica"},{"cityName":"Cherryfield","countryName":"Jamaica"},{"cityName":"Chepstowe","countryName":"Jamaica"},{"cityName":"Cheesefield","countryName":"Jamaica"},{"cityName":"Chedwin Park","countryName":"Jamaica"},{"cityName":"Cheapside","countryName":"Jamaica"},{"cityName":"Chatworth","countryName":"Jamaica"},{"cityName":"Chatsworth","countryName":"Jamaica"},{"cityName":"Chatham","countryName":"Jamaica"},{"cityName":"Chateau","countryName":"Jamaica"},{"cityName":"Charlton Castle","countryName":"Jamaica"},{"cityName":"Charlton","countryName":"Jamaica"},{"cityName":"Charlottenburgh","countryName":"Jamaica"},{"cityName":"Charles Town","countryName":"Jamaica"},{"cityName":"Charlemont","countryName":"Jamaica"},{"cityName":"Chapelton","countryName":"Jamaica"},{"cityName":"Chantilly","countryName":"Jamaica"},{"cityName":"Change Hill","countryName":"Jamaica"},{"cityName":"Chandlers Pen","countryName":"Jamaica"},{"cityName":"Chalky Hill","countryName":"Jamaica"},{"cityName":"Central Village","countryName":"Jamaica"},{"cityName":"Cedar Valley","countryName":"Jamaica"},{"cityName":"Caymanas House","countryName":"Jamaica"},{"cityName":"Caymanas","countryName":"Jamaica"},{"cityName":"Cave Valley","countryName":"Jamaica"},{"cityName":"Cave Hill","countryName":"Jamaica"},{"cityName":"Cave","countryName":"Jamaica"},{"cityName":"Cavaliers","countryName":"Jamaica"},{"cityName":"Cauldwell","countryName":"Jamaica"},{"cityName":"Catadupa","countryName":"Jamaica"},{"cityName":"Cataboo","countryName":"Jamaica"},{"cityName":"Caswell Hill","countryName":"Jamaica"},{"cityName":"Castleton","countryName":"Jamaica"},{"cityName":"Castle Dawson","countryName":"Jamaica"},{"cityName":"Castle Comfort","countryName":"Jamaica"},{"cityName":"Cassia Park","countryName":"Jamaica"},{"cityName":"Cassava","countryName":"Jamaica"},{"cityName":"Cashew","countryName":"Jamaica"},{"cityName":"Cascade","countryName":"Jamaica"},{"cityName":"Cartwheel","countryName":"Jamaica"},{"cityName":"Carton","countryName":"Jamaica"},{"cityName":"Carthagena","countryName":"Jamaica"},{"cityName":"Carry Hall","countryName":"Jamaica"},{"cityName":"Carron Hall","countryName":"Jamaica"},{"cityName":"Carlton","countryName":"Jamaica"},{"cityName":"Carlisle","countryName":"Jamaica"},{"cityName":"Carlette Pen","countryName":"Jamaica"},{"cityName":"Carisbrook","countryName":"Jamaica"},{"cityName":"Carey Town","countryName":"Jamaica"},{"cityName":"Carey Park","countryName":"Jamaica"},{"cityName":"Cardiff Hall","countryName":"Jamaica"},{"cityName":"Carawina","countryName":"Jamaica"},{"cityName":"Canewood","countryName":"Jamaica"},{"cityName":"Cane River","countryName":"Jamaica"},{"cityName":"Camp Savanna","countryName":"Jamaica"},{"cityName":"Camperdown","countryName":"Jamaica"},{"cityName":"Campbell Castle","countryName":"Jamaica"},{"cityName":"Cambrook","countryName":"Jamaica"},{"cityName":"Cambridge","countryName":"Jamaica"},{"cityName":"Cambrian","countryName":"Jamaica"},{"cityName":"Camberwell","countryName":"Jamaica"},{"cityName":"Cambelton","countryName":"Jamaica"},{"cityName":"California","countryName":"Jamaica"},{"cityName":"Caley","countryName":"Jamaica"},{"cityName":"Caledonia","countryName":"Jamaica"},{"cityName":"Calderwood Glen","countryName":"Jamaica"},{"cityName":"Cairnie","countryName":"Jamaica"},{"cityName":"Cairn","countryName":"Jamaica"},{"cityName":"Cacoon Castle","countryName":"Jamaica"},{"cityName":"Cacoon","countryName":"Jamaica"},{"cityName":"Byndloss","countryName":"Jamaica"},{"cityName":"Bybrook","countryName":"Jamaica"},{"cityName":"Buxton Town","countryName":"Jamaica"},{"cityName":"Buxton","countryName":"Jamaica"},{"cityName":"Bushy Park","countryName":"Jamaica"},{"cityName":"Burts Run","countryName":"Jamaica"},{"cityName":"Burton Hall","countryName":"Jamaica"},{"cityName":"Burnt Savanna","countryName":"Jamaica"},{"cityName":"Burnt Hill","countryName":"Jamaica"},{"cityName":"Burnt Ground","countryName":"Jamaica"},{"cityName":"Burlington","countryName":"Jamaica"},{"cityName":"Burge","countryName":"Jamaica"},{"cityName":"Bunkers Hill","countryName":"Jamaica"},{"cityName":"Bull Savanna","countryName":"Jamaica"},{"cityName":"Bull Pen","countryName":"Jamaica"},{"cityName":"Bull Bay","countryName":"Jamaica"},{"cityName":"Bullards","countryName":"Jamaica"},{"cityName":"Buff Bay","countryName":"Jamaica"},{"cityName":"Budley Park","countryName":"Jamaica"},{"cityName":"Buck Up","countryName":"Jamaica"},{"cityName":"Buckup","countryName":"Jamaica"},{"cityName":"Buckingham","countryName":"Jamaica"},{"cityName":"Buckfield","countryName":"Jamaica"},{"cityName":"Bryans Pen","countryName":"Jamaica"},{"cityName":"Bryans Hill","countryName":"Jamaica"},{"cityName":"Bryans Bay","countryName":"Jamaica"},{"cityName":"Bryan Castle","countryName":"Jamaica"},{"cityName":"Bryan","countryName":"Jamaica"},{"cityName":"Brunswick","countryName":"Jamaica"},{"cityName":"Brucefield","countryName":"Jamaica"},{"cityName":"Browns Valley","countryName":"Jamaica"},{"cityName":"Browns Town","countryName":"Jamaica"},{"cityName":"Browns Hall","countryName":"Jamaica"},{"cityName":"Brown Hill Village","countryName":"Jamaica"},{"cityName":"Brooklyn","countryName":"Jamaica"},{"cityName":"Bronte","countryName":"Jamaica"},{"cityName":"Brompton","countryName":"Jamaica"},{"cityName":"Bromley","countryName":"Jamaica"},{"cityName":"Brokenhurst","countryName":"Jamaica"},{"cityName":"Brokenbank","countryName":"Jamaica"},{"cityName":"Broadstreet","countryName":"Jamaica"},{"cityName":"Broadleaf","countryName":"Jamaica"},{"cityName":"Broadgate","countryName":"Jamaica"},{"cityName":"Brixton Hill","countryName":"Jamaica"},{"cityName":"Brittonville","countryName":"Jamaica"},{"cityName":"British","countryName":"Jamaica"},{"cityName":"Bristol","countryName":"Jamaica"},{"cityName":"Brissett Run","countryName":"Jamaica"},{"cityName":"Brinkley","countryName":"Jamaica"},{"cityName":"Brimmer Hall","countryName":"Jamaica"},{"cityName":"Brighton","countryName":"Jamaica"},{"cityName":"Bridge Pen","countryName":"Jamaica"},{"cityName":"Bretts Pen","countryName":"Jamaica"},{"cityName":"Breezy Park","countryName":"Jamaica"},{"cityName":"Breezy Hill","countryName":"Jamaica"},{"cityName":"Breastworks","countryName":"Jamaica"},{"cityName":"Breadnut Hill","countryName":"Jamaica"},{"cityName":"Breadnut Bottom","countryName":"Jamaica"},{"cityName":"Breadnut","countryName":"Jamaica"},{"cityName":"Breadfruit","countryName":"Jamaica"},{"cityName":"Brazilletos","countryName":"Jamaica"},{"cityName":"Brandon Hill","countryName":"Jamaica"},{"cityName":"Brainerd","countryName":"Jamaica"},{"cityName":"Braeton","countryName":"Jamaica"},{"cityName":"Braes River","countryName":"Jamaica"},{"cityName":"Braema","countryName":"Jamaica"},{"cityName":"Brae Head","countryName":"Jamaica"},{"cityName":"Braco","countryName":"Jamaica"},{"cityName":"Boyne Park","countryName":"Jamaica"},{"cityName":"Boxford Lodge","countryName":"Jamaica"},{"cityName":"Box","countryName":"Jamaica"},{"cityName":"Bowers Hall","countryName":"Jamaica"},{"cityName":"Bowens Hall","countryName":"Jamaica"},{"cityName":"Bowen Crawle","countryName":"Jamaica"},{"cityName":"Bowden","countryName":"Jamaica"},{"cityName":"Bournemouth Gardens","countryName":"Jamaica"},{"cityName":"Bounty Hall","countryName":"Jamaica"},{"cityName":"Boston","countryName":"Jamaica"},{"cityName":"Bossue","countryName":"Jamaica"},{"cityName":"Boscobel","countryName":"Jamaica"},{"cityName":"Borobridge","countryName":"Jamaica"},{"cityName":"Border","countryName":"Jamaica"},{"cityName":"Booth","countryName":"Jamaica"},{"cityName":"Bonny Gate","countryName":"Jamaica"},{"cityName":"Bonnett","countryName":"Jamaica"},{"cityName":"Bonavista","countryName":"Jamaica"},{"cityName":"Bolton Park","countryName":"Jamaica"},{"cityName":"Boldness","countryName":"Jamaica"},{"cityName":"Bohemia","countryName":"Jamaica"},{"cityName":"Bog Walk","countryName":"Jamaica"},{"cityName":"Bog Plain","countryName":"Jamaica"},{"cityName":"Bog","countryName":"Jamaica"},{"cityName":"Bodles Pen","countryName":"Jamaica"},{"cityName":"Boca Pen","countryName":"Jamaica"},{"cityName":"Blue Mountain","countryName":"Jamaica"},{"cityName":"Blue Hole","countryName":"Jamaica"},{"cityName":"Bluefields","countryName":"Jamaica"},{"cityName":"Blue Castle","countryName":"Jamaica"},{"cityName":"Bloxburgh","countryName":"Jamaica"},{"cityName":"Bloomfield","countryName":"Jamaica"},{"cityName":"Blakes Pen","countryName":"Jamaica"},{"cityName":"Blair Pen","countryName":"Jamaica"},{"cityName":"Blackstone Edge","countryName":"Jamaica"},{"cityName":"Black River","countryName":"Jamaica"},{"cityName":"Blackheath","countryName":"Jamaica"},{"cityName":"Black Heath","countryName":"Jamaica"},{"cityName":"Bishop Mount","countryName":"Jamaica"},{"cityName":"Biscany","countryName":"Jamaica"},{"cityName":"Billy Dun","countryName":"Jamaica"},{"cityName":"Big Bridge","countryName":"Jamaica"},{"cityName":"Bideford","countryName":"Jamaica"},{"cityName":"Biddiford","countryName":"Jamaica"},{"cityName":"Bickerstaff","countryName":"Jamaica"},{"cityName":"Beverly Hills","countryName":"Jamaica"},{"cityName":"Beverly","countryName":"Jamaica"},{"cityName":"Bettys Hope","countryName":"Jamaica"},{"cityName":"Bethlehem","countryName":"Jamaica"},{"cityName":"Bethezra","countryName":"Jamaica"},{"cityName":"Bethel Town","countryName":"Jamaica"},{"cityName":"Bethel Gap","countryName":"Jamaica"},{"cityName":"Bethany","countryName":"Jamaica"},{"cityName":"Berwick","countryName":"Jamaica"},{"cityName":"Berry Hill","countryName":"Jamaica"},{"cityName":"Berrydale","countryName":"Jamaica"},{"cityName":"Berridale","countryName":"Jamaica"},{"cityName":"Bernard Lodge","countryName":"Jamaica"},{"cityName":"Berlin","countryName":"Jamaica"},{"cityName":"Berkshire Hall","countryName":"Jamaica"},{"cityName":"Beredoes","countryName":"Jamaica"},{"cityName":"Bensonton","countryName":"Jamaica"},{"cityName":"Bennetsfield","countryName":"Jamaica"},{"cityName":"Ben Lomond","countryName":"Jamaica"},{"cityName":"Bengal","countryName":"Jamaica"},{"cityName":"Bendish Rock","countryName":"Jamaica"},{"cityName":"Ben Bow","countryName":"Jamaica"},{"cityName":"Belvedere","countryName":"Jamaica"},{"cityName":"Bel Retiro","countryName":"Jamaica"},{"cityName":"Belmore Castle","countryName":"Jamaica"},{"cityName":"Belmont","countryName":"Jamaica"},{"cityName":"Belmare","countryName":"Jamaica"},{"cityName":"Bellfield","countryName":"Jamaica"},{"cityName":"Bellevue Heights","countryName":"Jamaica"},{"cityName":"Bellevue","countryName":"Jamaica"},{"cityName":"Belle Retiro","countryName":"Jamaica"},{"cityName":"Belle Plain","countryName":"Jamaica"},{"cityName":"Bellefield","countryName":"Jamaica"},{"cityName":"Belle Castle","countryName":"Jamaica"},{"cityName":"Belle Air Summit","countryName":"Jamaica"},{"cityName":"Belleair","countryName":"Jamaica"},{"cityName":"Bellas Gate","countryName":"Jamaica"},{"cityName":"Belford","countryName":"Jamaica"},{"cityName":"Belfield Works","countryName":"Jamaica"},{"cityName":"Belfield","countryName":"Jamaica"},{"cityName":"Belfast","countryName":"Jamaica"},{"cityName":"Beeston Spring","countryName":"Jamaica"},{"cityName":"Beecher Town","countryName":"Jamaica"},{"cityName":"Beckford Town","countryName":"Jamaica"},{"cityName":"Beckfords","countryName":"Jamaica"},{"cityName":"Beckford Kraal","countryName":"Jamaica"},{"cityName":"Beacon Hill","countryName":"Jamaica"},{"cityName":"Bath","countryName":"Jamaica"},{"cityName":"Batersea","countryName":"Jamaica"},{"cityName":"Bartons","countryName":"Jamaica"},{"cityName":"Barrett Hall Village","countryName":"Jamaica"},{"cityName":"Barossa","countryName":"Jamaica"},{"cityName":"Barnstaple","countryName":"Jamaica"},{"cityName":"Barneyside","countryName":"Jamaica"},{"cityName":"Barnes Green","countryName":"Jamaica"},{"cityName":"Barking Lodge","countryName":"Jamaica"},{"cityName":"Bariff Castle","countryName":"Jamaica"},{"cityName":"Barbican","countryName":"Jamaica"},{"cityName":"Barbary Hall","countryName":"Jamaica"},{"cityName":"Bantam Spring","countryName":"Jamaica"},{"cityName":"Banks","countryName":"Jamaica"},{"cityName":"Bangor Ridge","countryName":"Jamaica"},{"cityName":"Bandon","countryName":"Jamaica"},{"cityName":"Banbury","countryName":"Jamaica"},{"cityName":"Banana Ground","countryName":"Jamaica"},{"cityName":"Bamboo Market","countryName":"Jamaica"},{"cityName":"Bamboo","countryName":"Jamaica"},{"cityName":"Ballynure","countryName":"Jamaica"},{"cityName":"Bally Mony","countryName":"Jamaica"},{"cityName":"Ballintoy","countryName":"Jamaica"},{"cityName":"Ballards Valley","countryName":"Jamaica"},{"cityName":"Baldwins Cottage","countryName":"Jamaica"},{"cityName":"Balcarres","countryName":"Jamaica"},{"cityName":"Balaclava","countryName":"Jamaica"},{"cityName":"Baillieston","countryName":"Jamaica"},{"cityName":"Bagatelle","countryName":"Jamaica"},{"cityName":"Bad Times","countryName":"Jamaica"},{"cityName":"Bachelors Hall","countryName":"Jamaica"},{"cityName":"Bachams Cottage","countryName":"Jamaica"},{"cityName":"Axe and Adze","countryName":"Jamaica"},{"cityName":"August Town","countryName":"Jamaica"},{"cityName":"Auchtembeddie","countryName":"Jamaica"},{"cityName":"Auchindown","countryName":"Jamaica"},{"cityName":"Askenish","countryName":"Jamaica"},{"cityName":"Asia","countryName":"Jamaica"},{"cityName":"Ashton","countryName":"Jamaica"},{"cityName":"Ashleys","countryName":"Jamaica"},{"cityName":"Ashley Hall","countryName":"Jamaica"},{"cityName":"Ashcott","countryName":"Jamaica"},{"cityName":"Arthurs Seat","countryName":"Jamaica"},{"cityName":"Arthurs Mount","countryName":"Jamaica"},{"cityName":"Arntully","countryName":"Jamaica"},{"cityName":"Armstrong","countryName":"Jamaica"},{"cityName":"Armadale","countryName":"Jamaica"},{"cityName":"Argyle","countryName":"Jamaica"},{"cityName":"Ardoch","countryName":"Jamaica"},{"cityName":"Arcadia Club","countryName":"Jamaica"},{"cityName":"Arcadia","countryName":"Jamaica"},{"cityName":"Appleton","countryName":"Jamaica"},{"cityName":"Antrim","countryName":"Jamaica"},{"cityName":"Anns Castle","countryName":"Jamaica"},{"cityName":"Annotto Bay","countryName":"Jamaica"},{"cityName":"Annandale","countryName":"Jamaica"},{"cityName":"Anglesea","countryName":"Jamaica"},{"cityName":"Angels","countryName":"Jamaica"},{"cityName":"Andersons Town","countryName":"Jamaica"},{"cityName":"Anchovy Bottom","countryName":"Jamaica"},{"cityName":"Anchovy","countryName":"Jamaica"},{"cityName":"Amity Hall","countryName":"Jamaica"},{"cityName":"Amity Cross","countryName":"Jamaica"},{"cityName":"Alva","countryName":"Jamaica"},{"cityName":"Althorp","countryName":"Jamaica"},{"cityName":"Altamont","countryName":"Jamaica"},{"cityName":"Alston","countryName":"Jamaica"},{"cityName":"Alscot","countryName":"Jamaica"},{"cityName":"Almondsbury","countryName":"Jamaica"},{"cityName":"Alma","countryName":"Jamaica"},{"cityName":"Alligator Pond","countryName":"Jamaica"},{"cityName":"Allenton","countryName":"Jamaica"},{"cityName":"Allen Hall","countryName":"Jamaica"},{"cityName":"Alexandria","countryName":"Jamaica"},{"cityName":"Aleppo","countryName":"Jamaica"},{"cityName":"Alderton","countryName":"Jamaica"},{"cityName":"Albion","countryName":"Jamaica"},{"cityName":"Albert Town","countryName":"Jamaica"},{"cityName":"Albert Arms","countryName":"Jamaica"},{"cityName":"Albany","countryName":"Jamaica"},{"cityName":"Airy Hill","countryName":"Jamaica"},{"cityName":"Airy Castle","countryName":"Jamaica"},{"cityName":"Agualta Vale","countryName":"Jamaica"},{"cityName":"Aeolus Valley","countryName":"Jamaica"},{"cityName":"Aenon Town","countryName":"Jamaica"},{"cityName":"Admiral Town","countryName":"Jamaica"},{"cityName":"Adelphi","countryName":"Jamaica"},{"cityName":"Adams Valley","countryName":"Jamaica"},{"cityName":"Acton","countryName":"Jamaica"},{"cityName":"Accompong","countryName":"Jamaica"},{"cityName":"Aboukir","countryName":"Jamaica"},{"cityName":"Abingdon","countryName":"Jamaica"},{"cityName":"Aberly","countryName":"Jamaica"},{"cityName":"Aberdeen","countryName":"Jamaica"},{"cityName":"Above Rocks","countryName":"Jamaica"},{"cityName":"Harkers Hall","countryName":"Jamaica"},{"cityName":"Rentcombe","countryName":"Jamaica"},{"cityName":"Glengoffe","countryName":"Jamaica"},{"cityName":"Mt. Industry","countryName":"Jamaica"},{"cityName":"Mona","countryName":"Jamaica"},{"cityName":"Montego Bay Hip Strip","countryName":"Jamaica"},{"cityName":"West End","countryName":"Jamaica"},{"cityName":"Limit","countryName":"Jamaica"}]