[{"cityName":"Ville des Quennevais","countryName":"Jersey","localeCode":"en","districtName":""},{"cityName":"Six Rues","countryName":"Jersey","localeCode":"en","districtName":""},{"cityName":"Saint Peter's Church","countryName":"Jersey","localeCode":"en","districtName":""},{"cityName":"Saint John's Church","countryName":"Jersey","localeCode":"en","districtName":""},{"cityName":"Saint Helier","countryName":"Jersey","localeCode":"en","districtName":""},{"cityName":"Saint Aubin","countryName":"Jersey","localeCode":"en","districtName":""},{"cityName":"Rozel","countryName":"Jersey","localeCode":"en","districtName":""},{"cityName":"Millbrook","countryName":"Jersey","localeCode":"en","districtName":""},{"cityName":"Lower Blanc Pignon","countryName":"Jersey","localeCode":"en","districtName":""},{"cityName":"Longueville","countryName":"Jersey","localeCode":"en","districtName":""},{"cityName":"L'Etacq","countryName":"Jersey","localeCode":"en","districtName":""},{"cityName":"La Hougue","countryName":"Jersey","localeCode":"en","districtName":""},{"cityName":"La Haule","countryName":"Jersey","localeCode":"en","districtName":""},{"cityName":"Grand Chemins","countryName":"Jersey","localeCode":"en","districtName":""},{"cityName":"Gorey","countryName":"Jersey","localeCode":"en","districtName":""},{"cityName":"Bel Royal","countryName":"Jersey","localeCode":"en","districtName":""},{"cityName":"Belle Vue","countryName":"Jersey","localeCode":"en","districtName":""},{"cityName":"Beaumont","countryName":"Jersey","localeCode":"en","districtName":""},{"cityName":"Les Creux","countryName":"Jersey","localeCode":"en","districtName":""},{"cityName":"Mont Fiquet","countryName":"Jersey","localeCode":"en","districtName":""},{"cityName":"La Moye","countryName":"Jersey","localeCode":"en","districtName":""},{"cityName":"Ville es Nouaux","countryName":"Jersey","localeCode":"en","districtName":""},{"cityName":"La Fosse","countryName":"Jersey","localeCode":"en","districtName":""},{"cityName":"Ville au Bas","countryName":"Jersey","localeCode":"en","districtName":""},{"cityName":"La Villaise","countryName":"Jersey","localeCode":"en","districtName":""},{"cityName":"Portinfer","countryName":"Jersey","localeCode":"en","districtName":""},{"cityName":"Ville Bagot","countryName":"Jersey","localeCode":"en","districtName":""},{"cityName":"Le Rondin","countryName":"Jersey","localeCode":"en","districtName":""},{"cityName":"La Falaise","countryName":"Jersey","localeCode":"en","districtName":""},{"cityName":"Grand Mourier","countryName":"Jersey","localeCode":"en","districtName":""},{"cityName":"Perruque","countryName":"Jersey","localeCode":"en","districtName":""},{"cityName":"Mont Mado","countryName":"Jersey","localeCode":"en","districtName":""},{"cityName":"St Aubin","countryName":"Jersey","localeCode":"en","districtName":""},{"cityName":"Les Platons","countryName":"Jersey","localeCode":"en","districtName":""},{"cityName":"Trinity","countryName":"Jersey","localeCode":"en","districtName":""},{"cityName":"St Mary's Village","countryName":"Jersey","localeCode":"en","districtName":""},{"cityName":"St Brelade","countryName":"Jersey","localeCode":"en","districtName":""},{"cityName":"St Lawrence","countryName":"Jersey","localeCode":"en","districtName":""},{"cityName":"Grouville","countryName":"Jersey","localeCode":"en","districtName":""},{"cityName":"Saint Clements","countryName":"Jersey","localeCode":"en","districtName":""},{"cityName":"Fliquet","countryName":"Jersey","localeCode":"en","districtName":""},{"cityName":"La Greve de Lecq","countryName":"Jersey","localeCode":"en","districtName":""},{"cityName":"St Martin","countryName":"Jersey","localeCode":"en","districtName":""},{"cityName":"Five Oaks","countryName":"Jersey","localeCode":"en","districtName":""}]