[{"cityName":"Hamamat al `Ushush","countryName":"Jordan"},{"cityName":"Zuwayza","countryName":"Jordan"},{"cityName":"Zumlat ad Dibs","countryName":"Jordan"},{"cityName":"Zubiya","countryName":"Jordan"},{"cityName":"Zimal","countryName":"Jordan"},{"cityName":"Zahum","countryName":"Jordan"},{"cityName":"Zahar","countryName":"Jordan"},{"cityName":"Zabdah","countryName":"Jordan"},{"cityName":"Zaba'ir `Udwan","countryName":"Jordan"},{"cityName":"Yubla","countryName":"Jordan"},{"cityName":"Yarqa","countryName":"Jordan"},{"cityName":"Yajuz","countryName":"Jordan"},{"cityName":"Waqqas","countryName":"Jordan"},{"cityName":"Wadi Sararah","countryName":"Jordan"},{"cityName":"Petra","countryName":"Jordan"},{"cityName":"Wadi as Sir","countryName":"Jordan"},{"cityName":"`Uyun adh Dhi'b","countryName":"Jordan"},{"cityName":"`Urjan ash Sharqiyah","countryName":"Jordan"},{"cityName":"`Urjan al Gharbiyah","countryName":"Jordan"},{"cityName":"Umm Zuwaytinah","countryName":"Jordan"},{"cityName":"Umm Zaba'ir","countryName":"Jordan"},{"cityName":"Umm Tall","countryName":"Jordan"},{"cityName":"Umm Shujayrah al Gharbiyah","countryName":"Jordan"},{"cityName":"Umm Sawwanah","countryName":"Jordan"},{"cityName":"Umm Rummanah","countryName":"Jordan"},{"cityName":"Umm Qusayr","countryName":"Jordan"},{"cityName":"Umm Qays","countryName":"Jordan"},{"cityName":"Umm Qantarah","countryName":"Jordan"},{"cityName":"Umm Nuwarah","countryName":"Jordan"},{"cityName":"Umm Kharrubah","countryName":"Jordan"},{"cityName":"Umm Juraysat","countryName":"Jordan"},{"cityName":"Umm Jawzah","countryName":"Jordan"},{"cityName":"Umm Hamat","countryName":"Jordan"},{"cityName":"Umm Butaymah","countryName":"Jordan"},{"cityName":"Umm as Surab","countryName":"Jordan"},{"cityName":"Umm as Summaq","countryName":"Jordan"},{"cityName":"Umm ar Rasas","countryName":"Jordan"},{"cityName":"Umm an Na`am","countryName":"Jordan"},{"cityName":"Umm al Usud","countryName":"Jordan"},{"cityName":"Umm al Qittayn","countryName":"Jordan"},{"cityName":"Umm al Qanafidh","countryName":"Jordan"},{"cityName":"Umm al Manabi`","countryName":"Jordan"},{"cityName":"Umm al Lu'lu'","countryName":"Jordan"},{"cityName":"Umm al Kundum","countryName":"Jordan"},{"cityName":"Umm al Khirwa`","countryName":"Jordan"},{"cityName":"Umm al Khanazir","countryName":"Jordan"},{"cityName":"Umm al Jurayn","countryName":"Jordan"},{"cityName":"Umm al Hanafish","countryName":"Jordan"},{"cityName":"Umm al Birak","countryName":"Jordan"},{"cityName":"Umm al `Amad","countryName":"Jordan"},{"cityName":"Umm ad Dananir","countryName":"Jordan"},{"cityName":"Umm ad Dajaj","countryName":"Jordan"},{"cityName":"Adhruh","countryName":"Jordan"},{"cityName":"Tuqbul","countryName":"Jordan"},{"cityName":"Tila` al `Ali","countryName":"Jordan"},{"cityName":"Tibnah","countryName":"Jordan"},{"cityName":"Thughrat al Jubb","countryName":"Jordan"},{"cityName":"Tall Musa","countryName":"Jordan"},{"cityName":"Tall ar Ramah","countryName":"Jordan"},{"cityName":"Tall al Mistah","countryName":"Jordan"},{"cityName":"Tal`at ar Ruzz","countryName":"Jordan"},{"cityName":"Tab Kira`","countryName":"Jordan"},{"cityName":"Tabarbawr","countryName":"Jordan"},{"cityName":"Tabaqat Fahl","countryName":"Jordan"},{"cityName":"Suwaymah","countryName":"Jordan"},{"cityName":"Suwaylih","countryName":"Jordan"},{"cityName":"Surrah","countryName":"Jordan"},{"cityName":"Sumiya","countryName":"Jordan"},{"cityName":"Sumayyah","countryName":"Jordan"},{"cityName":"Sulayman an Nasir","countryName":"Jordan"},{"cityName":"Sul","countryName":"Jordan"},{"cityName":"Sufah","countryName":"Jordan"},{"cityName":"Suf","countryName":"Jordan"},{"cityName":"Subhiyah","countryName":"Jordan"},{"cityName":"Subayrah","countryName":"Jordan"},{"cityName":"Sirfah","countryName":"Jordan"},{"cityName":"Sinifhah","countryName":"Jordan"},{"cityName":"Sih Duhayyim","countryName":"Jordan"},{"cityName":"Sihan","countryName":"Jordan"},{"cityName":"Shuqayra ash Sharqiyah","countryName":"Jordan"},{"cityName":"Shunat Nimrin","countryName":"Jordan"},{"cityName":"Shunat Ibn `Adwan","countryName":"Jordan"},{"cityName":"Shatana","countryName":"Jordan"},{"cityName":"Shammakh","countryName":"Jordan"},{"cityName":"Saydur","countryName":"Jordan"},{"cityName":"Sawm","countryName":"Jordan"},{"cityName":"Sarrut","countryName":"Jordan"},{"cityName":"Samra'","countryName":"Jordan"},{"cityName":"Sammu`","countryName":"Jordan"},{"cityName":"Samma","countryName":"Jordan"},{"cityName":"Samar","countryName":"Jordan"},{"cityName":"Samad","countryName":"Jordan"},{"cityName":"Sama","countryName":"Jordan"},{"cityName":"Sal","countryName":"Jordan"},{"cityName":"Sakka","countryName":"Jordan"},{"cityName":"Sakib","countryName":"Jordan"},{"cityName":"Sakhrah","countryName":"Jordan"},{"cityName":"Sahat Abu Jabir","countryName":"Jordan"},{"cityName":"Saham","countryName":"Jordan"},{"cityName":"Sahab","countryName":"Jordan"},{"cityName":"Safut","countryName":"Jordan"},{"cityName":"Sab` Siyar","countryName":"Jordan"},{"cityName":"Sabir","countryName":"Jordan"},{"cityName":"Sabha","countryName":"Jordan"},{"cityName":"Khirbat as Sab`ah","countryName":"Jordan"},{"cityName":"Ruwaym","countryName":"Jordan"},{"cityName":"Rujm Umm `Alandah","countryName":"Jordan"},{"cityName":"Rujm Maghghijhah","countryName":"Jordan"},{"cityName":"Rujm as Sab`","countryName":"Jordan"},{"cityName":"Rujm ash Shara'irah","countryName":"Jordan"},{"cityName":"Rujm ash Shami","countryName":"Jordan"},{"cityName":"Rujm al Midmar","countryName":"Jordan"},{"cityName":"Rujm al Hawi","countryName":"Jordan"},{"cityName":"Rujaym Salim","countryName":"Jordan"},{"cityName":"Ru'aysat al Khalidi","countryName":"Jordan"},{"cityName":"Rehaba","countryName":"Jordan"},{"cityName":"Rihab","countryName":"Jordan"},{"cityName":"Raymun","countryName":"Jordan"},{"cityName":"Rasun","countryName":"Jordan"},{"cityName":"An Naqb","countryName":"Jordan"},{"cityName":"Ramm","countryName":"Jordan"},{"cityName":"Rakin","countryName":"Jordan"},{"cityName":"Rajib","countryName":"Jordan"},{"cityName":"Rabba`","countryName":"Jordan"},{"cityName":"Qurayyat Salim","countryName":"Jordan"},{"cityName":"Qurayyat Nafi`","countryName":"Jordan"},{"cityName":"Qurayyat Falhah","countryName":"Jordan"},{"cityName":"Qumaym","countryName":"Jordan"},{"cityName":"Qulay`at","countryName":"Jordan"},{"cityName":"Qubur `Abd Allah","countryName":"Jordan"},{"cityName":"Qasr al Hallabat","countryName":"Jordan"},{"cityName":"Qaraqush","countryName":"Jordan"},{"cityName":"Qam","countryName":"Jordan"},{"cityName":"Qafqafa","countryName":"Jordan"},{"cityName":"Nijil","countryName":"Jordan"},{"cityName":"Na`ur","countryName":"Jordan"},{"cityName":"Natl","countryName":"Jordan"},{"cityName":"Natifah","countryName":"Jordan"},{"cityName":"Nahlah","countryName":"Jordan"},{"cityName":"Naharayim","countryName":"Jordan"},{"cityName":"Nadirah","countryName":"Jordan"},{"cityName":"Mu'tah","countryName":"Jordan"},{"cityName":"Mushayrifah ash Sharqiyah","countryName":"Jordan"},{"cityName":"Mushayrifah","countryName":"Jordan"},{"cityName":"Mursi`","countryName":"Jordan"},{"cityName":"Murayjimat Ibn Hamid","countryName":"Jordan"},{"cityName":"Muqbilah","countryName":"Jordan"},{"cityName":"Mumeya","countryName":"Jordan"},{"cityName":"Mulayh","countryName":"Jordan"},{"cityName":"Mukawir","countryName":"Jordan"},{"cityName":"Muhayy","countryName":"Jordan"},{"cityName":"Muhammad Salih","countryName":"Jordan"},{"cityName":"Mughayyir","countryName":"Jordan"},{"cityName":"Mubis","countryName":"Jordan"},{"cityName":"Mu`addi","countryName":"Jordan"},{"cityName":"Mirwad","countryName":"Jordan"},{"cityName":"Miqt","countryName":"Jordan"},{"cityName":"Mihna","countryName":"Jordan"},{"cityName":"Middin","countryName":"Jordan"},{"cityName":"Mazar Abu `Ubaydah","countryName":"Jordan"},{"cityName":"Marw","countryName":"Jordan"},{"cityName":"Marka","countryName":"Jordan"},{"cityName":"Marhaba","countryName":"Jordan"},{"cityName":"Manja","countryName":"Jordan"},{"cityName":"Mandah","countryName":"Jordan"},{"cityName":"Malka","countryName":"Jordan"},{"cityName":"Makhraba","countryName":"Jordan"},{"cityName":"Majra","countryName":"Jordan"},{"cityName":"Majdala","countryName":"Jordan"},{"cityName":"Ma`in","countryName":"Jordan"},{"cityName":"Mahas","countryName":"Jordan"},{"cityName":"Mahattat al Jufur","countryName":"Jordan"},{"cityName":"Mahattat al Hafif","countryName":"Jordan"},{"cityName":"Madaba","countryName":"Jordan"},{"cityName":"Ma'an","countryName":"Jordan"},{"cityName":"Ma`ad","countryName":"Jordan"},{"cityName":"Kurkumah","countryName":"Jordan"},{"cityName":"Kurayyimah","countryName":"Jordan"},{"cityName":"Kufrinjah","countryName":"Jordan"},{"cityName":"Kufayrat Abu Khinan","countryName":"Jordan"},{"cityName":"Kufayr al Wakhyan","countryName":"Jordan"},{"cityName":"Kufayr Abu Sarbut","countryName":"Jordan"},{"cityName":"Kitim","countryName":"Jordan"},{"cityName":"Khuraybat as Suq","countryName":"Jordan"},{"cityName":"Khunayzir","countryName":"Jordan"},{"cityName":"Khirbat `Usfur","countryName":"Jordan"},{"cityName":"Khirbat `Usaym","countryName":"Jordan"},{"cityName":"Khirbat Umm Rummanah","countryName":"Jordan"},{"cityName":"Khirbat Umm an Naml","countryName":"Jordan"},{"cityName":"Khirbat Ukaydir","countryName":"Jordan"},{"cityName":"Khirbat Tha`la'","countryName":"Jordan"},{"cityName":"Khirbat Siran","countryName":"Jordan"},{"cityName":"Khirbat Sin`ar","countryName":"Jordan"},{"cityName":"Khirbat Shin","countryName":"Jordan"},{"cityName":"Khirbat Shihan","countryName":"Jordan"},{"cityName":"Khirbat Sha`tha","countryName":"Jordan"},{"cityName":"Khirbat Sarabis","countryName":"Jordan"},{"cityName":"Khirbat Sakayin","countryName":"Jordan"},{"cityName":"Khirbat Rukhaym","countryName":"Jordan"},{"cityName":"Khirbat Ra\"s al Madinah","countryName":"Jordan"},{"cityName":"Khirbat Najdah","countryName":"Jordan"},{"cityName":"Khirbat Mihna","countryName":"Jordan"},{"cityName":"Khirbat Maysarah","countryName":"Jordan"},{"cityName":"Khirbat Marqa`ah","countryName":"Jordan"},{"cityName":"Khirbat Makhul","countryName":"Jordan"},{"cityName":"Khirbat Majdalayn","countryName":"Jordan"},{"cityName":"Majadil","countryName":"Jordan"},{"cityName":"Khirbat Khaww","countryName":"Jordan"},{"cityName":"Khirbat Khatlah","countryName":"Jordan"},{"cityName":"Khirbat Juraybah","countryName":"Jordan"},{"cityName":"Khirbat Jaba","countryName":"Jordan"},{"cityName":"Khirbat Ibsar","countryName":"Jordan"},{"cityName":"Khirbat Huwayshan","countryName":"Jordan"},{"cityName":"Khirbat Hazzar","countryName":"Jordan"},{"cityName":"Khirbat Dayr al Kahf","countryName":"Jordan"},{"cityName":"Khirbat Butaynah","countryName":"Jordan"},{"cityName":"Khirbat Bi'rayn","countryName":"Jordan"},{"cityName":"Khirbat Badran","countryName":"Jordan"},{"cityName":"Khirbat Ayyub","countryName":"Jordan"},{"cityName":"Khirbat `Ayn","countryName":"Jordan"},{"cityName":"Khirbat at Tayyarah","countryName":"Jordan"},{"cityName":"Khirbat as Suwayrat","countryName":"Jordan"},{"cityName":"Khirbat as Sawwan","countryName":"Jordan"},{"cityName":"Khirbat as Salus","countryName":"Jordan"},{"cityName":"Khirbat as Sakhinah","countryName":"Jordan"},{"cityName":"Khirbat as Sahilah","countryName":"Jordan"},{"cityName":"Khirbat `Assaf","countryName":"Jordan"},{"cityName":"Khirbat ash Shubbak","countryName":"Jordan"},{"cityName":"Khirbat ash Shaykh `Ulayyan","countryName":"Jordan"},{"cityName":"Khirbat ash Shaykh Muhammad","countryName":"Jordan"},{"cityName":"Khirbat ash Shaykh Husayn","countryName":"Jordan"},{"cityName":"Khirbat ash Shawahid","countryName":"Jordan"},{"cityName":"Khirbat ar Rusayfah","countryName":"Jordan"},{"cityName":"Khirbat ar Ruqqah","countryName":"Jordan"},{"cityName":"Khirbat al Wahadinah","countryName":"Jordan"},{"cityName":"Khirbat al `Unnab","countryName":"Jordan"},{"cityName":"Khirbat al Murayghah","countryName":"Jordan"},{"cityName":"Khirbat al Mudawwarah","countryName":"Jordan"},{"cityName":"Khirbat al Mudari","countryName":"Jordan"},{"cityName":"Khirbat al Kawm","countryName":"Jordan"},{"cityName":"Khirbat al Husayniyat","countryName":"Jordan"},{"cityName":"Khirbat al Hawi","countryName":"Jordan"},{"cityName":"Khirbat al Hammah","countryName":"Jordan"},{"cityName":"Khirbat al Haddadah","countryName":"Jordan"},{"cityName":"Khirbat al Birah","countryName":"Jordan"},{"cityName":"Khirbat al Bayda'","countryName":"Jordan"},{"cityName":"Khirbat al Adyirah","countryName":"Jordan"},{"cityName":"Khirbat `Afna","countryName":"Jordan"},{"cityName":"Khirbat ad Duqmussah","countryName":"Jordan"},{"cityName":"Khirbat `Abun","countryName":"Jordan"},{"cityName":"Khirbat Abu Hamid","countryName":"Jordan"},{"cityName":"Khirbat Abu Hadid","countryName":"Jordan"},{"cityName":"Khirbat Abu az Zaytun","countryName":"Jordan"},{"cityName":"Khirbat Abu as Sus","countryName":"Jordan"},{"cityName":"Khirbat Abu al Khass","countryName":"Jordan"},{"cityName":"Khinzirah","countryName":"Jordan"},{"cityName":"Khilda","countryName":"Jordan"},{"cityName":"Khazmah","countryName":"Jordan"},{"cityName":"Khawkha","countryName":"Jordan"},{"cityName":"Khashm al Qatrah","countryName":"Jordan"},{"cityName":"Kharja","countryName":"Jordan"},{"cityName":"Kawm al Humr","countryName":"Jordan"},{"cityName":"Kathrabba","countryName":"Jordan"},{"cityName":"Umm Rummana","countryName":"Jordan"},{"cityName":"Kafr Yuba","countryName":"Jordan"},{"cityName":"Kafr Sawm","countryName":"Jordan"},{"cityName":"Kafr Rakib","countryName":"Jordan"},{"cityName":"Kafr Rahta","countryName":"Jordan"},{"cityName":"Kafr Kifiya","countryName":"Jordan"},{"cityName":"Kafr Khall","countryName":"Jordan"},{"cityName":"Kufr Jayez","countryName":"Jordan"},{"cityName":"Kafr Hudah","countryName":"Jordan"},{"cityName":"Kafr `Awan","countryName":"Jordan"},{"cityName":"Kafr Asad","countryName":"Jordan"},{"cityName":"Kafr `An","countryName":"Jordan"},{"cityName":"Kafr al Ma'","countryName":"Jordan"},{"cityName":"Kafr ad Durrah","countryName":"Jordan"},{"cityName":"Kafr Abil","countryName":"Jordan"},{"cityName":"Juwayr","countryName":"Jordan"},{"cityName":"Al Jurf","countryName":"Jordan"},{"cityName":"Juraynah","countryName":"Jordan"},{"cityName":"Jumhah","countryName":"Jordan"},{"cityName":"Juhfiyah","countryName":"Jordan"},{"cityName":"Juffayn","countryName":"Jordan"},{"cityName":"Judayta","countryName":"Jordan"},{"cityName":"Jubbah","countryName":"Jordan"},{"cityName":"Jinnin as Safa","countryName":"Jordan"},{"cityName":"Jijjin","countryName":"Jordan"},{"cityName":"Jawzah","countryName":"Jordan"},{"cityName":"Jawa","countryName":"Jordan"},{"cityName":"Jarrish","countryName":"Jordan"},{"cityName":"Jarash","countryName":"Jordan"},{"cityName":"Janna`ah","countryName":"Jordan"},{"cityName":"Jalul","countryName":"Jordan"},{"cityName":"Jal`ad","countryName":"Jordan"},{"cityName":"Jehra","countryName":"Jordan"},{"cityName":"Jad`at al Jubur","countryName":"Jordan"},{"cityName":"Jad`ah","countryName":"Jordan"},{"cityName":"Jabir","countryName":"Jordan"},{"cityName":"`Izrit","countryName":"Jordan"},{"cityName":"`Izra","countryName":"Jordan"},{"cityName":"`Izbat al Bisharat","countryName":"Jordan"},{"cityName":"Ishtafayna","countryName":"Jordan"},{"cityName":"Is`arah","countryName":"Jordan"},{"cityName":"Irjan","countryName":"Jordan"},{"cityName":"`Irjan","countryName":"Jordan"},{"cityName":"Irbid","countryName":"Jordan"},{"cityName":"`Iraq al Amir","countryName":"Jordan"},{"cityName":"`Ira","countryName":"Jordan"},{"cityName":"`Inbah","countryName":"Jordan"},{"cityName":"Imra`","countryName":"Jordan"},{"cityName":"`Ibillin","countryName":"Jordan"},{"cityName":"Ibdar","countryName":"Jordan"},{"cityName":"`Ibbin","countryName":"Jordan"},{"cityName":"Husayn al `Ali al Falah","countryName":"Jordan"},{"cityName":"Hobras","countryName":"Jordan"},{"cityName":"Hisban","countryName":"Jordan"},{"cityName":"Hayyan ar Ruwaybid ash Sharqi","countryName":"Jordan"},{"cityName":"Hayyan ar Ruwaybid al Gharbi","countryName":"Jordan"},{"cityName":"Hayyan al Mushrif","countryName":"Jordan"},{"cityName":"Hawwarah","countryName":"Jordan"},{"cityName":"Hawsha","countryName":"Jordan"},{"cityName":"Hawfa","countryName":"Jordan"},{"cityName":"Hawar","countryName":"Jordan"},{"cityName":"Hatim","countryName":"Jordan"},{"cityName":"Harta","countryName":"Jordan"},{"cityName":"Harima","countryName":"Jordan"},{"cityName":"Hamnanah","countryName":"Jordan"},{"cityName":"Hamamat al `Alamat","countryName":"Jordan"},{"cityName":"Ham","countryName":"Jordan"},{"cityName":"Halawah","countryName":"Jordan"},{"cityName":"Halaq ash Shuqayq","countryName":"Jordan"},{"cityName":"Hakama","countryName":"Jordan"},{"cityName":"Habaka","countryName":"Jordan"},{"cityName":"Gharisah","countryName":"Jordan"},{"cityName":"Fuqu`","countryName":"Jordan"},{"cityName":"Fayfa","countryName":"Jordan"},{"cityName":"Faw`arah","countryName":"Jordan"},{"cityName":"Farah","countryName":"Jordan"},{"cityName":"Fa`","countryName":"Jordan"},{"cityName":"Dusil","countryName":"Jordan"},{"cityName":"Dulayqah","countryName":"Jordan"},{"cityName":"Dulaylat al Mutayrat","countryName":"Jordan"},{"cityName":"Dulaylat al Hama'idah","countryName":"Jordan"},{"cityName":"Dirar","countryName":"Jordan"},{"cityName":"Dibbin","countryName":"Jordan"},{"cityName":"Dhiban","countryName":"Jordan"},{"cityName":"Dat Ras","countryName":"Jordan"},{"cityName":"Dayr Yusuf","countryName":"Jordan"},{"cityName":"Dayr Waraq","countryName":"Jordan"},{"cityName":"Dayr as Si`nah","countryName":"Jordan"},{"cityName":"Dayr as Simadiyah","countryName":"Jordan"},{"cityName":"Dayr al Liyat","countryName":"Jordan"},{"cityName":"Dayr `Alla","countryName":"Jordan"},{"cityName":"Dayr Abu Sa`id","countryName":"Jordan"},{"cityName":"Dawqarah","countryName":"Jordan"},{"cityName":"Dawgarah","countryName":"Jordan"},{"cityName":"Dana","countryName":"Jordan"},{"cityName":"Damiya","countryName":"Jordan"},{"cityName":"Bushra","countryName":"Jordan"},{"cityName":"Busayra","countryName":"Jordan"},{"cityName":"Burma","countryName":"Jordan"},{"cityName":"Burayqah","countryName":"Jordan"},{"cityName":"Buqay` al Qababi`ah","countryName":"Jordan"},{"cityName":"Bi'r Hamad","countryName":"Jordan"},{"cityName":"Bilal","countryName":"Jordan"},{"cityName":"Biddin","countryName":"Jordan"},{"cityName":"Bayyudah","countryName":"Jordan"},{"cityName":"Bayt Zir`ah","countryName":"Jordan"},{"cityName":"Bayt Yafa","countryName":"Jordan"},{"cityName":"Bayt Ra's","countryName":"Jordan"},{"cityName":"Bayt Idis","countryName":"Jordan"},{"cityName":"Bayt al Husayni","countryName":"Jordan"},{"cityName":"Ba`un","countryName":"Jordan"},{"cityName":"Batir","countryName":"Jordan"},{"cityName":"Bastah","countryName":"Jordan"},{"cityName":"Barzah","countryName":"Jordan"},{"cityName":"Barazin","countryName":"Jordan"},{"cityName":"Barashta","countryName":"Jordan"},{"cityName":"Ballas","countryName":"Jordan"},{"cityName":"Balila","countryName":"Jordan"},{"cityName":"Bal`ama","countryName":"Jordan"},{"cityName":"Balad ash Shaykh","countryName":"Jordan"},{"cityName":"Balad al Mansurah","countryName":"Jordan"},{"cityName":"Ba'ir","countryName":"Jordan"},{"cityName":"Bahlul","countryName":"Jordan"},{"cityName":"Badhdhan","countryName":"Jordan"},{"cityName":"Bab an Naqb","countryName":"Jordan"},{"cityName":"Az Zutt","countryName":"Jordan"},{"cityName":"Az Zunayyah","countryName":"Jordan"},{"cityName":"Az Zumlah","countryName":"Jordan"},{"cityName":"Az Zubaydiyah","countryName":"Jordan"},{"cityName":"Az Zimaliyah","countryName":"Jordan"},{"cityName":"Az Zarra`ah","countryName":"Jordan"},{"cityName":"Az Zarqa'","countryName":"Jordan"},{"cityName":"Azraq ash Shishan","countryName":"Jordan"},{"cityName":"Al Azraq ash Shamali","countryName":"Jordan"},{"cityName":"`Ayy","countryName":"Jordan"},{"cityName":"`Aynun","countryName":"Jordan"},{"cityName":"`Ayn Khunayzir","countryName":"Jordan"},{"cityName":"`Ayn Janna","countryName":"Jordan"},{"cityName":"`Ayn as Safar","countryName":"Jordan"},{"cityName":"`Ayn Amun","countryName":"Jordan"},{"cityName":"`Ayn al Basha","countryName":"Jordan"},{"cityName":"`Aymah","countryName":"Jordan"},{"cityName":"Iyl","countryName":"Jordan"},{"cityName":"Aydun","countryName":"Jordan"},{"cityName":"Awsarah","countryName":"Jordan"},{"cityName":"`Awjan ash Sharqi","countryName":"Jordan"},{"cityName":"`Awjan ash Shamali","countryName":"Jordan"},{"cityName":"`Awjan al Gharbi","countryName":"Jordan"},{"cityName":"At Turrah","countryName":"Jordan"},{"cityName":"At Turkumaniyah","countryName":"Jordan"},{"cityName":"At Tunayb","countryName":"Jordan"},{"cityName":"At Tiwal","countryName":"Jordan"},{"cityName":"At Tayyibah","countryName":"Jordan"},{"cityName":"At Tafilah","countryName":"Jordan"},{"cityName":"Ath Thukhaynat","countryName":"Jordan"},{"cityName":"Ath Thughrah","countryName":"Jordan"},{"cityName":"Ath Thaniyah","countryName":"Jordan"},{"cityName":"Ath Thallajah","countryName":"Jordan"},{"cityName":"`Atruz","countryName":"Jordan"},{"cityName":"As Suwaylimah","countryName":"Jordan"},{"cityName":"As Suq","countryName":"Jordan"},{"cityName":"As Sulaykhat","countryName":"Jordan"},{"cityName":"As Sukhnah","countryName":"Jordan"},{"cityName":"As Subayhi","countryName":"Jordan"},{"cityName":"As Simakiyah","countryName":"Jordan"},{"cityName":"As Silah","countryName":"Jordan"},{"cityName":"As Sil`","countryName":"Jordan"},{"cityName":"As Sawalihah","countryName":"Jordan"},{"cityName":"As Sarih","countryName":"Jordan"},{"cityName":"As Saqrah","countryName":"Jordan"},{"cityName":"As Samt","countryName":"Jordan"},{"cityName":"As Samra'","countryName":"Jordan"},{"cityName":"As Samik","countryName":"Jordan"},{"cityName":"As Salt","countryName":"Jordan"},{"cityName":"As Salihi","countryName":"Jordan"},{"cityName":"As Sakhinah","countryName":"Jordan"},{"cityName":"As Safinah","countryName":"Jordan"},{"cityName":"Safi","countryName":"Jordan"},{"cityName":"As Sadaqah","countryName":"Jordan"},{"cityName":"Ash Shuqayq","countryName":"Jordan"},{"cityName":"Ash Shunah ash Shamaliyah","countryName":"Jordan"},{"cityName":"Ash Shumaysani","countryName":"Jordan"},{"cityName":"Ash Shufatah","countryName":"Jordan"},{"cityName":"Ash Shaykh Muhammad","countryName":"Jordan"},{"cityName":"Ash Shawbak","countryName":"Jordan"},{"cityName":"Ash Shakarah","countryName":"Jordan"},{"cityName":"Ash Shajarah","countryName":"Jordan"},{"cityName":"Ash Shaghur","countryName":"Jordan"},{"cityName":"isfir al Mahattah","countryName":"Jordan"},{"cityName":"Ar Ruwayshid","countryName":"Jordan"},{"cityName":"Ar Ruwayhah","countryName":"Jordan"},{"cityName":"Ar Rusayfah","countryName":"Jordan"},{"cityName":"Ar Rumman","countryName":"Jordan"},{"cityName":"Ar Rumaymin","countryName":"Jordan"},{"cityName":"Ar Riwaq","countryName":"Jordan"},{"cityName":"Ar Rasha'idah","countryName":"Jordan"},{"cityName":"Ar Rashadiyah","countryName":"Jordan"},{"cityName":"Ar Ramtha","countryName":"Jordan"},{"cityName":"Ar Rajif","countryName":"Jordan"},{"cityName":"Ar Rajib","countryName":"Jordan"},{"cityName":"Ar Rafid","countryName":"Jordan"},{"cityName":"Ar Radm","countryName":"Jordan"},{"cityName":"Ar Rabbah","countryName":"Jordan"},{"cityName":"Ar Rabahiyah","countryName":"Jordan"},{"cityName":"Ar Rab`ah","countryName":"Jordan"},{"cityName":"Eriha","countryName":"Jordan"},{"cityName":"`Ara`ir","countryName":"Jordan"},{"cityName":"`Aqraba","countryName":"Jordan"},{"cityName":"An Nuwayjis","countryName":"Jordan"},{"cityName":"An Nusayhi","countryName":"Jordan"},{"cityName":"An Nu`ayyimah","countryName":"Jordan"},{"cityName":"An Nimrah","countryName":"Jordan"},{"cityName":"An Naqubah","countryName":"Jordan"},{"cityName":"An Namatah","countryName":"Jordan"},{"cityName":"An Nabi Hud","countryName":"Jordan"},{"cityName":"`Anjarah","countryName":"Jordan"},{"cityName":"`Amrawah","countryName":"Jordan"},{"cityName":"`Ammuriya","countryName":"Jordan"},{"cityName":"Amman","countryName":"Jordan"},{"cityName":"Al Yazidiyah","countryName":"Jordan"},{"cityName":"Al Yarut","countryName":"Jordan"},{"cityName":"Al Yadudah","countryName":"Jordan"},{"cityName":"Al `Umyan","countryName":"Jordan"},{"cityName":"Al Quwaysimah","countryName":"Jordan"},{"cityName":"Al Quwayrah","countryName":"Jordan"},{"cityName":"Al Quwayjiyah","countryName":"Jordan"},{"cityName":"Al Qurayyat","countryName":"Jordan"},{"cityName":"Qarayn","countryName":"Jordan"},{"cityName":"Al Qunayyah","countryName":"Jordan"},{"cityName":"Al Qisfah","countryName":"Jordan"},{"cityName":"Al Qihati","countryName":"Jordan"},{"cityName":"Al Qatranah","countryName":"Jordan"},{"cityName":"Al Qastal","countryName":"Jordan"},{"cityName":"Al Qasr","countryName":"Jordan"},{"cityName":"Al Qartu`iyah","countryName":"Jordan"},{"cityName":"Rawdat al Amir Rashid","countryName":"Jordan"},{"cityName":"Al Mushayrifah","countryName":"Jordan"},{"cityName":"Al Mushargah","countryName":"Jordan"},{"cityName":"Al Mushaqqar","countryName":"Jordan"},{"cityName":"Al Muqari`iyah","countryName":"Jordan"},{"cityName":"Al Muqabalayn","countryName":"Jordan"},{"cityName":"Al Mukhaybah","countryName":"Jordan"},{"cityName":"Al Mukayfitah","countryName":"Jordan"},{"cityName":"Al Mujaydil","countryName":"Jordan"},{"cityName":"Al Mughayyir","countryName":"Jordan"},{"cityName":"Al Mughayrifat","countryName":"Jordan"},{"cityName":"Al Mudawwarah","countryName":"Jordan"},{"cityName":"Al Mi`tan","countryName":"Jordan"},{"cityName":"Al Mazzah","countryName":"Jordan"},{"cityName":"Al Mazra`ah","countryName":"Jordan"},{"cityName":"Al Mazra`","countryName":"Jordan"},{"cityName":"Al Mazar","countryName":"Jordan"},{"cityName":"Al Mathluthah","countryName":"Jordan"},{"cityName":"Al Mastabah","countryName":"Jordan"},{"cityName":"Al Mashariqah","countryName":"Jordan"},{"cityName":"Al Masarrah","countryName":"Jordan"},{"cityName":"Al Mara`ah","countryName":"Jordan"},{"cityName":"Al Mantarah","countryName":"Jordan"},{"cityName":"Al Mansurah","countryName":"Jordan"},{"cityName":"Al Manshiyah","countryName":"Jordan"},{"cityName":"Al Manashsh","countryName":"Jordan"},{"cityName":"Al Ma'muniyah ash Shamaliyah","countryName":"Jordan"},{"cityName":"Al Majdal","countryName":"Jordan"},{"cityName":"Al Mahattah","countryName":"Jordan"},{"cityName":"Al Mafraq","countryName":"Jordan"},{"cityName":"Al Madwar","countryName":"Jordan"},{"cityName":"Al Madrasah","countryName":"Jordan"},{"cityName":"Al Mabrak","countryName":"Jordan"},{"cityName":"Al Lubban","countryName":"Jordan"},{"cityName":"`Allan","countryName":"Jordan"},{"cityName":"Al Lajjun","countryName":"Jordan"},{"cityName":"Al La`ban","countryName":"Jordan"},{"cityName":"Al Kursi","countryName":"Jordan"},{"cityName":"Al Kufayr","countryName":"Jordan"},{"cityName":"Al Kittah","countryName":"Jordan"},{"cityName":"Al Khuraybah","countryName":"Jordan"},{"cityName":"Al Khirbah as Samra'","countryName":"Jordan"},{"cityName":"Al Kharaj","countryName":"Jordan"},{"cityName":"Al Khanasiri","countryName":"Jordan"},{"cityName":"Al Khan","countryName":"Jordan"},{"cityName":"Al Karamah","countryName":"Jordan"},{"cityName":"Qir Moav","countryName":"Jordan"},{"cityName":"Al Kamshah","countryName":"Jordan"},{"cityName":"Al Kafrayn","countryName":"Jordan"},{"cityName":"Al Juwayyidah","countryName":"Jordan"},{"cityName":"Al Jumayyil","countryName":"Jordan"},{"cityName":"Al Judayyidah","countryName":"Jordan"},{"cityName":"Al Jubayhah","countryName":"Jordan"},{"cityName":"Al Jizah","countryName":"Jordan"},{"cityName":"Al Jirm","countryName":"Jordan"},{"cityName":"Al Jazzazah","countryName":"Jordan"},{"cityName":"Al Jayah","countryName":"Jordan"},{"cityName":"Al Jawzah","countryName":"Jordan"},{"cityName":"Al Jasurah","countryName":"Jordan"},{"cityName":"Al Jafr","countryName":"Jordan"},{"cityName":"Al `Izziyah","countryName":"Jordan"},{"cityName":"Al `Isawiyah","countryName":"Jordan"},{"cityName":"Al `Is","countryName":"Jordan"},{"cityName":"Al `Iraq","countryName":"Jordan"},{"cityName":"Al Ifranj","countryName":"Jordan"},{"cityName":"Al Husayniyah","countryName":"Jordan"},{"cityName":"Al Hummar","countryName":"Jordan"},{"cityName":"Al Hisn","countryName":"Jordan"},{"cityName":"Al Hayy","countryName":"Jordan"},{"cityName":"Al Hawwasiyah","countryName":"Jordan"},{"cityName":"Al Hashimiyah al Janubiyah","countryName":"Jordan"},{"cityName":"Al Hashimiyah","countryName":"Jordan"},{"cityName":"Al Hasa","countryName":"Jordan"},{"cityName":"Al Harawiyah","countryName":"Jordan"},{"cityName":"Al Haqawah","countryName":"Jordan"},{"cityName":"Al Hamud","countryName":"Jordan"},{"cityName":"Al Hamra'","countryName":"Jordan"},{"cityName":"Al Hadithah","countryName":"Jordan"},{"cityName":"Al Haddadah","countryName":"Jordan"},{"cityName":"Al Ghuwayr","countryName":"Jordan"},{"cityName":"Al Fuhays","countryName":"Jordan"},{"cityName":"Al Faydah","countryName":"Jordan"},{"cityName":"Al Fardhakh","countryName":"Jordan"},{"cityName":"Al Fakhirah","countryName":"Jordan"},{"cityName":"Al Buwaydah","countryName":"Jordan"},{"cityName":"Al Burj","countryName":"Jordan"},{"cityName":"Al Buqay`","countryName":"Jordan"},{"cityName":"Al Bunayyat ash Shamaliyah","countryName":"Jordan"},{"cityName":"Al Bunayyat al Janubiyah","countryName":"Jordan"},{"cityName":"Al Bassah","countryName":"Jordan"},{"cityName":"Al Barihah","countryName":"Jordan"},{"cityName":"Al Baqurah","countryName":"Jordan"},{"cityName":"Al Ba`ij","countryName":"Jordan"},{"cityName":"Al Bahr","countryName":"Jordan"},{"cityName":"Al Bahhath","countryName":"Jordan"},{"cityName":"Al `Ayna","countryName":"Jordan"},{"cityName":"Al Ashrafiyah","countryName":"Jordan"},{"cityName":"Al `Arudah","countryName":"Jordan"},{"cityName":"Al `Arja'","countryName":"Jordan"},{"cityName":"Al `Arid","countryName":"Jordan"},{"cityName":"`Alaqan","countryName":"Jordan"},{"cityName":"Aqaba","countryName":"Jordan"},{"cityName":"Al `Amiriyah","countryName":"Jordan"},{"cityName":"Al `Amaqah","countryName":"Jordan"},{"cityName":"Al `Aluk","countryName":"Jordan"},{"cityName":"`Al`al","countryName":"Jordan"},{"cityName":"Al `Al","countryName":"Jordan"},{"cityName":"Al `Adasiyah","countryName":"Jordan"},{"cityName":"Al `Abbasiyah","countryName":"Jordan"},{"cityName":"`Ajlun","countryName":"Jordan"},{"cityName":"`Ajaj","countryName":"Jordan"},{"cityName":"Adir","countryName":"Jordan"},{"cityName":"Adh Dhunaybah","countryName":"Jordan"},{"cityName":"Adh Dhuhaybah","countryName":"Jordan"},{"cityName":"Edh Dhra`","countryName":"Jordan"},{"cityName":"Ad Duwaykhilah","countryName":"Jordan"},{"cityName":"Ad Dimnah","countryName":"Jordan"},{"cityName":"Ad Dayr","countryName":"Jordan"},{"cityName":"Ad Dajaniyah","countryName":"Jordan"},{"cityName":"Ad Dafyanah","countryName":"Jordan"},{"cityName":"Ad Dabbakah","countryName":"Jordan"},{"cityName":"Ad Dabab","countryName":"Jordan"},{"cityName":"Abu Turabah","countryName":"Jordan"},{"cityName":"Abu Shawkah","countryName":"Jordan"},{"cityName":"`Abur","countryName":"Jordan"},{"cityName":"Abu Nusayr","countryName":"Jordan"},{"cityName":"Abu Makhtub","countryName":"Jordan"},{"cityName":"Mahattat al Jurdhanah","countryName":"Jordan"},{"cityName":"Abu Hammur","countryName":"Jordan"},{"cityName":"Abu Gharah","countryName":"Jordan"},{"cityName":"Bir Abu Dannah","countryName":"Jordan"},{"cityName":"Abu az Zighan","countryName":"Jordan"},{"cityName":"Abu as Salih","countryName":"Jordan"},{"cityName":"Abu ash Shahm","countryName":"Jordan"},{"cityName":"Abu al Qayn","countryName":"Jordan"},{"cityName":"Abu al Lawqas","countryName":"Jordan"},{"cityName":"Abu al Lasan","countryName":"Jordan"},{"cityName":"Abu `Alandah","countryName":"Jordan"},{"cityName":"`Abil","countryName":"Jordan"},{"cityName":"`Abdun","countryName":"Jordan"},{"cityName":"Ar Rishah","countryName":"Jordan"},{"cityName":"Dhuhaybah","countryName":"Jordan"},{"cityName":"Al Manakhir","countryName":"Jordan"},{"cityName":"Al Muwaqqar","countryName":"Jordan"},{"cityName":"Dab`ah","countryName":"Jordan"},{"cityName":"Al Qunaytirah","countryName":"Jordan"},{"cityName":"Al `Umari","countryName":"Jordan"},{"cityName":"Rahmah","countryName":"Jordan"},{"cityName":"Al Humaymah al Jadidah","countryName":"Jordan"},{"cityName":"Al Miqat","countryName":"Jordan"},{"cityName":"Karak City","countryName":"Jordan"},{"cityName":"Lahzah","countryName":"Jordan"},{"cityName":"Al Fujayj","countryName":"Jordan"},{"cityName":"Mashru` Tawtin al Badu","countryName":"Jordan"},{"cityName":"Iskan Sharikat al Fusfat","countryName":"Jordan"},{"cityName":"Al Hamidiyah","countryName":"Jordan"},{"cityName":"Askan Dabbabnah","countryName":"Jordan"},{"cityName":"Al `Aliyah","countryName":"Jordan"},{"cityName":"Finan","countryName":"Jordan"},{"cityName":"Umm Mathla","countryName":"Jordan"},{"cityName":"Ad Da`janiyah","countryName":"Jordan"},{"cityName":"Shayzum","countryName":"Jordan"},{"cityName":"Abu Bana","countryName":"Jordan"},{"cityName":"Suwaymih","countryName":"Jordan"},{"cityName":"Qufayqif","countryName":"Jordan"},{"cityName":"As Salmani","countryName":"Jordan"},{"cityName":"Al Muhammadiyah","countryName":"Jordan"},{"cityName":"`Unayzah","countryName":"Jordan"},{"cityName":"Tall Burma","countryName":"Jordan"},{"cityName":"Al Faysaliyah","countryName":"Jordan"},{"cityName":"Az Zubayriyah","countryName":"Jordan"},{"cityName":"Az Zaytunah","countryName":"Jordan"},{"cityName":"Umm Sarab","countryName":"Jordan"},{"cityName":"Al Muthallith","countryName":"Jordan"},{"cityName":"Al Juhayr","countryName":"Jordan"},{"cityName":"Bir Khidad","countryName":"Jordan"},{"cityName":"Huwalah","countryName":"Jordan"},{"cityName":"Maqdis wa Umm as Sawwan","countryName":"Jordan"},{"cityName":"Bir ad Dabbaghat","countryName":"Jordan"},{"cityName":"At Tumay`ah","countryName":"Jordan"},{"cityName":"Al Jarba' al Kabirah","countryName":"Jordan"},{"cityName":"Al Manshiah","countryName":"Jordan"},{"cityName":"Umm Zu`rurah","countryName":"Jordan"},{"cityName":"Al Jarba' as Saghirah","countryName":"Jordan"},{"cityName":"Al `Awaynah","countryName":"Jordan"},{"cityName":"At Tahunah","countryName":"Jordan"},{"cityName":"Umm Sayhun","countryName":"Jordan"},{"cityName":"`Ayn 'Amun","countryName":"Jordan"},{"cityName":"Al Bayda","countryName":"Jordan"},{"cityName":"Sayl Ray`a","countryName":"Jordan"},{"cityName":"Bir Abu al `Alaq","countryName":"Jordan"},{"cityName":"Bir at Tafi","countryName":"Jordan"},{"cityName":"Al Buq`ah","countryName":"Jordan"},{"cityName":"Al Junaynah","countryName":"Jordan"},{"cityName":"Bir Madhkur","countryName":"Jordan"},{"cityName":"Al Qurayqarah","countryName":"Jordan"},{"cityName":"Gharandal","countryName":"Jordan"},{"cityName":"Ruwath","countryName":"Jordan"},{"cityName":"Al Hannanah","countryName":"Jordan"},{"cityName":"Al `Ain al Bayda'","countryName":"Jordan"},{"cityName":"Zuhiqah","countryName":"Jordan"},{"cityName":"Arwim","countryName":"Jordan"},{"cityName":"`Arfah","countryName":"Jordan"},{"cityName":"Adba`ah","countryName":"Jordan"},{"cityName":"Arhab","countryName":"Jordan"},{"cityName":"`Afra","countryName":"Jordan"},{"cityName":"Al Hashimiyyah al Janubiyah","countryName":"Jordan"},{"cityName":"An Na`imah","countryName":"Jordan"},{"cityName":"Shaqirah al Gharbiyah","countryName":"Jordan"},{"cityName":"Al Madabah","countryName":"Jordan"},{"cityName":"Al Qadisiyah","countryName":"Jordan"},{"cityName":"Al Ma`murah","countryName":"Jordan"},{"cityName":"Al Hiyad","countryName":"Jordan"},{"cityName":"Tasan","countryName":"Jordan"},{"cityName":"Al Qasimiyah","countryName":"Jordan"},{"cityName":"Al Murayghah","countryName":"Jordan"},{"cityName":"Suwaymirah","countryName":"Jordan"},{"cityName":"Dawr","countryName":"Jordan"},{"cityName":"Dilaghah","countryName":"Jordan"},{"cityName":"Ar Rusays","countryName":"Jordan"},{"cityName":"Umm ar Rakhm","countryName":"Jordan"},{"cityName":"Hadira","countryName":"Jordan"},{"cityName":"Al Juththah","countryName":"Jordan"},{"cityName":"Awhaydah","countryName":"Jordan"},{"cityName":"Abu al `Izam","countryName":"Jordan"},{"cityName":"Al Arzah","countryName":"Jordan"},{"cityName":"Bada","countryName":"Jordan"},{"cityName":"`Ayn al Hawwarah","countryName":"Jordan"},{"cityName":"Al Yamaniyah","countryName":"Jordan"},{"cityName":"Ad Durrah","countryName":"Jordan"},{"cityName":"Tutun","countryName":"Jordan"},{"cityName":"Ar Rashidiyah","countryName":"Jordan"},{"cityName":"Tall al Khalifah","countryName":"Jordan"},{"cityName":"Jabal ash Shurayyah","countryName":"Jordan"},{"cityName":"Al Ghal","countryName":"Jordan"},{"cityName":"Munayshir","countryName":"Jordan"},{"cityName":"Ad Disah","countryName":"Jordan"},{"cityName":"At Tuwaysah","countryName":"Jordan"},{"cityName":"At Tawil","countryName":"Jordan"},{"cityName":"As Salihiyah","countryName":"Jordan"},{"cityName":"Ash Shakiriyah","countryName":"Jordan"},{"cityName":"Dibbat Hanut","countryName":"Jordan"},{"cityName":"Al Farsh","countryName":"Jordan"},{"cityName":"Taba","countryName":"Jordan"},{"cityName":"Qatar","countryName":"Jordan"},{"cityName":"Al Muzaqqar","countryName":"Jordan"},{"cityName":"Ar Rabiyah","countryName":"Jordan"},{"cityName":"Askan al Mina'","countryName":"Jordan"},{"cityName":"Russeifa","countryName":"Jordan"},{"cityName":"Bethany","countryName":"Jordan"},{"cityName":"At Tabriyat","countryName":"Jordan"},{"cityName":"Ad-disi","countryName":"Jordan"}]