[{"cityName":"Utiroa Village","countryName":"Kiribati","localeCode":"en","districtName":""},{"cityName":"Toboiaki Village","countryName":"Kiribati","localeCode":"en","districtName":""},{"cityName":"Ukiangang Village","countryName":"Kiribati","localeCode":"en","districtName":""},{"cityName":"Ubanteman Village","countryName":"Kiribati","localeCode":"en","districtName":""},{"cityName":"Tuarabu Village","countryName":"Kiribati","localeCode":"en","districtName":""},{"cityName":"Tewai Village","countryName":"Kiribati","localeCode":"en","districtName":""},{"cityName":"Teteirio Village","countryName":"Kiribati","localeCode":"en","districtName":""},{"cityName":"Temotu Village","countryName":"Kiribati","localeCode":"en","districtName":""},{"cityName":"Terikiai Village","countryName":"Kiribati","localeCode":"en","districtName":""},{"cityName":"Katabanga Village","countryName":"Kiribati","localeCode":"en","districtName":""},{"cityName":"Matang Village","countryName":"Kiribati","localeCode":"en","districtName":""},{"cityName":"Tekuanga Village","countryName":"Kiribati","localeCode":"en","districtName":""},{"cityName":"Tekatirirake Village","countryName":"Kiribati","localeCode":"en","districtName":""},{"cityName":"Tekarakan Village","countryName":"Kiribati","localeCode":"en","districtName":""},{"cityName":"Aiwa Village","countryName":"Kiribati","localeCode":"en","districtName":""},{"cityName":"Tebunginako Village","countryName":"Kiribati","localeCode":"en","districtName":""},{"cityName":"Tetabakea","countryName":"Kiribati","localeCode":"en","districtName":""},{"cityName":"Tebikerai Village","countryName":"Kiribati","localeCode":"en","districtName":""},{"cityName":"Tebakauto","countryName":"Kiribati","localeCode":"en","districtName":""},{"cityName":"Tebanga Village","countryName":"Kiribati","localeCode":"en","districtName":""},{"cityName":"Tearinibai Village","countryName":"Kiribati","localeCode":"en","districtName":""},{"cityName":"Teaoraereke Village","countryName":"Kiribati","localeCode":"en","districtName":""},{"cityName":"Taribo","countryName":"Kiribati","localeCode":"en","districtName":""},{"cityName":"Taratai Village","countryName":"Kiribati","localeCode":"en","districtName":""},{"cityName":"Temanoku Village","countryName":"Kiribati","localeCode":"en","districtName":""},{"cityName":"Tabontebike Village","countryName":"Kiribati","localeCode":"en","districtName":""},{"cityName":"Tanimaiaki Village","countryName":"Kiribati","localeCode":"en","districtName":""},{"cityName":"Tanaeang Village","countryName":"Kiribati","localeCode":"en","districtName":""},{"cityName":"Tamaroa Village","countryName":"Kiribati","localeCode":"en","districtName":""},{"cityName":"Taku Village","countryName":"Kiribati","localeCode":"en","districtName":""},{"cityName":"Takarano Village","countryName":"Kiribati","localeCode":"en","districtName":""},{"cityName":"Tabutoa Village","countryName":"Kiribati","localeCode":"en","districtName":""},{"cityName":"Taburao Village","countryName":"Kiribati","localeCode":"en","districtName":""},{"cityName":"Tabukiniberu Village","countryName":"Kiribati","localeCode":"en","districtName":""},{"cityName":"Tabuiroa Village","countryName":"Kiribati","localeCode":"en","districtName":""},{"cityName":"Tabuarorae Village","countryName":"Kiribati","localeCode":"en","districtName":""},{"cityName":"Taborio Village","countryName":"Kiribati","localeCode":"en","districtName":""},{"cityName":"Tabonuea Village","countryName":"Kiribati","localeCode":"en","districtName":""},{"cityName":"Tabomatang Village","countryName":"Kiribati","localeCode":"en","districtName":""},{"cityName":"Taboiaki Village","countryName":"Kiribati","localeCode":"en","districtName":""},{"cityName":"Tabiteuea Village","countryName":"Kiribati","localeCode":"en","districtName":""},{"cityName":"Tabiauea Village","countryName":"Kiribati","localeCode":"en","districtName":""},{"cityName":"Tabiang Village","countryName":"Kiribati","localeCode":"en","districtName":""},{"cityName":"Antereen Village","countryName":"Kiribati","localeCode":"en","districtName":""},{"cityName":"Rungata","countryName":"Kiribati","localeCode":"en","districtName":""},{"cityName":"Rotuma Village","countryName":"Kiribati","localeCode":"en","districtName":""},{"cityName":"Roreti Village","countryName":"Kiribati","localeCode":"en","districtName":""},{"cityName":"Norauea Village","countryName":"Kiribati","localeCode":"en","districtName":""},{"cityName":"Rongorongo Village","countryName":"Kiribati","localeCode":"en","districtName":""},{"cityName":"Buota","countryName":"Kiribati","localeCode":"en","districtName":""},{"cityName":"Rawannawi Village","countryName":"Kiribati","localeCode":"en","districtName":""},{"cityName":"Abamakoro Village","countryName":"Kiribati","localeCode":"en","districtName":""},{"cityName":"Tabewa Village","countryName":"Kiribati","localeCode":"en","districtName":""},{"cityName":"Umwa Village","countryName":"Kiribati","localeCode":"en","districtName":""},{"cityName":"Tekabwibwi Village","countryName":"Kiribati","localeCode":"en","districtName":""},{"cityName":"Nuka Village","countryName":"Kiribati","localeCode":"en","districtName":""},{"cityName":"Nuatabu Village","countryName":"Kiribati","localeCode":"en","districtName":""},{"cityName":"Notoue","countryName":"Kiribati","localeCode":"en","districtName":""},{"cityName":"Nikutoru Village","countryName":"Kiribati","localeCode":"en","districtName":""},{"cityName":"Nikumanu Village","countryName":"Kiribati","localeCode":"en","districtName":""},{"cityName":"Benuaroa Village","countryName":"Kiribati","localeCode":"en","districtName":""},{"cityName":"Nabeina Village","countryName":"Kiribati","localeCode":"en","districtName":""},{"cityName":"Muribenua Village","countryName":"Kiribati","localeCode":"en","districtName":""},{"cityName":"Morikao Village","countryName":"Kiribati","localeCode":"en","districtName":""},{"cityName":"Marenanuka Village","countryName":"Kiribati","localeCode":"en","districtName":""},{"cityName":"Manriki Village","countryName":"Kiribati","localeCode":"en","districtName":""},{"cityName":"Manoku Village","countryName":"Kiribati","localeCode":"en","districtName":""},{"cityName":"Kuria Village","countryName":"Kiribati","localeCode":"en","districtName":""},{"cityName":"Kuma Village","countryName":"Kiribati","localeCode":"en","districtName":""},{"cityName":"Koinawa Village","countryName":"Kiribati","localeCode":"en","districtName":""},{"cityName":"Keuea Village","countryName":"Kiribati","localeCode":"en","districtName":""},{"cityName":"Buariki","countryName":"Kiribati","localeCode":"en","districtName":""},{"cityName":"Eriko Village","countryName":"Kiribati","localeCode":"en","districtName":""},{"cityName":"Kariatebike Village","countryName":"Kiribati","localeCode":"en","districtName":""},{"cityName":"Teuabu Village","countryName":"Kiribati","localeCode":"en","districtName":""},{"cityName":"Kabangaki Village","countryName":"Kiribati","localeCode":"en","districtName":""},{"cityName":"Aiaki","countryName":"Kiribati","localeCode":"en","districtName":""},{"cityName":"Eita Village","countryName":"Kiribati","localeCode":"en","districtName":""},{"cityName":"Butaritari","countryName":"Kiribati","localeCode":"en","districtName":""},{"cityName":"Buota Village","countryName":"Kiribati","localeCode":"en","districtName":""},{"cityName":"Buariki Village","countryName":"Kiribati","localeCode":"en","districtName":""},{"cityName":"Borotiam Village","countryName":"Kiribati","localeCode":"en","districtName":""},{"cityName":"Binoinano","countryName":"Kiribati","localeCode":"en","districtName":""},{"cityName":"Betio Village","countryName":"Kiribati","localeCode":"en","districtName":""},{"cityName":"Baretoa Village","countryName":"Kiribati","localeCode":"en","districtName":""},{"cityName":"Banraeaba Village","countryName":"Kiribati","localeCode":"en","districtName":""},{"cityName":"Tarawa","countryName":"Kiribati","localeCode":"en","districtName":""},{"cityName":"Autukia Village","countryName":"Kiribati","localeCode":"en","districtName":""},{"cityName":"Autokia Village","countryName":"Kiribati","localeCode":"en","districtName":""},{"cityName":"Aubeangai","countryName":"Kiribati","localeCode":"en","districtName":""},{"cityName":"Aonobuaka Village","countryName":"Kiribati","localeCode":"en","districtName":""},{"cityName":"Aoniman Village","countryName":"Kiribati","localeCode":"en","districtName":""},{"cityName":"Antai Village","countryName":"Kiribati","localeCode":"en","districtName":""},{"cityName":"Abatao Village","countryName":"Kiribati","localeCode":"en","districtName":""},{"cityName":"Abaokoro Village","countryName":"Kiribati","localeCode":"en","districtName":""},{"cityName":"Tanekore Village","countryName":"Kiribati","localeCode":"en","districtName":""},{"cityName":"Fareturaina - Gilberts Village","countryName":"Kiribati","localeCode":"en","districtName":""},{"cityName":"former Paris Village","countryName":"Kiribati","localeCode":"en","districtName":""},{"cityName":"Karaka settlement 1940","countryName":"Kiribati","localeCode":"en","districtName":""},{"cityName":"Napia Village","countryName":"Kiribati","localeCode":"en","districtName":""},{"cityName":"Napari Village","countryName":"Kiribati","localeCode":"en","districtName":""},{"cityName":"London Village","countryName":"Kiribati","localeCode":"en","districtName":""},{"cityName":"failed Gilbertese Settlement 2005","countryName":"Kiribati","localeCode":"en","districtName":""},{"cityName":"Diggers and Planters Settlement","countryName":"Kiribati","localeCode":"en","districtName":""},{"cityName":"Diggers Settlement","countryName":"Kiribati","localeCode":"en","districtName":""},{"cityName":"Abaiang Village","countryName":"Kiribati","localeCode":"en","districtName":""},{"cityName":"Tekaitara Village","countryName":"Kiribati","localeCode":"en","districtName":""},{"cityName":"Uteute Village","countryName":"Kiribati","localeCode":"en","districtName":""},{"cityName":"Kauamwmwe Village","countryName":"Kiribati","localeCode":"en","districtName":""},{"cityName":"Arabata Village","countryName":"Kiribati","localeCode":"en","districtName":""},{"cityName":"Onouea Village","countryName":"Kiribati","localeCode":"en","districtName":""},{"cityName":"Makeitari Village","countryName":"Kiribati","localeCode":"en","districtName":""},{"cityName":"Aramari Gilberts Village","countryName":"Kiribati","localeCode":"en","districtName":""},{"cityName":"Guano Diggers and Planters Settlement","countryName":"Kiribati","localeCode":"en","districtName":""},{"cityName":"Tereitaki Village","countryName":"Kiribati","localeCode":"en","districtName":""},{"cityName":"Aontena Gilberts Village","countryName":"Kiribati","localeCode":"en","districtName":""},{"cityName":"Poland Village","countryName":"Kiribati","localeCode":"en","districtName":""},{"cityName":"Tabwakea Village","countryName":"Kiribati","localeCode":"en","districtName":""},{"cityName":"Banana Village","countryName":"Kiribati","localeCode":"en","districtName":""},{"cityName":"Diggers Camp 1900","countryName":"Kiribati","localeCode":"en","districtName":""},{"cityName":"Gilbertese Settlement 1940","countryName":"Kiribati","localeCode":"en","districtName":""},{"cityName":"Digger Settlement 1870","countryName":"Kiribati","localeCode":"en","districtName":""},{"cityName":"Diggers Camp 1870","countryName":"Kiribati","localeCode":"en","districtName":""},{"cityName":"Settlement Ruins","countryName":"Kiribati","localeCode":"en","districtName":""},{"cityName":"old GB-Village","countryName":"Kiribati","localeCode":"en","districtName":""},{"cityName":"Kanton Village","countryName":"Kiribati","localeCode":"en","districtName":""},{"cityName":"Bakaka Village","countryName":"Kiribati","localeCode":"en","districtName":""},{"cityName":"Barebuka Village","countryName":"Kiribati","localeCode":"en","districtName":""},{"cityName":"Bakarawa Village","countryName":"Kiribati","localeCode":"en","districtName":""},{"cityName":"Tekawa Village","countryName":"Kiribati","localeCode":"en","districtName":""},{"cityName":"Temao Village","countryName":"Kiribati","localeCode":"en","districtName":""},{"cityName":"Tanaeag Village","countryName":"Kiribati","localeCode":"en","districtName":""},{"cityName":"Otowae Village","countryName":"Kiribati","localeCode":"en","districtName":""},{"cityName":"Matanibike Village","countryName":"Kiribati","localeCode":"en","districtName":""},{"cityName":"Tereitannano Village","countryName":"Kiribati","localeCode":"en","districtName":""},{"cityName":"Tenenebo Village","countryName":"Kiribati","localeCode":"en","districtName":""},{"cityName":"Betania Village","countryName":"Kiribati","localeCode":"en","districtName":""},{"cityName":"Tekaman Village","countryName":"Kiribati","localeCode":"en","districtName":""},{"cityName":"Bangai Village","countryName":"Kiribati","localeCode":"en","districtName":""},{"cityName":"Tenatorua Village","countryName":"Kiribati","localeCode":"en","districtName":""},{"cityName":"Kabuna Village","countryName":"Kiribati","localeCode":"en","districtName":""},{"cityName":"Tauma Village","countryName":"Kiribati","localeCode":"en","districtName":""},{"cityName":"Taungaeaka Village","countryName":"Kiribati","localeCode":"en","districtName":""},{"cityName":"Takaeang Village","countryName":"Kiribati","localeCode":"en","districtName":""},{"cityName":"Baurua Village","countryName":"Kiribati","localeCode":"en","districtName":""},{"cityName":"Oneeke Village","countryName":"Kiribati","localeCode":"en","districtName":""},{"cityName":"Manenaua Village","countryName":"Kiribati","localeCode":"en","districtName":""},{"cityName":"Bouatoa Village","countryName":"Kiribati","localeCode":"en","districtName":""},{"cityName":"Abatiku Village","countryName":"Kiribati","localeCode":"en","districtName":""},{"cityName":"Bike Village","countryName":"Kiribati","localeCode":"en","districtName":""},{"cityName":"Bangotantekabaia Village","countryName":"Kiribati","localeCode":"en","districtName":""},{"cityName":"Kauma Village","countryName":"Kiribati","localeCode":"en","districtName":""},{"cityName":"Tanimainiku","countryName":"Kiribati","localeCode":"en","districtName":""},{"cityName":"Tokamauea Village","countryName":"Kiribati","localeCode":"en","districtName":""},{"cityName":"Tekaranga Village","countryName":"Kiribati","localeCode":"en","districtName":""},{"cityName":"Tematantongo Village","countryName":"Kiribati","localeCode":"en","districtName":""},{"cityName":"Bubutei Village","countryName":"Kiribati","localeCode":"en","districtName":""},{"cityName":"Raweai Village","countryName":"Kiribati","localeCode":"en","districtName":""},{"cityName":"Aobike Village","countryName":"Kiribati","localeCode":"en","districtName":""},{"cityName":"Temwangaua Village","countryName":"Kiribati","localeCode":"en","districtName":""},{"cityName":"Toora Village","countryName":"Kiribati","localeCode":"en","districtName":""},{"cityName":"Tebwangetua Village","countryName":"Kiribati","localeCode":"en","districtName":""},{"cityName":"Teitai Village","countryName":"Kiribati","localeCode":"en","districtName":""},{"cityName":"Bainuna Village","countryName":"Kiribati","localeCode":"en","districtName":""},{"cityName":"Terokea","countryName":"Kiribati","localeCode":"en","districtName":""},{"cityName":"Teraereke","countryName":"Kiribati","localeCode":"en","districtName":""},{"cityName":"Makin Village","countryName":"Kiribati","localeCode":"en","districtName":""},{"cityName":"Kiebu Village","countryName":"Kiribati","localeCode":"en","districtName":""},{"cityName":"Bikati Village","countryName":"Kiribati","localeCode":"en","districtName":""},{"cityName":"Tanimainiku Village","countryName":"Kiribati","localeCode":"en","districtName":""},{"cityName":"Nuotaea Village","countryName":"Kiribati","localeCode":"en","districtName":""},{"cityName":"Ribono Village","countryName":"Kiribati","localeCode":"en","districtName":""},{"cityName":"Aoneaba Village","countryName":"Kiribati","localeCode":"en","districtName":""},{"cityName":"Tebero Village","countryName":"Kiribati","localeCode":"en","districtName":""},{"cityName":"Tebangaroi Village","countryName":"Kiribati","localeCode":"en","districtName":""},{"cityName":"Tanaea Village","countryName":"Kiribati","localeCode":"en","districtName":""},{"cityName":"Kainaba Village","countryName":"Kiribati","localeCode":"en","districtName":""},{"cityName":"Tabonibara Village","countryName":"Kiribati","localeCode":"en","districtName":""},{"cityName":"Bairiki Village","countryName":"Kiribati","localeCode":"en","districtName":""},{"cityName":"Nanikai Village","countryName":"Kiribati","localeCode":"en","districtName":""},{"cityName":"Ambo Village","countryName":"Kiribati","localeCode":"en","districtName":""},{"cityName":"Bonriki Village","countryName":"Kiribati","localeCode":"en","districtName":""},{"cityName":"Temaiku Village","countryName":"Kiribati","localeCode":"en","districtName":""},{"cityName":"Nawerewere Village","countryName":"Kiribati","localeCode":"en","districtName":""},{"cityName":"Bikenibeu Village","countryName":"Kiribati","localeCode":"en","districtName":""},{"cityName":"Tangintebu Village","countryName":"Kiribati","localeCode":"en","districtName":""},{"cityName":"Abarao Village","countryName":"Kiribati","localeCode":"en","districtName":""},{"cityName":"Antebuka Village","countryName":"Kiribati","localeCode":"en","districtName":""}]