[{"cityName":"`Ushaysh al Jahra'","countryName":"Kuwait","localeCode":"en","districtName":""},{"cityName":"`Urayfijan","countryName":"Kuwait","localeCode":"en","districtName":""},{"cityName":"Umm Qasbah","countryName":"Kuwait","localeCode":"en","districtName":""},{"cityName":"Shumaymah","countryName":"Kuwait","localeCode":"en","districtName":""},{"cityName":"Jalib ash Shuyukh","countryName":"Kuwait","localeCode":"en","districtName":""},{"cityName":"An Nuqrah","countryName":"Kuwait","localeCode":"en","districtName":""},{"cityName":"Az Zawr","countryName":"Kuwait","localeCode":"en","districtName":""},{"cityName":"Manifah","countryName":"Kuwait","localeCode":"en","districtName":""},{"cityName":"Kayfan","countryName":"Kuwait","localeCode":"en","districtName":""},{"cityName":"Ju`aydan","countryName":"Kuwait","localeCode":"en","districtName":""},{"cityName":"Janub as Surrah","countryName":"Kuwait","localeCode":"en","districtName":""},{"cityName":"Hawalli","countryName":"Kuwait","localeCode":"en","districtName":""},{"cityName":"Duwaydat","countryName":"Kuwait","localeCode":"en","districtName":""},{"cityName":"Dulay` Su`ud","countryName":"Kuwait","localeCode":"en","districtName":""},{"cityName":"Dant","countryName":"Kuwait","localeCode":"en","districtName":""},{"cityName":"Bayan","countryName":"Kuwait","localeCode":"en","districtName":""},{"cityName":"As Sulaybikhat","countryName":"Kuwait","localeCode":"en","districtName":""},{"cityName":"As Salimiyah","countryName":"Kuwait","localeCode":"en","districtName":""},{"cityName":"Al-Sabahiyah","countryName":"Kuwait","localeCode":"en","districtName":""},{"cityName":"Ash Shuwaykh","countryName":"Kuwait","localeCode":"en","districtName":""},{"cityName":"Ash Shu`aybah","countryName":"Kuwait","localeCode":"en","districtName":""},{"cityName":"Ash Shamiyah","countryName":"Kuwait","localeCode":"en","districtName":""},{"cityName":"Ash Shadadiyah","countryName":"Kuwait","localeCode":"en","districtName":""},{"cityName":"Ar Rumaythiyah","countryName":"Kuwait","localeCode":"en","districtName":""},{"cityName":"Ar Riqqah","countryName":"Kuwait","localeCode":"en","districtName":""},{"cityName":"Ar Rawdah","countryName":"Kuwait","localeCode":"en","districtName":""},{"cityName":"An Nuqayyat","countryName":"Kuwait","localeCode":"en","districtName":""},{"cityName":"An Nijfah","countryName":"Kuwait","localeCode":"en","districtName":""},{"cityName":"An Nami","countryName":"Kuwait","localeCode":"en","districtName":""},{"cityName":"Al Wafrah","countryName":"Kuwait","localeCode":"en","districtName":""},{"cityName":"Al `Uqaylah","countryName":"Kuwait","localeCode":"en","districtName":""},{"cityName":"Al `Udayliyah","countryName":"Kuwait","localeCode":"en","districtName":""},{"cityName":"Al Qulay`ah","countryName":"Kuwait","localeCode":"en","districtName":""},{"cityName":"Al Maqwa`","countryName":"Kuwait","localeCode":"en","districtName":""},{"cityName":"Al Manqaf","countryName":"Kuwait","localeCode":"en","districtName":""},{"cityName":"Al Mahbulah","countryName":"Kuwait","localeCode":"en","districtName":""},{"cityName":"Al Maghasil","countryName":"Kuwait","localeCode":"en","districtName":""},{"cityName":"Kuwait City","countryName":"Kuwait","localeCode":"en","districtName":""},{"cityName":"Al Khiran","countryName":"Kuwait","localeCode":"en","districtName":""},{"cityName":"Al Jahra'","countryName":"Kuwait","localeCode":"en","districtName":""},{"cityName":"Al Hujayjah","countryName":"Kuwait","localeCode":"en","districtName":""},{"cityName":"Al Hadiqah","countryName":"Kuwait","localeCode":"en","districtName":""},{"cityName":"Al Funaytis","countryName":"Kuwait","localeCode":"en","districtName":""},{"cityName":"Al Fahahil","countryName":"Kuwait","localeCode":"en","districtName":""},{"cityName":"Al Fintas","countryName":"Kuwait","localeCode":"en","districtName":""},{"cityName":"Al Fayha'","countryName":"Kuwait","localeCode":"en","districtName":""},{"cityName":"Al Farwaniyah","countryName":"Kuwait","localeCode":"en","districtName":""},{"cityName":"Al Bida`","countryName":"Kuwait","localeCode":"en","districtName":""},{"cityName":"Al Bhar","countryName":"Kuwait","localeCode":"en","districtName":""},{"cityName":"Bahra","countryName":"Kuwait","localeCode":"en","districtName":""},{"cityName":"Al Ahmadi","countryName":"Kuwait","localeCode":"en","districtName":""},{"cityName":"Al Ad`ami","countryName":"Kuwait","localeCode":"en","districtName":""},{"cityName":"Al `Abdaliyah","countryName":"Kuwait","localeCode":"en","districtName":""},{"cityName":"Dubayeiha","countryName":"Kuwait","localeCode":"en","districtName":""},{"cityName":"Ad Dawhah","countryName":"Kuwait","localeCode":"en","districtName":""},{"cityName":"Ad Dasmah","countryName":"Kuwait","localeCode":"en","districtName":""},{"cityName":"Ad Da`iyah","countryName":"Kuwait","localeCode":"en","districtName":""},{"cityName":"Abu Hulayfah","countryName":"Kuwait","localeCode":"en","districtName":""},{"cityName":"Abraq Khaytan","countryName":"Kuwait","localeCode":"en","districtName":""},{"cityName":"At Tawil","countryName":"Kuwait","localeCode":"en","districtName":""},{"cityName":"Subayhiyah","countryName":"Kuwait","localeCode":"en","districtName":""},{"cityName":"Warah","countryName":"Kuwait","localeCode":"en","districtName":""},{"cityName":"Al Khuwaysat","countryName":"Kuwait","localeCode":"en","districtName":""},{"cityName":"Al Khidr","countryName":"Kuwait","localeCode":"en","districtName":""},{"cityName":"Al Bult","countryName":"Kuwait","localeCode":"en","districtName":""},{"cityName":"Ash Shubaykah","countryName":"Kuwait","localeCode":"en","districtName":""},{"cityName":"Ad Dasht","countryName":"Kuwait","localeCode":"en","districtName":""},{"cityName":"Qullat Shujayr","countryName":"Kuwait","localeCode":"en","districtName":""},{"cityName":"Al `Awazim","countryName":"Kuwait","localeCode":"en","districtName":""},{"cityName":"Bunayd al Qar","countryName":"Kuwait","localeCode":"en","districtName":""},{"cityName":"Ash Sha`b","countryName":"Kuwait","localeCode":"en","districtName":""},{"cityName":"Al Qadisiyah","countryName":"Kuwait","localeCode":"en","districtName":""},{"cityName":"Maydan Hawalli","countryName":"Kuwait","localeCode":"en","districtName":""},{"cityName":"Al Jabiriyah","countryName":"Kuwait","localeCode":"en","districtName":""},{"cityName":"Salwa","countryName":"Kuwait","localeCode":"en","districtName":""},{"cityName":"Mishrif","countryName":"Kuwait","localeCode":"en","districtName":""},{"cityName":"Al Masilah","countryName":"Kuwait","localeCode":"en","districtName":""},{"cityName":"Al Badawiyah","countryName":"Kuwait","localeCode":"en","districtName":""},{"cityName":"`Ashish ad Dawhah","countryName":"Kuwait","localeCode":"en","districtName":""},{"cityName":"Ash Sharq","countryName":"Kuwait","localeCode":"en","districtName":""},{"cityName":"Al Qiblah","countryName":"Kuwait","localeCode":"en","districtName":""},{"cityName":"Al Murqab","countryName":"Kuwait","localeCode":"en","districtName":""},{"cityName":"As Salihiyah","countryName":"Kuwait","localeCode":"en","districtName":""},{"cityName":"Al Mansuriyah","countryName":"Kuwait","localeCode":"en","districtName":""},{"cityName":"Al Khalidiyah","countryName":"Kuwait","localeCode":"en","districtName":""},{"cityName":"Al `Adiliyah","countryName":"Kuwait","localeCode":"en","districtName":""},{"cityName":"An Nuzhah","countryName":"Kuwait","localeCode":"en","districtName":""},{"cityName":"Dahiyat `Abd Allah as Salim","countryName":"Kuwait","localeCode":"en","districtName":""},{"cityName":"Al Mina'","countryName":"Kuwait","localeCode":"en","districtName":""},{"cityName":"Al Muraytibah","countryName":"Kuwait","localeCode":"en","districtName":""},{"cityName":"`Ashish al Jahra'","countryName":"Kuwait","localeCode":"en","districtName":""},{"cityName":"Ar Rayy","countryName":"Kuwait","localeCode":"en","districtName":""},{"cityName":"Al Yarmuk","countryName":"Kuwait","localeCode":"en","districtName":""},{"cityName":"Qurtubah","countryName":"Kuwait","localeCode":"en","districtName":""},{"cityName":"As Surrah","countryName":"Kuwait","localeCode":"en","districtName":""},{"cityName":"Janub Khaytan","countryName":"Kuwait","localeCode":"en","districtName":""},{"cityName":"Al `Umariyah","countryName":"Kuwait","localeCode":"en","districtName":""},{"cityName":"Ar Rabiyah","countryName":"Kuwait","localeCode":"en","districtName":""},{"cityName":"Al `Aridiyah","countryName":"Kuwait","localeCode":"en","districtName":""},{"cityName":"Al `Abbasiyah","countryName":"Kuwait","localeCode":"en","districtName":""},{"cityName":"Ad Duba`iyah","countryName":"Kuwait","localeCode":"en","districtName":""},{"cityName":"Qasm Dasman","countryName":"Kuwait","localeCode":"en","districtName":""},{"cityName":"Al Bid`","countryName":"Kuwait","localeCode":"en","districtName":""},{"cityName":"Sabah as Salim","countryName":"Kuwait","localeCode":"en","districtName":""},{"cityName":"Umm Siddah","countryName":"Kuwait","localeCode":"en","districtName":""},{"cityName":"Al `Arfajiyah","countryName":"Kuwait","localeCode":"en","districtName":""},{"cityName":"Al `Ulaymiyah","countryName":"Kuwait","localeCode":"en","districtName":""},{"cityName":"Highway of Death","countryName":"Kuwait","localeCode":"en","districtName":""},{"cityName":"Al Qusur","countryName":"Kuwait","localeCode":"en","districtName":""},{"cityName":"Al Qurayn","countryName":"Kuwait","localeCode":"en","districtName":""},{"cityName":"Mubarak al Kabir","countryName":"Kuwait","localeCode":"en","districtName":""}]