[{"cityName":"White Hill","countryName":"Lesotho","localeCode":"en","districtName":""},{"cityName":"Van Rooyens Gate","countryName":"Lesotho","localeCode":"en","districtName":""},{"cityName":"Upper Qeme","countryName":"Lesotho","localeCode":"en","districtName":""},{"cityName":"Tsupane Gate","countryName":"Lesotho","localeCode":"en","districtName":""},{"cityName":"Tsoloane","countryName":"Lesotho","localeCode":"en","districtName":""},{"cityName":"Tsoelike","countryName":"Lesotho","localeCode":"en","districtName":""},{"cityName":"Tsime","countryName":"Lesotho","localeCode":"en","districtName":""},{"cityName":"Tsikoane","countryName":"Lesotho","localeCode":"en","districtName":""},{"cityName":"Tsiame","countryName":"Lesotho","localeCode":"en","districtName":""},{"cityName":"Tseka","countryName":"Lesotho","localeCode":"en","districtName":""},{"cityName":"Tsehlo","countryName":"Lesotho","localeCode":"en","districtName":""},{"cityName":"Tsa Kholo","countryName":"Lesotho","localeCode":"en","districtName":""},{"cityName":"Tosing","countryName":"Lesotho","localeCode":"en","districtName":""},{"cityName":"Toloane","countryName":"Lesotho","localeCode":"en","districtName":""},{"cityName":"Tlhakanelo","countryName":"Lesotho","localeCode":"en","districtName":""},{"cityName":"Tlalis","countryName":"Lesotho","localeCode":"en","districtName":""},{"cityName":"Tikoe","countryName":"Lesotho","localeCode":"en","districtName":""},{"cityName":"Thulo","countryName":"Lesotho","localeCode":"en","districtName":""},{"cityName":"Tholo","countryName":"Lesotho","localeCode":"en","districtName":""},{"cityName":"Thokoa","countryName":"Lesotho","localeCode":"en","districtName":""},{"cityName":"Theko","countryName":"Lesotho","localeCode":"en","districtName":""},{"cityName":"Theetsoa","countryName":"Lesotho","localeCode":"en","districtName":""},{"cityName":"Thakabannas Cattle Post","countryName":"Lesotho","localeCode":"en","districtName":""},{"cityName":"Thakabannas","countryName":"Lesotho","localeCode":"en","districtName":""},{"cityName":"Thaba Putsoa","countryName":"Lesotho","localeCode":"en","districtName":""},{"cityName":"Thabaneng","countryName":"Lesotho","localeCode":"en","districtName":""},{"cityName":"Thabana Morena","countryName":"Lesotho","localeCode":"en","districtName":""},{"cityName":"Thaba Bosigo","countryName":"Lesotho","localeCode":"en","districtName":""},{"cityName":"Teyateyaneng","countryName":"Lesotho","localeCode":"en","districtName":""},{"cityName":"Teba","countryName":"Lesotho","localeCode":"en","districtName":""},{"cityName":"Tau","countryName":"Lesotho","localeCode":"en","districtName":""},{"cityName":"Tajane","countryName":"Lesotho","localeCode":"en","districtName":""},{"cityName":"Tabola","countryName":"Lesotho","localeCode":"en","districtName":""},{"cityName":"Sinxondo","countryName":"Lesotho","localeCode":"en","districtName":""},{"cityName":"Siloe","countryName":"Lesotho","localeCode":"en","districtName":""},{"cityName":"Sibi Sibi","countryName":"Lesotho","localeCode":"en","districtName":""},{"cityName":"Seutloali","countryName":"Lesotho","localeCode":"en","districtName":""},{"cityName":"Setleketseng","countryName":"Lesotho","localeCode":"en","districtName":""},{"cityName":"Seshophe","countryName":"Lesotho","localeCode":"en","districtName":""},{"cityName":"Serutle","countryName":"Lesotho","localeCode":"en","districtName":""},{"cityName":"Sephapos Gate","countryName":"Lesotho","localeCode":"en","districtName":""},{"cityName":"Sepechele","countryName":"Lesotho","localeCode":"en","districtName":""},{"cityName":"Ha Senekane","countryName":"Lesotho","localeCode":"en","districtName":""},{"cityName":"Selomas","countryName":"Lesotho","localeCode":"en","districtName":""},{"cityName":"Sekoala","countryName":"Lesotho","localeCode":"en","districtName":""},{"cityName":"Sekake","countryName":"Lesotho","localeCode":"en","districtName":""},{"cityName":"Sehonghong","countryName":"Lesotho","localeCode":"en","districtName":""},{"cityName":"Sehlabathebe","countryName":"Lesotho","localeCode":"en","districtName":""},{"cityName":"Seforong","countryName":"Lesotho","localeCode":"en","districtName":""},{"cityName":"Sefikeng","countryName":"Lesotho","localeCode":"en","districtName":""},{"cityName":"Seetsas","countryName":"Lesotho","localeCode":"en","districtName":""},{"cityName":"Schoolplaats","countryName":"Lesotho","localeCode":"en","districtName":""},{"cityName":"Roma","countryName":"Lesotho","localeCode":"en","districtName":""},{"cityName":"Riet Vlei","countryName":"Lesotho","localeCode":"en","districtName":""},{"cityName":"Richard","countryName":"Lesotho","localeCode":"en","districtName":""},{"cityName":"Ribaneng","countryName":"Lesotho","localeCode":"en","districtName":""},{"cityName":"Reisi","countryName":"Lesotho","localeCode":"en","districtName":""},{"cityName":"Ratau","countryName":"Lesotho","localeCode":"en","districtName":""},{"cityName":"Rasekilas","countryName":"Lesotho","localeCode":"en","districtName":""},{"cityName":"Rasebetsane","countryName":"Lesotho","localeCode":"en","districtName":""},{"cityName":"Ranko","countryName":"Lesotho","localeCode":"en","districtName":""},{"cityName":"Ramosoeu","countryName":"Lesotho","localeCode":"en","districtName":""},{"cityName":"Ramatseliso","countryName":"Lesotho","localeCode":"en","districtName":""},{"cityName":"Ramapepe","countryName":"Lesotho","localeCode":"en","districtName":""},{"cityName":"Ramahleas","countryName":"Lesotho","localeCode":"en","districtName":""},{"cityName":"Ramabitsa","countryName":"Lesotho","localeCode":"en","districtName":""},{"cityName":"Raleqheka","countryName":"Lesotho","localeCode":"en","districtName":""},{"cityName":"Rakotoane","countryName":"Lesotho","localeCode":"en","districtName":""},{"cityName":"Rafolatsane","countryName":"Lesotho","localeCode":"en","districtName":""},{"cityName":"Quthing","countryName":"Lesotho","localeCode":"en","districtName":""},{"cityName":"Qomoqomong","countryName":"Lesotho","localeCode":"en","districtName":""},{"cityName":"Qiloane","countryName":"Lesotho","localeCode":"en","districtName":""},{"cityName":"Qamako","countryName":"Lesotho","localeCode":"en","districtName":""},{"cityName":"Qalaheng","countryName":"Lesotho","localeCode":"en","districtName":""},{"cityName":"Qacha's Nek","countryName":"Lesotho","localeCode":"en","districtName":""},{"cityName":"Qaba","countryName":"Lesotho","localeCode":"en","districtName":""},{"cityName":"Pitseng","countryName":"Lesotho","localeCode":"en","districtName":""},{"cityName":"Phoofolo","countryName":"Lesotho","localeCode":"en","districtName":""},{"cityName":"Phamong","countryName":"Lesotho","localeCode":"en","districtName":""},{"cityName":"Phafoli","countryName":"Lesotho","localeCode":"en","districtName":""},{"cityName":"Peka","countryName":"Lesotho","localeCode":"en","districtName":""},{"cityName":"Patrick","countryName":"Lesotho","localeCode":"en","districtName":""},{"cityName":"Old Mohales Hoek","countryName":"Lesotho","localeCode":"en","districtName":""},{"cityName":"Nyane","countryName":"Lesotho","localeCode":"en","districtName":""},{"cityName":"Nyakosoba","countryName":"Lesotho","localeCode":"en","districtName":""},{"cityName":"Numolani","countryName":"Lesotho","localeCode":"en","districtName":""},{"cityName":"Ntsi","countryName":"Lesotho","localeCode":"en","districtName":""},{"cityName":"Ntsane","countryName":"Lesotho","localeCode":"en","districtName":""},{"cityName":"Ntlamas","countryName":"Lesotho","localeCode":"en","districtName":""},{"cityName":"Ntilane","countryName":"Lesotho","localeCode":"en","districtName":""},{"cityName":"Nthodimonate","countryName":"Lesotho","localeCode":"en","districtName":""},{"cityName":"Nthamaha","countryName":"Lesotho","localeCode":"en","districtName":""},{"cityName":"Neni","countryName":"Lesotho","localeCode":"en","districtName":""},{"cityName":"Nako","countryName":"Lesotho","localeCode":"en","districtName":""},{"cityName":"Mutlanyane","countryName":"Lesotho","localeCode":"en","districtName":""},{"cityName":"Mpobong","countryName":"Lesotho","localeCode":"en","districtName":""},{"cityName":"Mpite","countryName":"Lesotho","localeCode":"en","districtName":""},{"cityName":"Mphoto","countryName":"Lesotho","localeCode":"en","districtName":""},{"cityName":"Mpharane","countryName":"Lesotho","localeCode":"en","districtName":""},{"cityName":"Moyeni Camp","countryName":"Lesotho","localeCode":"en","districtName":""},{"cityName":"Mount Moorosi","countryName":"Lesotho","localeCode":"en","districtName":""},{"cityName":"Motsie","countryName":"Lesotho","localeCode":"en","districtName":""},{"cityName":"Motsekuoa","countryName":"Lesotho","localeCode":"en","districtName":""},{"cityName":"Motloang","countryName":"Lesotho","localeCode":"en","districtName":""},{"cityName":"Mosetlas","countryName":"Lesotho","localeCode":"en","districtName":""},{"cityName":"Mosala","countryName":"Lesotho","localeCode":"en","districtName":""},{"cityName":"Morunyaneng","countryName":"Lesotho","localeCode":"en","districtName":""},{"cityName":"Morija","countryName":"Lesotho","localeCode":"en","districtName":""},{"cityName":"Morifi","countryName":"Lesotho","localeCode":"en","districtName":""},{"cityName":"Morameng","countryName":"Lesotho","localeCode":"en","districtName":""},{"cityName":"Monyake","countryName":"Lesotho","localeCode":"en","districtName":""},{"cityName":"Monantsa","countryName":"Lesotho","localeCode":"en","districtName":""},{"cityName":"Monaheng","countryName":"Lesotho","localeCode":"en","districtName":""},{"cityName":"Molumong","countryName":"Lesotho","localeCode":"en","districtName":""},{"cityName":"Molomos Hoek","countryName":"Lesotho","localeCode":"en","districtName":""},{"cityName":"Moliboeas","countryName":"Lesotho","localeCode":"en","districtName":""},{"cityName":"Moletsanes","countryName":"Lesotho","localeCode":"en","districtName":""},{"cityName":"Moletsane","countryName":"Lesotho","localeCode":"en","districtName":""},{"cityName":"Molefis","countryName":"Lesotho","localeCode":"en","districtName":""},{"cityName":"Mokoroane","countryName":"Lesotho","localeCode":"en","districtName":""},{"cityName":"Mokonyane","countryName":"Lesotho","localeCode":"en","districtName":""},{"cityName":"Mokomane","countryName":"Lesotho","localeCode":"en","districtName":""},{"cityName":"Mokoeng","countryName":"Lesotho","localeCode":"en","districtName":""},{"cityName":"Mokhotlong","countryName":"Lesotho","localeCode":"en","districtName":""},{"cityName":"Mokhathis","countryName":"Lesotho","localeCode":"en","districtName":""},{"cityName":"Mokhalinyane","countryName":"Lesotho","localeCode":"en","districtName":""},{"cityName":"Mokema","countryName":"Lesotho","localeCode":"en","districtName":""},{"cityName":"Mojela","countryName":"Lesotho","localeCode":"en","districtName":""},{"cityName":"Moitsupelis","countryName":"Lesotho","localeCode":"en","districtName":""},{"cityName":"Mohlehli","countryName":"Lesotho","localeCode":"en","districtName":""},{"cityName":"Mohlanapeng","countryName":"Lesotho","localeCode":"en","districtName":""},{"cityName":"Mohlakoanas","countryName":"Lesotho","localeCode":"en","districtName":""},{"cityName":"Mohlafateng","countryName":"Lesotho","localeCode":"en","districtName":""},{"cityName":"Mohale's Hoek","countryName":"Lesotho","localeCode":"en","districtName":""},{"cityName":"Mofokas","countryName":"Lesotho","localeCode":"en","districtName":""},{"cityName":"Metolong","countryName":"Lesotho","localeCode":"en","districtName":""},{"cityName":"Mekaling","countryName":"Lesotho","localeCode":"en","districtName":""},{"cityName":"Mazenod","countryName":"Lesotho","localeCode":"en","districtName":""},{"cityName":"Matsieng","countryName":"Lesotho","localeCode":"en","districtName":""},{"cityName":"Matsaile","countryName":"Lesotho","localeCode":"en","districtName":""},{"cityName":"Matsaba","countryName":"Lesotho","localeCode":"en","districtName":""},{"cityName":"Mathokoane","countryName":"Lesotho","localeCode":"en","districtName":""},{"cityName":"Matela","countryName":"Lesotho","localeCode":"en","districtName":""},{"cityName":"Mateka","countryName":"Lesotho","localeCode":"en","districtName":""},{"cityName":"Massabiella","countryName":"Lesotho","localeCode":"en","districtName":""},{"cityName":"Masitise","countryName":"Lesotho","localeCode":"en","districtName":""},{"cityName":"Masite Nek","countryName":"Lesotho","localeCode":"en","districtName":""},{"cityName":"Mashai","countryName":"Lesotho","localeCode":"en","districtName":""},{"cityName":"Maseru","countryName":"Lesotho","localeCode":"en","districtName":""},{"cityName":"Marakabeis","countryName":"Lesotho","localeCode":"en","districtName":""},{"cityName":"Maputsoe","countryName":"Lesotho","localeCode":"en","districtName":""},{"cityName":"Mapotu","countryName":"Lesotho","localeCode":"en","districtName":""},{"cityName":"Mapoteng","countryName":"Lesotho","localeCode":"en","districtName":""},{"cityName":"Maphutseng","countryName":"Lesotho","localeCode":"en","districtName":""},{"cityName":"Mantsebo","countryName":"Lesotho","localeCode":"en","districtName":""},{"cityName":"Mantsa","countryName":"Lesotho","localeCode":"en","districtName":""},{"cityName":"Mantoetsi","countryName":"Lesotho","localeCode":"en","districtName":""},{"cityName":"Mankimane","countryName":"Lesotho","localeCode":"en","districtName":""},{"cityName":"Mamathes","countryName":"Lesotho","localeCode":"en","districtName":""},{"cityName":"Malibe","countryName":"Lesotho","localeCode":"en","districtName":""},{"cityName":"Malealea","countryName":"Lesotho","localeCode":"en","districtName":""},{"cityName":"Malaleng","countryName":"Lesotho","localeCode":"en","districtName":""},{"cityName":"Makuaes","countryName":"Lesotho","localeCode":"en","districtName":""},{"cityName":"Makojang","countryName":"Lesotho","localeCode":"en","districtName":""},{"cityName":"Makhoathi","countryName":"Lesotho","localeCode":"en","districtName":""},{"cityName":"Makhoas","countryName":"Lesotho","localeCode":"en","districtName":""},{"cityName":"Makhinas","countryName":"Lesotho","localeCode":"en","districtName":""},{"cityName":"Makhaleng","countryName":"Lesotho","localeCode":"en","districtName":""},{"cityName":"Makhalanyane","countryName":"Lesotho","localeCode":"en","districtName":""},{"cityName":"Makhaketsa","countryName":"Lesotho","localeCode":"en","districtName":""},{"cityName":"Mahloenyeng","countryName":"Lesotho","localeCode":"en","districtName":""},{"cityName":"Mahlatsas Nek","countryName":"Lesotho","localeCode":"en","districtName":""},{"cityName":"Mahatlanes","countryName":"Lesotho","localeCode":"en","districtName":""},{"cityName":"Maghalleen","countryName":"Lesotho","localeCode":"en","districtName":""},{"cityName":"Mafeteng","countryName":"Lesotho","localeCode":"en","districtName":""},{"cityName":"Machekoaneng","countryName":"Lesotho","localeCode":"en","districtName":""},{"cityName":"Mabotse","countryName":"Lesotho","localeCode":"en","districtName":""},{"cityName":"Lower Qeme","countryName":"Lesotho","localeCode":"en","districtName":""},{"cityName":"Litsilong","countryName":"Lesotho","localeCode":"en","districtName":""},{"cityName":"Lirahalibonoe","countryName":"Lesotho","localeCode":"en","districtName":""},{"cityName":"Liphateng","countryName":"Lesotho","localeCode":"en","districtName":""},{"cityName":"Liphakoeng","countryName":"Lesotho","localeCode":"en","districtName":""},{"cityName":"Likupa","countryName":"Lesotho","localeCode":"en","districtName":""},{"cityName":"Likhoele","countryName":"Lesotho","localeCode":"en","districtName":""},{"cityName":"Likhakeng","countryName":"Lesotho","localeCode":"en","districtName":""},{"cityName":"Libono","countryName":"Lesotho","localeCode":"en","districtName":""},{"cityName":"Leutsoa","countryName":"Lesotho","localeCode":"en","districtName":""},{"cityName":"Letsikas","countryName":"Lesotho","localeCode":"en","districtName":""},{"cityName":"Letsie","countryName":"Lesotho","localeCode":"en","districtName":""},{"cityName":"Letseng-la-Terae","countryName":"Lesotho","localeCode":"en","districtName":""},{"cityName":"Lersuelas","countryName":"Lesotho","localeCode":"en","districtName":""},{"cityName":"Leribe","countryName":"Lesotho","localeCode":"en","districtName":""},{"cityName":"Lekokoaneng","countryName":"Lesotho","localeCode":"en","districtName":""},{"cityName":"Lekoatsa","countryName":"Lesotho","localeCode":"en","districtName":""},{"cityName":"Lekhooa","countryName":"Lesotho","localeCode":"en","districtName":""},{"cityName":"Lejone","countryName":"Lesotho","localeCode":"en","districtName":""},{"cityName":"Lebingwanas Cattle Post","countryName":"Lesotho","localeCode":"en","districtName":""},{"cityName":"Laoti","countryName":"Lesotho","localeCode":"en","districtName":""},{"cityName":"Kueneng","countryName":"Lesotho","localeCode":"en","districtName":""},{"cityName":"Kubung","countryName":"Lesotho","localeCode":"en","districtName":""},{"cityName":"Koro-Koro","countryName":"Lesotho","localeCode":"en","districtName":""},{"cityName":"Kolonyama","countryName":"Lesotho","localeCode":"en","districtName":""},{"cityName":"Kolo","countryName":"Lesotho","localeCode":"en","districtName":""},{"cityName":"Kokolia","countryName":"Lesotho","localeCode":"en","districtName":""},{"cityName":"Koeneng","countryName":"Lesotho","localeCode":"en","districtName":""},{"cityName":"Koali","countryName":"Lesotho","localeCode":"en","districtName":""},{"cityName":"Khukuhune","countryName":"Lesotho","localeCode":"en","districtName":""},{"cityName":"Khotsi","countryName":"Lesotho","localeCode":"en","districtName":""},{"cityName":"Khitsane","countryName":"Lesotho","localeCode":"en","districtName":""},{"cityName":"Khetisas","countryName":"Lesotho","localeCode":"en","districtName":""},{"cityName":"Khamolane","countryName":"Lesotho","localeCode":"en","districtName":""},{"cityName":"Khabos","countryName":"Lesotho","localeCode":"en","districtName":""},{"cityName":"Kepi","countryName":"Lesotho","localeCode":"en","districtName":""},{"cityName":"Kena","countryName":"Lesotho","localeCode":"en","districtName":""},{"cityName":"Kelechane","countryName":"Lesotho","localeCode":"en","districtName":""},{"cityName":"Kaphe","countryName":"Lesotho","localeCode":"en","districtName":""},{"cityName":"Kala","countryName":"Lesotho","localeCode":"en","districtName":""},{"cityName":"Jonathans","countryName":"Lesotho","localeCode":"en","districtName":""},{"cityName":"Joels Drift","countryName":"Lesotho","localeCode":"en","districtName":""},{"cityName":"Joel","countryName":"Lesotho","localeCode":"en","districtName":""},{"cityName":"Jaele","countryName":"Lesotho","localeCode":"en","districtName":""},{"cityName":"Hobsons","countryName":"Lesotho","localeCode":"en","districtName":""},{"cityName":"Hlotse Camp","countryName":"Lesotho","localeCode":"en","districtName":""},{"cityName":"Hlakametsas","countryName":"Lesotho","localeCode":"en","districtName":""},{"cityName":"Hill Top","countryName":"Lesotho","localeCode":"en","districtName":""},{"cityName":"Hermon","countryName":"Lesotho","localeCode":"en","districtName":""},{"cityName":"Hendriks","countryName":"Lesotho","localeCode":"en","districtName":""},{"cityName":"Helspoort","countryName":"Lesotho","localeCode":"en","districtName":""},{"cityName":"Helehehle","countryName":"Lesotho","localeCode":"en","districtName":""},{"cityName":"Ha Nohana","countryName":"Lesotho","localeCode":"en","districtName":""},{"cityName":"Hangers Drift","countryName":"Lesotho","localeCode":"en","districtName":""},{"cityName":"George","countryName":"Lesotho","localeCode":"en","districtName":""},{"cityName":"Foso","countryName":"Lesotho","localeCode":"en","districtName":""},{"cityName":"Fosi","countryName":"Lesotho","localeCode":"en","districtName":""},{"cityName":"Fort Hartley","countryName":"Lesotho","localeCode":"en","districtName":""},{"cityName":"Fako","countryName":"Lesotho","localeCode":"en","districtName":""},{"cityName":"Emmaus","countryName":"Lesotho","localeCode":"en","districtName":""},{"cityName":"Dinkung","countryName":"Lesotho","localeCode":"en","districtName":""},{"cityName":"Dilli Dilli","countryName":"Lesotho","localeCode":"en","districtName":""},{"cityName":"Cutting Camp","countryName":"Lesotho","localeCode":"en","districtName":""},{"cityName":"Corn Exchange","countryName":"Lesotho","localeCode":"en","districtName":""},{"cityName":"Chere","countryName":"Lesotho","localeCode":"en","districtName":""},{"cityName":"Cana","countryName":"Lesotho","localeCode":"en","districtName":""},{"cityName":"Butha-Buthe","countryName":"Lesotho","localeCode":"en","districtName":""},{"cityName":"Brakfontein","countryName":"Lesotho","localeCode":"en","districtName":""},{"cityName":"Botsabelo","countryName":"Lesotho","localeCode":"en","districtName":""},{"cityName":"Boqate","countryName":"Lesotho","localeCode":"en","districtName":""},{"cityName":"Bolepeletsa","countryName":"Lesotho","localeCode":"en","districtName":""},{"cityName":"Bokong","countryName":"Lesotho","localeCode":"en","districtName":""},{"cityName":"Blue Gums","countryName":"Lesotho","localeCode":"en","districtName":""},{"cityName":"Berente","countryName":"Lesotho","localeCode":"en","districtName":""},{"cityName":"Berea Hills","countryName":"Lesotho","localeCode":"en","districtName":""},{"cityName":"Baroaneng","countryName":"Lesotho","localeCode":"en","districtName":""},{"cityName":"Alwyns Kop","countryName":"Lesotho","localeCode":"en","districtName":""},{"cityName":"Abele","countryName":"Lesotho","localeCode":"en","districtName":""},{"cityName":"Thaba-Tseka","countryName":"Lesotho","localeCode":"en","districtName":""},{"cityName":"Lesobeng","countryName":"Lesotho","localeCode":"en","districtName":""},{"cityName":"Kao","countryName":"Lesotho","localeCode":"en","districtName":""},{"cityName":"Liqhobong","countryName":"Lesotho","localeCode":"en","districtName":""},{"cityName":"Makhunoane","countryName":"Lesotho","localeCode":"en","districtName":""},{"cityName":"Hleoheng","countryName":"Lesotho","localeCode":"en","districtName":""},{"cityName":"Ramabanta","countryName":"Lesotho","localeCode":"en","districtName":""},{"cityName":"Ha Tsolo","countryName":"Lesotho","localeCode":"en","districtName":""},{"cityName":"Mokopung","countryName":"Lesotho","localeCode":"en","districtName":""},{"cityName":"Ha Nyenye","countryName":"Lesotho","localeCode":"en","districtName":""},{"cityName":"ha Makhoroana","countryName":"Lesotho","localeCode":"en","districtName":""},{"cityName":"Mantsonyane","countryName":"Lesotho","localeCode":"en","districtName":""}]