[{"cityName":"Bardiyah","countryName":"Libyan Arab","localeCode":"en","districtName":""},{"cityName":"Zighan","countryName":"Libyan Arab","localeCode":"en","districtName":""},{"cityName":"Zawiyat Zanzur","countryName":"Libyan Arab","localeCode":"en","districtName":""},{"cityName":"Zawiyat Umm Rukbah","countryName":"Libyan Arab","localeCode":"en","districtName":""},{"cityName":"Zawiyat Umm Hufayn","countryName":"Libyan Arab","localeCode":"en","districtName":""},{"cityName":"Zawiyat Masus","countryName":"Libyan Arab","localeCode":"en","districtName":""},{"cityName":"Zawiyat Bisharah","countryName":"Libyan Arab","localeCode":"en","districtName":""},{"cityName":"Zawiyat at Tilimun","countryName":"Libyan Arab","localeCode":"en","districtName":""},{"cityName":"Zawiyat at Tart","countryName":"Libyan Arab","localeCode":"en","districtName":""},{"cityName":"Zawiyat al `Urqub","countryName":"Libyan Arab","localeCode":"en","districtName":""},{"cityName":"Zawiyat al Murassas","countryName":"Libyan Arab","localeCode":"en","districtName":""},{"cityName":"Zawiyat al Mukhayla","countryName":"Libyan Arab","localeCode":"en","districtName":""},{"cityName":"Zawiyat al Manastir","countryName":"Libyan Arab","localeCode":"en","districtName":""},{"cityName":"Zawiyat al `Izziyat","countryName":"Libyan Arab","localeCode":"en","districtName":""},{"cityName":"Zawiyat al Habib","countryName":"Libyan Arab","localeCode":"en","districtName":""},{"cityName":"Zahrah","countryName":"Libyan Arab","localeCode":"en","districtName":""},{"cityName":"Umm ar Rizam","countryName":"Libyan Arab","localeCode":"en","districtName":""},{"cityName":"Qabr Umm al Hishah","countryName":"Libyan Arab","localeCode":"en","districtName":""},{"cityName":"`Umar al Mukhtar","countryName":"Libyan Arab","localeCode":"en","districtName":""},{"cityName":"Tobruk","countryName":"Libyan Arab","localeCode":"en","districtName":""},{"cityName":"Tikah","countryName":"Libyan Arab","localeCode":"en","districtName":""},{"cityName":"Tansulukh","countryName":"Libyan Arab","localeCode":"en","districtName":""},{"cityName":"Taknis","countryName":"Libyan Arab","localeCode":"en","districtName":""},{"cityName":"Susah","countryName":"Libyan Arab","localeCode":"en","districtName":""},{"cityName":"Suq al `Ajaj","countryName":"Libyan Arab","localeCode":"en","districtName":""},{"cityName":"Suluq","countryName":"Libyan Arab","localeCode":"en","districtName":""},{"cityName":"Suluntah","countryName":"Libyan Arab","localeCode":"en","districtName":""},{"cityName":"Sultan","countryName":"Libyan Arab","localeCode":"en","districtName":""},{"cityName":"Sidi Yunis","countryName":"Libyan Arab","localeCode":"en","districtName":""},{"cityName":"Sidi Mahyus","countryName":"Libyan Arab","localeCode":"en","districtName":""},{"cityName":"Sidi Khalifah","countryName":"Libyan Arab","localeCode":"en","districtName":""},{"cityName":"Sidi Jibril","countryName":"Libyan Arab","localeCode":"en","districtName":""},{"cityName":"Sidi Faraj","countryName":"Libyan Arab","localeCode":"en","districtName":""},{"cityName":"Sidi `Ali Abu Jallab","countryName":"Libyan Arab","localeCode":"en","districtName":""},{"cityName":"Cyrene","countryName":"Libyan Arab","localeCode":"en","districtName":""},{"cityName":"Sawani al Qawarishah","countryName":"Libyan Arab","localeCode":"en","districtName":""},{"cityName":"Ri'asat Difa` Barqah","countryName":"Libyan Arab","localeCode":"en","districtName":""},{"cityName":"Rashidah","countryName":"Libyan Arab","localeCode":"en","districtName":""},{"cityName":"Ra's al Hamamah","countryName":"Libyan Arab","localeCode":"en","districtName":""},{"cityName":"Qirnadah","countryName":"Libyan Arab","localeCode":"en","districtName":""},{"cityName":"Qasr Libiya","countryName":"Libyan Arab","localeCode":"en","districtName":""},{"cityName":"Qasr al `Urayyid","countryName":"Libyan Arab","localeCode":"en","districtName":""},{"cityName":"Qasr al Jady","countryName":"Libyan Arab","localeCode":"en","districtName":""},{"cityName":"Qaryat Umm as Safa'","countryName":"Libyan Arab","localeCode":"en","districtName":""},{"cityName":"Qaryat Umm ad Dananir","countryName":"Libyan Arab","localeCode":"en","districtName":""},{"cityName":"Qaryat `Umar al Mukhtar","countryName":"Libyan Arab","localeCode":"en","districtName":""},{"cityName":"Qaryat Sidi Shahir ad Din","countryName":"Libyan Arab","localeCode":"en","districtName":""},{"cityName":"Qaryat Qunfudhah","countryName":"Libyan Arab","localeCode":"en","districtName":""},{"cityName":"Qaryat Qasr al `Ajuz","countryName":"Libyan Arab","localeCode":"en","districtName":""},{"cityName":"Qaryat Qaryunis","countryName":"Libyan Arab","localeCode":"en","districtName":""},{"cityName":"Qaryat Maqrun","countryName":"Libyan Arab","localeCode":"en","districtName":""},{"cityName":"Qaryat `Ayt Zaydan","countryName":"Libyan Arab","localeCode":"en","districtName":""},{"cityName":"Qaryat at Tayrah","countryName":"Libyan Arab","localeCode":"en","districtName":""},{"cityName":"Qaryat al `Unayzi","countryName":"Libyan Arab","localeCode":"en","districtName":""},{"cityName":"Qaryat al Malihah","countryName":"Libyan Arab","localeCode":"en","districtName":""},{"cityName":"Qaryat al Majaris","countryName":"Libyan Arab","localeCode":"en","districtName":""},{"cityName":"Qaryat al `Imamah","countryName":"Libyan Arab","localeCode":"en","districtName":""},{"cityName":"Qaryat al Barakat","countryName":"Libyan Arab","localeCode":"en","districtName":""},{"cityName":"Qandulah","countryName":"Libyan Arab","localeCode":"en","districtName":""},{"cityName":"Qaminis","countryName":"Libyan Arab","localeCode":"en","districtName":""},{"cityName":"Posto Trucchi","countryName":"Libyan Arab","localeCode":"en","districtName":""},{"cityName":"Nuqtat al Khattabiyah","countryName":"Libyan Arab","localeCode":"en","districtName":""},{"cityName":"Musa`id","countryName":"Libyan Arab","localeCode":"en","districtName":""},{"cityName":"Mintaqat al Lathamah","countryName":"Libyan Arab","localeCode":"en","districtName":""},{"cityName":"Mazra`at Albu Qabw","countryName":"Libyan Arab","localeCode":"en","districtName":""},{"cityName":"Ma`tan as Sarah","countryName":"Libyan Arab","localeCode":"en","districtName":""},{"cityName":"Massah","countryName":"Libyan Arab","localeCode":"en","districtName":""},{"cityName":"Masliwah","countryName":"Libyan Arab","localeCode":"en","districtName":""},{"cityName":"Martubah","countryName":"Libyan Arab","localeCode":"en","districtName":""},{"cityName":"Marawah","countryName":"Libyan Arab","localeCode":"en","districtName":""},{"cityName":"Mantiqat al Lathamah","countryName":"Libyan Arab","localeCode":"en","districtName":""},{"cityName":"Mansurah","countryName":"Libyan Arab","localeCode":"en","districtName":""},{"cityName":"Madinat Bayad","countryName":"Libyan Arab","localeCode":"en","districtName":""},{"cityName":"Lamludah","countryName":"Libyan Arab","localeCode":"en","districtName":""},{"cityName":"Kurkurah","countryName":"Libyan Arab","localeCode":"en","districtName":""},{"cityName":"Kuhuf Tuhudiyah","countryName":"Libyan Arab","localeCode":"en","districtName":""},{"cityName":"Kuhuf Bu Qalbut","countryName":"Libyan Arab","localeCode":"en","districtName":""},{"cityName":"Khishan al Budur","countryName":"Libyan Arab","localeCode":"en","districtName":""},{"cityName":"Verde","countryName":"Libyan Arab","localeCode":"en","districtName":""},{"cityName":"Karsah","countryName":"Libyan Arab","localeCode":"en","districtName":""},{"cityName":"Kambut","countryName":"Libyan Arab","localeCode":"en","districtName":""},{"cityName":"Kamb al `Ajjaj","countryName":"Libyan Arab","localeCode":"en","districtName":""},{"cityName":"Kaf Miyas","countryName":"Libyan Arab","localeCode":"en","districtName":""},{"cityName":"Jikharrah","countryName":"Libyan Arab","localeCode":"en","districtName":""},{"cityName":"Jardinah","countryName":"Libyan Arab","localeCode":"en","districtName":""},{"cityName":"Jardas al Ahrar","countryName":"Libyan Arab","localeCode":"en","districtName":""},{"cityName":"Jardas al `Abid","countryName":"Libyan Arab","localeCode":"en","districtName":""},{"cityName":"Gialo","countryName":"Libyan Arab","localeCode":"en","districtName":""},{"cityName":"Jakharrah","countryName":"Libyan Arab","localeCode":"en","districtName":""},{"cityName":"Hishan al `Aryat","countryName":"Libyan Arab","localeCode":"en","districtName":""},{"cityName":"Hishan al `Arabat","countryName":"Libyan Arab","localeCode":"en","districtName":""},{"cityName":"Hishan `A'ilat Baqi","countryName":"Libyan Arab","localeCode":"en","districtName":""},{"cityName":"Hawsh Barji","countryName":"Libyan Arab","localeCode":"en","districtName":""},{"cityName":"Ghawt al Hisan","countryName":"Libyan Arab","localeCode":"en","districtName":""},{"cityName":"Garden City","countryName":"Libyan Arab","localeCode":"en","districtName":""},{"cityName":"Farzughah","countryName":"Libyan Arab","localeCode":"en","districtName":""},{"cityName":"Daryanah","countryName":"Libyan Arab","localeCode":"en","districtName":""},{"cityName":"Darnah","countryName":"Libyan Arab","localeCode":"en","districtName":""},{"cityName":"Dar al Kish","countryName":"Libyan Arab","localeCode":"en","districtName":""},{"cityName":"Dakakin Hamid","countryName":"Libyan Arab","localeCode":"en","districtName":""},{"cityName":"Bu Maryam","countryName":"Libyan Arab","localeCode":"en","districtName":""},{"cityName":"Bu ath Thamir","countryName":"Libyan Arab","localeCode":"en","districtName":""},{"cityName":"Bi'r Bin Ghunaymah","countryName":"Libyan Arab","localeCode":"en","districtName":""},{"cityName":"Bi'r al Ashhab","countryName":"Libyan Arab","localeCode":"en","districtName":""},{"cityName":"Buzaymah","countryName":"Libyan Arab","localeCode":"en","districtName":""},{"cityName":"Battah","countryName":"Libyan Arab","localeCode":"en","districtName":""},{"cityName":"Baninah","countryName":"Libyan Arab","localeCode":"en","districtName":""},{"cityName":"Benghazi","countryName":"Libyan Arab","localeCode":"en","districtName":""},{"cityName":"Bamba","countryName":"Libyan Arab","localeCode":"en","districtName":""},{"cityName":"Az Zuwaytinah","countryName":"Libyan Arab","localeCode":"en","districtName":""},{"cityName":"Az Zawiyah","countryName":"Libyan Arab","localeCode":"en","districtName":""},{"cityName":"`Ayn Marrah","countryName":"Libyan Arab","localeCode":"en","districtName":""},{"cityName":"Awjilah","countryName":"Libyan Arab","localeCode":"en","districtName":""},{"cityName":"At Tamimi","countryName":"Libyan Arab","localeCode":"en","districtName":""},{"cityName":"At Tallab","countryName":"Libyan Arab","localeCode":"en","districtName":""},{"cityName":"At Taj","countryName":"Libyan Arab","localeCode":"en","districtName":""},{"cityName":"At Taban","countryName":"Libyan Arab","localeCode":"en","districtName":""},{"cityName":"As Saq`abi","countryName":"Libyan Arab","localeCode":"en","districtName":""},{"cityName":"As Safsaf","countryName":"Libyan Arab","localeCode":"en","districtName":""},{"cityName":"As Sabiri","countryName":"Libyan Arab","localeCode":"en","districtName":""},{"cityName":"Ash Shurraf","countryName":"Libyan Arab","localeCode":"en","districtName":""},{"cityName":"Ash Shawashinah","countryName":"Libyan Arab","localeCode":"en","districtName":""},{"cityName":"Ar Rajmah","countryName":"Libyan Arab","localeCode":"en","districtName":""},{"cityName":"An Nawwaqiyah","countryName":"Libyan Arab","localeCode":"en","districtName":""},{"cityName":"Al `Uwaynat","countryName":"Libyan Arab","localeCode":"en","districtName":""},{"cityName":"Al `Uwayliyah ash Sharqiyah","countryName":"Libyan Arab","localeCode":"en","districtName":""},{"cityName":"Al `Urubah","countryName":"Libyan Arab","localeCode":"en","districtName":""},{"cityName":"Tukrah","countryName":"Libyan Arab","localeCode":"en","districtName":""},{"cityName":"Al Qubbah","countryName":"Libyan Arab","localeCode":"en","districtName":""},{"cityName":"Al Qayqab","countryName":"Libyan Arab","localeCode":"en","districtName":""},{"cityName":"Al Qawarishah","countryName":"Libyan Arab","localeCode":"en","districtName":""},{"cityName":"Al Qardabah","countryName":"Libyan Arab","localeCode":"en","districtName":""},{"cityName":"Al Qa`rah","countryName":"Libyan Arab","localeCode":"en","districtName":""},{"cityName":"Al Qadhadhimah","countryName":"Libyan Arab","localeCode":"en","districtName":""},{"cityName":"Al Mukhayli","countryName":"Libyan Arab","localeCode":"en","districtName":""},{"cityName":"Al Milaytaniyah","countryName":"Libyan Arab","localeCode":"en","districtName":""},{"cityName":"Al Mawahi","countryName":"Libyan Arab","localeCode":"en","districtName":""},{"cityName":"Al Masil","countryName":"Libyan Arab","localeCode":"en","districtName":""},{"cityName":"Al Marj","countryName":"Libyan Arab","localeCode":"en","districtName":""},{"cityName":"Al Maqrun","countryName":"Libyan Arab","localeCode":"en","districtName":""},{"cityName":"Al Maqarin","countryName":"Libyan Arab","localeCode":"en","districtName":""},{"cityName":"Al Mabni","countryName":"Libyan Arab","localeCode":"en","districtName":""},{"cityName":"Al Labbah","countryName":"Libyan Arab","localeCode":"en","districtName":""},{"cityName":"Al Kuwayfiyah","countryName":"Libyan Arab","localeCode":"en","districtName":""},{"cityName":"Al Kufrah","countryName":"Libyan Arab","localeCode":"en","districtName":""},{"cityName":"Al Jawf","countryName":"Libyan Arab","localeCode":"en","districtName":""},{"cityName":"Al Jaghbub","countryName":"Libyan Arab","localeCode":"en","districtName":""},{"cityName":"Al `Izziyat","countryName":"Libyan Arab","localeCode":"en","districtName":""},{"cityName":"Al Hiri","countryName":"Libyan Arab","localeCode":"en","districtName":""},{"cityName":"Al Himadah","countryName":"Libyan Arab","localeCode":"en","districtName":""},{"cityName":"Al Hawwari","countryName":"Libyan Arab","localeCode":"en","districtName":""},{"cityName":"Al Haniyah","countryName":"Libyan Arab","localeCode":"en","districtName":""},{"cityName":"Al Ghaddarah","countryName":"Libyan Arab","localeCode":"en","districtName":""},{"cityName":"Al Fuwayhat","countryName":"Libyan Arab","localeCode":"en","districtName":""},{"cityName":"Al Fajir","countryName":"Libyan Arab","localeCode":"en","districtName":""},{"cityName":"Al Fa'idiyah","countryName":"Libyan Arab","localeCode":"en","districtName":""},{"cityName":"Al Burdi","countryName":"Libyan Arab","localeCode":"en","districtName":""},{"cityName":"Al Birkah","countryName":"Libyan Arab","localeCode":"en","districtName":""},{"cityName":"Al Bayyadah","countryName":"Libyan Arab","localeCode":"en","districtName":""},{"cityName":"Al Bayda'","countryName":"Libyan Arab","localeCode":"en","districtName":""},{"cityName":"Al Athrun","countryName":"Libyan Arab","localeCode":"en","districtName":""},{"cityName":"Al Ashhab","countryName":"Libyan Arab","localeCode":"en","districtName":""},{"cityName":"Al `Adam","countryName":"Libyan Arab","localeCode":"en","districtName":""},{"cityName":"Al Abyar","countryName":"Libyan Arab","localeCode":"en","districtName":""},{"cityName":"Al Abraq","countryName":"Libyan Arab","localeCode":"en","districtName":""},{"cityName":"`Akramah","countryName":"Libyan Arab","localeCode":"en","districtName":""},{"cityName":"Ajdabiya","countryName":"Libyan Arab","localeCode":"en","districtName":""},{"cityName":"`A'ilat Lamwis","countryName":"Libyan Arab","localeCode":"en","districtName":""},{"cityName":"Ahqaf ar Ruzat","countryName":"Libyan Arab","localeCode":"en","districtName":""},{"cityName":"Ahqaf al Jabhiyah","countryName":"Libyan Arab","localeCode":"en","districtName":""},{"cityName":"Ahqaf al Jabbarat","countryName":"Libyan Arab","localeCode":"en","districtName":""},{"cityName":"Ad Dirsiyah","countryName":"Libyan Arab","localeCode":"en","districtName":""},{"cityName":"Antalat","countryName":"Libyan Arab","localeCode":"en","districtName":""},{"cityName":"Sidi at Tahir","countryName":"Libyan Arab","localeCode":"en","districtName":""},{"cityName":"Sawani Bin Adam","countryName":"Libyan Arab","localeCode":"en","districtName":""},{"cityName":"Zuwarah","countryName":"Libyan Arab","localeCode":"en","districtName":""},{"cityName":"Zlitan","countryName":"Libyan Arab","localeCode":"en","districtName":""},{"cityName":"Zizaw","countryName":"Libyan Arab","localeCode":"en","districtName":""},{"cityName":"Zillah","countryName":"Libyan Arab","localeCode":"en","districtName":""},{"cityName":"Zawiyat al Mahjub","countryName":"Libyan Arab","localeCode":"en","districtName":""},{"cityName":"Zawiyat al `Amariyin","countryName":"Libyan Arab","localeCode":"en","districtName":""},{"cityName":"Zawilah","countryName":"Libyan Arab","localeCode":"en","districtName":""},{"cityName":"Za`rarah","countryName":"Libyan Arab","localeCode":"en","districtName":""},{"cityName":"Zalwaz","countryName":"Libyan Arab","localeCode":"en","districtName":""},{"cityName":"Zaltan","countryName":"Libyan Arab","localeCode":"en","districtName":""},{"cityName":"Yafran","countryName":"Libyan Arab","localeCode":"en","districtName":""},{"cityName":"Wuriran","countryName":"Libyan Arab","localeCode":"en","districtName":""},{"cityName":"Wisadan","countryName":"Libyan Arab","localeCode":"en","districtName":""},{"cityName":"Wifat","countryName":"Libyan Arab","localeCode":"en","districtName":""},{"cityName":"Wazin","countryName":"Libyan Arab","localeCode":"en","districtName":""},{"cityName":"Waw al Kabir","countryName":"Libyan Arab","localeCode":"en","districtName":""},{"cityName":"Wanziraf","countryName":"Libyan Arab","localeCode":"en","districtName":""},{"cityName":"Wanzarik","countryName":"Libyan Arab","localeCode":"en","districtName":""},{"cityName":"Waddan","countryName":"Libyan Arab","localeCode":"en","districtName":""},{"cityName":"Uzi","countryName":"Libyan Arab","localeCode":"en","districtName":""},{"cityName":"`Uwaynat Wanin","countryName":"Libyan Arab","localeCode":"en","districtName":""},{"cityName":"Umm Shuwayshah","countryName":"Libyan Arab","localeCode":"en","districtName":""},{"cityName":"Umm Saffar","countryName":"Libyan Arab","localeCode":"en","districtName":""},{"cityName":"Umm az Zarsan","countryName":"Libyan Arab","localeCode":"en","districtName":""},{"cityName":"Umm al `Izam","countryName":"Libyan Arab","localeCode":"en","districtName":""},{"cityName":"Umm al Hamam","countryName":"Libyan Arab","localeCode":"en","districtName":""},{"cityName":"Umm al Aranib","countryName":"Libyan Arab","localeCode":"en","districtName":""},{"cityName":"Umm al Ahrar","countryName":"Libyan Arab","localeCode":"en","districtName":""},{"cityName":"Umm al `Abid","countryName":"Libyan Arab","localeCode":"en","districtName":""},{"cityName":"Tuzugu","countryName":"Libyan Arab","localeCode":"en","districtName":""},{"cityName":"Tuwiwi","countryName":"Libyan Arab","localeCode":"en","districtName":""},{"cityName":"Tuskin","countryName":"Libyan Arab","localeCode":"en","districtName":""},{"cityName":"Tuosc","countryName":"Libyan Arab","localeCode":"en","districtName":""},{"cityName":"Tunin","countryName":"Libyan Arab","localeCode":"en","districtName":""},{"cityName":"Tuiua","countryName":"Libyan Arab","localeCode":"en","districtName":""},{"cityName":"Tmisan","countryName":"Libyan Arab","localeCode":"en","districtName":""},{"cityName":"Tmassah","countryName":"Libyan Arab","localeCode":"en","districtName":""},{"cityName":"Tirakt","countryName":"Libyan Arab","localeCode":"en","districtName":""},{"cityName":"Tinzight","countryName":"Libyan Arab","localeCode":"en","districtName":""},{"cityName":"Tigi","countryName":"Libyan Arab","localeCode":"en","districtName":""},{"cityName":"Tfalfalt","countryName":"Libyan Arab","localeCode":"en","districtName":""},{"cityName":"Tazmarayit","countryName":"Libyan Arab","localeCode":"en","districtName":""},{"cityName":"Tawurgha'","countryName":"Libyan Arab","localeCode":"en","districtName":""},{"cityName":"Tasawah","countryName":"Libyan Arab","localeCode":"en","districtName":""},{"cityName":"Tarut","countryName":"Libyan Arab","localeCode":"en","districtName":""},{"cityName":"Tarmisah","countryName":"Libyan Arab","localeCode":"en","districtName":""},{"cityName":"Tarhuna","countryName":"Libyan Arab","localeCode":"en","districtName":""},{"cityName":"Tardiyah","countryName":"Libyan Arab","localeCode":"en","districtName":""},{"cityName":"Tarbu","countryName":"Libyan Arab","localeCode":"en","districtName":""},{"cityName":"Taraghin","countryName":"Libyan Arab","localeCode":"en","districtName":""},{"cityName":"Tripoli","countryName":"Libyan Arab","localeCode":"en","districtName":""},{"cityName":"Taqqrutin","countryName":"Libyan Arab","localeCode":"en","districtName":""},{"cityName":"Tannushat","countryName":"Libyan Arab","localeCode":"en","districtName":""},{"cityName":"Tandimmirah","countryName":"Libyan Arab","localeCode":"en","districtName":""},{"cityName":"Tamzin","countryName":"Libyan Arab","localeCode":"en","districtName":""},{"cityName":"Tamzawah","countryName":"Libyan Arab","localeCode":"en","districtName":""},{"cityName":"Taminah","countryName":"Libyan Arab","localeCode":"en","districtName":""},{"cityName":"Tamazdah","countryName":"Libyan Arab","localeCode":"en","districtName":""},{"cityName":"Tamanhint","countryName":"Libyan Arab","localeCode":"en","districtName":""},{"cityName":"Talat","countryName":"Libyan Arab","localeCode":"en","districtName":""},{"cityName":"Takbal","countryName":"Libyan Arab","localeCode":"en","districtName":""},{"cityName":"Tagiura","countryName":"Libyan Arab","localeCode":"en","districtName":""},{"cityName":"Tajarhi","countryName":"Libyan Arab","localeCode":"en","districtName":""},{"cityName":"Taglin","countryName":"Libyan Arab","localeCode":"en","districtName":""},{"cityName":"Taghrinnah","countryName":"Libyan Arab","localeCode":"en","districtName":""},{"cityName":"Taghmah","countryName":"Libyan Arab","localeCode":"en","districtName":""},{"cityName":"Tabaqah","countryName":"Libyan Arab","localeCode":"en","districtName":""},{"cityName":"Tabalut","countryName":"Libyan Arab","localeCode":"en","districtName":""},{"cityName":"Surt","countryName":"Libyan Arab","localeCode":"en","districtName":""},{"cityName":"Surman","countryName":"Libyan Arab","localeCode":"en","districtName":""},{"cityName":"Suq Qamatah al Gharbiyah","countryName":"Libyan Arab","localeCode":"en","districtName":""},{"cityName":"Suq as Sabt","countryName":"Libyan Arab","localeCode":"en","districtName":""},{"cityName":"Suq al Khamis","countryName":"Libyan Arab","localeCode":"en","districtName":""},{"cityName":"Suq al Jum`ah","countryName":"Libyan Arab","localeCode":"en","districtName":""},{"cityName":"Suq al `Alaliqah","countryName":"Libyan Arab","localeCode":"en","districtName":""},{"cityName":"Suq al Ahad","countryName":"Libyan Arab","localeCode":"en","districtName":""},{"cityName":"Suq ad Dawawidah","countryName":"Libyan Arab","localeCode":"en","districtName":""},{"cityName":"Suknah","countryName":"Libyan Arab","localeCode":"en","districtName":""},{"cityName":"Sinawin","countryName":"Libyan Arab","localeCode":"en","districtName":""},{"cityName":"Sidi Bin al Bashiri","countryName":"Libyan Arab","localeCode":"en","districtName":""},{"cityName":"Sidi as Sayd","countryName":"Libyan Arab","localeCode":"en","districtName":""},{"cityName":"Sidi as Sa'ih","countryName":"Libyan Arab","localeCode":"en","districtName":""},{"cityName":"Sidi `Ali","countryName":"Libyan Arab","localeCode":"en","districtName":""},{"cityName":"Sciaaua","countryName":"Libyan Arab","localeCode":"en","districtName":""},{"cityName":"Shatal al Ghabat","countryName":"Libyan Arab","localeCode":"en","districtName":""},{"cityName":"Shakshuk","countryName":"Libyan Arab","localeCode":"en","districtName":""},{"cityName":"Sayyad","countryName":"Libyan Arab","localeCode":"en","districtName":""},{"cityName":"Sawani Fassanu","countryName":"Libyan Arab","localeCode":"en","districtName":""},{"cityName":"Samnu","countryName":"Libyan Arab","localeCode":"en","districtName":""},{"cityName":"Sadrus","countryName":"Libyan Arab","localeCode":"en","districtName":""},{"cityName":"Sabratah","countryName":"Libyan Arab","localeCode":"en","districtName":""},{"cityName":"Sabha","countryName":"Libyan Arab","localeCode":"en","districtName":""},{"cityName":"Riqdalin","countryName":"Libyan Arab","localeCode":"en","districtName":""},{"cityName":"Ra's Lanuf","countryName":"Libyan Arab","localeCode":"en","districtName":""},{"cityName":"Ra's at Tabl","countryName":"Libyan Arab","localeCode":"en","districtName":""},{"cityName":"Ra's Ajdir","countryName":"Libyan Arab","localeCode":"en","districtName":""},{"cityName":"Quwayjilah","countryName":"Libyan Arab","localeCode":"en","districtName":""},{"cityName":"Quttah","countryName":"Libyan Arab","localeCode":"en","districtName":""},{"cityName":"Qurji","countryName":"Libyan Arab","localeCode":"en","districtName":""},{"cityName":"Qirrim","countryName":"Libyan Arab","localeCode":"en","districtName":""},{"cityName":"Qirdah","countryName":"Libyan Arab","localeCode":"en","districtName":""},{"cityName":"Qirah","countryName":"Libyan Arab","localeCode":"en","districtName":""},{"cityName":"Qayqam","countryName":"Libyan Arab","localeCode":"en","districtName":""},{"cityName":"Qawat","countryName":"Libyan Arab","localeCode":"en","districtName":""},{"cityName":"Qasr Larocu","countryName":"Libyan Arab","localeCode":"en","districtName":""},{"cityName":"Qasr Khulayf","countryName":"Libyan Arab","localeCode":"en","districtName":""},{"cityName":"Qasr Khiyar","countryName":"Libyan Arab","localeCode":"en","districtName":""},{"cityName":"Qasr Bint Bayyah","countryName":"Libyan Arab","localeCode":"en","districtName":""},{"cityName":"Qasr Bin Ghashir","countryName":"Libyan Arab","localeCode":"en","districtName":""},{"cityName":"Qasr Barruru","countryName":"Libyan Arab","localeCode":"en","districtName":""},{"cityName":"Qasr al Wat'ani","countryName":"Libyan Arab","localeCode":"en","districtName":""},{"cityName":"Qasr al Qarahbulli","countryName":"Libyan Arab","localeCode":"en","districtName":""},{"cityName":"Qasr al Hajj","countryName":"Libyan Arab","localeCode":"en","districtName":""},{"cityName":"Qasr al Fawqani","countryName":"Libyan Arab","localeCode":"en","districtName":""},{"cityName":"Qasr Ahmad","countryName":"Libyan Arab","localeCode":"en","districtName":""},{"cityName":"Qasbat Dhiyab","countryName":"Libyan Arab","localeCode":"en","districtName":""},{"cityName":"Qasabat Madi","countryName":"Libyan Arab","localeCode":"en","districtName":""},{"cityName":"Qasabat `Akkah","countryName":"Libyan Arab","localeCode":"en","districtName":""},{"cityName":"Qaryat Umm an Na`am","countryName":"Libyan Arab","localeCode":"en","districtName":""},{"cityName":"Qaryat T","countryName":"Libyan Arab","localeCode":"en","districtName":""},{"cityName":"Qaryat Su`ud","countryName":"Libyan Arab","localeCode":"en","districtName":""},{"cityName":"Qaryat Sur A`rabi","countryName":"Libyan Arab","localeCode":"en","districtName":""},{"cityName":"Qaryat Sur al `Ud","countryName":"Libyan Arab","localeCode":"en","districtName":""},{"cityName":"Qaryat Shumaykh","countryName":"Libyan Arab","localeCode":"en","districtName":""},{"cityName":"Qaryat Sawwan","countryName":"Libyan Arab","localeCode":"en","districtName":""},{"cityName":"Qaryat Rufaydah","countryName":"Libyan Arab","localeCode":"en","districtName":""},{"cityName":"Qaryat Ra's ath Thumah","countryName":"Libyan Arab","localeCode":"en","districtName":""},{"cityName":"Qaryat Ra's `Ali","countryName":"Libyan Arab","localeCode":"en","districtName":""},{"cityName":"Qaryat Ra's Abu Hammar","countryName":"Libyan Arab","localeCode":"en","districtName":""},{"cityName":"Qaryat Qarat","countryName":"Libyan Arab","localeCode":"en","districtName":""},{"cityName":"Qaryat Qararah","countryName":"Libyan Arab","localeCode":"en","districtName":""},{"cityName":"Qaryat Nadbas","countryName":"Libyan Arab","localeCode":"en","districtName":""},{"cityName":"Qaryat Nabukar","countryName":"Libyan Arab","localeCode":"en","districtName":""},{"cityName":"Qaryat Mazzu","countryName":"Libyan Arab","localeCode":"en","districtName":""},{"cityName":"Qaryat Mazghurah","countryName":"Libyan Arab","localeCode":"en","districtName":""},{"cityName":"Qaryat Marwan","countryName":"Libyan Arab","localeCode":"en","districtName":""},{"cityName":"Qaryat Isma`il","countryName":"Libyan Arab","localeCode":"en","districtName":""},{"cityName":"Qaryat Hujjajah","countryName":"Libyan Arab","localeCode":"en","districtName":""},{"cityName":"Qaryat Hasan al Hajj","countryName":"Libyan Arab","localeCode":"en","districtName":""},{"cityName":"Qaryat Hanshir al Budur","countryName":"Libyan Arab","localeCode":"en","districtName":""},{"cityName":"Qaryat Dajajirah","countryName":"Libyan Arab","localeCode":"en","districtName":""},{"cityName":"Qaryat Bu Ruwayyah","countryName":"Libyan Arab","localeCode":"en","districtName":""},{"cityName":"Qaryat Bu Fakhirah","countryName":"Libyan Arab","localeCode":"en","districtName":""},{"cityName":"Qaryat Bishr","countryName":"Libyan Arab","localeCode":"en","districtName":""},{"cityName":"Qaryat Bin Tallis","countryName":"Libyan Arab","localeCode":"en","districtName":""},{"cityName":"Qaryat Bin Hasan","countryName":"Libyan Arab","localeCode":"en","districtName":""},{"cityName":"Qaryat Bani Musallam","countryName":"Libyan Arab","localeCode":"en","districtName":""},{"cityName":"Qaryat Ballalah","countryName":"Libyan Arab","localeCode":"en","districtName":""},{"cityName":"Qaryat az Zurayqi","countryName":"Libyan Arab","localeCode":"en","districtName":""},{"cityName":"Qaryat `Ayn Makhluf","countryName":"Libyan Arab","localeCode":"en","districtName":""},{"cityName":"Qaryat `Ayn Kurayyim","countryName":"Libyan Arab","localeCode":"en","districtName":""},{"cityName":"Qaryat `Ayn Fakrunah","countryName":"Libyan Arab","localeCode":"en","districtName":""},{"cityName":"Qaryat `Ayn Bu al Qa'id","countryName":"Libyan Arab","localeCode":"en","districtName":""},{"cityName":"Qaryat `Ayn az Zayt","countryName":"Libyan Arab","localeCode":"en","districtName":""},{"cityName":"Qaryat `Ayn al Madham","countryName":"Libyan Arab","localeCode":"en","districtName":""},{"cityName":"Qaryat `Ayn al Kabir","countryName":"Libyan Arab","localeCode":"en","districtName":""},{"cityName":"Qaryat `Ayn Abu Shaybah","countryName":"Libyan Arab","localeCode":"en","districtName":""},{"cityName":"Qaryat `Ayn Abu Ghulah","countryName":"Libyan Arab","localeCode":"en","districtName":""},{"cityName":"Qaryat Awlad Jama`ah","countryName":"Libyan Arab","localeCode":"en","districtName":""},{"cityName":"Qaryat Awlad Dhu'ayb","countryName":"Libyan Arab","localeCode":"en","districtName":""},{"cityName":"Qaryat Awlad Abu Sha``alah","countryName":"Libyan Arab","localeCode":"en","districtName":""},{"cityName":"Qaryat Awla Bin Shayyah","countryName":"Libyan Arab","localeCode":"en","districtName":""},{"cityName":"Qaryat as Suwak `Ayn Ghulu","countryName":"Libyan Arab","localeCode":"en","districtName":""},{"cityName":"Qaryat as Subaykhat","countryName":"Libyan Arab","localeCode":"en","districtName":""},{"cityName":"Qaryat as Sawadiq","countryName":"Libyan Arab","localeCode":"en","districtName":""},{"cityName":"Qaryat as Saba'ih","countryName":"Libyan Arab","localeCode":"en","districtName":""},{"cityName":"Qaryat ash Shuyyab","countryName":"Libyan Arab","localeCode":"en","districtName":""},{"cityName":"Qaryat as Sawabiyah","countryName":"Libyan Arab","localeCode":"en","districtName":""},{"cityName":"Qaryat ar Rus","countryName":"Libyan Arab","localeCode":"en","districtName":""},{"cityName":"Qaryat ar Ru'aysat","countryName":"Libyan Arab","localeCode":"en","districtName":""},{"cityName":"Qaryat ar Ramlah","countryName":"Libyan Arab","localeCode":"en","districtName":""},{"cityName":"Qaryat ar Ra`itat","countryName":"Libyan Arab","localeCode":"en","districtName":""},{"cityName":"Qaryat `Arifah","countryName":"Libyan Arab","localeCode":"en","districtName":""},{"cityName":"Qaryat an Nushayh","countryName":"Libyan Arab","localeCode":"en","districtName":""},{"cityName":"Qaryat an Nadwah","countryName":"Libyan Arab","localeCode":"en","districtName":""},{"cityName":"Qaryat al Wuqayyat","countryName":"Libyan Arab","localeCode":"en","districtName":""},{"cityName":"Qaryat al Wafawat","countryName":"Libyan Arab","localeCode":"en","districtName":""},{"cityName":"Qaryat at Tawalikiyah","countryName":"Libyan Arab","localeCode":"en","districtName":""},{"cityName":"Qaryat al Qusaybat","countryName":"Libyan Arab","localeCode":"en","districtName":""},{"cityName":"Qaryat al Qat`","countryName":"Libyan Arab","localeCode":"en","districtName":""},{"cityName":"Qaryat al Mayamin","countryName":"Libyan Arab","localeCode":"en","districtName":""},{"cityName":"Qaryat al Magharibah","countryName":"Libyan Arab","localeCode":"en","districtName":""},{"cityName":"Qaryat al Ma`anin","countryName":"Libyan Arab","localeCode":"en","districtName":""},{"cityName":"Qaryat al Khirbah","countryName":"Libyan Arab","localeCode":"en","districtName":""},{"cityName":"Qaryat al Karran","countryName":"Libyan Arab","localeCode":"en","districtName":""},{"cityName":"Qaryat al Kamshat","countryName":"Libyan Arab","localeCode":"en","districtName":""},{"cityName":"Qaryat al Jataliwah","countryName":"Libyan Arab","localeCode":"en","districtName":""},{"cityName":"Qaryat al Ja`afirah","countryName":"Libyan Arab","localeCode":"en","districtName":""},{"cityName":"Qaryat al Huwayjat","countryName":"Libyan Arab","localeCode":"en","districtName":""},{"cityName":"Qaryat al Hanadah","countryName":"Libyan Arab","localeCode":"en","districtName":""},{"cityName":"Qaryat al Hama'imah","countryName":"Libyan Arab","localeCode":"en","districtName":""},{"cityName":"Qaryat al Halibiyah","countryName":"Libyan Arab","localeCode":"en","districtName":""},{"cityName":"Qaryat al Habarah","countryName":"Libyan Arab","localeCode":"en","districtName":""},{"cityName":"Qaryat al Ghut","countryName":"Libyan Arab","localeCode":"en","districtName":""},{"cityName":"Qaryat al Ghawil","countryName":"Libyan Arab","localeCode":"en","districtName":""},{"cityName":"Qaryat al Fayasilah","countryName":"Libyan Arab","localeCode":"en","districtName":""},{"cityName":"Qaryat al Bayda'","countryName":"Libyan Arab","localeCode":"en","districtName":""},{"cityName":"Qaryat al Barahimah","countryName":"Libyan Arab","localeCode":"en","districtName":""},{"cityName":"Qaryat al Baladiyah","countryName":"Libyan Arab","localeCode":"en","districtName":""},{"cityName":"Qaryat al `Awa'idah","countryName":"Libyan Arab","localeCode":"en","districtName":""},{"cityName":"Qaryat al `Arimah","countryName":"Libyan Arab","localeCode":"en","districtName":""},{"cityName":"Qaryat al `Amruni","countryName":"Libyan Arab","localeCode":"en","districtName":""},{"cityName":"Qaryat ad Dawa'irah","countryName":"Libyan Arab","localeCode":"en","districtName":""},{"cityName":"Qaryat ad Dararifah","countryName":"Libyan Arab","localeCode":"en","districtName":""},{"cityName":"Qaryat ad Dababisah","countryName":"Libyan Arab","localeCode":"en","districtName":""},{"cityName":"Qaryat Abu Sharwal","countryName":"Libyan Arab","localeCode":"en","districtName":""},{"cityName":"Qaryat Abu `Ayyad","countryName":"Libyan Arab","localeCode":"en","districtName":""},{"cityName":"Qaryat Abu al Ahnash","countryName":"Libyan Arab","localeCode":"en","districtName":""},{"cityName":"Qarqarish","countryName":"Libyan Arab","localeCode":"en","districtName":""},{"cityName":"Qabilat Za`faran","countryName":"Libyan Arab","localeCode":"en","districtName":""},{"cityName":"Qabilat Warjin","countryName":"Libyan Arab","localeCode":"en","districtName":""},{"cityName":"Qabilat Wadinah","countryName":"Libyan Arab","localeCode":"en","districtName":""},{"cityName":"Qabilat Takut","countryName":"Libyan Arab","localeCode":"en","districtName":""},{"cityName":"Qabilat Suq ad Dawun","countryName":"Libyan Arab","localeCode":"en","districtName":""},{"cityName":"Qabilat Silin","countryName":"Libyan Arab","localeCode":"en","districtName":""},{"cityName":"Qabilat Sidi Mu`ammar","countryName":"Libyan Arab","localeCode":"en","districtName":""},{"cityName":"Qabilat Saqin","countryName":"Libyan Arab","localeCode":"en","districtName":""},{"cityName":"Qabilat Salimah","countryName":"Libyan Arab","localeCode":"en","districtName":""},{"cityName":"Qabilat Quba`","countryName":"Libyan Arab","localeCode":"en","districtName":""},{"cityName":"Qabilat Mantar","countryName":"Libyan Arab","localeCode":"en","districtName":""},{"cityName":"Qabilat Lawatah","countryName":"Libyan Arab","localeCode":"en","districtName":""},{"cityName":"Qabilat Indarah","countryName":"Libyan Arab","localeCode":"en","districtName":""},{"cityName":"Qabilat Dirsunah","countryName":"Libyan Arab","localeCode":"en","districtName":""},{"cityName":"Qabilat Dajibitah","countryName":"Libyan Arab","localeCode":"en","districtName":""},{"cityName":"Qabilat Bani Salim","countryName":"Libyan Arab","localeCode":"en","districtName":""},{"cityName":"Qabilat Bani Musallam","countryName":"Libyan Arab","localeCode":"en","districtName":""},{"cityName":"Qabilat Bani Layth","countryName":"Libyan Arab","localeCode":"en","districtName":""},{"cityName":"Qabilat Badarthan","countryName":"Libyan Arab","localeCode":"en","districtName":""},{"cityName":"Qabilat az Zintan al `Umyan","countryName":"Libyan Arab","localeCode":"en","districtName":""},{"cityName":"Qabilat az Zaribah","countryName":"Libyan Arab","localeCode":"en","districtName":""},{"cityName":"Qabilat Awlad Za'id","countryName":"Libyan Arab","localeCode":"en","districtName":""},{"cityName":"Qabilat Awlad `Umar","countryName":"Libyan Arab","localeCode":"en","districtName":""},{"cityName":"Qabilat Awlad Jabir","countryName":"Libyan Arab","localeCode":"en","districtName":""},{"cityName":"Qabilat Awlad `Izaz","countryName":"Libyan Arab","localeCode":"en","districtName":""},{"cityName":"Qabilat Awlad `Isa","countryName":"Libyan Arab","localeCode":"en","districtName":""},{"cityName":"Qabilat Awlad Hamid","countryName":"Libyan Arab","localeCode":"en","districtName":""},{"cityName":"Qabilat Awlad Dhiyab","countryName":"Libyan Arab","localeCode":"en","districtName":""},{"cityName":"Qabilat Awlad Bin Ahmad","countryName":"Libyan Arab","localeCode":"en","districtName":""},{"cityName":"Qabilat Awlad Ba`ayyu","countryName":"Libyan Arab","localeCode":"en","districtName":""},{"cityName":"Qabilat Awlad ath Thamad","countryName":"Libyan Arab","localeCode":"en","districtName":""},{"cityName":"Qabilat Awlad as Saghir","countryName":"Libyan Arab","localeCode":"en","districtName":""},{"cityName":"Qabilat Awlad `Arif","countryName":"Libyan Arab","localeCode":"en","districtName":""},{"cityName":"Qabilat Awlad `Amir","countryName":"Libyan Arab","localeCode":"en","districtName":""},{"cityName":"Qabilat Awlad Abu Suhayyirah","countryName":"Libyan Arab","localeCode":"en","districtName":""},{"cityName":"Qabilat Awlad Abu Salamah","countryName":"Libyan Arab","localeCode":"en","districtName":""},{"cityName":"Qabilat as Saqu`","countryName":"Libyan Arab","localeCode":"en","districtName":""},{"cityName":"Qabilat ash Shutaywiyah","countryName":"Libyan Arab","localeCode":"en","districtName":""},{"cityName":"Qabilat ash Shurfah","countryName":"Libyan Arab","localeCode":"en","districtName":""},{"cityName":"Qabilat ash Shi`afiyin","countryName":"Libyan Arab","localeCode":"en","districtName":""},{"cityName":"Qabilat ar Raqa'iqiyah","countryName":"Libyan Arab","localeCode":"en","districtName":""},{"cityName":"Qabilat ar Rahumat","countryName":"Libyan Arab","localeCode":"en","districtName":""},{"cityName":"Qabilat ar Rahbah","countryName":"Libyan Arab","localeCode":"en","districtName":""},{"cityName":"Qabilat ar Raghah","countryName":"Libyan Arab","localeCode":"en","districtName":""},{"cityName":"Qabilat ar Radadah","countryName":"Libyan Arab","localeCode":"en","districtName":""},{"cityName":"Qabilat an Nattatat","countryName":"Libyan Arab","localeCode":"en","districtName":""},{"cityName":"Qabilat al Qazzir","countryName":"Libyan Arab","localeCode":"en","districtName":""},{"cityName":"Qabilat al Qanawat","countryName":"Libyan Arab","localeCode":"en","districtName":""},{"cityName":"Qabilat al Qalil","countryName":"Libyan Arab","localeCode":"en","districtName":""},{"cityName":"Qabilat al Mu`ammariyin","countryName":"Libyan Arab","localeCode":"en","districtName":""},{"cityName":"Qabilat al Maqsabah","countryName":"Libyan Arab","localeCode":"en","districtName":""},{"cityName":"Qabilat al Mala'itah","countryName":"Libyan Arab","localeCode":"en","districtName":""},{"cityName":"Qabilat al Khums","countryName":"Libyan Arab","localeCode":"en","districtName":""},{"cityName":"Qabilat al Kawarighiliyah","countryName":"Libyan Arab","localeCode":"en","districtName":""},{"cityName":"Qabilat al Karawinah","countryName":"Libyan Arab","localeCode":"en","districtName":""},{"cityName":"Qabilat al Kararitah","countryName":"Libyan Arab","localeCode":"en","districtName":""},{"cityName":"Qabilat al Jawabir","countryName":"Libyan Arab","localeCode":"en","districtName":""},{"cityName":"Qabilat al Hurmah","countryName":"Libyan Arab","localeCode":"en","districtName":""},{"cityName":"Qabilat al Hajj `Umran","countryName":"Libyan Arab","localeCode":"en","districtName":""},{"cityName":"Qabilat al Fawatir","countryName":"Libyan Arab","localeCode":"en","districtName":""},{"cityName":"Qabilat al Bakakishah","countryName":"Libyan Arab","localeCode":"en","districtName":""},{"cityName":"Qabilat al `Ataya","countryName":"Libyan Arab","localeCode":"en","districtName":""},{"cityName":"Qabilat al `Aql","countryName":"Libyan Arab","localeCode":"en","districtName":""},{"cityName":"Qabilat al `Amariyin","countryName":"Libyan Arab","localeCode":"en","districtName":""},{"cityName":"Qabilat al Afadil","countryName":"Libyan Arab","localeCode":"en","districtName":""},{"cityName":"Qabilat al Abqar","countryName":"Libyan Arab","localeCode":"en","districtName":""},{"cityName":"Qabilat al `Abadinah","countryName":"Libyan Arab","localeCode":"en","districtName":""},{"cityName":"Qabilat al `Abadilah","countryName":"Libyan Arab","localeCode":"en","districtName":""},{"cityName":"Qabilat Abu Sahamah","countryName":"Libyan Arab","localeCode":"en","districtName":""},{"cityName":"Qabilah","countryName":"Libyan Arab","localeCode":"en","districtName":""},{"cityName":"Nasmah","countryName":"Libyan Arab","localeCode":"en","districtName":""},{"cityName":"Nalut","countryName":"Libyan Arab","localeCode":"en","districtName":""},{"cityName":"Na`imah","countryName":"Libyan Arab","localeCode":"en","districtName":""},{"cityName":"Murzuq","countryName":"Libyan Arab","localeCode":"en","districtName":""},{"cityName":"Muhayyah","countryName":"Libyan Arab","localeCode":"en","districtName":""},{"cityName":"Mu`askar Jalu","countryName":"Libyan Arab","localeCode":"en","districtName":""},{"cityName":"Bab al `Aziziyah","countryName":"Libyan Arab","localeCode":"en","districtName":""},{"cityName":"Mizdah","countryName":"Libyan Arab","localeCode":"en","districtName":""},{"cityName":"Misratah","countryName":"Libyan Arab","localeCode":"en","districtName":""},{"cityName":"Misquwin","countryName":"Libyan Arab","localeCode":"en","districtName":""},{"cityName":"Miskah","countryName":"Libyan Arab","localeCode":"en","districtName":""},{"cityName":"Mintaqat Zawiyat Sidi `Atiyah","countryName":"Libyan Arab","localeCode":"en","districtName":""},{"cityName":"Mintaqat Zawiyat as Samah","countryName":"Libyan Arab","localeCode":"en","districtName":""},{"cityName":"Mintaqat Wadi Harawah","countryName":"Libyan Arab","localeCode":"en","districtName":""},{"cityName":"Mintaqat al Hashshan","countryName":"Libyan Arab","localeCode":"en","districtName":""},{"cityName":"Mintaqat al Ghanimah","countryName":"Libyan Arab","localeCode":"en","districtName":""},{"cityName":"Mintaqat ad Daghdughi","countryName":"Libyan Arab","localeCode":"en","districtName":""},{"cityName":"Meseqwin","countryName":"Libyan Arab","localeCode":"en","districtName":""},{"cityName":"Mazuzah","countryName":"Libyan Arab","localeCode":"en","districtName":""},{"cityName":"Mazra`at Titanu","countryName":"Libyan Arab","localeCode":"en","districtName":""},{"cityName":"Mazra`at Saqil","countryName":"Libyan Arab","localeCode":"en","districtName":""},{"cityName":"Mazra`at Kataraylla","countryName":"Libyan Arab","localeCode":"en","districtName":""},{"cityName":"Masallatah","countryName":"Libyan Arab","localeCode":"en","districtName":""},{"cityName":"Maryan","countryName":"Libyan Arab","localeCode":"en","districtName":""},{"cityName":"Al Burayqah","countryName":"Libyan Arab","localeCode":"en","districtName":""},{"cityName":"Marqus","countryName":"Libyan Arab","localeCode":"en","districtName":""},{"cityName":"Maradah","countryName":"Libyan Arab","localeCode":"en","districtName":""},{"cityName":"Manazil Miftah al Kara`iyah","countryName":"Libyan Arab","localeCode":"en","districtName":""},{"cityName":"Majdul","countryName":"Libyan Arab","localeCode":"en","districtName":""},{"cityName":"Maghwah","countryName":"Libyan Arab","localeCode":"en","districtName":""},{"cityName":"Ma`fan","countryName":"Libyan Arab","localeCode":"en","districtName":""},{"cityName":"Madrusah","countryName":"Libyan Arab","localeCode":"en","districtName":""},{"cityName":"Kiklah","countryName":"Libyan Arab","localeCode":"en","districtName":""},{"cityName":"Ki`am","countryName":"Libyan Arab","localeCode":"en","districtName":""},{"cityName":"Khulayf","countryName":"Libyan Arab","localeCode":"en","districtName":""},{"cityName":"Kammun","countryName":"Libyan Arab","localeCode":"en","districtName":""},{"cityName":"Kabaw","countryName":"Libyan Arab","localeCode":"en","districtName":""},{"cityName":"Qaryat Jital","countryName":"Libyan Arab","localeCode":"en","districtName":""},{"cityName":"Jaruthah","countryName":"Libyan Arab","localeCode":"en","districtName":""},{"cityName":"Jarmah","countryName":"Libyan Arab","localeCode":"en","districtName":""},{"cityName":"Janzur","countryName":"Libyan Arab","localeCode":"en","districtName":""},{"cityName":"Jannawan","countryName":"Libyan Arab","localeCode":"en","districtName":""},{"cityName":"Jandubah","countryName":"Libyan Arab","localeCode":"en","districtName":""},{"cityName":"Jammarah","countryName":"Libyan Arab","localeCode":"en","districtName":""},{"cityName":"Giado","countryName":"Libyan Arab","localeCode":"en","districtName":""},{"cityName":"Jadda'im","countryName":"Libyan Arab","localeCode":"en","districtName":""},{"cityName":"Irmabhat az Zintan","countryName":"Libyan Arab","localeCode":"en","districtName":""},{"cityName":"Iner","countryName":"Libyan Arab","localeCode":"en","districtName":""},{"cityName":"Hun","countryName":"Libyan Arab","localeCode":"en","districtName":""},{"cityName":"Hummayrah","countryName":"Libyan Arab","localeCode":"en","districtName":""},{"cityName":"Hijarah","countryName":"Libyan Arab","localeCode":"en","districtName":""},{"cityName":"Heg' Hagel","countryName":"Libyan Arab","localeCode":"en","districtName":""},{"cityName":"Hayy al Andalus","countryName":"Libyan Arab","localeCode":"en","districtName":""},{"cityName":"Hawsh Warid","countryName":"Libyan Arab","localeCode":"en","districtName":""},{"cityName":"Hawsh ash Shuwayyim","countryName":"Libyan Arab","localeCode":"en","districtName":""},{"cityName":"Harqah","countryName":"Libyan Arab","localeCode":"en","districtName":""},{"cityName":"Zawiya","countryName":"Libyan Arab","localeCode":"en","districtName":""},{"cityName":"Ghuram","countryName":"Libyan Arab","localeCode":"en","districtName":""},{"cityName":"Ghawat","countryName":"Libyan Arab","localeCode":"en","districtName":""},{"cityName":"Ghat","countryName":"Libyan Arab","localeCode":"en","districtName":""},{"cityName":"Gharyan","countryName":"Libyan Arab","localeCode":"en","districtName":""},{"cityName":"Ghadduwah","countryName":"Libyan Arab","localeCode":"en","districtName":""},{"cityName":"Ghadamis","countryName":"Libyan Arab","localeCode":"en","districtName":""},{"cityName":"Garagara","countryName":"Libyan Arab","localeCode":"en","districtName":""},{"cityName":"Funqul","countryName":"Libyan Arab","localeCode":"en","districtName":""},{"cityName":"Funduq Tarbanah","countryName":"Libyan Arab","localeCode":"en","districtName":""},{"cityName":"Funduq ash Shaybani","countryName":"Libyan Arab","localeCode":"en","districtName":""},{"cityName":"Funduq an Naqqazah","countryName":"Libyan Arab","localeCode":"en","districtName":""},{"cityName":"Funduq al Jahsh","countryName":"Libyan Arab","localeCode":"en","districtName":""},{"cityName":"Funduq al `Allus","countryName":"Libyan Arab","localeCode":"en","districtName":""},{"cityName":"Faysalan","countryName":"Libyan Arab","localeCode":"en","districtName":""},{"cityName":"Fasatah","countryName":"Libyan Arab","localeCode":"en","districtName":""},{"cityName":"Farwah","countryName":"Libyan Arab","localeCode":"en","districtName":""},{"cityName":"`Eoj Wahs","countryName":"Libyan Arab","localeCode":"en","districtName":""},{"cityName":"Emi Madema","countryName":"Libyan Arab","localeCode":"en","districtName":""},{"cityName":"Dushin","countryName":"Libyan Arab","localeCode":"en","districtName":""},{"cityName":"Dulaym","countryName":"Libyan Arab","localeCode":"en","districtName":""},{"cityName":"Dujal","countryName":"Libyan Arab","localeCode":"en","districtName":""},{"cityName":"Dirj","countryName":"Libyan Arab","localeCode":"en","districtName":""},{"cityName":"Dashrah","countryName":"Libyan Arab","localeCode":"en","districtName":""},{"cityName":"Dannun","countryName":"Libyan Arab","localeCode":"en","districtName":""},{"cityName":"Dahman","countryName":"Libyan Arab","localeCode":"en","districtName":""},{"cityName":"Dabdab","countryName":"Libyan Arab","localeCode":"en","districtName":""},{"cityName":"Curni Ebredaa","countryName":"Libyan Arab","localeCode":"en","districtName":""},{"cityName":"Bu Sittah","countryName":"Libyan Arab","localeCode":"en","districtName":""},{"cityName":"Burayk","countryName":"Libyan Arab","localeCode":"en","districtName":""},{"cityName":"Buqayqilah","countryName":"Libyan Arab","localeCode":"en","districtName":""},{"cityName":"Bu Jabalayn","countryName":"Libyan Arab","localeCode":"en","districtName":""},{"cityName":"Bu Ghaylan","countryName":"Libyan Arab","localeCode":"en","districtName":""},{"cityName":"Bu'ayrat al Hasun","countryName":"Libyan Arab","localeCode":"en","districtName":""},{"cityName":"Bu al Ashhar","countryName":"Libyan Arab","localeCode":"en","districtName":""},{"cityName":"Bishr","countryName":"Libyan Arab","localeCode":"en","districtName":""},{"cityName":"Bi'r Dufan","countryName":"Libyan Arab","localeCode":"en","districtName":""},{"cityName":"Bi'r `Ayyad","countryName":"Libyan Arab","localeCode":"en","districtName":""},{"cityName":"Bi'r al Ghanam","countryName":"Libyan Arab","localeCode":"en","districtName":""},{"cityName":"Birak","countryName":"Libyan Arab","localeCode":"en","districtName":""},{"cityName":"Bi'r Abu al Ghurab","countryName":"Libyan Arab","localeCode":"en","districtName":""},{"cityName":"Bin Yahya","countryName":"Libyan Arab","localeCode":"en","districtName":""},{"cityName":"Bin Jawwad","countryName":"Libyan Arab","localeCode":"en","districtName":""},{"cityName":"Bin Ghashir","countryName":"Libyan Arab","localeCode":"en","districtName":""},{"cityName":"Barqin","countryName":"Libyan Arab","localeCode":"en","districtName":""},{"cityName":"Barqawi","countryName":"Libyan Arab","localeCode":"en","districtName":""},{"cityName":"Barashin","countryName":"Libyan Arab","localeCode":"en","districtName":""},{"cityName":"Baqqalah","countryName":"Libyan Arab","localeCode":"en","districtName":""},{"cityName":"Bani Yakhlaf","countryName":"Libyan Arab","localeCode":"en","districtName":""},{"cityName":"Bani Wazir","countryName":"Libyan Arab","localeCode":"en","districtName":""},{"cityName":"Bani Walid","countryName":"Libyan Arab","localeCode":"en","districtName":""},{"cityName":"Baldat Tuqtah","countryName":"Libyan Arab","localeCode":"en","districtName":""},{"cityName":"Baldat Raqraq","countryName":"Libyan Arab","localeCode":"en","districtName":""},{"cityName":"Baldat Jurayjin","countryName":"Libyan Arab","localeCode":"en","districtName":""},{"cityName":"Baldat Diqqi","countryName":"Libyan Arab","localeCode":"en","districtName":""},{"cityName":"Baldat Awlad Milad","countryName":"Libyan Arab","localeCode":"en","districtName":""},{"cityName":"Baldat al `Uqaybah","countryName":"Libyan Arab","localeCode":"en","districtName":""},{"cityName":"Baldat al `Umyan","countryName":"Libyan Arab","localeCode":"en","districtName":""},{"cityName":"Baldat al Qawasim","countryName":"Libyan Arab","localeCode":"en","districtName":""},{"cityName":"Baldat al Kurumah","countryName":"Libyan Arab","localeCode":"en","districtName":""},{"cityName":"Baldat ad Duwayb","countryName":"Libyan Arab","localeCode":"en","districtName":""},{"cityName":"Badr","countryName":"Libyan Arab","localeCode":"en","districtName":""},{"cityName":"Bab Tajura'","countryName":"Libyan Arab","localeCode":"en","districtName":""},{"cityName":"Bab Qarqarish","countryName":"Libyan Arab","localeCode":"en","districtName":""},{"cityName":"Bab `Akkarah","countryName":"Libyan Arab","localeCode":"en","districtName":""},{"cityName":"Az Zuwayyah","countryName":"Libyan Arab","localeCode":"en","districtName":""},{"cityName":"Az Zurqan","countryName":"Libyan Arab","localeCode":"en","districtName":""},{"cityName":"Az Zintan","countryName":"Libyan Arab","localeCode":"en","districtName":""},{"cityName":"Az Zighan","countryName":"Libyan Arab","localeCode":"en","districtName":""},{"cityName":"Az Zaytunah","countryName":"Libyan Arab","localeCode":"en","districtName":""},{"cityName":"Zarruq","countryName":"Libyan Arab","localeCode":"en","districtName":""},{"cityName":"Az Zarqan","countryName":"Libyan Arab","localeCode":"en","districtName":""},{"cityName":"Az Zamamiqah","countryName":"Libyan Arab","localeCode":"en","districtName":""},{"cityName":"Az Zahra'","countryName":"Libyan Arab","localeCode":"en","districtName":""},{"cityName":"`Ayn Zarah","countryName":"Libyan Arab","localeCode":"en","districtName":""},{"cityName":"`Ayn al Ghazaya","countryName":"Libyan Arab","localeCode":"en","districtName":""},{"cityName":"Awlad Yusuf","countryName":"Libyan Arab","localeCode":"en","districtName":""},{"cityName":"Awlad Yahya","countryName":"Libyan Arab","localeCode":"en","districtName":""},{"cityName":"Awlad Sidi Khalifah","countryName":"Libyan Arab","localeCode":"en","districtName":""},{"cityName":"Awlad Salim","countryName":"Libyan Arab","localeCode":"en","districtName":""},{"cityName":"Awlad Sa`id","countryName":"Libyan Arab","localeCode":"en","districtName":""},{"cityName":"Awlad Rayyan","countryName":"Libyan Arab","localeCode":"en","districtName":""},{"cityName":"Awlad Qalasi","countryName":"Libyan Arab","localeCode":"en","districtName":""},{"cityName":"Awlad Mushad","countryName":"Libyan Arab","localeCode":"en","districtName":""},{"cityName":"Awlad Mudif","countryName":"Libyan Arab","localeCode":"en","districtName":""},{"cityName":"Awlad Mas`ud","countryName":"Libyan Arab","localeCode":"en","districtName":""},{"cityName":"Awlad Mansur","countryName":"Libyan Arab","localeCode":"en","districtName":""},{"cityName":"Awlad Mahmud","countryName":"Libyan Arab","localeCode":"en","districtName":""},{"cityName":"Awlad Khalifah","countryName":"Libyan Arab","localeCode":"en","districtName":""},{"cityName":"Awlad Khalaf Allah","countryName":"Libyan Arab","localeCode":"en","districtName":""},{"cityName":"Awlad Jarbu`","countryName":"Libyan Arab","localeCode":"en","districtName":""},{"cityName":"Awlad Jabir","countryName":"Libyan Arab","localeCode":"en","districtName":""},{"cityName":"Awlad `Isa","countryName":"Libyan Arab","localeCode":"en","districtName":""},{"cityName":"Awlad `Inan","countryName":"Libyan Arab","localeCode":"en","districtName":""},{"cityName":"Awlad Hamid","countryName":"Libyan Arab","localeCode":"en","districtName":""},{"cityName":"Awlad Hamad","countryName":"Libyan Arab","localeCode":"en","districtName":""},{"cityName":"Awlad Bu Ra's","countryName":"Libyan Arab","localeCode":"en","districtName":""},{"cityName":"Awlad Bu Jadid","countryName":"Libyan Arab","localeCode":"en","districtName":""},{"cityName":"Awlad Bin Ya`qub","countryName":"Libyan Arab","localeCode":"en","districtName":""},{"cityName":"Awlad Bin Ahmad","countryName":"Libyan Arab","localeCode":"en","districtName":""},{"cityName":"Awlad Badr","countryName":"Libyan Arab","localeCode":"en","districtName":""},{"cityName":"Awlad `Azzam","countryName":"Libyan Arab","localeCode":"en","districtName":""},{"cityName":"Awlad `Atiyah","countryName":"Libyan Arab","localeCode":"en","districtName":""},{"cityName":"Awlad `Ali Bu al Qasim","countryName":"Libyan Arab","localeCode":"en","districtName":""},{"cityName":"Awlad `Ali","countryName":"Libyan Arab","localeCode":"en","districtName":""},{"cityName":"Awlad Abu Suhayyirah","countryName":"Libyan Arab","localeCode":"en","districtName":""},{"cityName":"Awlad Abu Salamah","countryName":"Libyan Arab","localeCode":"en","districtName":""},{"cityName":"Awlad `Abd al Mawla","countryName":"Libyan Arab","localeCode":"en","districtName":""},{"cityName":"Awlad `Abd Allah","countryName":"Libyan Arab","localeCode":"en","districtName":""},{"cityName":"Awlad `Abd al Jalil","countryName":"Libyan Arab","localeCode":"en","districtName":""},{"cityName":"Awlad `Abd al `Aziz `Inan","countryName":"Libyan Arab","localeCode":"en","districtName":""},{"cityName":"Awlad `Abd ad Da'im","countryName":"Libyan Arab","localeCode":"en","districtName":""},{"cityName":"Awbari","countryName":"Libyan Arab","localeCode":"en","districtName":""},{"cityName":"At Tuwaybiyah","countryName":"Libyan Arab","localeCode":"en","districtName":""},{"cityName":"At Taribjah","countryName":"Libyan Arab","localeCode":"en","districtName":""},{"cityName":"At Tanahma","countryName":"Libyan Arab","localeCode":"en","districtName":""},{"cityName":"At Tala'i`iyah","countryName":"Libyan Arab","localeCode":"en","districtName":""},{"cityName":"Asyadi al `Amariyin","countryName":"Libyan Arab","localeCode":"en","districtName":""},{"cityName":"As Sultan","countryName":"Libyan Arab","localeCode":"en","districtName":""},{"cityName":"As Subaytat","countryName":"Libyan Arab","localeCode":"en","districtName":""},{"cityName":"As Snudi","countryName":"Libyan Arab","localeCode":"en","districtName":""},{"cityName":"As Sidrah","countryName":"Libyan Arab","localeCode":"en","districtName":""},{"cityName":"As Sawani","countryName":"Libyan Arab","localeCode":"en","districtName":""},{"cityName":"As Sawa`idiyah","countryName":"Libyan Arab","localeCode":"en","districtName":""},{"cityName":"As Sawadinah","countryName":"Libyan Arab","localeCode":"en","districtName":""},{"cityName":"As Saqa'if","countryName":"Libyan Arab","localeCode":"en","districtName":""},{"cityName":"As Salamat","countryName":"Libyan Arab","localeCode":"en","districtName":""},{"cityName":"As Salihat","countryName":"Libyan Arab","localeCode":"en","districtName":""},{"cityName":"As Sidadah","countryName":"Libyan Arab","localeCode":"en","districtName":""},{"cityName":"As Sabiriyah","countryName":"Libyan Arab","localeCode":"en","districtName":""},{"cityName":"Ash Shuwayrif","countryName":"Libyan Arab","localeCode":"en","districtName":""},{"cityName":"Ash Shuruf","countryName":"Libyan Arab","localeCode":"en","districtName":""},{"cityName":"Ash Shiyab","countryName":"Libyan Arab","localeCode":"en","districtName":""},{"cityName":"Ash Shi`taf","countryName":"Libyan Arab","localeCode":"en","districtName":""},{"cityName":"Ash Shi`afiyin","countryName":"Libyan Arab","localeCode":"en","districtName":""},{"cityName":"Ash Shaykh Bu `Ujaylah","countryName":"Libyan Arab","localeCode":"en","districtName":""},{"cityName":"Ash Shawati","countryName":"Libyan Arab","localeCode":"en","districtName":""},{"cityName":"Ash Sharsharah","countryName":"Libyan Arab","localeCode":"en","districtName":""},{"cityName":"Ash Shaqqi","countryName":"Libyan Arab","localeCode":"en","districtName":""},{"cityName":"Ash Shaqarinah","countryName":"Libyan Arab","localeCode":"en","districtName":""},{"cityName":"Ash Sha`biniyah","countryName":"Libyan Arab","localeCode":"en","districtName":""},{"cityName":"Ash Shabari","countryName":"Libyan Arab","localeCode":"en","districtName":""},{"cityName":"Ashkidah","countryName":"Libyan Arab","localeCode":"en","districtName":""},{"cityName":"Asbi`ah","countryName":"Libyan Arab","localeCode":"en","districtName":""},{"cityName":"Ar Rumiyah","countryName":"Libyan Arab","localeCode":"en","districtName":""},{"cityName":"Ar Rujban","countryName":"Libyan Arab","localeCode":"en","districtName":""},{"cityName":"Ar Ruhaybat","countryName":"Libyan Arab","localeCode":"en","districtName":""},{"cityName":"Ar Rayayinah","countryName":"Libyan Arab","localeCode":"en","districtName":""},{"cityName":"Ar Raqabah","countryName":"Libyan Arab","localeCode":"en","districtName":""},{"cityName":"Ar Rajubat","countryName":"Libyan Arab","localeCode":"en","districtName":""},{"cityName":"Ar Raheba","countryName":"Libyan Arab","localeCode":"en","districtName":""},{"cityName":"Ar Rabitah","countryName":"Libyan Arab","localeCode":"en","districtName":""},{"cityName":"`Aqqar","countryName":"Libyan Arab","localeCode":"en","districtName":""},{"cityName":"Aqar `Atabah","countryName":"Libyan Arab","localeCode":"en","districtName":""},{"cityName":"Agar","countryName":"Libyan Arab","localeCode":"en","districtName":""},{"cityName":"Anzu","countryName":"Libyan Arab","localeCode":"en","districtName":""},{"cityName":"An Nusf","countryName":"Libyan Arab","localeCode":"en","districtName":""},{"cityName":"An Nawfaliyah","countryName":"Libyan Arab","localeCode":"en","districtName":""},{"cityName":"An Nasiriyah","countryName":"Libyan Arab","localeCode":"en","districtName":""},{"cityName":"An Naqur","countryName":"Libyan Arab","localeCode":"en","districtName":""},{"cityName":"An Nakhlayn","countryName":"Libyan Arab","localeCode":"en","districtName":""},{"cityName":"Anay","countryName":"Libyan Arab","localeCode":"en","districtName":""},{"cityName":"Amzir","countryName":"Libyan Arab","localeCode":"en","districtName":""},{"cityName":"Al Ya`aqib","countryName":"Libyan Arab","localeCode":"en","districtName":""},{"cityName":"Al Wigh","countryName":"Libyan Arab","localeCode":"en","districtName":""},{"cityName":"Al Watiyah","countryName":"Libyan Arab","localeCode":"en","districtName":""},{"cityName":"Al `Urqub","countryName":"Libyan Arab","localeCode":"en","districtName":""},{"cityName":"Al `Urban","countryName":"Libyan Arab","localeCode":"en","districtName":""},{"cityName":"Al `Uqaylah","countryName":"Libyan Arab","localeCode":"en","districtName":""},{"cityName":"Al `Ujaylat","countryName":"Libyan Arab","localeCode":"en","districtName":""},{"cityName":"Al `Ubayyat","countryName":"Libyan Arab","localeCode":"en","districtName":""},{"cityName":"Al Qusayr","countryName":"Libyan Arab","localeCode":"en","districtName":""},{"cityName":"Al Qusay`ah","countryName":"Libyan Arab","localeCode":"en","districtName":""},{"cityName":"Al Qurdah","countryName":"Libyan Arab","localeCode":"en","districtName":""},{"cityName":"Al Quradiyin","countryName":"Libyan Arab","localeCode":"en","districtName":""},{"cityName":"Al Qawati","countryName":"Libyan Arab","localeCode":"en","districtName":""},{"cityName":"Al Qawasim","countryName":"Libyan Arab","localeCode":"en","districtName":""},{"cityName":"Al Qatrun","countryName":"Libyan Arab","localeCode":"en","districtName":""},{"cityName":"Al Qasabat","countryName":"Libyan Arab","localeCode":"en","districtName":""},{"cityName":"Al Qaryah ash Sharqiyah","countryName":"Libyan Arab","localeCode":"en","districtName":""},{"cityName":"Al Qaryah al Gharbiyah","countryName":"Libyan Arab","localeCode":"en","districtName":""},{"cityName":"Al Qaraya","countryName":"Libyan Arab","localeCode":"en","districtName":""},{"cityName":"Al Qanafidh","countryName":"Libyan Arab","localeCode":"en","districtName":""},{"cityName":"Al Qal`ah","countryName":"Libyan Arab","localeCode":"en","districtName":""},{"cityName":"Al Qahasat","countryName":"Libyan Arab","localeCode":"en","districtName":""},{"cityName":"Al Qaddahiyah","countryName":"Libyan Arab","localeCode":"en","districtName":""},{"cityName":"Al Qabil","countryName":"Libyan Arab","localeCode":"en","districtName":""},{"cityName":"Al Mutrad","countryName":"Libyan Arab","localeCode":"en","districtName":""},{"cityName":"Al Mayah","countryName":"Libyan Arab","localeCode":"en","districtName":""},{"cityName":"Al Masufiyin","countryName":"Libyan Arab","localeCode":"en","districtName":""},{"cityName":"Al Mashwashin","countryName":"Libyan Arab","localeCode":"en","districtName":""},{"cityName":"Al Mashashitah","countryName":"Libyan Arab","localeCode":"en","districtName":""},{"cityName":"Al Maqasibah al Qibliyah","countryName":"Libyan Arab","localeCode":"en","districtName":""},{"cityName":"Al Maqasibah al Bahriyah","countryName":"Libyan Arab","localeCode":"en","districtName":""},{"cityName":"Al Manasir","countryName":"Libyan Arab","localeCode":"en","districtName":""},{"cityName":"Al Ma`murah","countryName":"Libyan Arab","localeCode":"en","districtName":""},{"cityName":"Al Mallahah al Gharbiyah","countryName":"Libyan Arab","localeCode":"en","districtName":""},{"cityName":"Al Mallahah al Bahriyah","countryName":"Libyan Arab","localeCode":"en","districtName":""},{"cityName":"Al Malaqi","countryName":"Libyan Arab","localeCode":"en","districtName":""},{"cityName":"Al Majabirah","countryName":"Libyan Arab","localeCode":"en","districtName":""},{"cityName":"Al Mahruqah","countryName":"Libyan Arab","localeCode":"en","districtName":""},{"cityName":"Al Mahjub","countryName":"Libyan Arab","localeCode":"en","districtName":""},{"cityName":"Al Maghasil","countryName":"Libyan Arab","localeCode":"en","districtName":""},{"cityName":"Al Magharibah","countryName":"Libyan Arab","localeCode":"en","districtName":""},{"cityName":"Al Lamamish","countryName":"Libyan Arab","localeCode":"en","districtName":""},{"cityName":"Al La`aqib","countryName":"Libyan Arab","localeCode":"en","districtName":""},{"cityName":"Al Kulaybah","countryName":"Libyan Arab","localeCode":"en","districtName":""},{"cityName":"Al Khums","countryName":"Libyan Arab","localeCode":"en","districtName":""},{"cityName":"Al Khirbah","countryName":"Libyan Arab","localeCode":"en","districtName":""},{"cityName":"Al Khazur","countryName":"Libyan Arab","localeCode":"en","districtName":""},{"cityName":"Al Khara'iq","countryName":"Libyan Arab","localeCode":"en","districtName":""},{"cityName":"Al Khala'ifah","countryName":"Libyan Arab","localeCode":"en","districtName":""},{"cityName":"Al Khadra'","countryName":"Libyan Arab","localeCode":"en","districtName":""},{"cityName":"Al Kashalifah","countryName":"Libyan Arab","localeCode":"en","districtName":""},{"cityName":"Al Karmah","countryName":"Libyan Arab","localeCode":"en","districtName":""},{"cityName":"Al Kararim","countryName":"Libyan Arab","localeCode":"en","districtName":""},{"cityName":"Al Jumayl","countryName":"Libyan Arab","localeCode":"en","districtName":""},{"cityName":"Al Jum`ah","countryName":"Libyan Arab","localeCode":"en","districtName":""},{"cityName":"Al Juhaysh","countryName":"Libyan Arab","localeCode":"en","districtName":""},{"cityName":"Al Jawsh as Saghir","countryName":"Libyan Arab","localeCode":"en","districtName":""},{"cityName":"Al Jawsh al Kabir","countryName":"Libyan Arab","localeCode":"en","districtName":""},{"cityName":"Al Jawsh","countryName":"Libyan Arab","localeCode":"en","districtName":""},{"cityName":"Al Jawahiliyah","countryName":"Libyan Arab","localeCode":"en","districtName":""},{"cityName":"Al Jadid","countryName":"Libyan Arab","localeCode":"en","districtName":""},{"cityName":"Al Ja`afirah","countryName":"Libyan Arab","localeCode":"en","districtName":""},{"cityName":"Al Huwayjat","countryName":"Libyan Arab","localeCode":"en","districtName":""},{"cityName":"Al Hurshah","countryName":"Libyan Arab","localeCode":"en","districtName":""},{"cityName":"Al Hayshah","countryName":"Libyan Arab","localeCode":"en","districtName":""},{"cityName":"Al Hawamid","countryName":"Libyan Arab","localeCode":"en","districtName":""},{"cityName":"Al Hatiyah","countryName":"Libyan Arab","localeCode":"en","districtName":""},{"cityName":"Al Hashiyah al Hamra'","countryName":"Libyan Arab","localeCode":"en","districtName":""},{"cityName":"Al Harabah","countryName":"Libyan Arab","localeCode":"en","districtName":""},{"cityName":"Al Hanshir","countryName":"Libyan Arab","localeCode":"en","districtName":""},{"cityName":"Al Hamra'","countryName":"Libyan Arab","localeCode":"en","districtName":""},{"cityName":"Al Hamidiyah","countryName":"Libyan Arab","localeCode":"en","districtName":""},{"cityName":"Al Halamah","countryName":"Libyan Arab","localeCode":"en","districtName":""},{"cityName":"Al Hajarah","countryName":"Libyan Arab","localeCode":"en","districtName":""},{"cityName":"Al Hadari`ah","countryName":"Libyan Arab","localeCode":"en","districtName":""},{"cityName":"Al Ghurayfah","countryName":"Libyan Arab","localeCode":"en","districtName":""},{"cityName":"Al Ghuraybat","countryName":"Libyan Arab","localeCode":"en","districtName":""},{"cityName":"Al Ghiran","countryName":"Libyan Arab","localeCode":"en","districtName":""},{"cityName":"Al Ghazzabiyah","countryName":"Libyan Arab","localeCode":"en","districtName":""},{"cityName":"Al Fuqar","countryName":"Libyan Arab","localeCode":"en","districtName":""},{"cityName":"Al Fuqaha'","countryName":"Libyan Arab","localeCode":"en","districtName":""},{"cityName":"Al Fujayj","countryName":"Libyan Arab","localeCode":"en","districtName":""},{"cityName":"Al Fawatir","countryName":"Libyan Arab","localeCode":"en","districtName":""},{"cityName":"Al Fawadil","countryName":"Libyan Arab","localeCode":"en","districtName":""},{"cityName":"Al Fatih","countryName":"Libyan Arab","localeCode":"en","districtName":""},{"cityName":"Al Buhur","countryName":"Libyan Arab","localeCode":"en","districtName":""},{"cityName":"Al Baydan","countryName":"Libyan Arab","localeCode":"en","districtName":""},{"cityName":"Al Bayatinah","countryName":"Libyan Arab","localeCode":"en","districtName":""},{"cityName":"Al Barahimah","countryName":"Libyan Arab","localeCode":"en","districtName":""},{"cityName":"Al Bakki","countryName":"Libyan Arab","localeCode":"en","districtName":""},{"cityName":"Al Bakhabikhah","countryName":"Libyan Arab","localeCode":"en","districtName":""},{"cityName":"Al Badr","countryName":"Libyan Arab","localeCode":"en","districtName":""},{"cityName":"Al 'Aziziyah","countryName":"Libyan Arab","localeCode":"en","districtName":""},{"cityName":"Al `Assah","countryName":"Libyan Arab","localeCode":"en","districtName":""},{"cityName":"Al Asabi`ah","countryName":"Libyan Arab","localeCode":"en","districtName":""},{"cityName":"Al `Amamirah","countryName":"Libyan Arab","localeCode":"en","districtName":""},{"cityName":"Al `Alawinah","countryName":"Libyan Arab","localeCode":"en","districtName":""},{"cityName":"Al Abyad","countryName":"Libyan Arab","localeCode":"en","districtName":""},{"cityName":"Ahl al Wadi","countryName":"Libyan Arab","localeCode":"en","districtName":""},{"cityName":"Idri","countryName":"Libyan Arab","localeCode":"en","districtName":""},{"cityName":"Ad Duwaysah","countryName":"Libyan Arab","localeCode":"en","districtName":""},{"cityName":"Ad Dayasir","countryName":"Libyan Arab","localeCode":"en","districtName":""},{"cityName":"Ad Dawun","countryName":"Libyan Arab","localeCode":"en","districtName":""},{"cityName":"Ad Dafiniyah","countryName":"Libyan Arab","localeCode":"en","districtName":""},{"cityName":"Abyar as Sababil","countryName":"Libyan Arab","localeCode":"en","districtName":""},{"cityName":"Abu Zayyan","countryName":"Libyan Arab","localeCode":"en","districtName":""},{"cityName":"Abu Salim","countryName":"Libyan Arab","localeCode":"en","districtName":""},{"cityName":"Abu Qurayn","countryName":"Libyan Arab","localeCode":"en","districtName":""},{"cityName":"Abu Nujaym","countryName":"Libyan Arab","localeCode":"en","districtName":""},{"cityName":"Bu Kammash","countryName":"Libyan Arab","localeCode":"en","districtName":""},{"cityName":"Abu `Isa","countryName":"Libyan Arab","localeCode":"en","districtName":""},{"cityName":"Abu Ghaylan","countryName":"Libyan Arab","localeCode":"en","districtName":""},{"cityName":"Abu ar Rish","countryName":"Libyan Arab","localeCode":"en","districtName":""},{"cityName":"Bani Yakhlif","countryName":"Libyan Arab","localeCode":"en","districtName":""},{"cityName":"Shahhat","countryName":"Libyan Arab","localeCode":"en","districtName":""},{"cityName":"Qasr Abu Hadi","countryName":"Libyan Arab","localeCode":"en","districtName":""},{"cityName":"Shahat","countryName":"Libyan Arab","localeCode":"en","districtName":""}]