[{"cityName":"Vorderschellenberg","countryName":"Liechtenstein","localeCode":"en","districtName":""},{"cityName":"Vaduz","countryName":"Liechtenstein","localeCode":"en","districtName":""},{"cityName":"Triesenberg","countryName":"Liechtenstein","localeCode":"en","districtName":""},{"cityName":"Triesen","countryName":"Liechtenstein","localeCode":"en","districtName":""},{"cityName":"Schellenberg","countryName":"Liechtenstein","localeCode":"en","districtName":""},{"cityName":"Schaanwald","countryName":"Liechtenstein","localeCode":"en","districtName":""},{"cityName":"Schaan","countryName":"Liechtenstein","localeCode":"en","districtName":""},{"cityName":"Ruggell","countryName":"Liechtenstein","localeCode":"en","districtName":""},{"cityName":"Planken","countryName":"Liechtenstein","localeCode":"en","districtName":""},{"cityName":"Nendeln","countryName":"Liechtenstein","localeCode":"en","districtName":""},{"cityName":"Mittlerschellenberg","countryName":"Liechtenstein","localeCode":"en","districtName":""},{"cityName":"Mauren","countryName":"Liechtenstein","localeCode":"en","districtName":""},{"cityName":"Hinterschellenberg","countryName":"Liechtenstein","localeCode":"en","districtName":""},{"cityName":"Gamprin","countryName":"Liechtenstein","localeCode":"en","districtName":""},{"cityName":"Eschen","countryName":"Liechtenstein","localeCode":"en","districtName":""},{"cityName":"Bendern","countryName":"Liechtenstein","localeCode":"en","districtName":""},{"cityName":"Balzers","countryName":"Liechtenstein","localeCode":"en","districtName":""},{"cityName":"Mals","countryName":"Liechtenstein","localeCode":"en","districtName":""},{"cityName":"Wangerberg","countryName":"Liechtenstein","localeCode":"en","districtName":""},{"cityName":"Sucka","countryName":"Liechtenstein","localeCode":"en","districtName":""},{"cityName":"Rotenboden","countryName":"Liechtenstein","localeCode":"en","districtName":""},{"cityName":"Silum","countryName":"Liechtenstein","localeCode":"en","districtName":""},{"cityName":"Masescha","countryName":"Liechtenstein","localeCode":"en","districtName":""},{"cityName":"Gaflei","countryName":"Liechtenstein","localeCode":"en","districtName":""},{"cityName":"Muhleholz","countryName":"Liechtenstein","localeCode":"en","districtName":""},{"cityName":"Ebenholz","countryName":"Liechtenstein","localeCode":"en","districtName":""},{"cityName":"Malbun","countryName":"Liechtenstein","localeCode":"en","districtName":""},{"cityName":"Steg","countryName":"Liechtenstein","localeCode":"en","districtName":""},{"cityName":"Lavadina","countryName":"Liechtenstein","localeCode":"en","districtName":""}]