[{"cityName":"Vorderschellenberg","countryName":"Liechtenstein"},{"cityName":"Vaduz","countryName":"Liechtenstein"},{"cityName":"Triesenberg","countryName":"Liechtenstein"},{"cityName":"Triesen","countryName":"Liechtenstein"},{"cityName":"Schellenberg","countryName":"Liechtenstein"},{"cityName":"Schaanwald","countryName":"Liechtenstein"},{"cityName":"Schaan","countryName":"Liechtenstein"},{"cityName":"Ruggell","countryName":"Liechtenstein"},{"cityName":"Planken","countryName":"Liechtenstein"},{"cityName":"Nendeln","countryName":"Liechtenstein"},{"cityName":"Mittlerschellenberg","countryName":"Liechtenstein"},{"cityName":"Mauren","countryName":"Liechtenstein"},{"cityName":"Hinterschellenberg","countryName":"Liechtenstein"},{"cityName":"Gamprin","countryName":"Liechtenstein"},{"cityName":"Eschen","countryName":"Liechtenstein"},{"cityName":"Bendern","countryName":"Liechtenstein"},{"cityName":"Balzers","countryName":"Liechtenstein"},{"cityName":"Mals","countryName":"Liechtenstein"},{"cityName":"Wangerberg","countryName":"Liechtenstein"},{"cityName":"Sucka","countryName":"Liechtenstein"},{"cityName":"Rotenboden","countryName":"Liechtenstein"},{"cityName":"Silum","countryName":"Liechtenstein"},{"cityName":"Masescha","countryName":"Liechtenstein"},{"cityName":"Gaflei","countryName":"Liechtenstein"},{"cityName":"Muhleholz","countryName":"Liechtenstein"},{"cityName":"Ebenholz","countryName":"Liechtenstein"},{"cityName":"Malbun","countryName":"Liechtenstein"},{"cityName":"Steg","countryName":"Liechtenstein"},{"cityName":"Lavadina","countryName":"Liechtenstein"}]