[{"cityName":"Marsaxlokk","countryName":"Malta"},{"cityName":"Zurrieq","countryName":"Malta"},{"cityName":"Zonqor","countryName":"Malta"},{"cityName":"Zejtun","countryName":"Malta"},{"cityName":"Zebbug","countryName":"Malta"},{"cityName":"Iz-Zebbiegh","countryName":"Malta"},{"cityName":"Zabbar","countryName":"Malta"},{"cityName":"Xrobb il-Ghagin","countryName":"Malta"},{"cityName":"Xghajra","countryName":"Malta"},{"cityName":"Xewkija","countryName":"Malta"},{"cityName":"Xaghra","countryName":"Malta"},{"cityName":"Wied l-Arkata","countryName":"Malta"},{"cityName":"Wied Ghammieq","countryName":"Malta"},{"cityName":"Wied Fulija","countryName":"Malta"},{"cityName":"Wardija Crossroads","countryName":"Malta"},{"cityName":"Valletta","countryName":"Malta"},{"cityName":"Taz-Zejt","countryName":"Malta"},{"cityName":"Ta' Xbiex","countryName":"Malta"},{"cityName":"Tas-Sienja","countryName":"Malta"},{"cityName":"Tas-Santi","countryName":"Malta"},{"cityName":"Tas-Samra","countryName":"Malta"},{"cityName":"Tas-Salvatur","countryName":"Malta"},{"cityName":"Ta' Sardina","countryName":"Malta"},{"cityName":"Ta' San Niklaw","countryName":"Malta"},{"cityName":"Ta' San Gwakkin","countryName":"Malta"},{"cityName":"Ta' San Girgor","countryName":"Malta"},{"cityName":"Tarxien","countryName":"Malta"},{"cityName":"Ta' Qali","countryName":"Malta"},{"cityName":"Ta' Mlit","countryName":"Malta"},{"cityName":"Tal-Vecca","countryName":"Malta"},{"cityName":"Tal-Pitkal","countryName":"Malta"},{"cityName":"Tal-Papa","countryName":"Malta"},{"cityName":"Tal-Palazz l-Ahmar","countryName":"Malta"},{"cityName":"Tal-Munxar","countryName":"Malta"},{"cityName":"Tal-Milord","countryName":"Malta"},{"cityName":"Tal-Merhla","countryName":"Malta"},{"cityName":"Tal-Mentna","countryName":"Malta"},{"cityName":"Tal-Mejda","countryName":"Malta"},{"cityName":"Tal-Liedna","countryName":"Malta"},{"cityName":"Tal-Liebru","countryName":"Malta"},{"cityName":"Tal-Kittienija","countryName":"Malta"},{"cityName":"Ta' l-Infetti","countryName":"Malta"},{"cityName":"Ta' l-Imghajjen","countryName":"Malta"},{"cityName":"Ta' l-Ibrag","countryName":"Malta"},{"cityName":"Tal-Hriereb","countryName":"Malta"},{"cityName":"Tal-Hlas","countryName":"Malta"},{"cityName":"Tal-Hawlija","countryName":"Malta"},{"cityName":"Tal-Handaq","countryName":"Malta"},{"cityName":"Tal-Hamrija","countryName":"Malta"},{"cityName":"Tal-Ghoqod","countryName":"Malta"},{"cityName":"Tal-Fulija","countryName":"Malta"},{"cityName":"Tal-Franciz","countryName":"Malta"},{"cityName":"Tal-Fieres","countryName":"Malta"},{"cityName":"Tal-Faqqani","countryName":"Malta"},{"cityName":"Tal-Borg","countryName":"Malta"},{"cityName":"Tal-Blata","countryName":"Malta"},{"cityName":"Tal-Barrani","countryName":"Malta"},{"cityName":"Tal-Barmil","countryName":"Malta"},{"cityName":"Tal-Bajjada","countryName":"Malta"},{"cityName":"Ta' l-Abatija","countryName":"Malta"},{"cityName":"Ta' Kandja","countryName":"Malta"},{"cityName":"Ta' Hida","countryName":"Malta"},{"cityName":"Ta' Haxxluq","countryName":"Malta"},{"cityName":"Ta' Hamet","countryName":"Malta"},{"cityName":"Ta' Gorgun","countryName":"Malta"},{"cityName":"Ta' Gokondu","countryName":"Malta"},{"cityName":"Tad-Dwieli","countryName":"Malta"},{"cityName":"Tad-Duluri","countryName":"Malta"},{"cityName":"Tad-Dawl","countryName":"Malta"},{"cityName":"Ta' Danieli","countryName":"Malta"},{"cityName":"Ta' Ceppuna","countryName":"Malta"},{"cityName":"Tac-Cawla","countryName":"Malta"},{"cityName":"Ta' Cantar","countryName":"Malta"},{"cityName":"Ta' Bullara","countryName":"Malta"},{"cityName":"Ta' Brared","countryName":"Malta"},{"cityName":"Ta' Bir Miftuh","countryName":"Malta"},{"cityName":"Ta' Abram","countryName":"Malta"},{"cityName":"Sliema","countryName":"Malta"},{"cityName":"Skorba","countryName":"Malta"},{"cityName":"Siggiewi","countryName":"Malta"},{"cityName":"Santu Rokku","countryName":"Malta"},{"cityName":"Santu Pietru","countryName":"Malta"},{"cityName":"Santa Venera","countryName":"Malta"},{"cityName":"Saint Lucia","countryName":"Malta"},{"cityName":"Santa Lucija","countryName":"Malta"},{"cityName":"San Pietru","countryName":"Malta"},{"cityName":"San Pawl Milqghi","countryName":"Malta"},{"cityName":"San Pawl il-Bahar","countryName":"Malta"},{"cityName":"Sannat","countryName":"Malta"},{"cityName":"San Leonardo","countryName":"Malta"},{"cityName":"San Lawrenz","countryName":"Malta"},{"cityName":"San Katald","countryName":"Malta"},{"cityName":"San Gwann tal-Gharghar","countryName":"Malta"},{"cityName":"San Giljan","countryName":"Malta"},{"cityName":"Safi","countryName":"Malta"},{"cityName":"Paola","countryName":"Malta"},{"cityName":"Victoria","countryName":"Malta"},{"cityName":"Rabat","countryName":"Malta"},{"cityName":"Qrendi","countryName":"Malta"},{"cityName":"Qormi","countryName":"Malta"},{"cityName":"Qbajjar","countryName":"Malta"},{"cityName":"Qawra","countryName":"Malta"},{"cityName":"Qala","countryName":"Malta"},{"cityName":"Pieta","countryName":"Malta"},{"cityName":"Nigred","countryName":"Malta"},{"cityName":"Naxxar","countryName":"Malta"},{"cityName":"Nadur","countryName":"Malta"},{"cityName":"Munxar","countryName":"Malta"},{"cityName":"Imtarfa","countryName":"Malta"},{"cityName":"Msierah","countryName":"Malta"},{"cityName":"Imsida","countryName":"Malta"},{"cityName":"Mrejzbiet","countryName":"Malta"},{"cityName":"Mqabba","countryName":"Malta"},{"cityName":"Mosta","countryName":"Malta"},{"cityName":"Mizieb","countryName":"Malta"},{"cityName":"Misrah Suffara","countryName":"Malta"},{"cityName":"Misrah Strejnu","countryName":"Malta"},{"cityName":"Misrah Miel","countryName":"Malta"},{"cityName":"Misrah Lewza","countryName":"Malta"},{"cityName":"Misrah Hlantun","countryName":"Malta"},{"cityName":"Minsija","countryName":"Malta"},{"cityName":"Mgarr","countryName":"Malta"},{"cityName":"Imgarr","countryName":"Malta"},{"cityName":"Mellieha","countryName":"Malta"},{"cityName":"Imdina","countryName":"Malta"},{"cityName":"Marsaskala","countryName":"Malta"},{"cityName":"Marsalforn","countryName":"Malta"},{"cityName":"Marsa","countryName":"Malta"},{"cityName":"Manikata","countryName":"Malta"},{"cityName":"Maghtab","countryName":"Malta"},{"cityName":"Il-Madliena","countryName":"Malta"},{"cityName":"Luqa","countryName":"Malta"},{"cityName":"L-Istabar","countryName":"Malta"},{"cityName":"Senglea","countryName":"Malta"},{"cityName":"L-Iskorvit","countryName":"Malta"},{"cityName":"L-Ingiered","countryName":"Malta"},{"cityName":"L-Imbordin","countryName":"Malta"},{"cityName":"L-Iklin","countryName":"Malta"},{"cityName":"Lija","countryName":"Malta"},{"cityName":"L-Armier","countryName":"Malta"},{"cityName":"L-Andrijiet","countryName":"Malta"},{"cityName":"Kordin","countryName":"Malta"},{"cityName":"Kirkop","countryName":"Malta"},{"cityName":"Kercem","countryName":"Malta"},{"cityName":"Kalkara","countryName":"Malta"},{"cityName":"Kalafrana","countryName":"Malta"},{"cityName":"Ix-Xlejli","countryName":"Malta"},{"cityName":"Ix-Xghajriet","countryName":"Malta"},{"cityName":"Ix-Xaghra ta' l-Isqof","countryName":"Malta"},{"cityName":"Ix-Xaghra l-Hamra","countryName":"Malta"},{"cityName":"Swieqi","countryName":"Malta"},{"cityName":"Is-Swatar","countryName":"Malta"},{"cityName":"Is-Simblija","countryName":"Malta"},{"cityName":"Is-Sellum","countryName":"Malta"},{"cityName":"In-Nahhalija","countryName":"Malta"},{"cityName":"Il-Wilga","countryName":"Malta"},{"cityName":"Il-Wileg","countryName":"Malta"},{"cityName":"Il-Qattara","countryName":"Malta"},{"cityName":"Il-Qajjenza","countryName":"Malta"},{"cityName":"Il-Pergla","countryName":"Malta"},{"cityName":"Il-Palma","countryName":"Malta"},{"cityName":"Il-Mizieb","countryName":"Malta"},{"cityName":"Il-Minzel","countryName":"Malta"},{"cityName":"Il-Mielah","countryName":"Malta"},{"cityName":"Il-Kappara","countryName":"Malta"},{"cityName":"Il-Hofra","countryName":"Malta"},{"cityName":"Il-Hamrija","countryName":"Malta"},{"cityName":"Il-Hamra","countryName":"Malta"},{"cityName":"Il-Hammieri","countryName":"Malta"},{"cityName":"Gzira","countryName":"Malta"},{"cityName":"Il- Gzira","countryName":"Malta"},{"cityName":"Floriana","countryName":"Malta"},{"cityName":"Il-Fawwara","countryName":"Malta"},{"cityName":"Il-Bwieraq","countryName":"Malta"},{"cityName":"Il-Brolli","countryName":"Malta"},{"cityName":"Vittoriosa","countryName":"Malta"},{"cityName":"Il-Bidni","countryName":"Malta"},{"cityName":"Id-Dahar","countryName":"Malta"},{"cityName":"Hofret ir-Rizz","countryName":"Malta"},{"cityName":"Has-Sajd","countryName":"Malta"},{"cityName":"Hamrun","countryName":"Malta"},{"cityName":"Hal Saflieni","countryName":"Malta"},{"cityName":"Halq Dieri","countryName":"Malta"},{"cityName":"Hal Muxi","countryName":"Malta"},{"cityName":"Hal Mula","countryName":"Malta"},{"cityName":"Hal-Lew","countryName":"Malta"},{"cityName":"Hal Ginwi","countryName":"Malta"},{"cityName":"Hal Dwin","countryName":"Malta"},{"cityName":"Hal-Bajjada","countryName":"Malta"},{"cityName":"Gwardamanga","countryName":"Malta"},{"cityName":"Gudja","countryName":"Malta"},{"cityName":"Gnien il-Kbir","countryName":"Malta"},{"cityName":"Ghemieri","countryName":"Malta"},{"cityName":"Ghaxaq","countryName":"Malta"},{"cityName":"Ghasri","countryName":"Malta"},{"cityName":"Ghar Ram","countryName":"Malta"},{"cityName":"Ghar Mundu","countryName":"Malta"},{"cityName":"Gharghur","countryName":"Malta"},{"cityName":"Gharb","countryName":"Malta"},{"cityName":"Ghammieri","countryName":"Malta"},{"cityName":"Ghammar","countryName":"Malta"},{"cityName":"Il-Qortin ta' Ghajn Zejtuna","countryName":"Malta"},{"cityName":"Ghajn Zejtuna","countryName":"Malta"},{"cityName":"Ghajn Tuffieha","countryName":"Malta"},{"cityName":"Ghajnsielem","countryName":"Malta"},{"cityName":"Ghajn Qajjied","countryName":"Malta"},{"cityName":"Ghajn Mhelhel","countryName":"Malta"},{"cityName":"Ghajn Klieb","countryName":"Malta"},{"cityName":"Ghajn il-Kbira","countryName":"Malta"},{"cityName":"Ghajn Dwieli","countryName":"Malta"},{"cityName":"Fleur de Lys","countryName":"Malta"},{"cityName":"Fgura","countryName":"Malta"},{"cityName":"Erba' Mwiezeb","countryName":"Malta"},{"cityName":"Dwejra","countryName":"Malta"},{"cityName":"Dingli","countryName":"Malta"},{"cityName":"Delimara","countryName":"Malta"},{"cityName":"Busugrilla","countryName":"Malta"},{"cityName":"Bur Marrad","countryName":"Malta"},{"cityName":"Bur Maghtab","countryName":"Malta"},{"cityName":"Buleben iz-Zghir","countryName":"Malta"},{"cityName":"Buleben il-Kbir","countryName":"Malta"},{"cityName":"Bugibba","countryName":"Malta"},{"cityName":"Bubaqra","countryName":"Malta"},{"cityName":"Cospicua","countryName":"Malta"},{"cityName":"Borg in-Nadur","countryName":"Malta"},{"cityName":"Biskra","countryName":"Malta"},{"cityName":"Birzebbuga","countryName":"Malta"},{"cityName":"Birkirkara","countryName":"Malta"},{"cityName":"Bir id-Deheb","countryName":"Malta"},{"cityName":"Birbuba","countryName":"Malta"},{"cityName":"Bingemma","countryName":"Malta"},{"cityName":"Bezbezija","countryName":"Malta"},{"cityName":"Benghisa","countryName":"Malta"},{"cityName":"Balzan","countryName":"Malta"},{"cityName":"Bahar ic-Caghaq","countryName":"Malta"},{"cityName":"Attard","countryName":"Malta"},{"cityName":"Il-Mahsel","countryName":"Malta"},{"cityName":"Iz-Zlielaq","countryName":"Malta"},{"cityName":"Ta' Monita","countryName":"Malta"},{"cityName":"Corradino Heights","countryName":"Malta"},{"cityName":"Il-Qasbija","countryName":"Malta"},{"cityName":"Ta' Giorni","countryName":"Malta"},{"cityName":"Ta' Kappara","countryName":"Malta"},{"cityName":"Ta' Cikkun","countryName":"Malta"},{"cityName":"Misrah Il-Barrieri","countryName":"Malta"},{"cityName":"Tas-Salib","countryName":"Malta"},{"cityName":"Ta' Lampuka","countryName":"Malta"},{"cityName":"Tal-Qtates","countryName":"Malta"},{"cityName":"Tal-Hamra","countryName":"Malta"},{"cityName":"Ta' Penza","countryName":"Malta"},{"cityName":"Ix-Xaghra ta' Barra","countryName":"Malta"},{"cityName":"It-Troll","countryName":"Malta"},{"cityName":"Il-Kamp tal-Mellieha","countryName":"Malta"},{"cityName":"Bighi","countryName":"Malta"},{"cityName":"L-Ahrax tal-Ghajn","countryName":"Malta"},{"cityName":"Il-Gwejdi","countryName":"Malta"},{"cityName":"San Pawl tat-Targa","countryName":"Malta"},{"cityName":"Tal-Mirakli","countryName":"Malta"},{"cityName":"Tal' Uai","countryName":"Malta"},{"cityName":"Saint John","countryName":"Malta"},{"cityName":"Hal Far","countryName":"Malta"},{"cityName":"Xlendi","countryName":"Malta"},{"cityName":"Paceville","countryName":"Malta"},{"cityName":"Comino","countryName":"Malta"},{"cityName":"Fontana","countryName":"Malta"},{"cityName":"Pembroke","countryName":"Malta"}]