[{"cityName":"Marsaxlokk","countryName":"Malta","localeCode":"en","districtName":""},{"cityName":"Zurrieq","countryName":"Malta","localeCode":"en","districtName":""},{"cityName":"Zonqor","countryName":"Malta","localeCode":"en","districtName":""},{"cityName":"Zejtun","countryName":"Malta","localeCode":"en","districtName":""},{"cityName":"Zebbug","countryName":"Malta","localeCode":"en","districtName":""},{"cityName":"Iz-Zebbiegh","countryName":"Malta","localeCode":"en","districtName":""},{"cityName":"Zabbar","countryName":"Malta","localeCode":"en","districtName":""},{"cityName":"Xrobb il-Ghagin","countryName":"Malta","localeCode":"en","districtName":""},{"cityName":"Xghajra","countryName":"Malta","localeCode":"en","districtName":""},{"cityName":"Xewkija","countryName":"Malta","localeCode":"en","districtName":""},{"cityName":"Xaghra","countryName":"Malta","localeCode":"en","districtName":""},{"cityName":"Wied l-Arkata","countryName":"Malta","localeCode":"en","districtName":""},{"cityName":"Wied Ghammieq","countryName":"Malta","localeCode":"en","districtName":""},{"cityName":"Wied Fulija","countryName":"Malta","localeCode":"en","districtName":""},{"cityName":"Wardija Crossroads","countryName":"Malta","localeCode":"en","districtName":""},{"cityName":"Valletta","countryName":"Malta","localeCode":"en","districtName":""},{"cityName":"Taz-Zejt","countryName":"Malta","localeCode":"en","districtName":""},{"cityName":"Ta' Xbiex","countryName":"Malta","localeCode":"en","districtName":""},{"cityName":"Tas-Sienja","countryName":"Malta","localeCode":"en","districtName":""},{"cityName":"Tas-Santi","countryName":"Malta","localeCode":"en","districtName":""},{"cityName":"Tas-Samra","countryName":"Malta","localeCode":"en","districtName":""},{"cityName":"Tas-Salvatur","countryName":"Malta","localeCode":"en","districtName":""},{"cityName":"Ta' Sardina","countryName":"Malta","localeCode":"en","districtName":""},{"cityName":"Ta' San Niklaw","countryName":"Malta","localeCode":"en","districtName":""},{"cityName":"Ta' San Gwakkin","countryName":"Malta","localeCode":"en","districtName":""},{"cityName":"Ta' San Girgor","countryName":"Malta","localeCode":"en","districtName":""},{"cityName":"Tarxien","countryName":"Malta","localeCode":"en","districtName":""},{"cityName":"Ta' Qali","countryName":"Malta","localeCode":"en","districtName":""},{"cityName":"Ta' Mlit","countryName":"Malta","localeCode":"en","districtName":""},{"cityName":"Tal-Vecca","countryName":"Malta","localeCode":"en","districtName":""},{"cityName":"Tal-Pitkal","countryName":"Malta","localeCode":"en","districtName":""},{"cityName":"Tal-Papa","countryName":"Malta","localeCode":"en","districtName":""},{"cityName":"Tal-Palazz l-Ahmar","countryName":"Malta","localeCode":"en","districtName":""},{"cityName":"Tal-Munxar","countryName":"Malta","localeCode":"en","districtName":""},{"cityName":"Tal-Milord","countryName":"Malta","localeCode":"en","districtName":""},{"cityName":"Tal-Merhla","countryName":"Malta","localeCode":"en","districtName":""},{"cityName":"Tal-Mentna","countryName":"Malta","localeCode":"en","districtName":""},{"cityName":"Tal-Mejda","countryName":"Malta","localeCode":"en","districtName":""},{"cityName":"Tal-Liedna","countryName":"Malta","localeCode":"en","districtName":""},{"cityName":"Tal-Liebru","countryName":"Malta","localeCode":"en","districtName":""},{"cityName":"Tal-Kittienija","countryName":"Malta","localeCode":"en","districtName":""},{"cityName":"Ta' l-Infetti","countryName":"Malta","localeCode":"en","districtName":""},{"cityName":"Ta' l-Imghajjen","countryName":"Malta","localeCode":"en","districtName":""},{"cityName":"Ta' l-Ibrag","countryName":"Malta","localeCode":"en","districtName":""},{"cityName":"Tal-Hriereb","countryName":"Malta","localeCode":"en","districtName":""},{"cityName":"Tal-Hlas","countryName":"Malta","localeCode":"en","districtName":""},{"cityName":"Tal-Hawlija","countryName":"Malta","localeCode":"en","districtName":""},{"cityName":"Tal-Handaq","countryName":"Malta","localeCode":"en","districtName":""},{"cityName":"Tal-Hamrija","countryName":"Malta","localeCode":"en","districtName":""},{"cityName":"Tal-Ghoqod","countryName":"Malta","localeCode":"en","districtName":""},{"cityName":"Tal-Fulija","countryName":"Malta","localeCode":"en","districtName":""},{"cityName":"Tal-Franciz","countryName":"Malta","localeCode":"en","districtName":""},{"cityName":"Tal-Fieres","countryName":"Malta","localeCode":"en","districtName":""},{"cityName":"Tal-Faqqani","countryName":"Malta","localeCode":"en","districtName":""},{"cityName":"Tal-Borg","countryName":"Malta","localeCode":"en","districtName":""},{"cityName":"Tal-Blata","countryName":"Malta","localeCode":"en","districtName":""},{"cityName":"Tal-Barrani","countryName":"Malta","localeCode":"en","districtName":""},{"cityName":"Tal-Barmil","countryName":"Malta","localeCode":"en","districtName":""},{"cityName":"Tal-Bajjada","countryName":"Malta","localeCode":"en","districtName":""},{"cityName":"Ta' l-Abatija","countryName":"Malta","localeCode":"en","districtName":""},{"cityName":"Ta' Kandja","countryName":"Malta","localeCode":"en","districtName":""},{"cityName":"Ta' Hida","countryName":"Malta","localeCode":"en","districtName":""},{"cityName":"Ta' Haxxluq","countryName":"Malta","localeCode":"en","districtName":""},{"cityName":"Ta' Hamet","countryName":"Malta","localeCode":"en","districtName":""},{"cityName":"Ta' Gorgun","countryName":"Malta","localeCode":"en","districtName":""},{"cityName":"Ta' Gokondu","countryName":"Malta","localeCode":"en","districtName":""},{"cityName":"Tad-Dwieli","countryName":"Malta","localeCode":"en","districtName":""},{"cityName":"Tad-Duluri","countryName":"Malta","localeCode":"en","districtName":""},{"cityName":"Tad-Dawl","countryName":"Malta","localeCode":"en","districtName":""},{"cityName":"Ta' Danieli","countryName":"Malta","localeCode":"en","districtName":""},{"cityName":"Ta' Ceppuna","countryName":"Malta","localeCode":"en","districtName":""},{"cityName":"Tac-Cawla","countryName":"Malta","localeCode":"en","districtName":""},{"cityName":"Ta' Cantar","countryName":"Malta","localeCode":"en","districtName":""},{"cityName":"Ta' Bullara","countryName":"Malta","localeCode":"en","districtName":""},{"cityName":"Ta' Brared","countryName":"Malta","localeCode":"en","districtName":""},{"cityName":"Ta' Bir Miftuh","countryName":"Malta","localeCode":"en","districtName":""},{"cityName":"Ta' Abram","countryName":"Malta","localeCode":"en","districtName":""},{"cityName":"Sliema","countryName":"Malta","localeCode":"en","districtName":""},{"cityName":"Skorba","countryName":"Malta","localeCode":"en","districtName":""},{"cityName":"Siggiewi","countryName":"Malta","localeCode":"en","districtName":""},{"cityName":"Santu Rokku","countryName":"Malta","localeCode":"en","districtName":""},{"cityName":"Santu Pietru","countryName":"Malta","localeCode":"en","districtName":""},{"cityName":"Santa Venera","countryName":"Malta","localeCode":"en","districtName":""},{"cityName":"Saint Lucia","countryName":"Malta","localeCode":"en","districtName":""},{"cityName":"Santa Lucija","countryName":"Malta","localeCode":"en","districtName":""},{"cityName":"San Pietru","countryName":"Malta","localeCode":"en","districtName":""},{"cityName":"San Pawl Milqghi","countryName":"Malta","localeCode":"en","districtName":""},{"cityName":"San Pawl il-Bahar","countryName":"Malta","localeCode":"en","districtName":""},{"cityName":"Sannat","countryName":"Malta","localeCode":"en","districtName":""},{"cityName":"San Leonardo","countryName":"Malta","localeCode":"en","districtName":""},{"cityName":"San Lawrenz","countryName":"Malta","localeCode":"en","districtName":""},{"cityName":"San Katald","countryName":"Malta","localeCode":"en","districtName":""},{"cityName":"San Gwann tal-Gharghar","countryName":"Malta","localeCode":"en","districtName":""},{"cityName":"San Giljan","countryName":"Malta","localeCode":"en","districtName":""},{"cityName":"Safi","countryName":"Malta","localeCode":"en","districtName":""},{"cityName":"Paola","countryName":"Malta","localeCode":"en","districtName":""},{"cityName":"Victoria","countryName":"Malta","localeCode":"en","districtName":""},{"cityName":"Rabat","countryName":"Malta","localeCode":"en","districtName":""},{"cityName":"Qrendi","countryName":"Malta","localeCode":"en","districtName":""},{"cityName":"Qormi","countryName":"Malta","localeCode":"en","districtName":""},{"cityName":"Qbajjar","countryName":"Malta","localeCode":"en","districtName":""},{"cityName":"Qawra","countryName":"Malta","localeCode":"en","districtName":""},{"cityName":"Qala","countryName":"Malta","localeCode":"en","districtName":""},{"cityName":"Pieta","countryName":"Malta","localeCode":"en","districtName":""},{"cityName":"Nigred","countryName":"Malta","localeCode":"en","districtName":""},{"cityName":"Naxxar","countryName":"Malta","localeCode":"en","districtName":""},{"cityName":"Nadur","countryName":"Malta","localeCode":"en","districtName":""},{"cityName":"Munxar","countryName":"Malta","localeCode":"en","districtName":""},{"cityName":"Imtarfa","countryName":"Malta","localeCode":"en","districtName":""},{"cityName":"Msierah","countryName":"Malta","localeCode":"en","districtName":""},{"cityName":"Imsida","countryName":"Malta","localeCode":"en","districtName":""},{"cityName":"Mrejzbiet","countryName":"Malta","localeCode":"en","districtName":""},{"cityName":"Mqabba","countryName":"Malta","localeCode":"en","districtName":""},{"cityName":"Mosta","countryName":"Malta","localeCode":"en","districtName":""},{"cityName":"Mizieb","countryName":"Malta","localeCode":"en","districtName":""},{"cityName":"Misrah Suffara","countryName":"Malta","localeCode":"en","districtName":""},{"cityName":"Misrah Strejnu","countryName":"Malta","localeCode":"en","districtName":""},{"cityName":"Misrah Miel","countryName":"Malta","localeCode":"en","districtName":""},{"cityName":"Misrah Lewza","countryName":"Malta","localeCode":"en","districtName":""},{"cityName":"Misrah Hlantun","countryName":"Malta","localeCode":"en","districtName":""},{"cityName":"Minsija","countryName":"Malta","localeCode":"en","districtName":""},{"cityName":"Mgarr","countryName":"Malta","localeCode":"en","districtName":""},{"cityName":"Imgarr","countryName":"Malta","localeCode":"en","districtName":""},{"cityName":"Mellieha","countryName":"Malta","localeCode":"en","districtName":""},{"cityName":"Imdina","countryName":"Malta","localeCode":"en","districtName":""},{"cityName":"Marsaskala","countryName":"Malta","localeCode":"en","districtName":""},{"cityName":"Marsalforn","countryName":"Malta","localeCode":"en","districtName":""},{"cityName":"Marsa","countryName":"Malta","localeCode":"en","districtName":""},{"cityName":"Manikata","countryName":"Malta","localeCode":"en","districtName":""},{"cityName":"Maghtab","countryName":"Malta","localeCode":"en","districtName":""},{"cityName":"Il-Madliena","countryName":"Malta","localeCode":"en","districtName":""},{"cityName":"Luqa","countryName":"Malta","localeCode":"en","districtName":""},{"cityName":"L-Istabar","countryName":"Malta","localeCode":"en","districtName":""},{"cityName":"Senglea","countryName":"Malta","localeCode":"en","districtName":""},{"cityName":"L-Iskorvit","countryName":"Malta","localeCode":"en","districtName":""},{"cityName":"L-Ingiered","countryName":"Malta","localeCode":"en","districtName":""},{"cityName":"L-Imbordin","countryName":"Malta","localeCode":"en","districtName":""},{"cityName":"L-Iklin","countryName":"Malta","localeCode":"en","districtName":""},{"cityName":"Lija","countryName":"Malta","localeCode":"en","districtName":""},{"cityName":"L-Armier","countryName":"Malta","localeCode":"en","districtName":""},{"cityName":"L-Andrijiet","countryName":"Malta","localeCode":"en","districtName":""},{"cityName":"Kordin","countryName":"Malta","localeCode":"en","districtName":""},{"cityName":"Kirkop","countryName":"Malta","localeCode":"en","districtName":""},{"cityName":"Kercem","countryName":"Malta","localeCode":"en","districtName":""},{"cityName":"Kalkara","countryName":"Malta","localeCode":"en","districtName":""},{"cityName":"Kalafrana","countryName":"Malta","localeCode":"en","districtName":""},{"cityName":"Ix-Xlejli","countryName":"Malta","localeCode":"en","districtName":""},{"cityName":"Ix-Xghajriet","countryName":"Malta","localeCode":"en","districtName":""},{"cityName":"Ix-Xaghra ta' l-Isqof","countryName":"Malta","localeCode":"en","districtName":""},{"cityName":"Ix-Xaghra l-Hamra","countryName":"Malta","localeCode":"en","districtName":""},{"cityName":"Swieqi","countryName":"Malta","localeCode":"en","districtName":""},{"cityName":"Is-Swatar","countryName":"Malta","localeCode":"en","districtName":""},{"cityName":"Is-Simblija","countryName":"Malta","localeCode":"en","districtName":""},{"cityName":"Is-Sellum","countryName":"Malta","localeCode":"en","districtName":""},{"cityName":"In-Nahhalija","countryName":"Malta","localeCode":"en","districtName":""},{"cityName":"Il-Wilga","countryName":"Malta","localeCode":"en","districtName":""},{"cityName":"Il-Wileg","countryName":"Malta","localeCode":"en","districtName":""},{"cityName":"Il-Qattara","countryName":"Malta","localeCode":"en","districtName":""},{"cityName":"Il-Qajjenza","countryName":"Malta","localeCode":"en","districtName":""},{"cityName":"Il-Pergla","countryName":"Malta","localeCode":"en","districtName":""},{"cityName":"Il-Palma","countryName":"Malta","localeCode":"en","districtName":""},{"cityName":"Il-Mizieb","countryName":"Malta","localeCode":"en","districtName":""},{"cityName":"Il-Minzel","countryName":"Malta","localeCode":"en","districtName":""},{"cityName":"Il-Mielah","countryName":"Malta","localeCode":"en","districtName":""},{"cityName":"Il-Kappara","countryName":"Malta","localeCode":"en","districtName":""},{"cityName":"Il-Hofra","countryName":"Malta","localeCode":"en","districtName":""},{"cityName":"Il-Hamrija","countryName":"Malta","localeCode":"en","districtName":""},{"cityName":"Il-Hamra","countryName":"Malta","localeCode":"en","districtName":""},{"cityName":"Il-Hammieri","countryName":"Malta","localeCode":"en","districtName":""},{"cityName":"Gzira","countryName":"Malta","localeCode":"en","districtName":""},{"cityName":"Il- Gzira","countryName":"Malta","localeCode":"en","districtName":""},{"cityName":"Floriana","countryName":"Malta","localeCode":"en","districtName":""},{"cityName":"Il-Fawwara","countryName":"Malta","localeCode":"en","districtName":""},{"cityName":"Il-Bwieraq","countryName":"Malta","localeCode":"en","districtName":""},{"cityName":"Il-Brolli","countryName":"Malta","localeCode":"en","districtName":""},{"cityName":"Vittoriosa","countryName":"Malta","localeCode":"en","districtName":""},{"cityName":"Il-Bidni","countryName":"Malta","localeCode":"en","districtName":""},{"cityName":"Id-Dahar","countryName":"Malta","localeCode":"en","districtName":""},{"cityName":"Hofret ir-Rizz","countryName":"Malta","localeCode":"en","districtName":""},{"cityName":"Has-Sajd","countryName":"Malta","localeCode":"en","districtName":""},{"cityName":"Hamrun","countryName":"Malta","localeCode":"en","districtName":""},{"cityName":"Hal Saflieni","countryName":"Malta","localeCode":"en","districtName":""},{"cityName":"Halq Dieri","countryName":"Malta","localeCode":"en","districtName":""},{"cityName":"Hal Muxi","countryName":"Malta","localeCode":"en","districtName":""},{"cityName":"Hal Mula","countryName":"Malta","localeCode":"en","districtName":""},{"cityName":"Hal-Lew","countryName":"Malta","localeCode":"en","districtName":""},{"cityName":"Hal Ginwi","countryName":"Malta","localeCode":"en","districtName":""},{"cityName":"Hal Dwin","countryName":"Malta","localeCode":"en","districtName":""},{"cityName":"Hal-Bajjada","countryName":"Malta","localeCode":"en","districtName":""},{"cityName":"Gwardamanga","countryName":"Malta","localeCode":"en","districtName":""},{"cityName":"Gudja","countryName":"Malta","localeCode":"en","districtName":""},{"cityName":"Gnien il-Kbir","countryName":"Malta","localeCode":"en","districtName":""},{"cityName":"Ghemieri","countryName":"Malta","localeCode":"en","districtName":""},{"cityName":"Ghaxaq","countryName":"Malta","localeCode":"en","districtName":""},{"cityName":"Ghasri","countryName":"Malta","localeCode":"en","districtName":""},{"cityName":"Ghar Ram","countryName":"Malta","localeCode":"en","districtName":""},{"cityName":"Ghar Mundu","countryName":"Malta","localeCode":"en","districtName":""},{"cityName":"Gharghur","countryName":"Malta","localeCode":"en","districtName":""},{"cityName":"Gharb","countryName":"Malta","localeCode":"en","districtName":""},{"cityName":"Ghammieri","countryName":"Malta","localeCode":"en","districtName":""},{"cityName":"Ghammar","countryName":"Malta","localeCode":"en","districtName":""},{"cityName":"Il-Qortin ta' Ghajn Zejtuna","countryName":"Malta","localeCode":"en","districtName":""},{"cityName":"Ghajn Zejtuna","countryName":"Malta","localeCode":"en","districtName":""},{"cityName":"Ghajn Tuffieha","countryName":"Malta","localeCode":"en","districtName":""},{"cityName":"Ghajnsielem","countryName":"Malta","localeCode":"en","districtName":""},{"cityName":"Ghajn Qajjied","countryName":"Malta","localeCode":"en","districtName":""},{"cityName":"Ghajn Mhelhel","countryName":"Malta","localeCode":"en","districtName":""},{"cityName":"Ghajn Klieb","countryName":"Malta","localeCode":"en","districtName":""},{"cityName":"Ghajn il-Kbira","countryName":"Malta","localeCode":"en","districtName":""},{"cityName":"Ghajn Dwieli","countryName":"Malta","localeCode":"en","districtName":""},{"cityName":"Fleur de Lys","countryName":"Malta","localeCode":"en","districtName":""},{"cityName":"Fgura","countryName":"Malta","localeCode":"en","districtName":""},{"cityName":"Erba' Mwiezeb","countryName":"Malta","localeCode":"en","districtName":""},{"cityName":"Dwejra","countryName":"Malta","localeCode":"en","districtName":""},{"cityName":"Dingli","countryName":"Malta","localeCode":"en","districtName":""},{"cityName":"Delimara","countryName":"Malta","localeCode":"en","districtName":""},{"cityName":"Busugrilla","countryName":"Malta","localeCode":"en","districtName":""},{"cityName":"Bur Marrad","countryName":"Malta","localeCode":"en","districtName":""},{"cityName":"Bur Maghtab","countryName":"Malta","localeCode":"en","districtName":""},{"cityName":"Buleben iz-Zghir","countryName":"Malta","localeCode":"en","districtName":""},{"cityName":"Buleben il-Kbir","countryName":"Malta","localeCode":"en","districtName":""},{"cityName":"Bugibba","countryName":"Malta","localeCode":"en","districtName":""},{"cityName":"Bubaqra","countryName":"Malta","localeCode":"en","districtName":""},{"cityName":"Cospicua","countryName":"Malta","localeCode":"en","districtName":""},{"cityName":"Borg in-Nadur","countryName":"Malta","localeCode":"en","districtName":""},{"cityName":"Biskra","countryName":"Malta","localeCode":"en","districtName":""},{"cityName":"Birzebbuga","countryName":"Malta","localeCode":"en","districtName":""},{"cityName":"Birkirkara","countryName":"Malta","localeCode":"en","districtName":""},{"cityName":"Bir id-Deheb","countryName":"Malta","localeCode":"en","districtName":""},{"cityName":"Birbuba","countryName":"Malta","localeCode":"en","districtName":""},{"cityName":"Bingemma","countryName":"Malta","localeCode":"en","districtName":""},{"cityName":"Bezbezija","countryName":"Malta","localeCode":"en","districtName":""},{"cityName":"Benghisa","countryName":"Malta","localeCode":"en","districtName":""},{"cityName":"Balzan","countryName":"Malta","localeCode":"en","districtName":""},{"cityName":"Bahar ic-Caghaq","countryName":"Malta","localeCode":"en","districtName":""},{"cityName":"Attard","countryName":"Malta","localeCode":"en","districtName":""},{"cityName":"Il-Mahsel","countryName":"Malta","localeCode":"en","districtName":""},{"cityName":"Iz-Zlielaq","countryName":"Malta","localeCode":"en","districtName":""},{"cityName":"Ta' Monita","countryName":"Malta","localeCode":"en","districtName":""},{"cityName":"Corradino Heights","countryName":"Malta","localeCode":"en","districtName":""},{"cityName":"Il-Qasbija","countryName":"Malta","localeCode":"en","districtName":""},{"cityName":"Ta' Giorni","countryName":"Malta","localeCode":"en","districtName":""},{"cityName":"Ta' Kappara","countryName":"Malta","localeCode":"en","districtName":""},{"cityName":"Ta' Cikkun","countryName":"Malta","localeCode":"en","districtName":""},{"cityName":"Misrah Il-Barrieri","countryName":"Malta","localeCode":"en","districtName":""},{"cityName":"Tas-Salib","countryName":"Malta","localeCode":"en","districtName":""},{"cityName":"Ta' Lampuka","countryName":"Malta","localeCode":"en","districtName":""},{"cityName":"Tal-Qtates","countryName":"Malta","localeCode":"en","districtName":""},{"cityName":"Tal-Hamra","countryName":"Malta","localeCode":"en","districtName":""},{"cityName":"Ta' Penza","countryName":"Malta","localeCode":"en","districtName":""},{"cityName":"Ix-Xaghra ta' Barra","countryName":"Malta","localeCode":"en","districtName":""},{"cityName":"It-Troll","countryName":"Malta","localeCode":"en","districtName":""},{"cityName":"Il-Kamp tal-Mellieha","countryName":"Malta","localeCode":"en","districtName":""},{"cityName":"Bighi","countryName":"Malta","localeCode":"en","districtName":""},{"cityName":"L-Ahrax tal-Ghajn","countryName":"Malta","localeCode":"en","districtName":""},{"cityName":"Il-Gwejdi","countryName":"Malta","localeCode":"en","districtName":""},{"cityName":"San Pawl tat-Targa","countryName":"Malta","localeCode":"en","districtName":""},{"cityName":"Tal-Mirakli","countryName":"Malta","localeCode":"en","districtName":""},{"cityName":"Tal' Uai","countryName":"Malta","localeCode":"en","districtName":""},{"cityName":"Saint John","countryName":"Malta","localeCode":"en","districtName":""},{"cityName":"Hal Far","countryName":"Malta","localeCode":"en","districtName":""},{"cityName":"Xlendi","countryName":"Malta","localeCode":"en","districtName":""},{"cityName":"Paceville","countryName":"Malta","localeCode":"en","districtName":""},{"cityName":"Comino","countryName":"Malta","localeCode":"en","districtName":""},{"cityName":"Fontana","countryName":"Malta","localeCode":"en","districtName":""},{"cityName":"Pembroke","countryName":"Malta","localeCode":"en","districtName":""}]