[{"cityName":"Zobeide","countryName":"Martinique"},{"cityName":"Zabeth","countryName":"Martinique"},{"cityName":"Voltaire","countryName":"Martinique"},{"cityName":"Volga-Plage","countryName":"Martinique"},{"cityName":"Vieille Terre","countryName":"Martinique"},{"cityName":"Vert-Pre","countryName":"Martinique"},{"cityName":"Verrier","countryName":"Martinique"},{"cityName":"Val d'Or","countryName":"Martinique"},{"cityName":"Valatte","countryName":"Martinique"},{"cityName":"Union","countryName":"Martinique"},{"cityName":"Trou Terre","countryName":"Martinique"},{"cityName":"Trou Grec","countryName":"Martinique"},{"cityName":"Trois Rivieres","countryName":"Martinique"},{"cityName":"Touza","countryName":"Martinique"},{"cityName":"Tourtet","countryName":"Martinique"},{"cityName":"Terreville","countryName":"Martinique"},{"cityName":"Terres Sainville","countryName":"Martinique"},{"cityName":"Taupiniere","countryName":"Martinique"},{"cityName":"Tartane","countryName":"Martinique"},{"cityName":"Sucrerie","countryName":"Martinique"},{"cityName":"Sinai","countryName":"Martinique"},{"cityName":"Serail","countryName":"Martinique"},{"cityName":"Schoelcher","countryName":"Martinique"},{"cityName":"Savane Petit","countryName":"Martinique"},{"cityName":"Sarraut","countryName":"Martinique"},{"cityName":"Sarcelle","countryName":"Martinique"},{"cityName":"Sans Pareil","countryName":"Martinique"},{"cityName":"Saint-Vincent","countryName":"Martinique"},{"cityName":"Saint-Roch","countryName":"Martinique"},{"cityName":"Saint-Pierre","countryName":"Martinique"},{"cityName":"Saint-Maurice","countryName":"Martinique"},{"cityName":"Saint-Joseph","countryName":"Martinique"},{"cityName":"Sainte-Therese","countryName":"Martinique"},{"cityName":"Sainte-Marie","countryName":"Martinique"},{"cityName":"Sainte-Luce","countryName":"Martinique"},{"cityName":"Sainte-Anne","countryName":"Martinique"},{"cityName":"Saint-Aroman","countryName":"Martinique"},{"cityName":"Saingaule","countryName":"Martinique"},{"cityName":"Rue Paille","countryName":"Martinique"},{"cityName":"Rousseau","countryName":"Martinique"},{"cityName":"Rodon","countryName":"Martinique"},{"cityName":"Riviere-Salee","countryName":"Martinique"},{"cityName":"Riviere-Pilote","countryName":"Martinique"},{"cityName":"Riviere l'Or","countryName":"Martinique"},{"cityName":"Riviere Calecon","countryName":"Martinique"},{"cityName":"Riviere Cacao","countryName":"Martinique"},{"cityName":"Riviere","countryName":"Martinique"},{"cityName":"Regale-de-Saint-Esprit","countryName":"Martinique"},{"cityName":"Regale","countryName":"Martinique"},{"cityName":"Redoute","countryName":"Martinique"},{"cityName":"Reculee","countryName":"Martinique"},{"cityName":"Ravine Vilaine","countryName":"Martinique"},{"cityName":"Ravine Touza","countryName":"Martinique"},{"cityName":"Ravine Braie","countryName":"Martinique"},{"cityName":"Ravine Acajou","countryName":"Martinique"},{"cityName":"Rateau","countryName":"Martinique"},{"cityName":"Raisin","countryName":"Martinique"},{"cityName":"Rabat-Joie","countryName":"Martinique"},{"cityName":"Quartier Vert-Pre","countryName":"Martinique"},{"cityName":"Quartier Vente","countryName":"Martinique"},{"cityName":"Quartier Semaine","countryName":"Martinique"},{"cityName":"Quartiers Anse a l'Ane","countryName":"Martinique"},{"cityName":"Quartier Sainte-Catherine","countryName":"Martinique"},{"cityName":"Quartier Rollin","countryName":"Martinique"},{"cityName":"Quartier Roches Carrees","countryName":"Martinique"},{"cityName":"Quartier Riviere Roche","countryName":"Martinique"},{"cityName":"Quartier Riviere Pomme","countryName":"Martinique"},{"cityName":"Quartier Riviere Monsieur","countryName":"Martinique"},{"cityName":"Quartier Riviere Bambous","countryName":"Martinique"},{"cityName":"Quartier Ravine","countryName":"Martinique"},{"cityName":"Quartier Rabuchon","countryName":"Martinique"},{"cityName":"Quartier Prefontaine","countryName":"Martinique"},{"cityName":"Quartier Poix Doux Bocage","countryName":"Martinique"},{"cityName":"Quartier Plateau Tiberge","countryName":"Martinique"},{"cityName":"Quartier Pitons","countryName":"Martinique"},{"cityName":"Quartier Piton","countryName":"Martinique"},{"cityName":"Quartier Petit Paradis","countryName":"Martinique"},{"cityName":"Quartier Perou","countryName":"Martinique"},{"cityName":"Quartier Pays Mele","countryName":"Martinique"},{"cityName":"Quartier Palmene","countryName":"Martinique"},{"cityName":"Quartier Morne Theodore","countryName":"Martinique"},{"cityName":"Quartier Morne Piton","countryName":"Martinique"},{"cityName":"Quartier Morne Mignolle","countryName":"Martinique"},{"cityName":"Quartier Morne Covin","countryName":"Martinique"},{"cityName":"Quartier Morne Carrette","countryName":"Martinique"},{"cityName":"Quartier Morne Calebasse","countryName":"Martinique"},{"cityName":"Quartier Morne a Roche","countryName":"Martinique"},{"cityName":"Quartier Morne Acajou","countryName":"Martinique"},{"cityName":"Quartier Monsieur","countryName":"Martinique"},{"cityName":"Quartier Monplaisir","countryName":"Martinique"},{"cityName":"Quartier Lucon","countryName":"Martinique"},{"cityName":"Quartier Lowinsky","countryName":"Martinique"},{"cityName":"Quartier Lelubois","countryName":"Martinique"},{"cityName":"Quartier Lecomte","countryName":"Martinique"},{"cityName":"Quartier la Sabine","countryName":"Martinique"},{"cityName":"Quartier la Nau","countryName":"Martinique"},{"cityName":"Quartier l'Allee","countryName":"Martinique"},{"cityName":"Quartier la Fontaine","countryName":"Martinique"},{"cityName":"Quartier la Felix","countryName":"Martinique"},{"cityName":"Quartier la Dessaint","countryName":"Martinique"},{"cityName":"Quartier la Beauville","countryName":"Martinique"},{"cityName":"Quartier Humbert","countryName":"Martinique"},{"cityName":"Quartier Grosan","countryName":"Martinique"},{"cityName":"Quartier Grand Bassin","countryName":"Martinique"},{"cityName":"Quartier Glotin","countryName":"Martinique"},{"cityName":"Quartier Gillot","countryName":"Martinique"},{"cityName":"Quartier Galette","countryName":"Martinique"},{"cityName":"Quartier Fonds Zamy","countryName":"Martinique"},{"cityName":"Quartier Fond Mulatre","countryName":"Martinique"},{"cityName":"Quartier Fond Guillet","countryName":"Martinique"},{"cityName":"Quartier Firmin","countryName":"Martinique"},{"cityName":"Quartier du Morne Valentin","countryName":"Martinique"},{"cityName":"Quartier du Fort","countryName":"Martinique"},{"cityName":"Quartier des Pitons","countryName":"Martinique"},{"cityName":"Quartier Desmartinieres","countryName":"Martinique"},{"cityName":"Quartier Descossieres","countryName":"Martinique"},{"cityName":"Quartier Deschamps","countryName":"Martinique"},{"cityName":"Quartier Desbrosses","countryName":"Martinique"},{"cityName":"Quartier de l'Orangerie","countryName":"Martinique"},{"cityName":"Quartier de l'Ex-voto","countryName":"Martinique"},{"cityName":"Quartier de la T. S. F.","countryName":"Martinique"},{"cityName":"Quartier Dabadie","countryName":"Martinique"},{"cityName":"Quartier Cyrille","countryName":"Martinique"},{"cityName":"Quartier Courbaril","countryName":"Martinique"},{"cityName":"Quartier Coulee d'Or","countryName":"Martinique"},{"cityName":"Quartier Cocoyer","countryName":"Martinique"},{"cityName":"Quartier Chevre","countryName":"Martinique"},{"cityName":"Quartier Chere Epice","countryName":"Martinique"},{"cityName":"Quartier Boue","countryName":"Martinique"},{"cityName":"Quartier Bonnain","countryName":"Martinique"},{"cityName":"Quartier Bon Air","countryName":"Martinique"},{"cityName":"Quartier Bocage","countryName":"Martinique"},{"cityName":"Quartier Bellevue","countryName":"Martinique"},{"cityName":"Quartier Bedzy","countryName":"Martinique"},{"cityName":"Quartier Beco","countryName":"Martinique"},{"cityName":"Quartier Beauvallon","countryName":"Martinique"},{"cityName":"Quartier Beauregard","countryName":"Martinique"},{"cityName":"Quartier Beaujolais","countryName":"Martinique"},{"cityName":"Quartier Bas Ceron","countryName":"Martinique"},{"cityName":"Quartier Balata","countryName":"Martinique"},{"cityName":"Quartier Bac","countryName":"Martinique"},{"cityName":"Quartier Anse Azerot","countryName":"Martinique"},{"cityName":"Quartier Abricot","countryName":"Martinique"},{"cityName":"Puyferrat","countryName":"Martinique"},{"cityName":"Propriete Poulet","countryName":"Martinique"},{"cityName":"Proprete","countryName":"Martinique"},{"cityName":"Presqu'ile","countryName":"Martinique"},{"cityName":"Poste Colon","countryName":"Martinique"},{"cityName":"Pont de Chaines","countryName":"Martinique"},{"cityName":"Pomponne","countryName":"Martinique"},{"cityName":"Pomare","countryName":"Martinique"},{"cityName":"Poiriers","countryName":"Martinique"},{"cityName":"Poirier","countryName":"Martinique"},{"cityName":"Poirer","countryName":"Martinique"},{"cityName":"Pointe Larose","countryName":"Martinique"},{"cityName":"Pointe la Mare","countryName":"Martinique"},{"cityName":"Pointe Jean-Claude","countryName":"Martinique"},{"cityName":"Pointe Fort","countryName":"Martinique"},{"cityName":"Pointe Athanase","countryName":"Martinique"},{"cityName":"Plateforme","countryName":"Martinique"},{"cityName":"Plateau-Didier","countryName":"Martinique"},{"cityName":"Plaisable","countryName":"Martinique"},{"cityName":"Placide","countryName":"Martinique"},{"cityName":"Petit Trou","countryName":"Martinique"},{"cityName":"Petit Sable","countryName":"Martinique"},{"cityName":"Petit Paradis","countryName":"Martinique"},{"cityName":"Petit Morne","countryName":"Martinique"},{"cityName":"Petite Savane","countryName":"Martinique"},{"cityName":"Petite Riviere Salee","countryName":"Martinique"},{"cityName":"Petite Riviere","countryName":"Martinique"},{"cityName":"Petite Lezarde","countryName":"Martinique"},{"cityName":"Petite Anse","countryName":"Martinique"},{"cityName":"Petit Campeche","countryName":"Martinique"},{"cityName":"Petit Bresil","countryName":"Martinique"},{"cityName":"Petit Bourg","countryName":"Martinique"},{"cityName":"Perou","countryName":"Martinique"},{"cityName":"Pelletier","countryName":"Martinique"},{"cityName":"Parnasse","countryName":"Martinique"},{"cityName":"Palmiste","countryName":"Martinique"},{"cityName":"Pain de Sucre","countryName":"Martinique"},{"cityName":"Morne-Vert","countryName":"Martinique"},{"cityName":"Morne Vert","countryName":"Martinique"},{"cityName":"Morne Vente","countryName":"Martinique"},{"cityName":"Morne Vent","countryName":"Martinique"},{"cityName":"Morne Vallon","countryName":"Martinique"},{"cityName":"Morne Sulpice","countryName":"Martinique"},{"cityName":"Morne Serpent","countryName":"Martinique"},{"cityName":"Morne Rouge","countryName":"Martinique"},{"cityName":"Morne Pois","countryName":"Martinique"},{"cityName":"Morne Poirier","countryName":"Martinique"},{"cityName":"Morne Pitault","countryName":"Martinique"},{"cityName":"Morne-Pichevin","countryName":"Martinique"},{"cityName":"Morne Pavillon","countryName":"Martinique"},{"cityName":"Morne la Valeur","countryName":"Martinique"},{"cityName":"Morne Honore","countryName":"Martinique"},{"cityName":"Morne Flambeau","countryName":"Martinique"},{"cityName":"Morne des Esses","countryName":"Martinique"},{"cityName":"Morne Courbaril","countryName":"Martinique"},{"cityName":"Morne Congo","countryName":"Martinique"},{"cityName":"Morne Ceron","countryName":"Martinique"},{"cityName":"Morne Capot","countryName":"Martinique"},{"cityName":"Morne Bois","countryName":"Martinique"},{"cityName":"Morne Blanc","countryName":"Martinique"},{"cityName":"Morne Bel","countryName":"Martinique"},{"cityName":"Morne Baldara","countryName":"Martinique"},{"cityName":"Morne-Balai","countryName":"Martinique"},{"cityName":"Morne Baguidi","countryName":"Martinique"},{"cityName":"Montravail","countryName":"Martinique"},{"cityName":"Montjoly","countryName":"Martinique"},{"cityName":"Montgerald","countryName":"Martinique"},{"cityName":"Monesie","countryName":"Martinique"},{"cityName":"Mondesir-Pointe Sable","countryName":"Martinique"},{"cityName":"Mondesir","countryName":"Martinique"},{"cityName":"Medecin","countryName":"Martinique"},{"cityName":"Mayol","countryName":"Martinique"},{"cityName":"Maximin","countryName":"Martinique"},{"cityName":"Maxime","countryName":"Martinique"},{"cityName":"Marigot","countryName":"Martinique"},{"cityName":"Marie Noire","countryName":"Martinique"},{"cityName":"Mare Poirier","countryName":"Martinique"},{"cityName":"Mare Capron","countryName":"Martinique"},{"cityName":"Malevaut","countryName":"Martinique"},{"cityName":"Macre","countryName":"Martinique"},{"cityName":"Macouba","countryName":"Martinique"},{"cityName":"Macedoine","countryName":"Martinique"},{"cityName":"Lunette-Bouille","countryName":"Martinique"},{"cityName":"Lourdes","countryName":"Martinique"},{"cityName":"Long-Bois","countryName":"Martinique"},{"cityName":"Long Bois","countryName":"Martinique"},{"cityName":"Lheureux","countryName":"Martinique"},{"cityName":"Le Vauclin","countryName":"Martinique"},{"cityName":"Le Trou","countryName":"Martinique"},{"cityName":"Les Trois Ponts","countryName":"Martinique"},{"cityName":"Les Trois-Ilets","countryName":"Martinique"},{"cityName":"Lestrade","countryName":"Martinique"},{"cityName":"Les Quatre Chemins","countryName":"Martinique"},{"cityName":"L'Esperance","countryName":"Martinique"},{"cityName":"Les Flamboyants","countryName":"Martinique"},{"cityName":"Les Deux-Terres","countryName":"Martinique"},{"cityName":"Lescouet","countryName":"Martinique"},{"cityName":"Les Coteaux","countryName":"Martinique"},{"cityName":"Les Boucaniers","countryName":"Martinique"},{"cityName":"Les Anses-d'Arlet","countryName":"Martinique"},{"cityName":"Saint-Esprit","countryName":"Martinique"},{"cityName":"Les Abymes","countryName":"Martinique"},{"cityName":"Le Robert","countryName":"Martinique"},{"cityName":"Lero","countryName":"Martinique"},{"cityName":"L'Ermitage","countryName":"Martinique"},{"cityName":"Le Precheur","countryName":"Martinique"},{"cityName":"Le Poteau","countryName":"Martinique"},{"cityName":"Lepinay","countryName":"Martinique"},{"cityName":"L'Enclos","countryName":"Martinique"},{"cityName":"Le Mouillage","countryName":"Martinique"},{"cityName":"Le Morne-Vert","countryName":"Martinique"},{"cityName":"Le Morne-Rouge","countryName":"Martinique"},{"cityName":"Le Morne des Olives","countryName":"Martinique"},{"cityName":"Le Morne aux Boeufs","countryName":"Martinique"},{"cityName":"Le Marin","countryName":"Martinique"},{"cityName":"Le Lorrain","countryName":"Martinique"},{"cityName":"Le Lamentin","countryName":"Martinique"},{"cityName":"Le Francois","countryName":"Martinique"},{"cityName":"Le Diamant","countryName":"Martinique"},{"cityName":"Le Coin","countryName":"Martinique"},{"cityName":"Le Centre","countryName":"Martinique"},{"cityName":"Le Carbet","countryName":"Martinique"},{"cityName":"Le Cap","countryName":"Martinique"},{"cityName":"Lazaret","countryName":"Martinique"},{"cityName":"La Vierge","countryName":"Martinique"},{"cityName":"La Vatable","countryName":"Martinique"},{"cityName":"La Trinite","countryName":"Martinique"},{"cityName":"La Tranchee","countryName":"Martinique"},{"cityName":"La Tracee","countryName":"Martinique"},{"cityName":"La Tocnay","countryName":"Martinique"},{"cityName":"La Suin","countryName":"Martinique"},{"cityName":"La Suffrin","countryName":"Martinique"},{"cityName":"La Source","countryName":"Martinique"},{"cityName":"La Salette","countryName":"Martinique"},{"cityName":"La Richard","countryName":"Martinique"},{"cityName":"La Renee","countryName":"Martinique"},{"cityName":"La Regale","countryName":"Martinique"},{"cityName":"La Plaine","countryName":"Martinique"},{"cityName":"La Pagerie","countryName":"Martinique"},{"cityName":"L'Anse Noire","countryName":"Martinique"},{"cityName":"L'Anse Mitan","countryName":"Martinique"},{"cityName":"L'Anse Caffar","countryName":"Martinique"},{"cityName":"La Monnerot","countryName":"Martinique"},{"cityName":"La Moise","countryName":"Martinique"},{"cityName":"La Medaille","countryName":"Martinique"},{"cityName":"La Mauny","countryName":"Martinique"},{"cityName":"La Massel","countryName":"Martinique"},{"cityName":"La Manzo","countryName":"Martinique"},{"cityName":"Lajus","countryName":"Martinique"},{"cityName":"Ajoupa-Bouillon","countryName":"Martinique"},{"cityName":"La Huvet","countryName":"Martinique"},{"cityName":"La Haut","countryName":"Martinique"},{"cityName":"La-Haut","countryName":"Martinique"},{"cityName":"La Fouquette","countryName":"Martinique"},{"cityName":"La Fontenay","countryName":"Martinique"},{"cityName":"La Ferme Saint-Jacques","countryName":"Martinique"},{"cityName":"La Favorite","countryName":"Martinique"},{"cityName":"La Farelle","countryName":"Martinique"},{"cityName":"La Durand","countryName":"Martinique"},{"cityName":"La Duprey","countryName":"Martinique"},{"cityName":"La Dessaint","countryName":"Martinique"},{"cityName":"La Demarche","countryName":"Martinique"},{"cityName":"La Debuc","countryName":"Martinique"},{"cityName":"La Citerne","countryName":"Martinique"},{"cityName":"La Chopotte","countryName":"Martinique"},{"cityName":"La Chapelle","countryName":"Martinique"},{"cityName":"La Cesaire","countryName":"Martinique"},{"cityName":"La Casse","countryName":"Martinique"},{"cityName":"La Carriere","countryName":"Martinique"},{"cityName":"La Canelle","countryName":"Martinique"},{"cityName":"La Californie","countryName":"Martinique"},{"cityName":"La Bonnie","countryName":"Martinique"},{"cityName":"La Boissiere","countryName":"Martinique"},{"cityName":"La Berry","countryName":"Martinique"},{"cityName":"La Beleme","countryName":"Martinique"},{"cityName":"La Baume","countryName":"Martinique"},{"cityName":"La Batterie","countryName":"Martinique"},{"cityName":"La Bateliere","countryName":"Martinique"},{"cityName":"Josseaud","countryName":"Martinique"},{"cityName":"Jeanne d'Arc","countryName":"Martinique"},{"cityName":"Jean-Baptiste","countryName":"Martinique"},{"cityName":"Hyacinthe","countryName":"Martinique"},{"cityName":"Hauteurs Riviere Roche","countryName":"Martinique"},{"cityName":"Hauteurs Dumas","countryName":"Martinique"},{"cityName":"Hauteurs Bourdon","countryName":"Martinique"},{"cityName":"Guinee-Fleury","countryName":"Martinique"},{"cityName":"Guenot","countryName":"Martinique"},{"cityName":"Le Gros-Morne","countryName":"Martinique"},{"cityName":"Grand'Riviere","countryName":"Martinique"},{"cityName":"Grande Savane","countryName":"Martinique"},{"cityName":"Grande Anse","countryName":"Martinique"},{"cityName":"Grand-Court","countryName":"Martinique"},{"cityName":"Gondeau-Saint-Joseph","countryName":"Martinique"},{"cityName":"Gondeau","countryName":"Martinique"},{"cityName":"Glotin","countryName":"Martinique"},{"cityName":"Gerbault","countryName":"Martinique"},{"cityName":"Garanne","countryName":"Martinique"},{"cityName":"Gallochat","countryName":"Martinique"},{"cityName":"Gabourin","countryName":"Martinique"},{"cityName":"Four a Chaux","countryName":"Martinique"},{"cityName":"Fort-de-France","countryName":"Martinique"},{"cityName":"Fontaine de Moutte","countryName":"Martinique"},{"cityName":"Fond-Zombi","countryName":"Martinique"},{"cityName":"Fonds Brules","countryName":"Martinique"},{"cityName":"Fonds Boheme","countryName":"Martinique"},{"cityName":"Fond Saint-Jacques","countryName":"Martinique"},{"cityName":"Fonds-Saint-Denis","countryName":"Martinique"},{"cityName":"Fond Rose","countryName":"Martinique"},{"cityName":"Fond Repos","countryName":"Martinique"},{"cityName":"Fond Panier","countryName":"Martinique"},{"cityName":"Fond Nigaud","countryName":"Martinique"},{"cityName":"Fond Nicolas","countryName":"Martinique"},{"cityName":"Fond Moustiques","countryName":"Martinique"},{"cityName":"Fond Masson","countryName":"Martinique"},{"cityName":"Fond Mascret","countryName":"Martinique"},{"cityName":"Fond Marie-Reine","countryName":"Martinique"},{"cityName":"Fond-Lahaye","countryName":"Martinique"},{"cityName":"Fond Hubert","countryName":"Martinique"},{"cityName":"Fond Grande Anse","countryName":"Martinique"},{"cityName":"Fond Giromond","countryName":"Martinique"},{"cityName":"Fond-Gens-Libres","countryName":"Martinique"},{"cityName":"Fond Gens Libres","countryName":"Martinique"},{"cityName":"Fond Fleury","countryName":"Martinique"},{"cityName":"Fond Collat","countryName":"Martinique"},{"cityName":"Fond Capot","countryName":"Martinique"},{"cityName":"Fond Cacao","countryName":"Martinique"},{"cityName":"Fond Bourlet","countryName":"Martinique"},{"cityName":"Fond Boucher","countryName":"Martinique"},{"cityName":"Fond Bernier","countryName":"Martinique"},{"cityName":"Fond Abattoir","countryName":"Martinique"},{"cityName":"Floreal","countryName":"Martinique"},{"cityName":"Fleury","countryName":"Martinique"},{"cityName":"Ferre","countryName":"Martinique"},{"cityName":"Ferme Saint-Jacques","countryName":"Martinique"},{"cityName":"Faubourg Schoelcher","countryName":"Martinique"},{"cityName":"Fantaisie","countryName":"Martinique"},{"cityName":"Eudorcait","countryName":"Martinique"},{"cityName":"Duquesne","countryName":"Martinique"},{"cityName":"Dumaine","countryName":"Martinique"},{"cityName":"Duhamelin","countryName":"Martinique"},{"cityName":"Ducos","countryName":"Martinique"},{"cityName":"Duchene","countryName":"Martinique"},{"cityName":"Dominante","countryName":"Martinique"},{"cityName":"Dominant","countryName":"Martinique"},{"cityName":"Diaka","countryName":"Martinique"},{"cityName":"Deux Choux","countryName":"Martinique"},{"cityName":"Desruisseaux","countryName":"Martinique"},{"cityName":"Desmarinieres","countryName":"Martinique"},{"cityName":"Desforts","countryName":"Martinique"},{"cityName":"Desert","countryName":"Martinique"},{"cityName":"Derriere Morne","countryName":"Martinique"},{"cityName":"Derriere-Bois","countryName":"Martinique"},{"cityName":"Demare","countryName":"Martinique"},{"cityName":"Delivry","countryName":"Martinique"},{"cityName":"Daubert","countryName":"Martinique"},{"cityName":"Croix Odilon","countryName":"Martinique"},{"cityName":"Croix Blanche","countryName":"Martinique"},{"cityName":"Croisee Soldat","countryName":"Martinique"},{"cityName":"Croisee Palmiste","countryName":"Martinique"},{"cityName":"Croisee Manioc","countryName":"Martinique"},{"cityName":"Croisee Decius","countryName":"Martinique"},{"cityName":"Corps de Garde","countryName":"Martinique"},{"cityName":"Coridon","countryName":"Martinique"},{"cityName":"Concorde-Leyritz","countryName":"Martinique"},{"cityName":"Concorde","countryName":"Martinique"},{"cityName":"Cluny","countryName":"Martinique"},{"cityName":"Clairiere","countryName":"Martinique"},{"cityName":"Cite Petit Manoir","countryName":"Martinique"},{"cityName":"Cite Dillon","countryName":"Martinique"},{"cityName":"Chevalier","countryName":"Martinique"},{"cityName":"Chertine","countryName":"Martinique"},{"cityName":"Chateau Gaillard","countryName":"Martinique"},{"cityName":"Chateauboeuf","countryName":"Martinique"},{"cityName":"Chapelle Villarson","countryName":"Martinique"},{"cityName":"Champ Flore","countryName":"Martinique"},{"cityName":"Champfleury","countryName":"Martinique"},{"cityName":"Chambort","countryName":"Martinique"},{"cityName":"Cedalise","countryName":"Martinique"},{"cityName":"Case-Pilote","countryName":"Martinique"},{"cityName":"Case Navire","countryName":"Martinique"},{"cityName":"Caritan","countryName":"Martinique"},{"cityName":"Carabin","countryName":"Martinique"},{"cityName":"Cap Chevalier","countryName":"Martinique"},{"cityName":"Cap Cabaret","countryName":"Martinique"},{"cityName":"Canton Suisse","countryName":"Martinique"},{"cityName":"Camee","countryName":"Martinique"},{"cityName":"Californie","countryName":"Martinique"},{"cityName":"Cafe","countryName":"Martinique"},{"cityName":"Cadette","countryName":"Martinique"},{"cityName":"Brin d'Amour","countryName":"Martinique"},{"cityName":"Brevette","countryName":"Martinique"},{"cityName":"Boutaud","countryName":"Martinique"},{"cityName":"Boucan","countryName":"Martinique"},{"cityName":"Bossou","countryName":"Martinique"},{"cityName":"Borel","countryName":"Martinique"},{"cityName":"Bon Repos","countryName":"Martinique"},{"cityName":"Bonneville","countryName":"Martinique"},{"cityName":"Bonneau","countryName":"Martinique"},{"cityName":"Bois Zombi","countryName":"Martinique"},{"cityName":"Bois Soldat","countryName":"Martinique"},{"cityName":"Bois Neuf","countryName":"Martinique"},{"cityName":"Bois-Neuf","countryName":"Martinique"},{"cityName":"Bois Lezards","countryName":"Martinique"},{"cityName":"Bois la Charles","countryName":"Martinique"},{"cityName":"Bois du Parc","countryName":"Martinique"},{"cityName":"Bois d'Inde","countryName":"Martinique"},{"cityName":"Bois Carre","countryName":"Martinique"},{"cityName":"Birot","countryName":"Martinique"},{"cityName":"Bezaudin","countryName":"Martinique"},{"cityName":"Bernard","countryName":"Martinique"},{"cityName":"Bellevue","countryName":"Martinique"},{"cityName":"Belle Languette","countryName":"Martinique"},{"cityName":"Bellefontaine","countryName":"Martinique"},{"cityName":"Belle Etoile","countryName":"Martinique"},{"cityName":"Belle Ame","countryName":"Martinique"},{"cityName":"Bellay","countryName":"Martinique"},{"cityName":"Belfort","countryName":"Martinique"},{"cityName":"Bel Event","countryName":"Martinique"},{"cityName":"Bel-Air","countryName":"Martinique"},{"cityName":"Becouya","countryName":"Martinique"},{"cityName":"Beauregard","countryName":"Martinique"},{"cityName":"Beauchamp","countryName":"Martinique"},{"cityName":"Baudelle","countryName":"Martinique"},{"cityName":"Basse-Pointe","countryName":"Martinique"},{"cityName":"Barriere-la-Croix","countryName":"Martinique"},{"cityName":"Barington","countryName":"Martinique"},{"cityName":"Bareto","countryName":"Martinique"},{"cityName":"Bambous","countryName":"Martinique"},{"cityName":"Balata-Tourtet","countryName":"Martinique"},{"cityName":"Balata","countryName":"Martinique"},{"cityName":"Bac","countryName":"Martinique"},{"cityName":"Augrain","countryName":"Martinique"},{"cityName":"Anse Madame","countryName":"Martinique"},{"cityName":"Anse Figuiers","countryName":"Martinique"},{"cityName":"Alma","countryName":"Martinique"},{"cityName":"Adinet","countryName":"Martinique"},{"cityName":"Adelaide Maillet","countryName":"Martinique"},{"cityName":"Acajou","countryName":"Martinique"},{"cityName":"Absalon","countryName":"Martinique"},{"cityName":"Abondance","countryName":"Martinique"},{"cityName":"Abandonne","countryName":"Martinique"},{"cityName":"Martinique","countryName":"Martinique"}]