[{"cityName":"Yemen","countryName":"Mauritius","localeCode":"en","districtName":""},{"cityName":"Virginia","countryName":"Mauritius","localeCode":"en","districtName":""},{"cityName":"Ville Valio","countryName":"Mauritius","localeCode":"en","districtName":""},{"cityName":"Ville d'Apray","countryName":"Mauritius","localeCode":"en","districtName":""},{"cityName":"Ville Bague","countryName":"Mauritius","localeCode":"en","districtName":""},{"cityName":"Vieux Grand Port","countryName":"Mauritius","localeCode":"en","districtName":""},{"cityName":"Verdun","countryName":"Mauritius","localeCode":"en","districtName":""},{"cityName":"Valton","countryName":"Mauritius","localeCode":"en","districtName":""},{"cityName":"Valetta","countryName":"Mauritius","localeCode":"en","districtName":""},{"cityName":"Vacoas","countryName":"Mauritius","localeCode":"en","districtName":""},{"cityName":"Union Vale","countryName":"Mauritius","localeCode":"en","districtName":""},{"cityName":"Reunion Maurel","countryName":"Mauritius","localeCode":"en","districtName":""},{"cityName":"Trou d'Eau Douce","countryName":"Mauritius","localeCode":"en","districtName":""},{"cityName":"Trou aux Biches","countryName":"Mauritius","localeCode":"en","districtName":""},{"cityName":"Trois Ilots","countryName":"Mauritius","localeCode":"en","districtName":""},{"cityName":"Triolet","countryName":"Mauritius","localeCode":"en","districtName":""},{"cityName":"Trio","countryName":"Mauritius","localeCode":"en","districtName":""},{"cityName":"Trianon","countryName":"Mauritius","localeCode":"en","districtName":""},{"cityName":"The Vale","countryName":"Mauritius","localeCode":"en","districtName":""},{"cityName":"The Mount","countryName":"Mauritius","localeCode":"en","districtName":""},{"cityName":"Terre Rouge","countryName":"Mauritius","localeCode":"en","districtName":""},{"cityName":"Tamarin","countryName":"Mauritius","localeCode":"en","districtName":""},{"cityName":"Surinam","countryName":"Mauritius","localeCode":"en","districtName":""},{"cityName":"Suase","countryName":"Mauritius","localeCode":"en","districtName":""},{"cityName":"Souillac","countryName":"Mauritius","localeCode":"en","districtName":""},{"cityName":"Souffleur","countryName":"Mauritius","localeCode":"en","districtName":""},{"cityName":"Sottise","countryName":"Mauritius","localeCode":"en","districtName":""},{"cityName":"Solitude","countryName":"Mauritius","localeCode":"en","districtName":""},{"cityName":"Solferino","countryName":"Mauritius","localeCode":"en","districtName":""},{"cityName":"Sebastopol","countryName":"Mauritius","localeCode":"en","districtName":""},{"cityName":"Schoenfeld","countryName":"Mauritius","localeCode":"en","districtName":""},{"cityName":"Savinia","countryName":"Mauritius","localeCode":"en","districtName":""},{"cityName":"Savannah","countryName":"Mauritius","localeCode":"en","districtName":""},{"cityName":"Sans Souci","countryName":"Mauritius","localeCode":"en","districtName":""},{"cityName":"Mare Samson","countryName":"Mauritius","localeCode":"en","districtName":""},{"cityName":"Saint Pierre","countryName":"Mauritius","localeCode":"en","districtName":""},{"cityName":"Saint Martin","countryName":"Mauritius","localeCode":"en","districtName":""},{"cityName":"Saint Julien","countryName":"Mauritius","localeCode":"en","districtName":""},{"cityName":"Saint Hubert","countryName":"Mauritius","localeCode":"en","districtName":""},{"cityName":"Saint Francois","countryName":"Mauritius","localeCode":"en","districtName":""},{"cityName":"Saint Felix","countryName":"Mauritius","localeCode":"en","districtName":""},{"cityName":"Frederica","countryName":"Mauritius","localeCode":"en","districtName":""},{"cityName":"Sainte Croix","countryName":"Mauritius","localeCode":"en","districtName":""},{"cityName":"Saint Cloud","countryName":"Mauritius","localeCode":"en","districtName":""},{"cityName":"Saint Aubin","countryName":"Mauritius","localeCode":"en","districtName":""},{"cityName":"Saint Antoine","countryName":"Mauritius","localeCode":"en","districtName":""},{"cityName":"Morcellemont Saint Andre","countryName":"Mauritius","localeCode":"en","districtName":""},{"cityName":"Ruisseau Creole","countryName":"Mauritius","localeCode":"en","districtName":""},{"cityName":"Ruisseau Copeaux","countryName":"Mauritius","localeCode":"en","districtName":""},{"cityName":"Rouge Terre","countryName":"Mauritius","localeCode":"en","districtName":""},{"cityName":"Roselyn Cottage","countryName":"Mauritius","localeCode":"en","districtName":""},{"cityName":"Rose Hill","countryName":"Mauritius","localeCode":"en","districtName":""},{"cityName":"Rose Belle","countryName":"Mauritius","localeCode":"en","districtName":""},{"cityName":"Roche Terre","countryName":"Mauritius","localeCode":"en","districtName":""},{"cityName":"Roches Brunes","countryName":"Mauritius","localeCode":"en","districtName":""},{"cityName":"Roches Noire","countryName":"Mauritius","localeCode":"en","districtName":""},{"cityName":"Roche Bois","countryName":"Mauritius","localeCode":"en","districtName":""},{"cityName":"Grande Riviere Noire","countryName":"Mauritius","localeCode":"en","districtName":""},{"cityName":"Riviere du Rempart","countryName":"Mauritius","localeCode":"en","districtName":""},{"cityName":"Riviere du Poste","countryName":"Mauritius","localeCode":"en","districtName":""},{"cityName":"Riviere Dragon","countryName":"Mauritius","localeCode":"en","districtName":""},{"cityName":"Riviere des Anguilles","countryName":"Mauritius","localeCode":"en","districtName":""},{"cityName":"Riviere des Creoles","countryName":"Mauritius","localeCode":"en","districtName":""},{"cityName":"Riviere Baptiste","countryName":"Mauritius","localeCode":"en","districtName":""},{"cityName":"Ripailles","countryName":"Mauritius","localeCode":"en","districtName":""},{"cityName":"Rich Fund","countryName":"Mauritius","localeCode":"en","districtName":""},{"cityName":"Richeterre","countryName":"Mauritius","localeCode":"en","districtName":""},{"cityName":"Riche en Eau","countryName":"Mauritius","localeCode":"en","districtName":""},{"cityName":"Riche Bois","countryName":"Mauritius","localeCode":"en","districtName":""},{"cityName":"Reunion","countryName":"Mauritius","localeCode":"en","districtName":""},{"cityName":"Ravin","countryName":"Mauritius","localeCode":"en","districtName":""},{"cityName":"Quinze Cantons","countryName":"Mauritius","localeCode":"en","districtName":""},{"cityName":"Queen Victoria","countryName":"Mauritius","localeCode":"en","districtName":""},{"cityName":"Quatre Soeurs","countryName":"Mauritius","localeCode":"en","districtName":""},{"cityName":"Quatre Bornes","countryName":"Mauritius","localeCode":"en","districtName":""},{"cityName":"Quartier Militaire","countryName":"Mauritius","localeCode":"en","districtName":""},{"cityName":"Providence","countryName":"Mauritius","localeCode":"en","districtName":""},{"cityName":"Poudre d'Or","countryName":"Mauritius","localeCode":"en","districtName":""},{"cityName":"Poste de Flacq","countryName":"Mauritius","localeCode":"en","districtName":""},{"cityName":"Port Sainte Rita","countryName":"Mauritius","localeCode":"en","districtName":""},{"cityName":"Port Louis","countryName":"Mauritius","localeCode":"en","districtName":""},{"cityName":"Pont Praslin","countryName":"Mauritius","localeCode":"en","districtName":""},{"cityName":"Pont Colville","countryName":"Mauritius","localeCode":"en","districtName":""},{"cityName":"Pont Blanc","countryName":"Mauritius","localeCode":"en","districtName":""},{"cityName":"Pointe aux Canonniers","countryName":"Mauritius","localeCode":"en","districtName":""},{"cityName":"Plaisance","countryName":"Mauritius","localeCode":"en","districtName":""},{"cityName":"Plaine Magnien","countryName":"Mauritius","localeCode":"en","districtName":""},{"cityName":"Plaine des Papayes","countryName":"Mauritius","localeCode":"en","districtName":""},{"cityName":"Phoenix","countryName":"Mauritius","localeCode":"en","districtName":""},{"cityName":"Petit Verger","countryName":"Mauritius","localeCode":"en","districtName":""},{"cityName":"Petit Raffray","countryName":"Mauritius","localeCode":"en","districtName":""},{"cityName":"Petit Paquet","countryName":"Mauritius","localeCode":"en","districtName":""},{"cityName":"Petite Riviere","countryName":"Mauritius","localeCode":"en","districtName":""},{"cityName":"Petite Case Noyale","countryName":"Mauritius","localeCode":"en","districtName":""},{"cityName":"Pavillon du Grand Port","countryName":"Mauritius","localeCode":"en","districtName":""},{"cityName":"Pamplemousses","countryName":"Mauritius","localeCode":"en","districtName":""},{"cityName":"Palmyre","countryName":"Mauritius","localeCode":"en","districtName":""},{"cityName":"Palma","countryName":"Mauritius","localeCode":"en","districtName":""},{"cityName":"Pailles","countryName":"Mauritius","localeCode":"en","districtName":""},{"cityName":"Olivia","countryName":"Mauritius","localeCode":"en","districtName":""},{"cityName":"Nouvelle France","countryName":"Mauritius","localeCode":"en","districtName":""},{"cityName":"Notre Dame","countryName":"Mauritius","localeCode":"en","districtName":""},{"cityName":"New Grove","countryName":"Mauritius","localeCode":"en","districtName":""},{"cityName":"Mount Ory","countryName":"Mauritius","localeCode":"en","districtName":""},{"cityName":"Mon Vallon","countryName":"Mauritius","localeCode":"en","districtName":""},{"cityName":"Mon Tresor","countryName":"Mauritius","localeCode":"en","districtName":""},{"cityName":"Piton","countryName":"Mauritius","localeCode":"en","districtName":""},{"cityName":"Mont Ida","countryName":"Mauritius","localeCode":"en","districtName":""},{"cityName":"Mont Fleury","countryName":"Mauritius","localeCode":"en","districtName":""},{"cityName":"Mont Choisy","countryName":"Mauritius","localeCode":"en","districtName":""},{"cityName":"Mont Blanc","countryName":"Mauritius","localeCode":"en","districtName":""},{"cityName":"Montagne Blanche","countryName":"Mauritius","localeCode":"en","districtName":""},{"cityName":"Mon Rocher","countryName":"Mauritius","localeCode":"en","districtName":""},{"cityName":"Mon Piton","countryName":"Mauritius","localeCode":"en","districtName":""},{"cityName":"Mon Loisir","countryName":"Mauritius","localeCode":"en","districtName":""},{"cityName":"Mon Gout","countryName":"Mauritius","localeCode":"en","districtName":""},{"cityName":"Mon Desert","countryName":"Mauritius","localeCode":"en","districtName":""},{"cityName":"Moka","countryName":"Mauritius","localeCode":"en","districtName":""},{"cityName":"Minissy","countryName":"Mauritius","localeCode":"en","districtName":""},{"cityName":"Midlands","countryName":"Mauritius","localeCode":"en","districtName":""},{"cityName":"Melville","countryName":"Mauritius","localeCode":"en","districtName":""},{"cityName":"Melrose","countryName":"Mauritius","localeCode":"en","districtName":""},{"cityName":"Medine","countryName":"Mauritius","localeCode":"en","districtName":""},{"cityName":"Mare Tabac","countryName":"Mauritius","localeCode":"en","districtName":""},{"cityName":"Mare Jacot","countryName":"Mauritius","localeCode":"en","districtName":""},{"cityName":"Mare d'Albert","countryName":"Mauritius","localeCode":"en","districtName":""},{"cityName":"Maison Blanche","countryName":"Mauritius","localeCode":"en","districtName":""},{"cityName":"Mahebourg","countryName":"Mauritius","localeCode":"en","districtName":""},{"cityName":"L'Unite","countryName":"Mauritius","localeCode":"en","districtName":""},{"cityName":"L'Union","countryName":"Mauritius","localeCode":"en","districtName":""},{"cityName":"Luchon","countryName":"Mauritius","localeCode":"en","districtName":""},{"cityName":"Long Mountain","countryName":"Mauritius","localeCode":"en","districtName":""},{"cityName":"Ligne Barrin","countryName":"Mauritius","localeCode":"en","districtName":""},{"cityName":"Le Val","countryName":"Mauritius","localeCode":"en","districtName":""},{"cityName":"L'Etoile","countryName":"Mauritius","localeCode":"en","districtName":""},{"cityName":"Lesur","countryName":"Mauritius","localeCode":"en","districtName":""},{"cityName":"L'Escalier","countryName":"Mauritius","localeCode":"en","districtName":""},{"cityName":"Le Reduit","countryName":"Mauritius","localeCode":"en","districtName":""},{"cityName":"Le Plessis","countryName":"Mauritius","localeCode":"en","districtName":""},{"cityName":"Leonbourg","countryName":"Mauritius","localeCode":"en","districtName":""},{"cityName":"Le Marres","countryName":"Mauritius","localeCode":"en","districtName":""},{"cityName":"Le Chaland","countryName":"Mauritius","localeCode":"en","districtName":""},{"cityName":"Le Bocage","countryName":"Mauritius","localeCode":"en","districtName":""},{"cityName":"Lavilleon","countryName":"Mauritius","localeCode":"en","districtName":""},{"cityName":"La Russie","countryName":"Mauritius","localeCode":"en","districtName":""},{"cityName":"La Rotraite","countryName":"Mauritius","localeCode":"en","districtName":""},{"cityName":"La Rosa","countryName":"Mauritius","localeCode":"en","districtName":""},{"cityName":"La Rampe - Le Moirt","countryName":"Mauritius","localeCode":"en","districtName":""},{"cityName":"La Nourrice","countryName":"Mauritius","localeCode":"en","districtName":""},{"cityName":"La Morue","countryName":"Mauritius","localeCode":"en","districtName":""},{"cityName":"La Mecque","countryName":"Mauritius","localeCode":"en","districtName":""},{"cityName":"La Marre","countryName":"Mauritius","localeCode":"en","districtName":""},{"cityName":"La Marie","countryName":"Mauritius","localeCode":"en","districtName":""},{"cityName":"La Lucie","countryName":"Mauritius","localeCode":"en","districtName":""},{"cityName":"Lalmatie","countryName":"Mauritius","localeCode":"en","districtName":""},{"cityName":"La Laura","countryName":"Mauritius","localeCode":"en","districtName":""},{"cityName":"L'Agrement","countryName":"Mauritius","localeCode":"en","districtName":""},{"cityName":"La Gaiete","countryName":"Mauritius","localeCode":"en","districtName":""},{"cityName":"La Dagotiere","countryName":"Mauritius","localeCode":"en","districtName":""},{"cityName":"La Croisee","countryName":"Mauritius","localeCode":"en","districtName":""},{"cityName":"La Crete","countryName":"Mauritius","localeCode":"en","districtName":""},{"cityName":"La Cocoterie","countryName":"Mauritius","localeCode":"en","districtName":""},{"cityName":"La Caverne","countryName":"Mauritius","localeCode":"en","districtName":""},{"cityName":"Labourdonnais","countryName":"Mauritius","localeCode":"en","districtName":""},{"cityName":"Labonte","countryName":"Mauritius","localeCode":"en","districtName":""},{"cityName":"La Bergerie","countryName":"Mauritius","localeCode":"en","districtName":""},{"cityName":"La Barraque","countryName":"Mauritius","localeCode":"en","districtName":""},{"cityName":"Joli Bois","countryName":"Mauritius","localeCode":"en","districtName":""},{"cityName":"Ile d'Ambre","countryName":"Mauritius","localeCode":"en","districtName":""},{"cityName":"Highlands","countryName":"Mauritius","localeCode":"en","districtName":""},{"cityName":"Herve","countryName":"Mauritius","localeCode":"en","districtName":""},{"cityName":"Hermitage","countryName":"Mauritius","localeCode":"en","districtName":""},{"cityName":"Henrietta","countryName":"Mauritius","localeCode":"en","districtName":""},{"cityName":"Helvetia","countryName":"Mauritius","localeCode":"en","districtName":""},{"cityName":"Haute Rive","countryName":"Mauritius","localeCode":"en","districtName":""},{"cityName":"Haut de Flacq","countryName":"Mauritius","localeCode":"en","districtName":""},{"cityName":"Gros Bois","countryName":"Mauritius","localeCode":"en","districtName":""},{"cityName":"Gros Billot","countryName":"Mauritius","localeCode":"en","districtName":""},{"cityName":"Grand Sable","countryName":"Mauritius","localeCode":"en","districtName":""},{"cityName":"Grand River North West","countryName":"Mauritius","localeCode":"en","districtName":""},{"cityName":"Grande Rosalie","countryName":"Mauritius","localeCode":"en","districtName":""},{"cityName":"Grande Riviere Sud Est","countryName":"Mauritius","localeCode":"en","districtName":""},{"cityName":"Grande Retraite","countryName":"Mauritius","localeCode":"en","districtName":""},{"cityName":"Grand Gaube","countryName":"Mauritius","localeCode":"en","districtName":""},{"cityName":"Grande Case Noyale","countryName":"Mauritius","localeCode":"en","districtName":""},{"cityName":"Grand Baie","countryName":"Mauritius","localeCode":"en","districtName":""},{"cityName":"Grand Bois","countryName":"Mauritius","localeCode":"en","districtName":""},{"cityName":"Goodlands","countryName":"Mauritius","localeCode":"en","districtName":""},{"cityName":"Gokoola","countryName":"Mauritius","localeCode":"en","districtName":""},{"cityName":"Forbach","countryName":"Mauritius","localeCode":"en","districtName":""},{"cityName":"Fond du Sac","countryName":"Mauritius","localeCode":"en","districtName":""},{"cityName":"Floreal","countryName":"Mauritius","localeCode":"en","districtName":""},{"cityName":"Flic en Flac","countryName":"Mauritius","localeCode":"en","districtName":""},{"cityName":"Esperance Trebuchet","countryName":"Mauritius","localeCode":"en","districtName":""},{"cityName":"Seizieme Mille","countryName":"Mauritius","localeCode":"en","districtName":""},{"cityName":"Eau Bleue","countryName":"Mauritius","localeCode":"en","districtName":""},{"cityName":"Deux Bras","countryName":"Mauritius","localeCode":"en","districtName":""},{"cityName":"Deep River","countryName":"Mauritius","localeCode":"en","districtName":""},{"cityName":"Dalais","countryName":"Mauritius","localeCode":"en","districtName":""},{"cityName":"Curepipe","countryName":"Mauritius","localeCode":"en","districtName":""},{"cityName":"Creve Coeur","countryName":"Mauritius","localeCode":"en","districtName":""},{"cityName":"Cote d'Or","countryName":"Mauritius","localeCode":"en","districtName":""},{"cityName":"Coteau Raffin","countryName":"Mauritius","localeCode":"en","districtName":""},{"cityName":"Coquinbourg","countryName":"Mauritius","localeCode":"en","districtName":""},{"cityName":"Constance","countryName":"Mauritius","localeCode":"en","districtName":""},{"cityName":"Clemencia","countryName":"Mauritius","localeCode":"en","districtName":""},{"cityName":"Clarence","countryName":"Mauritius","localeCode":"en","districtName":""},{"cityName":"Circonstance","countryName":"Mauritius","localeCode":"en","districtName":""},{"cityName":"Choisy","countryName":"Mauritius","localeCode":"en","districtName":""},{"cityName":"Chemin Grenier","countryName":"Mauritius","localeCode":"en","districtName":""},{"cityName":"Chebel","countryName":"Mauritius","localeCode":"en","districtName":""},{"cityName":"Chantenuy","countryName":"Mauritius","localeCode":"en","districtName":""},{"cityName":"Chamouny","countryName":"Mauritius","localeCode":"en","districtName":""},{"cityName":"Chamarel","countryName":"Mauritius","localeCode":"en","districtName":""},{"cityName":"Centre de Flacq","countryName":"Mauritius","localeCode":"en","districtName":""},{"cityName":"Cent Gaulettes","countryName":"Mauritius","localeCode":"en","districtName":""},{"cityName":"Cazela","countryName":"Mauritius","localeCode":"en","districtName":""},{"cityName":"Cassis","countryName":"Mauritius","localeCode":"en","districtName":""},{"cityName":"Cascavelle","countryName":"Mauritius","localeCode":"en","districtName":""},{"cityName":"Cap Malheureux","countryName":"Mauritius","localeCode":"en","districtName":""},{"cityName":"Camp Thorel","countryName":"Mauritius","localeCode":"en","districtName":""},{"cityName":"Camp Sonah","countryName":"Mauritius","localeCode":"en","districtName":""},{"cityName":"Camp Malgache","countryName":"Mauritius","localeCode":"en","districtName":""},{"cityName":"Camp Fouquereaux","countryName":"Mauritius","localeCode":"en","districtName":""},{"cityName":"Camp Diable","countryName":"Mauritius","localeCode":"en","districtName":""},{"cityName":"Camp de Masque","countryName":"Mauritius","localeCode":"en","districtName":""},{"cityName":"Camp Creole","countryName":"Mauritius","localeCode":"en","districtName":""},{"cityName":"Camp Accacia","countryName":"Mauritius","localeCode":"en","districtName":""},{"cityName":"Camp Benoit","countryName":"Mauritius","localeCode":"en","districtName":""},{"cityName":"Cachette","countryName":"Mauritius","localeCode":"en","districtName":""},{"cityName":"Brisee Verdiere","countryName":"Mauritius","localeCode":"en","districtName":""},{"cityName":"Le Bouchon","countryName":"Mauritius","localeCode":"en","districtName":""},{"cityName":"Bonne Veine","countryName":"Mauritius","localeCode":"en","districtName":""},{"cityName":"Camp Garreau","countryName":"Mauritius","localeCode":"en","districtName":""},{"cityName":"Bon Espoir","countryName":"Mauritius","localeCode":"en","districtName":""},{"cityName":"Bon Courage","countryName":"Mauritius","localeCode":"en","districtName":""},{"cityName":"Bon Air","countryName":"Mauritius","localeCode":"en","districtName":""},{"cityName":"Bon Accueil","countryName":"Mauritius","localeCode":"en","districtName":""},{"cityName":"Bois Sec","countryName":"Mauritius","localeCode":"en","districtName":""},{"cityName":"Bois Rouge","countryName":"Mauritius","localeCode":"en","districtName":""},{"cityName":"Bois Marchand","countryName":"Mauritius","localeCode":"en","districtName":""},{"cityName":"Bois Mangue","countryName":"Mauritius","localeCode":"en","districtName":""},{"cityName":"Bois d'Oiseaux","countryName":"Mauritius","localeCode":"en","districtName":""},{"cityName":"Bois des Amourettes","countryName":"Mauritius","localeCode":"en","districtName":""},{"cityName":"Bois Cheri","countryName":"Mauritius","localeCode":"en","districtName":""},{"cityName":"Benares","countryName":"Mauritius","localeCode":"en","districtName":""},{"cityName":"Belvedere","countryName":"Mauritius","localeCode":"en","districtName":""},{"cityName":"Bel Ombre","countryName":"Mauritius","localeCode":"en","districtName":""},{"cityName":"Belmont","countryName":"Mauritius","localeCode":"en","districtName":""},{"cityName":"Bell Village","countryName":"Mauritius","localeCode":"en","districtName":""},{"cityName":"Belle Vue Pilot","countryName":"Mauritius","localeCode":"en","districtName":""},{"cityName":"Belle Vue Harel","countryName":"Mauritius","localeCode":"en","districtName":""},{"cityName":"Belle Vue","countryName":"Mauritius","localeCode":"en","districtName":""},{"cityName":"Belle Vue Maurel","countryName":"Mauritius","localeCode":"en","districtName":""},{"cityName":"Belle Rose","countryName":"Mauritius","localeCode":"en","districtName":""},{"cityName":"Belle Rive","countryName":"Mauritius","localeCode":"en","districtName":""},{"cityName":"Belle Isle","countryName":"Mauritius","localeCode":"en","districtName":""},{"cityName":"Bel Etang","countryName":"Mauritius","localeCode":"en","districtName":""},{"cityName":"Bel Air","countryName":"Mauritius","localeCode":"en","districtName":""},{"cityName":"Grand Bel Air","countryName":"Mauritius","localeCode":"en","districtName":""},{"cityName":"Beau Vallon","countryName":"Mauritius","localeCode":"en","districtName":""},{"cityName":"Beau Site","countryName":"Mauritius","localeCode":"en","districtName":""},{"cityName":"Beau Sejour","countryName":"Mauritius","localeCode":"en","districtName":""},{"cityName":"Beau Plan","countryName":"Mauritius","localeCode":"en","districtName":""},{"cityName":"Beau Manguier","countryName":"Mauritius","localeCode":"en","districtName":""},{"cityName":"Beau Fond","countryName":"Mauritius","localeCode":"en","districtName":""},{"cityName":"Beau Champ","countryName":"Mauritius","localeCode":"en","districtName":""},{"cityName":"Beau Bois","countryName":"Mauritius","localeCode":"en","districtName":""},{"cityName":"Beau Bassin","countryName":"Mauritius","localeCode":"en","districtName":""},{"cityName":"Batimarais","countryName":"Mauritius","localeCode":"en","districtName":""},{"cityName":"Robinson","countryName":"Mauritius","localeCode":"en","districtName":""},{"cityName":"Bar le Duc","countryName":"Mauritius","localeCode":"en","districtName":""},{"cityName":"Barachois","countryName":"Mauritius","localeCode":"en","districtName":""},{"cityName":"Bambous","countryName":"Mauritius","localeCode":"en","districtName":""},{"cityName":"Baie Mannioc","countryName":"Mauritius","localeCode":"en","districtName":""},{"cityName":"Bagatelle","countryName":"Mauritius","localeCode":"en","districtName":""},{"cityName":"Astroea","countryName":"Mauritius","localeCode":"en","districtName":""},{"cityName":"Argy","countryName":"Mauritius","localeCode":"en","districtName":""},{"cityName":"Antoinette","countryName":"Mauritius","localeCode":"en","districtName":""},{"cityName":"Amitie","countryName":"Mauritius","localeCode":"en","districtName":""},{"cityName":"Alma","countryName":"Mauritius","localeCode":"en","districtName":""},{"cityName":"Albion","countryName":"Mauritius","localeCode":"en","districtName":""},{"cityName":"Abercrombie","countryName":"Mauritius","localeCode":"en","districtName":""},{"cityName":"Laventure","countryName":"Mauritius","localeCode":"en","districtName":""},{"cityName":"Baie du Cap","countryName":"Mauritius","localeCode":"en","districtName":""},{"cityName":"Mon Tresor - Mon Desert","countryName":"Mauritius","localeCode":"en","districtName":""},{"cityName":"Cluny","countryName":"Mauritius","localeCode":"en","districtName":""},{"cityName":"Petite Rosalie","countryName":"Mauritius","localeCode":"en","districtName":""},{"cityName":"Madame Cayeux","countryName":"Mauritius","localeCode":"en","districtName":""},{"cityName":"Camp des Embrevades","countryName":"Mauritius","localeCode":"en","districtName":""},{"cityName":"L'Esperance","countryName":"Mauritius","localeCode":"en","districtName":""},{"cityName":"Poudre d'Or Hamlet","countryName":"Mauritius","localeCode":"en","districtName":""},{"cityName":"Cottage","countryName":"Mauritius","localeCode":"en","districtName":""},{"cityName":"Germain","countryName":"Mauritius","localeCode":"en","districtName":""},{"cityName":"Madame Azor","countryName":"Mauritius","localeCode":"en","districtName":""},{"cityName":"Mamzelle Jeanne","countryName":"Mauritius","localeCode":"en","districtName":""},{"cityName":"Pavillon","countryName":"Mauritius","localeCode":"en","districtName":""},{"cityName":"Pereybere","countryName":"Mauritius","localeCode":"en","districtName":""},{"cityName":"Camp Bestel","countryName":"Mauritius","localeCode":"en","districtName":""},{"cityName":"Grande Pointe aux Piments","countryName":"Mauritius","localeCode":"en","districtName":""},{"cityName":"Petit Gamin","countryName":"Mauritius","localeCode":"en","districtName":""},{"cityName":"Baie du Tombeau","countryName":"Mauritius","localeCode":"en","districtName":""},{"cityName":"Bois Pignolet","countryName":"Mauritius","localeCode":"en","districtName":""},{"cityName":"Baillache","countryName":"Mauritius","localeCode":"en","districtName":""},{"cityName":"Ruisseau Rose","countryName":"Mauritius","localeCode":"en","districtName":""},{"cityName":"Congomah","countryName":"Mauritius","localeCode":"en","districtName":""},{"cityName":"Les Mariannes","countryName":"Mauritius","localeCode":"en","districtName":""},{"cityName":"Ilot","countryName":"Mauritius","localeCode":"en","districtName":""},{"cityName":"D'Epinay","countryName":"Mauritius","localeCode":"en","districtName":""},{"cityName":"Petite Julie","countryName":"Mauritius","localeCode":"en","districtName":""},{"cityName":"Mon Songe","countryName":"Mauritius","localeCode":"en","districtName":""},{"cityName":"Barlow","countryName":"Mauritius","localeCode":"en","districtName":""},{"cityName":"Bois Jacot","countryName":"Mauritius","localeCode":"en","districtName":""},{"cityName":"Amaury","countryName":"Mauritius","localeCode":"en","districtName":""},{"cityName":"Plaines des Roches","countryName":"Mauritius","localeCode":"en","districtName":""},{"cityName":"Mare d'Australia","countryName":"Mauritius","localeCode":"en","districtName":""},{"cityName":"La Clemence","countryName":"Mauritius","localeCode":"en","districtName":""},{"cityName":"Camp Poorun","countryName":"Mauritius","localeCode":"en","districtName":""},{"cityName":"Camp Bouillon","countryName":"Mauritius","localeCode":"en","districtName":""},{"cityName":"Mare La Chaux","countryName":"Mauritius","localeCode":"en","districtName":""},{"cityName":"Belle Mare","countryName":"Mauritius","localeCode":"en","districtName":""},{"cityName":"Quatre Cocos","countryName":"Mauritius","localeCode":"en","districtName":""},{"cityName":"Isidore Rose","countryName":"Mauritius","localeCode":"en","districtName":""},{"cityName":"Camp Ithier","countryName":"Mauritius","localeCode":"en","districtName":""},{"cityName":"Bramsthan","countryName":"Mauritius","localeCode":"en","districtName":""},{"cityName":"Saint Remy","countryName":"Mauritius","localeCode":"en","districtName":""},{"cityName":"Palmar","countryName":"Mauritius","localeCode":"en","districtName":""},{"cityName":"La Commune","countryName":"Mauritius","localeCode":"en","districtName":""},{"cityName":"Camp Bonnemere","countryName":"Mauritius","localeCode":"en","districtName":""},{"cityName":"Ecroignard","countryName":"Mauritius","localeCode":"en","districtName":""},{"cityName":"Petit Bois","countryName":"Mauritius","localeCode":"en","districtName":""},{"cityName":"La Caroline","countryName":"Mauritius","localeCode":"en","districtName":""},{"cityName":"Ernest Florent","countryName":"Mauritius","localeCode":"en","districtName":""},{"cityName":"Marie Jeanne","countryName":"Mauritius","localeCode":"en","districtName":""},{"cityName":"Pointe aux Feuilles","countryName":"Mauritius","localeCode":"en","districtName":""},{"cityName":"Deux Freres","countryName":"Mauritius","localeCode":"en","districtName":""},{"cityName":"Clavet","countryName":"Mauritius","localeCode":"en","districtName":""},{"cityName":"Pellegrin","countryName":"Mauritius","localeCode":"en","districtName":""},{"cityName":"Petite Cabane","countryName":"Mauritius","localeCode":"en","districtName":""},{"cityName":"Camp de Masque Pave","countryName":"Mauritius","localeCode":"en","districtName":""},{"cityName":"Union Flacq","countryName":"Mauritius","localeCode":"en","districtName":""},{"cityName":"Belle Vue Allendy","countryName":"Mauritius","localeCode":"en","districtName":""},{"cityName":"Grand dans Fond","countryName":"Mauritius","localeCode":"en","districtName":""},{"cityName":"Pointe aux Roches","countryName":"Mauritius","localeCode":"en","districtName":""},{"cityName":"Petit Sable","countryName":"Mauritius","localeCode":"en","districtName":""},{"cityName":"Bambous Virieux","countryName":"Mauritius","localeCode":"en","districtName":""},{"cityName":"Anse Jonchee","countryName":"Mauritius","localeCode":"en","districtName":""},{"cityName":"Ferney","countryName":"Mauritius","localeCode":"en","districtName":""},{"cityName":"Le Vallon","countryName":"Mauritius","localeCode":"en","districtName":""},{"cityName":"Camp Jardin","countryName":"Mauritius","localeCode":"en","districtName":""},{"cityName":"Petit Bel Air","countryName":"Mauritius","localeCode":"en","districtName":""},{"cityName":"Ville Noire","countryName":"Mauritius","localeCode":"en","districtName":""},{"cityName":"Pointe d'Esny","countryName":"Mauritius","localeCode":"en","districtName":""},{"cityName":"Camp Carol","countryName":"Mauritius","localeCode":"en","districtName":""},{"cityName":"Trois Boutiques","countryName":"Mauritius","localeCode":"en","districtName":""},{"cityName":"Plein Bois","countryName":"Mauritius","localeCode":"en","districtName":""},{"cityName":"La Sourdine","countryName":"Mauritius","localeCode":"en","districtName":""},{"cityName":"Union Park","countryName":"Mauritius","localeCode":"en","districtName":""},{"cityName":"Balisson","countryName":"Mauritius","localeCode":"en","districtName":""},{"cityName":"Marie Jeanie","countryName":"Mauritius","localeCode":"en","districtName":""},{"cityName":"Bemanique","countryName":"Mauritius","localeCode":"en","districtName":""},{"cityName":"Mare Chicose","countryName":"Mauritius","localeCode":"en","districtName":""},{"cityName":"Saint Hilaire","countryName":"Mauritius","localeCode":"en","districtName":""},{"cityName":"Sainte Madeleine","countryName":"Mauritius","localeCode":"en","districtName":""},{"cityName":"Britannia","countryName":"Mauritius","localeCode":"en","districtName":""},{"cityName":"Saint Avold","countryName":"Mauritius","localeCode":"en","districtName":""},{"cityName":"Camp Berthaud","countryName":"Mauritius","localeCode":"en","districtName":""},{"cityName":"Senneville","countryName":"Mauritius","localeCode":"en","districtName":""},{"cityName":"Tyack","countryName":"Mauritius","localeCode":"en","districtName":""},{"cityName":"Terracine","countryName":"Mauritius","localeCode":"en","districtName":""},{"cityName":"Riambel","countryName":"Mauritius","localeCode":"en","districtName":""},{"cityName":"Pomponnette","countryName":"Mauritius","localeCode":"en","districtName":""},{"cityName":"Fontenelle","countryName":"Mauritius","localeCode":"en","districtName":""},{"cityName":"Valruche","countryName":"Mauritius","localeCode":"en","districtName":""},{"cityName":"Valentina","countryName":"Mauritius","localeCode":"en","districtName":""},{"cityName":"L'Embrasure","countryName":"Mauritius","localeCode":"en","districtName":""},{"cityName":"La Gaulette","countryName":"Mauritius","localeCode":"en","districtName":""},{"cityName":"La Flora","countryName":"Mauritius","localeCode":"en","districtName":""},{"cityName":"Bananes","countryName":"Mauritius","localeCode":"en","districtName":""},{"cityName":"Forest Side","countryName":"Mauritius","localeCode":"en","districtName":""},{"cityName":"Engrais Cathan","countryName":"Mauritius","localeCode":"en","districtName":""},{"cityName":"Engrais Martial","countryName":"Mauritius","localeCode":"en","districtName":""},{"cityName":"Mesnil","countryName":"Mauritius","localeCode":"en","districtName":""},{"cityName":"Belle Terre","countryName":"Mauritius","localeCode":"en","districtName":""},{"cityName":"Cinq Arpents","countryName":"Mauritius","localeCode":"en","districtName":""},{"cityName":"Petit Camp","countryName":"Mauritius","localeCode":"en","districtName":""},{"cityName":"Camp Caval","countryName":"Mauritius","localeCode":"en","districtName":""},{"cityName":"Camp Mapou","countryName":"Mauritius","localeCode":"en","districtName":""},{"cityName":"Camp La Savanne","countryName":"Mauritius","localeCode":"en","districtName":""},{"cityName":"Camp Roches","countryName":"Mauritius","localeCode":"en","districtName":""},{"cityName":"Glen Park","countryName":"Mauritius","localeCode":"en","districtName":""},{"cityName":"Holyrood","countryName":"Mauritius","localeCode":"en","districtName":""},{"cityName":"Les Casernes","countryName":"Mauritius","localeCode":"en","districtName":""},{"cityName":"Carreau La Liane","countryName":"Mauritius","localeCode":"en","districtName":""},{"cityName":"La Source","countryName":"Mauritius","localeCode":"en","districtName":""},{"cityName":"Stanley","countryName":"Mauritius","localeCode":"en","districtName":""},{"cityName":"Ebene","countryName":"Mauritius","localeCode":"en","districtName":""},{"cityName":"Belle Etoile","countryName":"Mauritius","localeCode":"en","districtName":""},{"cityName":"Beaux Songes","countryName":"Mauritius","localeCode":"en","districtName":""},{"cityName":"Eau Bonne","countryName":"Mauritius","localeCode":"en","districtName":""},{"cityName":"La Mivoie","countryName":"Mauritius","localeCode":"en","districtName":""},{"cityName":"Petite Riviere Noire","countryName":"Mauritius","localeCode":"en","districtName":""},{"cityName":"Canot","countryName":"Mauritius","localeCode":"en","districtName":""},{"cityName":"Camp Creoles","countryName":"Mauritius","localeCode":"en","districtName":""},{"cityName":"Gros Cailloux","countryName":"Mauritius","localeCode":"en","districtName":""},{"cityName":"Pointe aux Sables","countryName":"Mauritius","localeCode":"en","districtName":""},{"cityName":"Cite La Cure","countryName":"Mauritius","localeCode":"en","districtName":""},{"cityName":"Melotte","countryName":"Mauritius","localeCode":"en","districtName":""},{"cityName":"Caroline","countryName":"Mauritius","localeCode":"en","districtName":""},{"cityName":"Mapou","countryName":"Mauritius","localeCode":"en","districtName":""},{"cityName":"Nouvelle Decouverte","countryName":"Mauritius","localeCode":"en","districtName":""},{"cityName":"Salazie","countryName":"Mauritius","localeCode":"en","districtName":""},{"cityName":"L'Avenir","countryName":"Mauritius","localeCode":"en","districtName":""},{"cityName":"Telfair","countryName":"Mauritius","localeCode":"en","districtName":""},{"cityName":"L'Assurance","countryName":"Mauritius","localeCode":"en","districtName":""},{"cityName":"Esperance","countryName":"Mauritius","localeCode":"en","districtName":""},{"cityName":"Vuillemin","countryName":"Mauritius","localeCode":"en","districtName":""},{"cityName":"Dubreuil","countryName":"Mauritius","localeCode":"en","districtName":""},{"cityName":"Camp Auguste","countryName":"Mauritius","localeCode":"en","districtName":""},{"cityName":"Malherbes","countryName":"Mauritius","localeCode":"en","districtName":""},{"cityName":"Eaux Coulee","countryName":"Mauritius","localeCode":"en","districtName":""},{"cityName":"Bonne Terre","countryName":"Mauritius","localeCode":"en","districtName":""},{"cityName":"La Louise","countryName":"Mauritius","localeCode":"en","districtName":""},{"cityName":"Barkly","countryName":"Mauritius","localeCode":"en","districtName":""},{"cityName":"Vuillemain","countryName":"Mauritius","localeCode":"en","districtName":""},{"cityName":"Montebello","countryName":"Mauritius","localeCode":"en","districtName":""},{"cityName":"Les Guibies","countryName":"Mauritius","localeCode":"en","districtName":""},{"cityName":"Bain des Dames","countryName":"Mauritius","localeCode":"en","districtName":""},{"cityName":"Tranquebar","countryName":"Mauritius","localeCode":"en","districtName":""},{"cityName":"Champ de Mars","countryName":"Mauritius","localeCode":"en","districtName":""},{"cityName":"Vallee Pitot","countryName":"Mauritius","localeCode":"en","districtName":""},{"cityName":"Plaine Verte","countryName":"Mauritius","localeCode":"en","districtName":""},{"cityName":"Camp Yoloff","countryName":"Mauritius","localeCode":"en","districtName":""},{"cityName":"Le Hochet","countryName":"Mauritius","localeCode":"en","districtName":""},{"cityName":"Khoyratty","countryName":"Mauritius","localeCode":"en","districtName":""},{"cityName":"Calebasses","countryName":"Mauritius","localeCode":"en","districtName":""},{"cityName":"L'Espoir","countryName":"Mauritius","localeCode":"en","districtName":""},{"cityName":"Arsenal","countryName":"Mauritius","localeCode":"en","districtName":""},{"cityName":"Le Goulet","countryName":"Mauritius","localeCode":"en","districtName":""},{"cityName":"Vallee des Pretres","countryName":"Mauritius","localeCode":"en","districtName":""},{"cityName":"Coromandel","countryName":"Mauritius","localeCode":"en","districtName":""},{"cityName":"Carreau Lalo","countryName":"Mauritius","localeCode":"en","districtName":""},{"cityName":"Saint Jean","countryName":"Mauritius","localeCode":"en","districtName":""},{"cityName":"Candos","countryName":"Mauritius","localeCode":"en","districtName":""},{"cityName":"River Side","countryName":"Mauritius","localeCode":"en","districtName":""},{"cityName":"Saint Paul","countryName":"Mauritius","localeCode":"en","districtName":""},{"cityName":"Anna","countryName":"Mauritius","localeCode":"en","districtName":""},{"cityName":"Cite Valijee","countryName":"Mauritius","localeCode":"en","districtName":""},{"cityName":"Vainqueur","countryName":"Mauritius","localeCode":"en","districtName":""},{"cityName":"Trefles","countryName":"Mauritius","localeCode":"en","districtName":""},{"cityName":"Saint Gabriel","countryName":"Mauritius","localeCode":"en","districtName":""},{"cityName":"Quatre Vents","countryName":"Mauritius","localeCode":"en","districtName":""},{"cityName":"Port Sud-Est","countryName":"Mauritius","localeCode":"en","districtName":""},{"cityName":"Port Mathurin","countryName":"Mauritius","localeCode":"en","districtName":""},{"cityName":"Petit Gabriel","countryName":"Mauritius","localeCode":"en","districtName":""},{"cityName":"Petit Brule","countryName":"Mauritius","localeCode":"en","districtName":""},{"cityName":"Paves","countryName":"Mauritius","localeCode":"en","districtName":""},{"cityName":"Lataniers","countryName":"Mauritius","localeCode":"en","districtName":""},{"cityName":"La Ferme","countryName":"Mauritius","localeCode":"en","districtName":""},{"cityName":"Bambou","countryName":"Mauritius","localeCode":"en","districtName":""},{"cityName":"La Fouche","countryName":"Mauritius","localeCode":"en","districtName":""},{"cityName":"Petite Butte","countryName":"Mauritius","localeCode":"en","districtName":""},{"cityName":"Riviere Cocos","countryName":"Mauritius","localeCode":"en","districtName":""},{"cityName":"Mangue","countryName":"Mauritius","localeCode":"en","districtName":""},{"cityName":"Baie aux Huitres","countryName":"Mauritius","localeCode":"en","districtName":""},{"cityName":"Marechal","countryName":"Mauritius","localeCode":"en","districtName":""},{"cityName":"Anse aux Anglais","countryName":"Mauritius","localeCode":"en","districtName":""},{"cityName":"Roche Bon Dieu","countryName":"Mauritius","localeCode":"en","districtName":""},{"cityName":"Grande Montagne","countryName":"Mauritius","localeCode":"en","districtName":""},{"cityName":"Patate Theophile","countryName":"Mauritius","localeCode":"en","districtName":""},{"cityName":"Petit Gravier","countryName":"Mauritius","localeCode":"en","districtName":""},{"cityName":"Citronelle","countryName":"Mauritius","localeCode":"en","districtName":""},{"cityName":"Mont Lubin","countryName":"Mauritius","localeCode":"en","districtName":""},{"cityName":"Plaine Corail","countryName":"Mauritius","localeCode":"en","districtName":""},{"cityName":"Citron Donis","countryName":"Mauritius","localeCode":"en","districtName":""},{"cityName":"Baie Topaze","countryName":"Mauritius","localeCode":"en","districtName":""},{"cityName":"Camp du Roi","countryName":"Mauritius","localeCode":"en","districtName":""},{"cityName":"Chameaux","countryName":"Mauritius","localeCode":"en","districtName":""},{"cityName":"Brule","countryName":"Mauritius","localeCode":"en","districtName":""},{"cityName":"Palissade Ternel","countryName":"Mauritius","localeCode":"en","districtName":""},{"cityName":"Saint Louis","countryName":"Mauritius","localeCode":"en","districtName":""},{"cityName":"Eau Vannee","countryName":"Mauritius","localeCode":"en","districtName":""},{"cityName":"Songe","countryName":"Mauritius","localeCode":"en","districtName":""},{"cityName":"Bassin Cabri","countryName":"Mauritius","localeCode":"en","districtName":""},{"cityName":"Soupir","countryName":"Mauritius","localeCode":"en","districtName":""},{"cityName":"Balaclava","countryName":"Mauritius","localeCode":"en","districtName":""},{"cityName":"Le Morne","countryName":"Mauritius","localeCode":"en","districtName":""},{"cityName":"Cargados Carajos","countryName":"Mauritius","localeCode":"en","districtName":""},{"cityName":"La Nicoliere","countryName":"Mauritius","localeCode":"en","districtName":""},{"cityName":"Saint-Joseph","countryName":"Mauritius","localeCode":"en","districtName":""},{"cityName":"Blue bay","countryName":"Mauritius","localeCode":"en","districtName":""}]