[{"cityName":"Zoumougine","countryName":"Mayotte","localeCode":"en","districtName":""},{"cityName":"Trivani","countryName":"Mayotte","localeCode":"en","districtName":""},{"cityName":"Sohoa","countryName":"Mayotte","localeCode":"en","districtName":""},{"cityName":"Sada","countryName":"Mayotte","localeCode":"en","districtName":""},{"cityName":"Proani","countryName":"Mayotte","localeCode":"en","districtName":""},{"cityName":"Passamenti","countryName":"Mayotte","localeCode":"en","districtName":""},{"cityName":"Pamanzi Be","countryName":"Mayotte","localeCode":"en","districtName":""},{"cityName":"Ongoujou","countryName":"Mayotte","localeCode":"en","districtName":""},{"cityName":"M'Zioizie","countryName":"Mayotte","localeCode":"en","districtName":""},{"cityName":"M'Sapere","countryName":"Mayotte","localeCode":"en","districtName":""},{"cityName":"M'Samouni","countryName":"Mayotte","localeCode":"en","districtName":""},{"cityName":"Mouroni Sanga","countryName":"Mayotte","localeCode":"en","districtName":""},{"cityName":"Mouroni Abeja","countryName":"Mayotte","localeCode":"en","districtName":""},{"cityName":"Mouramedoudou","countryName":"Mayotte","localeCode":"en","districtName":""},{"cityName":"Moliha","countryName":"Mayotte","localeCode":"en","districtName":""},{"cityName":"Mirereni","countryName":"Mayotte","localeCode":"en","districtName":""},{"cityName":"Miambani","countryName":"Mayotte","localeCode":"en","districtName":""},{"cityName":"M'Ferrolliet","countryName":"Mayotte","localeCode":"en","districtName":""},{"cityName":"Mamoudzou","countryName":"Mayotte","localeCode":"en","districtName":""},{"cityName":"Longoni","countryName":"Mayotte","localeCode":"en","districtName":""},{"cityName":"Keledjou","countryName":"Mayotte","localeCode":"en","districtName":""},{"cityName":"Kani Kele","countryName":"Mayotte","localeCode":"en","districtName":""},{"cityName":"Ironi Kely","countryName":"Mayotte","localeCode":"en","districtName":""},{"cityName":"Dzumogne","countryName":"Mayotte","localeCode":"en","districtName":""},{"cityName":"Dzaoudzi","countryName":"Mayotte","localeCode":"en","districtName":""},{"cityName":"Dembeni","countryName":"Mayotte","localeCode":"en","districtName":""},{"cityName":"Combani","countryName":"Mayotte","localeCode":"en","districtName":""},{"cityName":"Chingoni","countryName":"Mayotte","localeCode":"en","districtName":""},{"cityName":"Boeni","countryName":"Mayotte","localeCode":"en","districtName":""},{"cityName":"Bandele","countryName":"Mayotte","localeCode":"en","districtName":""},{"cityName":"Bandamagi","countryName":"Mayotte","localeCode":"en","districtName":""},{"cityName":"Bandaboa","countryName":"Mayotte","localeCode":"en","districtName":""},{"cityName":"Balembo","countryName":"Mayotte","localeCode":"en","districtName":""},{"cityName":"Anguebacao","countryName":"Mayotte","localeCode":"en","districtName":""},{"cityName":"Angoro","countryName":"Mayotte","localeCode":"en","districtName":""},{"cityName":"Amoro","countryName":"Mayotte","localeCode":"en","districtName":""},{"cityName":"Ajangua","countryName":"Mayotte","localeCode":"en","districtName":""},{"cityName":"Acoua","countryName":"Mayotte","localeCode":"en","districtName":""},{"cityName":"Mtsahara","countryName":"Mayotte","localeCode":"en","districtName":""},{"cityName":"Handrema","countryName":"Mayotte","localeCode":"en","districtName":""},{"cityName":"Mtsangamboua","countryName":"Mayotte","localeCode":"en","districtName":""},{"cityName":"Bandraboua","countryName":"Mayotte","localeCode":"en","districtName":""},{"cityName":"Nyambo","countryName":"Mayotte","localeCode":"en","districtName":""},{"cityName":"Hamjago","countryName":"Mayotte","localeCode":"en","districtName":""},{"cityName":"Mtsamboro","countryName":"Mayotte","localeCode":"en","districtName":""},{"cityName":"Mtsangadoua","countryName":"Mayotte","localeCode":"en","districtName":""},{"cityName":"Moutsoumbatsou","countryName":"Mayotte","localeCode":"en","districtName":""},{"cityName":"Mliha","countryName":"Mayotte","localeCode":"en","districtName":""},{"cityName":"Tanaraki","countryName":"Mayotte","localeCode":"en","districtName":""},{"cityName":"Chembenyoumba","countryName":"Mayotte","localeCode":"en","districtName":""},{"cityName":"M'Tsangamouji","countryName":"Mayotte","localeCode":"en","districtName":""},{"cityName":"Tsingoni","countryName":"Mayotte","localeCode":"en","districtName":""},{"cityName":"Hachenoua","countryName":"Mayotte","localeCode":"en","districtName":""},{"cityName":"Mrowale","countryName":"Mayotte","localeCode":"en","districtName":""},{"cityName":"Bouyouni","countryName":"Mayotte","localeCode":"en","districtName":""},{"cityName":"Mitseni","countryName":"Mayotte","localeCode":"en","districtName":""},{"cityName":"Dzoumonye","countryName":"Mayotte","localeCode":"en","districtName":""},{"cityName":"Kangani","countryName":"Mayotte","localeCode":"en","districtName":""},{"cityName":"Trevani","countryName":"Mayotte","localeCode":"en","districtName":""},{"cityName":"Koungou","countryName":"Mayotte","localeCode":"en","districtName":""},{"cityName":"Majikavo Koropa","countryName":"Mayotte","localeCode":"en","districtName":""},{"cityName":"Bandrajou","countryName":"Mayotte","localeCode":"en","districtName":""},{"cityName":"Majikavo Lamir","countryName":"Mayotte","localeCode":"en","districtName":""},{"cityName":"Kaoueni","countryName":"Mayotte","localeCode":"en","districtName":""},{"cityName":"Kavani","countryName":"Mayotte","localeCode":"en","districtName":""},{"cityName":"Mtsapere","countryName":"Mayotte","localeCode":"en","districtName":""},{"cityName":"Doujani","countryName":"Mayotte","localeCode":"en","districtName":""},{"cityName":"Passamainti","countryName":"Mayotte","localeCode":"en","districtName":""},{"cityName":"Tsoundzou 1","countryName":"Mayotte","localeCode":"en","districtName":""},{"cityName":"Kouale","countryName":"Mayotte","localeCode":"en","districtName":""},{"cityName":"Kouale-Legion","countryName":"Mayotte","localeCode":"en","districtName":""},{"cityName":"Tsoundzou 2","countryName":"Mayotte","localeCode":"en","districtName":""},{"cityName":"Vahibeni","countryName":"Mayotte","localeCode":"en","districtName":""},{"cityName":"Sohoa Keli","countryName":"Mayotte","localeCode":"en","districtName":""},{"cityName":"Sohoa Kavani","countryName":"Mayotte","localeCode":"en","districtName":""},{"cityName":"Foungoujou","countryName":"Mayotte","localeCode":"en","districtName":""},{"cityName":"Mronyombeni","countryName":"Mayotte","localeCode":"en","districtName":""},{"cityName":"Labattoir","countryName":"Mayotte","localeCode":"en","districtName":""},{"cityName":"La Ferme","countryName":"Mayotte","localeCode":"en","districtName":""},{"cityName":"Tsararano","countryName":"Mayotte","localeCode":"en","districtName":""},{"cityName":"Ironi Be","countryName":"Mayotte","localeCode":"en","districtName":""},{"cityName":"Ongojou","countryName":"Mayotte","localeCode":"en","districtName":""},{"cityName":"Barakani","countryName":"Mayotte","localeCode":"en","districtName":""},{"cityName":"Ouangani","countryName":"Mayotte","localeCode":"en","districtName":""},{"cityName":"Apandzo","countryName":"Mayotte","localeCode":"en","districtName":""},{"cityName":"Kahani","countryName":"Mayotte","localeCode":"en","districtName":""},{"cityName":"Coconi","countryName":"Mayotte","localeCode":"en","districtName":""},{"cityName":"Djivani","countryName":"Mayotte","localeCode":"en","districtName":""},{"cityName":"Mangajou","countryName":"Mayotte","localeCode":"en","districtName":""},{"cityName":"Chiconi","countryName":"Mayotte","localeCode":"en","districtName":""},{"cityName":"Bandrani","countryName":"Mayotte","localeCode":"en","districtName":""},{"cityName":"Iloni","countryName":"Mayotte","localeCode":"en","districtName":""},{"cityName":"Florence","countryName":"Mayotte","localeCode":"en","districtName":""},{"cityName":"Hajangoua","countryName":"Mayotte","localeCode":"en","districtName":""},{"cityName":"Maboungani","countryName":"Mayotte","localeCode":"en","districtName":""},{"cityName":"Mtsangachehi","countryName":"Mayotte","localeCode":"en","districtName":""},{"cityName":"Poroani","countryName":"Mayotte","localeCode":"en","districtName":""},{"cityName":"Mounadzini","countryName":"Mayotte","localeCode":"en","districtName":""},{"cityName":"Manyassini","countryName":"Mayotte","localeCode":"en","districtName":""},{"cityName":"Mbouyouni","countryName":"Mayotte","localeCode":"en","districtName":""},{"cityName":"Mrereni","countryName":"Mayotte","localeCode":"en","districtName":""},{"cityName":"Mrereni Be","countryName":"Mayotte","localeCode":"en","districtName":""},{"cityName":"Hamouro","countryName":"Mayotte","localeCode":"en","districtName":""},{"cityName":"Bandrele","countryName":"Mayotte","localeCode":"en","districtName":""},{"cityName":"Nyambadao","countryName":"Mayotte","localeCode":"en","districtName":""},{"cityName":"Moutsatoundou","countryName":"Mayotte","localeCode":"en","districtName":""},{"cityName":"Bambo Est","countryName":"Mayotte","localeCode":"en","districtName":""},{"cityName":"Malamani","countryName":"Mayotte","localeCode":"en","districtName":""},{"cityName":"Mramadoudou","countryName":"Mayotte","localeCode":"en","districtName":""},{"cityName":"Chirongui","countryName":"Mayotte","localeCode":"en","districtName":""},{"cityName":"Rampe Cannelle","countryName":"Mayotte","localeCode":"en","districtName":""},{"cityName":"Moutsamoudou","countryName":"Mayotte","localeCode":"en","districtName":""},{"cityName":"Sazile","countryName":"Mayotte","localeCode":"en","districtName":""},{"cityName":"Dapani","countryName":"Mayotte","localeCode":"en","districtName":""},{"cityName":"Mbouini","countryName":"Mayotte","localeCode":"en","districtName":""},{"cityName":"Mronaleia","countryName":"Mayotte","localeCode":"en","districtName":""},{"cityName":"Passi Keli","countryName":"Mayotte","localeCode":"en","districtName":""},{"cityName":"Choungui Keli","countryName":"Mayotte","localeCode":"en","districtName":""},{"cityName":"Choungui","countryName":"Mayotte","localeCode":"en","districtName":""},{"cityName":"Tsimkoura","countryName":"Mayotte","localeCode":"en","districtName":""},{"cityName":"Karoni","countryName":"Mayotte","localeCode":"en","districtName":""},{"cityName":"Majimeouni","countryName":"Mayotte","localeCode":"en","districtName":""},{"cityName":"Mzouazia","countryName":"Mayotte","localeCode":"en","districtName":""},{"cityName":"Hanyoundrou","countryName":"Mayotte","localeCode":"en","districtName":""},{"cityName":"Mouanatrindi","countryName":"Mayotte","localeCode":"en","districtName":""},{"cityName":"Boueni","countryName":"Mayotte","localeCode":"en","districtName":""},{"cityName":"Bambo Ouest","countryName":"Mayotte","localeCode":"en","districtName":""},{"cityName":"Mboueanatsa","countryName":"Mayotte","localeCode":"en","districtName":""},{"cityName":"Kani Keli","countryName":"Mayotte","localeCode":"en","districtName":""},{"cityName":"Ngouja","countryName":"Mayotte","localeCode":"en","districtName":""},{"cityName":"Kani Be","countryName":"Mayotte","localeCode":"en","districtName":""}]