[{"cityName":"Zoumougine","countryName":"Mayotte"},{"cityName":"Trivani","countryName":"Mayotte"},{"cityName":"Sohoa","countryName":"Mayotte"},{"cityName":"Sada","countryName":"Mayotte"},{"cityName":"Proani","countryName":"Mayotte"},{"cityName":"Passamenti","countryName":"Mayotte"},{"cityName":"Pamanzi Be","countryName":"Mayotte"},{"cityName":"Ongoujou","countryName":"Mayotte"},{"cityName":"M'Zioizie","countryName":"Mayotte"},{"cityName":"M'Sapere","countryName":"Mayotte"},{"cityName":"M'Samouni","countryName":"Mayotte"},{"cityName":"Mouroni Sanga","countryName":"Mayotte"},{"cityName":"Mouroni Abeja","countryName":"Mayotte"},{"cityName":"Mouramedoudou","countryName":"Mayotte"},{"cityName":"Moliha","countryName":"Mayotte"},{"cityName":"Mirereni","countryName":"Mayotte"},{"cityName":"Miambani","countryName":"Mayotte"},{"cityName":"M'Ferrolliet","countryName":"Mayotte"},{"cityName":"Mamoudzou","countryName":"Mayotte"},{"cityName":"Longoni","countryName":"Mayotte"},{"cityName":"Keledjou","countryName":"Mayotte"},{"cityName":"Kani Kele","countryName":"Mayotte"},{"cityName":"Ironi Kely","countryName":"Mayotte"},{"cityName":"Dzumogne","countryName":"Mayotte"},{"cityName":"Dzaoudzi","countryName":"Mayotte"},{"cityName":"Dembeni","countryName":"Mayotte"},{"cityName":"Combani","countryName":"Mayotte"},{"cityName":"Chingoni","countryName":"Mayotte"},{"cityName":"Boeni","countryName":"Mayotte"},{"cityName":"Bandele","countryName":"Mayotte"},{"cityName":"Bandamagi","countryName":"Mayotte"},{"cityName":"Bandaboa","countryName":"Mayotte"},{"cityName":"Balembo","countryName":"Mayotte"},{"cityName":"Anguebacao","countryName":"Mayotte"},{"cityName":"Angoro","countryName":"Mayotte"},{"cityName":"Amoro","countryName":"Mayotte"},{"cityName":"Ajangua","countryName":"Mayotte"},{"cityName":"Acoua","countryName":"Mayotte"},{"cityName":"Mtsahara","countryName":"Mayotte"},{"cityName":"Handrema","countryName":"Mayotte"},{"cityName":"Mtsangamboua","countryName":"Mayotte"},{"cityName":"Bandraboua","countryName":"Mayotte"},{"cityName":"Nyambo","countryName":"Mayotte"},{"cityName":"Hamjago","countryName":"Mayotte"},{"cityName":"Mtsamboro","countryName":"Mayotte"},{"cityName":"Mtsangadoua","countryName":"Mayotte"},{"cityName":"Moutsoumbatsou","countryName":"Mayotte"},{"cityName":"Mliha","countryName":"Mayotte"},{"cityName":"Tanaraki","countryName":"Mayotte"},{"cityName":"Chembenyoumba","countryName":"Mayotte"},{"cityName":"M'Tsangamouji","countryName":"Mayotte"},{"cityName":"Tsingoni","countryName":"Mayotte"},{"cityName":"Hachenoua","countryName":"Mayotte"},{"cityName":"Mrowale","countryName":"Mayotte"},{"cityName":"Bouyouni","countryName":"Mayotte"},{"cityName":"Mitseni","countryName":"Mayotte"},{"cityName":"Dzoumonye","countryName":"Mayotte"},{"cityName":"Kangani","countryName":"Mayotte"},{"cityName":"Trevani","countryName":"Mayotte"},{"cityName":"Koungou","countryName":"Mayotte"},{"cityName":"Majikavo Koropa","countryName":"Mayotte"},{"cityName":"Bandrajou","countryName":"Mayotte"},{"cityName":"Majikavo Lamir","countryName":"Mayotte"},{"cityName":"Kaoueni","countryName":"Mayotte"},{"cityName":"Kavani","countryName":"Mayotte"},{"cityName":"Mtsapere","countryName":"Mayotte"},{"cityName":"Doujani","countryName":"Mayotte"},{"cityName":"Passamainti","countryName":"Mayotte"},{"cityName":"Tsoundzou 1","countryName":"Mayotte"},{"cityName":"Kouale","countryName":"Mayotte"},{"cityName":"Kouale-Legion","countryName":"Mayotte"},{"cityName":"Tsoundzou 2","countryName":"Mayotte"},{"cityName":"Vahibeni","countryName":"Mayotte"},{"cityName":"Sohoa Keli","countryName":"Mayotte"},{"cityName":"Sohoa Kavani","countryName":"Mayotte"},{"cityName":"Foungoujou","countryName":"Mayotte"},{"cityName":"Mronyombeni","countryName":"Mayotte"},{"cityName":"Labattoir","countryName":"Mayotte"},{"cityName":"La Ferme","countryName":"Mayotte"},{"cityName":"Tsararano","countryName":"Mayotte"},{"cityName":"Ironi Be","countryName":"Mayotte"},{"cityName":"Ongojou","countryName":"Mayotte"},{"cityName":"Barakani","countryName":"Mayotte"},{"cityName":"Ouangani","countryName":"Mayotte"},{"cityName":"Apandzo","countryName":"Mayotte"},{"cityName":"Kahani","countryName":"Mayotte"},{"cityName":"Coconi","countryName":"Mayotte"},{"cityName":"Djivani","countryName":"Mayotte"},{"cityName":"Mangajou","countryName":"Mayotte"},{"cityName":"Chiconi","countryName":"Mayotte"},{"cityName":"Bandrani","countryName":"Mayotte"},{"cityName":"Iloni","countryName":"Mayotte"},{"cityName":"Florence","countryName":"Mayotte"},{"cityName":"Hajangoua","countryName":"Mayotte"},{"cityName":"Maboungani","countryName":"Mayotte"},{"cityName":"Mtsangachehi","countryName":"Mayotte"},{"cityName":"Poroani","countryName":"Mayotte"},{"cityName":"Mounadzini","countryName":"Mayotte"},{"cityName":"Manyassini","countryName":"Mayotte"},{"cityName":"Mbouyouni","countryName":"Mayotte"},{"cityName":"Mrereni","countryName":"Mayotte"},{"cityName":"Mrereni Be","countryName":"Mayotte"},{"cityName":"Hamouro","countryName":"Mayotte"},{"cityName":"Bandrele","countryName":"Mayotte"},{"cityName":"Nyambadao","countryName":"Mayotte"},{"cityName":"Moutsatoundou","countryName":"Mayotte"},{"cityName":"Bambo Est","countryName":"Mayotte"},{"cityName":"Malamani","countryName":"Mayotte"},{"cityName":"Mramadoudou","countryName":"Mayotte"},{"cityName":"Chirongui","countryName":"Mayotte"},{"cityName":"Rampe Cannelle","countryName":"Mayotte"},{"cityName":"Moutsamoudou","countryName":"Mayotte"},{"cityName":"Sazile","countryName":"Mayotte"},{"cityName":"Dapani","countryName":"Mayotte"},{"cityName":"Mbouini","countryName":"Mayotte"},{"cityName":"Mronaleia","countryName":"Mayotte"},{"cityName":"Passi Keli","countryName":"Mayotte"},{"cityName":"Choungui Keli","countryName":"Mayotte"},{"cityName":"Choungui","countryName":"Mayotte"},{"cityName":"Tsimkoura","countryName":"Mayotte"},{"cityName":"Karoni","countryName":"Mayotte"},{"cityName":"Majimeouni","countryName":"Mayotte"},{"cityName":"Mzouazia","countryName":"Mayotte"},{"cityName":"Hanyoundrou","countryName":"Mayotte"},{"cityName":"Mouanatrindi","countryName":"Mayotte"},{"cityName":"Boueni","countryName":"Mayotte"},{"cityName":"Bambo Ouest","countryName":"Mayotte"},{"cityName":"Mboueanatsa","countryName":"Mayotte"},{"cityName":"Kani Keli","countryName":"Mayotte"},{"cityName":"Ngouja","countryName":"Mayotte"},{"cityName":"Kani Be","countryName":"Mayotte"}]