[{"cityName":"Zirnesti","countryName":"Moldova, Republic of"},{"cityName":"Zimbreni","countryName":"Moldova, Republic of"},{"cityName":"Zubresti","countryName":"Moldova, Republic of"},{"cityName":"Zazuleni","countryName":"Moldova, Republic of"},{"cityName":"Zorile","countryName":"Moldova, Republic of"},{"cityName":"Zolotievca","countryName":"Moldova, Republic of"},{"cityName":"Jura","countryName":"Moldova, Republic of"},{"cityName":"Jevreni","countryName":"Moldova, Republic of"},{"cityName":"Jeloboc","countryName":"Moldova, Republic of"},{"cityName":"Javgur","countryName":"Moldova, Republic of"},{"cityName":"Japca","countryName":"Moldova, Republic of"},{"cityName":"Zgurita","countryName":"Moldova, Republic of"},{"cityName":"Zgardesti","countryName":"Moldova, Republic of"},{"cityName":"Zereshty","countryName":"Moldova, Republic of"},{"cityName":"Zberoaia","countryName":"Moldova, Republic of"},{"cityName":"Zaicani","countryName":"Moldova, Republic of"},{"cityName":"Zaporojet","countryName":"Moldova, Republic of"},{"cityName":"Zamciogi","countryName":"Moldova, Republic of"},{"cityName":"Zaluceni","countryName":"Moldova, Republic of"},{"cityName":"Tiraspolul Nou","countryName":"Moldova, Republic of"},{"cityName":"Zaim","countryName":"Moldova, Republic of"},{"cityName":"Zahorna","countryName":"Moldova, Republic of"},{"cityName":"Zahoreni","countryName":"Moldova, Republic of"},{"cityName":"Zagarancea","countryName":"Moldova, Republic of"},{"cityName":"Zaicana","countryName":"Moldova, Republic of"},{"cityName":"Zabriceni","countryName":"Moldova, Republic of"},{"cityName":"Iurievca","countryName":"Moldova, Republic of"},{"cityName":"Iurceni","countryName":"Moldova, Republic of"},{"cityName":"Hirjau","countryName":"Moldova, Republic of"},{"cityName":"Ermoclia","countryName":"Moldova, Republic of"},{"cityName":"Iepureni","countryName":"Moldova, Republic of"},{"cityName":"Enichioi","countryName":"Moldova, Republic of"},{"cityName":"Elizavetovca","countryName":"Moldova, Republic of"},{"cityName":"Elizaveta","countryName":"Moldova, Republic of"},{"cityName":"Ilenuta","countryName":"Moldova, Republic of"},{"cityName":"Echimauti","countryName":"Moldova, Republic of"},{"cityName":"Ecaterinovca","countryName":"Moldova, Republic of"},{"cityName":"Egorovca","countryName":"Moldova, Republic of"},{"cityName":"Egoreni","countryName":"Moldova, Republic of"},{"cityName":"Edinet","countryName":"Moldova, Republic of"},{"cityName":"Iasnaia Poleana","countryName":"Moldova, Republic of"},{"cityName":"Iarova","countryName":"Moldova, Republic of"},{"cityName":"Iargara","countryName":"Moldova, Republic of"},{"cityName":"Ialpug","countryName":"Moldova, Republic of"},{"cityName":"Ialpugeni","countryName":"Moldova, Republic of"},{"cityName":"Iagorlic","countryName":"Moldova, Republic of"},{"cityName":"Iabloana","countryName":"Moldova, Republic of"},{"cityName":"Vyshkautsy","countryName":"Moldova, Republic of"},{"cityName":"Viprova","countryName":"Moldova, Republic of"},{"cityName":"Vinatori","countryName":"Moldova, Republic of"},{"cityName":"Vilcele","countryName":"Moldova, Republic of"},{"cityName":"Ofatinti","countryName":"Moldova, Republic of"},{"cityName":"Vulpesti","countryName":"Moldova, Republic of"},{"cityName":"Vulcanesti","countryName":"Moldova, Republic of"},{"cityName":"Vozneseni","countryName":"Moldova, Republic of"},{"cityName":"Voinova","countryName":"Moldova, Republic of"},{"cityName":"Vorotet","countryName":"Moldova, Republic of"},{"cityName":"Octeabriscoe","countryName":"Moldova, Republic of"},{"cityName":"Lazo","countryName":"Moldova, Republic of"},{"cityName":"Varancau","countryName":"Moldova, Republic of"},{"cityName":"Vorniceni","countryName":"Moldova, Republic of"},{"cityName":"Voloave","countryName":"Moldova, Republic of"},{"cityName":"Volovita","countryName":"Moldova, Republic of"},{"cityName":"Volintiri","countryName":"Moldova, Republic of"},{"cityName":"Valcinet","countryName":"Moldova, Republic of"},{"cityName":"Vadeni","countryName":"Moldova, Republic of"},{"cityName":"Vladimireuca","countryName":"Moldova, Republic of"},{"cityName":"Vladimirovca","countryName":"Moldova, Republic of"},{"cityName":"Visoca","countryName":"Moldova, Republic of"},{"cityName":"Visniovca","countryName":"Moldova, Republic of"},{"cityName":"Vinogradovca","countryName":"Moldova, Republic of"},{"cityName":"Vinogradnoe","countryName":"Moldova, Republic of"},{"cityName":"Victoria","countryName":"Moldova, Republic of"},{"cityName":"Viisoara","countryName":"Moldova, Republic of"},{"cityName":"Vesioloe","countryName":"Moldova, Republic of"},{"cityName":"Vertiujeni","countryName":"Moldova, Republic of"},{"cityName":"Jora de Sus","countryName":"Moldova, Republic of"},{"cityName":"Marianca de Sus","countryName":"Moldova, Republic of"},{"cityName":"Baltata de Sus","countryName":"Moldova, Republic of"},{"cityName":"Albota de Sus","countryName":"Moldova, Republic of"},{"cityName":"Mincenii de Sus","countryName":"Moldova, Republic of"},{"cityName":"Cuhurestii de Sus","countryName":"Moldova, Republic of"},{"cityName":"Halahora de Sus","countryName":"Moldova, Republic of"},{"cityName":"Buzduganii de Sus","countryName":"Moldova, Republic of"},{"cityName":"Andrusul de Sus","countryName":"Moldova, Republic of"},{"cityName":"Verejeni","countryName":"Moldova, Republic of"},{"cityName":"Vatici","countryName":"Moldova, Republic of"},{"cityName":"Vascauti","countryName":"Moldova, Republic of"},{"cityName":"Vasieni","countryName":"Moldova, Republic of"},{"cityName":"Vasilievca","countryName":"Moldova, Republic of"},{"cityName":"Vasilcau","countryName":"Moldova, Republic of"},{"cityName":"Vasileuti","countryName":"Moldova, Republic of"},{"cityName":"Varzaresti","countryName":"Moldova, Republic of"},{"cityName":"Prioziornoe","countryName":"Moldova, Republic of"},{"cityName":"Varvareuca","countryName":"Moldova, Republic of"},{"cityName":"Varnita","countryName":"Moldova, Republic of"},{"cityName":"Varatic","countryName":"Moldova, Republic of"},{"cityName":"Valea -Trestieni","countryName":"Moldova, Republic of"},{"cityName":"Valea Satului","countryName":"Moldova, Republic of"},{"cityName":"Valea Rusului","countryName":"Moldova, Republic of"},{"cityName":"Valea Radoaiei","countryName":"Moldova, Republic of"},{"cityName":"Valea Perjei","countryName":"Moldova, Republic of"},{"cityName":"Valea Mare","countryName":"Moldova, Republic of"},{"cityName":"Valea lui Vlad","countryName":"Moldova, Republic of"},{"cityName":"Valea Colonitei","countryName":"Moldova, Republic of"},{"cityName":"Valea Adinca","countryName":"Moldova, Republic of"},{"cityName":"Valeni","countryName":"Moldova, Republic of"},{"cityName":"Vadul Turcului","countryName":"Moldova, Republic of"},{"cityName":"Vadul-Rascov","countryName":"Moldova, Republic of"},{"cityName":"Vadul lui Voda","countryName":"Moldova, Republic of"},{"cityName":"Vadul lui Isac","countryName":"Moldova, Republic of"},{"cityName":"Vadul-Leca","countryName":"Moldova, Republic of"},{"cityName":"Uiutnoe","countryName":"Moldova, Republic of"},{"cityName":"Ustia","countryName":"Moldova, Republic of"},{"cityName":"Inculet","countryName":"Moldova, Republic of"},{"cityName":"Usurei","countryName":"Moldova, Republic of"},{"cityName":"Ursoaia","countryName":"Moldova, Republic of"},{"cityName":"Ursari","countryName":"Moldova, Republic of"},{"cityName":"Untesti","countryName":"Moldova, Republic of"},{"cityName":"Unchitesti","countryName":"Moldova, Republic of"},{"cityName":"Unguri","countryName":"Moldova, Republic of"},{"cityName":"Ungheni","countryName":"Moldova, Republic of"},{"cityName":"Ulmu","countryName":"Moldova, Republic of"},{"cityName":"Ucrainca","countryName":"Moldova, Republic of"},{"cityName":"Tirzieni","countryName":"Moldova, Republic of"},{"cityName":"Tirnova","countryName":"Moldova, Republic of"},{"cityName":"Tvardita","countryName":"Moldova, Republic of"},{"cityName":"Tuzara","countryName":"Moldova, Republic of"},{"cityName":"Tutovanu","countryName":"Moldova, Republic of"},{"cityName":"Tudora","countryName":"Moldova, Republic of"},{"cityName":"Tsyra","countryName":"Moldova, Republic of"},{"cityName":"Tipletesti","countryName":"Moldova, Republic of"},{"cityName":"Tipala","countryName":"Moldova, Republic of"},{"cityName":"Zinzareny","countryName":"Moldova, Republic of"},{"cityName":"Tsyntsareny","countryName":"Moldova, Republic of"},{"cityName":"Tighira","countryName":"Moldova, Republic of"},{"cityName":"Tiganesti","countryName":"Moldova, Republic of"},{"cityName":"Tibuleuca","countryName":"Moldova, Republic of"},{"cityName":"Tipova","countryName":"Moldova, Republic of"},{"cityName":"Tipordei","countryName":"Moldova, Republic of"},{"cityName":"Tibirica","countryName":"Moldova, Republic of"},{"cityName":"Tepilova","countryName":"Moldova, Republic of"},{"cityName":"Tahnauti","countryName":"Moldova, Republic of"},{"cityName":"Taul","countryName":"Moldova, Republic of"},{"cityName":"Tareuca","countryName":"Moldova, Republic of"},{"cityName":"Tsarankutsa","countryName":"Moldova, Republic of"},{"cityName":"Tapoc","countryName":"Moldova, Republic of"},{"cityName":"Tambula","countryName":"Moldova, Republic of"},{"cityName":"Truseni","countryName":"Moldova, Republic of"},{"cityName":"Iujnoe","countryName":"Moldova, Republic of"},{"cityName":"Troitcoe","countryName":"Moldova, Republic of"},{"cityName":"Troitca","countryName":"Moldova, Republic of"},{"cityName":"Trinca","countryName":"Moldova, Republic of"},{"cityName":"Trifesti","countryName":"Moldova, Republic of"},{"cityName":"Trifauti","countryName":"Moldova, Republic of"},{"cityName":"Trifanesti","countryName":"Moldova, Republic of"},{"cityName":"Straisteni","countryName":"Moldova, Republic of"},{"cityName":"Tretesti","countryName":"Moldova, Republic of"},{"cityName":"Trestieni","countryName":"Moldova, Republic of"},{"cityName":"Trebujeni","countryName":"Moldova, Republic of"},{"cityName":"Trebisauti","countryName":"Moldova, Republic of"},{"cityName":"Topala","countryName":"Moldova, Republic of"},{"cityName":"Tomestii Vechi","countryName":"Moldova, Republic of"},{"cityName":"Tomestii Noi","countryName":"Moldova, Republic of"},{"cityName":"Tomai","countryName":"Moldova, Republic of"},{"cityName":"Tocuz","countryName":"Moldova, Republic of"},{"cityName":"Tocmagiu","countryName":"Moldova, Republic of"},{"cityName":"Tochile-Raducani","countryName":"Moldova, Republic of"},{"cityName":"Tohatin","countryName":"Moldova, Republic of"},{"cityName":"Todiresti","countryName":"Moldova, Republic of"},{"cityName":"Toceni","countryName":"Moldova, Republic of"},{"cityName":"Tiraspol","countryName":"Moldova, Republic of"},{"cityName":"Tigichanka","countryName":"Moldova, Republic of"},{"cityName":"Tigheci","countryName":"Moldova, Republic of"},{"cityName":"Teiu","countryName":"Moldova, Republic of"},{"cityName":"Tetcani","countryName":"Moldova, Republic of"},{"cityName":"Tescureni","countryName":"Moldova, Republic of"},{"cityName":"Tirnauca","countryName":"Moldova, Republic of"},{"cityName":"Terebna","countryName":"Moldova, Republic of"},{"cityName":"Temeleuti","countryName":"Moldova, Republic of"},{"cityName":"Telita","countryName":"Moldova, Republic of"},{"cityName":"Teleseu","countryName":"Moldova, Republic of"},{"cityName":"Teleseuca","countryName":"Moldova, Republic of"},{"cityName":"Telenesti","countryName":"Moldova, Republic of"},{"cityName":"Tatarauca Noua","countryName":"Moldova, Republic of"},{"cityName":"Tataresti","countryName":"Moldova, Republic of"},{"cityName":"Tataraseni","countryName":"Moldova, Republic of"},{"cityName":"Taslic","countryName":"Moldova, Republic of"},{"cityName":"Tartaul de Salcie","countryName":"Moldova, Republic of"},{"cityName":"Tartaul","countryName":"Moldova, Republic of"},{"cityName":"Tarasova","countryName":"Moldova, Republic of"},{"cityName":"Taraclia de Salcie","countryName":"Moldova, Republic of"},{"cityName":"Taraclia","countryName":"Moldova, Republic of"},{"cityName":"Tanatari","countryName":"Moldova, Republic of"},{"cityName":"Talmaz","countryName":"Moldova, Republic of"},{"cityName":"Talaiesti","countryName":"Moldova, Republic of"},{"cityName":"Taxobeni","countryName":"Moldova, Republic of"},{"cityName":"Tabani","countryName":"Moldova, Republic of"},{"cityName":"Syruchan","countryName":"Moldova, Republic of"},{"cityName":"Sirma","countryName":"Moldova, Republic of"},{"cityName":"Sircova","countryName":"Moldova, Republic of"},{"cityName":"Singera","countryName":"Moldova, Republic of"},{"cityName":"Singureni","countryName":"Moldova, Republic of"},{"cityName":"Svetlii","countryName":"Moldova, Republic of"},{"cityName":"Sverdiac","countryName":"Moldova, Republic of"},{"cityName":"Stefan Voda","countryName":"Moldova, Republic of"},{"cityName":"Alexandru Ioan Cuza","countryName":"Moldova, Republic of"},{"cityName":"Suvorovca","countryName":"Moldova, Republic of"},{"cityName":"Susleni","countryName":"Moldova, Republic of"},{"cityName":"Suruceni","countryName":"Moldova, Republic of"},{"cityName":"Surchiceni","countryName":"Moldova, Republic of"},{"cityName":"Suric","countryName":"Moldova, Republic of"},{"cityName":"Sucleia","countryName":"Moldova, Republic of"},{"cityName":"Suhuluceni","countryName":"Moldova, Republic of"},{"cityName":"Sudarca","countryName":"Moldova, Republic of"},{"cityName":"Stirceni","countryName":"Moldova, Republic of"},{"cityName":"Stircea","countryName":"Moldova, Republic of"},{"cityName":"Petropavlovca","countryName":"Moldova, Republic of"},{"cityName":"Sturzovca","countryName":"Moldova, Republic of"},{"cityName":"Sturzeni","countryName":"Moldova, Republic of"},{"cityName":"Strimbeni","countryName":"Moldova, Republic of"},{"cityName":"Stroiesti","countryName":"Moldova, Republic of"},{"cityName":"Straseni","countryName":"Moldova, Republic of"},{"cityName":"Stoicani","countryName":"Moldova, Republic of"},{"cityName":"Stoianovca","countryName":"Moldova, Republic of"},{"cityName":"Stolniceni","countryName":"Moldova, Republic of"},{"cityName":"Sitohnia","countryName":"Moldova, Republic of"},{"cityName":"Stodolna","countryName":"Moldova, Republic of"},{"cityName":"Stejareni","countryName":"Moldova, Republic of"},{"cityName":"Stetcani","countryName":"Moldova, Republic of"},{"cityName":"Step-Soci","countryName":"Moldova, Republic of"},{"cityName":"Stefanesti","countryName":"Moldova, Republic of"},{"cityName":"Shtefaneshty","countryName":"Moldova, Republic of"},{"cityName":"Stauceni","countryName":"Moldova, Republic of"},{"cityName":"Moscovei Vechi","countryName":"Moldova, Republic of"},{"cityName":"Zazulenii Vechi","countryName":"Moldova, Republic of"},{"cityName":"Iezarenii Vechi","countryName":"Moldova, Republic of"},{"cityName":"Tirsitei","countryName":"Moldova, Republic of"},{"cityName":"Saratenii Vechi","countryName":"Moldova, Republic of"},{"cityName":"Rusestii Vechi","countryName":"Moldova, Republic of"},{"cityName":"Rosieticii Vechi","countryName":"Moldova, Republic of"},{"cityName":"Radenii Vechi","countryName":"Moldova, Republic of"},{"cityName":"Radulenii Vechi","countryName":"Moldova, Republic of"},{"cityName":"Prodanestii Vechi","countryName":"Moldova, Republic of"},{"cityName":"Negurenii Vechi","countryName":"Moldova, Republic of"},{"cityName":"Morenii Vechi","countryName":"Moldova, Republic of"},{"cityName":"Limbenii Vechi","countryName":"Moldova, Republic of"},{"cityName":"Cucuietii Vechi","countryName":"Moldova, Republic of"},{"cityName":"Cuconestii Vechi","countryName":"Moldova, Republic of"},{"cityName":"Cuzmenii Vechi","countryName":"Moldova, Republic of"},{"cityName":"Clococenii Vechi","countryName":"Moldova, Republic of"},{"cityName":"Chitcanii Vechi","countryName":"Moldova, Republic of"},{"cityName":"Crihana Veche","countryName":"Moldova, Republic of"},{"cityName":"Causanii-Vechi","countryName":"Moldova, Republic of"},{"cityName":"Caracusenii Vechi","countryName":"Moldova, Republic of"},{"cityName":"Heciul Vechi","countryName":"Moldova, Republic of"},{"cityName":"Fundurii Vechi","countryName":"Moldova, Republic of"},{"cityName":"Dubasarii Vechi","countryName":"Moldova, Republic of"},{"cityName":"Cioropcanii Vechi","countryName":"Moldova, Republic of"},{"cityName":"Brinzenii Vechi","countryName":"Moldova, Republic of"},{"cityName":"Boghenii Vechi","countryName":"Moldova, Republic of"},{"cityName":"Bilicenii Vechi","countryName":"Moldova, Republic of"},{"cityName":"Badragii Vechi","countryName":"Moldova, Republic of"},{"cityName":"Albinetul Vechi","countryName":"Moldova, Republic of"},{"cityName":"Taura Veche","countryName":"Moldova, Republic of"},{"cityName":"Tatarauca Veche","countryName":"Moldova, Republic of"},{"cityName":"Sarata Veche","countryName":"Moldova, Republic of"},{"cityName":"Obreja Veche","countryName":"Moldova, Republic of"},{"cityName":"Larga Veche","countryName":"Moldova, Republic of"},{"cityName":"Cobusca Veche","countryName":"Moldova, Republic of"},{"cityName":"Floritoaia Veche","countryName":"Moldova, Republic of"},{"cityName":"Dobrogea Veche","countryName":"Moldova, Republic of"},{"cityName":"Ciolacu Vechi","countryName":"Moldova, Republic of"},{"cityName":"Bogdanovca Veche","countryName":"Moldova, Republic of"},{"cityName":"Andriasevca Veche","countryName":"Moldova, Republic of"},{"cityName":"Jora de Mijloc","countryName":"Moldova, Republic of"},{"cityName":"Spicoasa","countryName":"Moldova, Republic of"},{"cityName":"Speia","countryName":"Moldova, Republic of"},{"cityName":"Sipoteni","countryName":"Moldova, Republic of"},{"cityName":"Soroca","countryName":"Moldova, Republic of"},{"cityName":"Soltanesti","countryName":"Moldova, Republic of"},{"cityName":"Solonet","countryName":"Moldova, Republic of"},{"cityName":"Solonceni","countryName":"Moldova, Republic of"},{"cityName":"Soldanesti","countryName":"Moldova, Republic of"},{"cityName":"Socoleni","countryName":"Moldova, Republic of"},{"cityName":"Socola","countryName":"Moldova, Republic of"},{"cityName":"Sofievca","countryName":"Moldova, Republic of"},{"cityName":"Sofia","countryName":"Moldova, Republic of"},{"cityName":"Sociteni","countryName":"Moldova, Republic of"},{"cityName":"Slobozia","countryName":"Moldova, Republic of"},{"cityName":"Slobozia-Varancau","countryName":"Moldova, Republic of"},{"cityName":"Slobozia Mare","countryName":"Moldova, Republic of"},{"cityName":"Slobozia-Cremene","countryName":"Moldova, Republic of"},{"cityName":"Slobozia-Dusca","countryName":"Moldova, Republic of"},{"cityName":"Slobozia-Sirauti","countryName":"Moldova, Republic of"},{"cityName":"Slobozia-Rascov","countryName":"Moldova, Republic of"},{"cityName":"Slobozia-Magura","countryName":"Moldova, Republic of"},{"cityName":"Slobozia-Chiscareni","countryName":"Moldova, Republic of"},{"cityName":"Slobozia-Horodiste","countryName":"Moldova, Republic of"},{"cityName":"Sloveanca","countryName":"Moldova, Republic of"},{"cityName":"Scumpia","countryName":"Moldova, Republic of"},{"cityName":"Sculeni","countryName":"Moldova, Republic of"},{"cityName":"Scroafa","countryName":"Moldova, Republic of"},{"cityName":"Scorteni","countryName":"Moldova, Republic of"},{"cityName":"Scoreni","countryName":"Moldova, Republic of"},{"cityName":"Schineni","countryName":"Moldova, Republic of"},{"cityName":"Schinoasa-Sat","countryName":"Moldova, Republic of"},{"cityName":"Scaieni","countryName":"Moldova, Republic of"},{"cityName":"Sirota","countryName":"Moldova, Republic of"},{"cityName":"Sireti","countryName":"Moldova, Republic of"},{"cityName":"Sinesti","countryName":"Moldova, Republic of"},{"cityName":"Suri","countryName":"Moldova, Republic of"},{"cityName":"Sumna","countryName":"Moldova, Republic of"},{"cityName":"Stiubeieni","countryName":"Moldova, Republic of"},{"cityName":"Soltoaia","countryName":"Moldova, Republic of"},{"cityName":"Solcani","countryName":"Moldova, Republic of"},{"cityName":"Sofrincani","countryName":"Moldova, Republic of"},{"cityName":"Smalena","countryName":"Moldova, Republic of"},{"cityName":"Cealic","countryName":"Moldova, Republic of"},{"cityName":"Siscani","countryName":"Moldova, Republic of"},{"cityName":"Shirovtsy","countryName":"Moldova, Republic of"},{"cityName":"Sipca","countryName":"Moldova, Republic of"},{"cityName":"Sikovets","countryName":"Moldova, Republic of"},{"cityName":"Sestaci","countryName":"Moldova, Republic of"},{"cityName":"Serpeni","countryName":"Moldova, Republic of"},{"cityName":"Sirbesti","countryName":"Moldova, Republic of"},{"cityName":"Serbeni","countryName":"Moldova, Republic of"},{"cityName":"Septelici","countryName":"Moldova, Republic of"},{"cityName":"Saptebani","countryName":"Moldova, Republic of"},{"cityName":"Sendreni","countryName":"Moldova, Republic of"},{"cityName":"Sercani","countryName":"Moldova, Republic of"},{"cityName":"Samalia","countryName":"Moldova, Republic of"},{"cityName":"Salvirii Vechi","countryName":"Moldova, Republic of"},{"cityName":"Sevirova","countryName":"Moldova, Republic of"},{"cityName":"Severinovca","countryName":"Moldova, Republic of"},{"cityName":"Saseni","countryName":"Moldova, Republic of"},{"cityName":"Serghieni","countryName":"Moldova, Republic of"},{"cityName":"Sanatauca","countryName":"Moldova, Republic of"},{"cityName":"Semeni","countryName":"Moldova, Republic of"},{"cityName":"Semionovca","countryName":"Moldova, Republic of"},{"cityName":"Seliste","countryName":"Moldova, Republic of"},{"cityName":"Selemet","countryName":"Moldova, Republic of"},{"cityName":"Sacarovca","countryName":"Moldova, Republic of"},{"cityName":"Secareni","countryName":"Moldova, Republic of"},{"cityName":"Sauca","countryName":"Moldova, Republic of"},{"cityName":"Satul Nou","countryName":"Moldova, Republic of"},{"cityName":"Pelinei Noui","countryName":"Moldova, Republic of"},{"cityName":"Saratica Veche","countryName":"Moldova, Republic of"},{"cityName":"Saratsey","countryName":"Moldova, Republic of"},{"cityName":"Sarateni","countryName":"Moldova, Republic of"},{"cityName":"Sarata-Razesi","countryName":"Moldova, Republic of"},{"cityName":"Sarata Noua","countryName":"Moldova, Republic of"},{"cityName":"Sarata Mereseni","countryName":"Moldova, Republic of"},{"cityName":"Sarata-Galbena","countryName":"Moldova, Republic of"},{"cityName":"Samurza","countryName":"Moldova, Republic of"},{"cityName":"Samoyleuka","countryName":"Moldova, Republic of"},{"cityName":"Samascani","countryName":"Moldova, Republic of"},{"cityName":"Samananca","countryName":"Moldova, Republic of"},{"cityName":"Salcuta","countryName":"Moldova, Republic of"},{"cityName":"Salcia","countryName":"Moldova, Republic of"},{"cityName":"Saharna","countryName":"Moldova, Republic of"},{"cityName":"Saiti","countryName":"Moldova, Republic of"},{"cityName":"Sagaidac","countryName":"Moldova, Republic of"},{"cityName":"Safronovka","countryName":"Moldova, Republic of"},{"cityName":"Sadic","countryName":"Moldova, Republic of"},{"cityName":"Sadovoe","countryName":"Moldova, Republic of"},{"cityName":"Sadova","countryName":"Moldova, Republic of"},{"cityName":"Sadaclia","countryName":"Moldova, Republic of"},{"cityName":"Riscova","countryName":"Moldova, Republic of"},{"cityName":"Riscani","countryName":"Moldova, Republic of"},{"cityName":"Ribnita","countryName":"Moldova, Republic of"},{"cityName":"Rujnita","countryName":"Moldova, Republic of"},{"cityName":"Ruseni","countryName":"Moldova, Republic of"},{"cityName":"Chioselia Rusa","countryName":"Moldova, Republic of"},{"cityName":"Rudi","countryName":"Moldova, Republic of"},{"cityName":"Rublenita","countryName":"Moldova, Republic of"},{"cityName":"Risipeni","countryName":"Moldova, Republic of"},{"cityName":"Rosu","countryName":"Moldova, Republic of"},{"cityName":"Roscani","countryName":"Moldova, Republic of"},{"cityName":"Rosita","countryName":"Moldova, Republic of"},{"cityName":"Romanovca","countryName":"Moldova, Republic of"},{"cityName":"Roghi","countryName":"Moldova, Republic of"},{"cityName":"Rezina","countryName":"Moldova, Republic of"},{"cityName":"Moscovei-Razesi","countryName":"Moldova, Republic of"},{"cityName":"Razeni","countryName":"Moldova, Republic of"},{"cityName":"Revaca","countryName":"Moldova, Republic of"},{"cityName":"Rautel","countryName":"Moldova, Republic of"},{"cityName":"Rediul Mare","countryName":"Moldova, Republic of"},{"cityName":"Radeni","countryName":"Moldova, Republic of"},{"cityName":"Redi-Ceresnovat","countryName":"Moldova, Republic of"},{"cityName":"Raciula","countryName":"Moldova, Republic of"},{"cityName":"Recesti","countryName":"Moldova, Republic of"},{"cityName":"Recea","countryName":"Moldova, Republic of"},{"cityName":"Razelya","countryName":"Moldova, Republic of"},{"cityName":"Rotunda","countryName":"Moldova, Republic of"},{"cityName":"Raspopeni","countryName":"Moldova, Republic of"},{"cityName":"Rascaieti","countryName":"Moldova, Republic of"},{"cityName":"Rascov","countryName":"Moldova, Republic of"},{"cityName":"Ramazan","countryName":"Moldova, Republic of"},{"cityName":"Raculesti","countryName":"Moldova, Republic of"},{"cityName":"Racovat","countryName":"Moldova, Republic of"},{"cityName":"Racaria","countryName":"Moldova, Republic of"},{"cityName":"Radoaia","countryName":"Moldova, Republic of"},{"cityName":"Pirjota","countryName":"Moldova, Republic of"},{"cityName":"Pirjolteni","countryName":"Moldova, Republic of"},{"cityName":"Pirita","countryName":"Moldova, Republic of"},{"cityName":"Pirlita","countryName":"Moldova, Republic of"},{"cityName":"Pinzareni","countryName":"Moldova, Republic of"},{"cityName":"Putintei","countryName":"Moldova, Republic of"},{"cityName":"Putinesti","countryName":"Moldova, Republic of"},{"cityName":"Dolna","countryName":"Moldova, Republic of"},{"cityName":"Purcari","countryName":"Moldova, Republic of"},{"cityName":"Puhoi","countryName":"Moldova, Republic of"},{"cityName":"Puhaceni","countryName":"Moldova, Republic of"},{"cityName":"Pruteni","countryName":"Moldova, Republic of"},{"cityName":"Proteagailovca","countryName":"Moldova, Republic of"},{"cityName":"Proscureni","countryName":"Moldova, Republic of"},{"cityName":"Progress","countryName":"Moldova, Republic of"},{"cityName":"Prodanesti","countryName":"Moldova, Republic of"},{"cityName":"Prisaca","countryName":"Moldova, Republic of"},{"cityName":"Pripiceni-Razesi","countryName":"Moldova, Republic of"},{"cityName":"Maiscoe","countryName":"Moldova, Republic of"},{"cityName":"Tirgul-Vertiujeni","countryName":"Moldova, Republic of"},{"cityName":"Prepelita","countryName":"Moldova, Republic of"},{"cityName":"Prajila","countryName":"Moldova, Republic of"},{"cityName":"Pojareni","countryName":"Moldova, Republic of"},{"cityName":"Poeana","countryName":"Moldova, Republic of"},{"cityName":"Poiana","countryName":"Moldova, Republic of"},{"cityName":"Poselok Starogo Nomer Vtoroy","countryName":"Moldova, Republic of"},{"cityName":"Poselok Starogo Nomer Pervyy","countryName":"Moldova, Republic of"},{"cityName":"Porumbrei","countryName":"Moldova, Republic of"},{"cityName":"Porumbesti","countryName":"Moldova, Republic of"},{"cityName":"Onesti","countryName":"Moldova, Republic of"},{"cityName":"Popovca","countryName":"Moldova, Republic of"},{"cityName":"Popeasca","countryName":"Moldova, Republic of"},{"cityName":"Popoutsy","countryName":"Moldova, Republic of"},{"cityName":"Popestii de Sus","countryName":"Moldova, Republic of"},{"cityName":"Popencu","countryName":"Moldova, Republic of"},{"cityName":"Pompa","countryName":"Moldova, Republic of"},{"cityName":"Pocsesti","countryName":"Moldova, Republic of"},{"cityName":"Pocrovca","countryName":"Moldova, Republic of"},{"cityName":"Pohrebea","countryName":"Moldova, Republic of"},{"cityName":"Pohrebeni","countryName":"Moldova, Republic of"},{"cityName":"Pohoarna","countryName":"Moldova, Republic of"},{"cityName":"Paharniceni","countryName":"Moldova, Republic of"},{"cityName":"Poganesti","countryName":"Moldova, Republic of"},{"cityName":"Podoima","countryName":"Moldova, Republic of"},{"cityName":"Pociumbauti","countryName":"Moldova, Republic of"},{"cityName":"Voinescu","countryName":"Moldova, Republic of"},{"cityName":"Plopi","countryName":"Moldova, Republic of"},{"cityName":"Plop-Stiubei","countryName":"Moldova, Republic of"},{"cityName":"Plop","countryName":"Moldova, Republic of"},{"cityName":"Pleseni","countryName":"Moldova, Republic of"},{"cityName":"Pitusca","countryName":"Moldova, Republic of"},{"cityName":"Pistruieni","countryName":"Moldova, Republic of"},{"cityName":"Piscaresti","countryName":"Moldova, Republic of"},{"cityName":"Picus","countryName":"Moldova, Republic of"},{"cityName":"Picalova","countryName":"Moldova, Republic of"},{"cityName":"Petruseni","countryName":"Moldova, Republic of"},{"cityName":"Petrunea","countryName":"Moldova, Republic of"},{"cityName":"Petrovca","countryName":"Moldova, Republic of"},{"cityName":"Pietrosu","countryName":"Moldova, Republic of"},{"cityName":"Petresti","countryName":"Moldova, Republic of"},{"cityName":"Petreni","countryName":"Moldova, Republic of"},{"cityName":"Peticeni","countryName":"Moldova, Republic of"},{"cityName":"Pervomaiscoe","countryName":"Moldova, Republic of"},{"cityName":"Pervomaisc","countryName":"Moldova, Republic of"},{"cityName":"Marienfeld","countryName":"Moldova, Republic of"},{"cityName":"Peresecina","countryName":"Moldova, Republic of"},{"cityName":"Pererita","countryName":"Moldova, Republic of"},{"cityName":"Pereni","countryName":"Moldova, Republic of"},{"cityName":"Pepeni","countryName":"Moldova, Republic of"},{"cityName":"Pelinia","countryName":"Moldova, Republic of"},{"cityName":"Pelinei","countryName":"Moldova, Republic of"},{"cityName":"Peciste","countryName":"Moldova, Republic of"},{"cityName":"Paulesti","countryName":"Moldova, Republic of"},{"cityName":"Pascauti","countryName":"Moldova, Republic of"},{"cityName":"Pascani","countryName":"Moldova, Republic of"},{"cityName":"Paruceni","countryName":"Moldova, Republic of"},{"cityName":"Parushovka","countryName":"Moldova, Republic of"},{"cityName":"Parcova","countryName":"Moldova, Republic of"},{"cityName":"Parcani","countryName":"Moldova, Republic of"},{"cityName":"Panasheshty","countryName":"Moldova, Republic of"},{"cityName":"Palaria","countryName":"Moldova, Republic of"},{"cityName":"Palanca","countryName":"Moldova, Republic of"},{"cityName":"Paladea","countryName":"Moldova, Republic of"},{"cityName":"Paicu","countryName":"Moldova, Republic of"},{"cityName":"Paduret","countryName":"Moldova, Republic of"},{"cityName":"Otac","countryName":"Moldova, Republic of"},{"cityName":"Orhei","countryName":"Moldova, Republic of"},{"cityName":"Ordasei","countryName":"Moldova, Republic of"},{"cityName":"Orac","countryName":"Moldova, Republic of"},{"cityName":"Opaci","countryName":"Moldova, Republic of"},{"cityName":"Onitcani","countryName":"Moldova, Republic of"},{"cityName":"Oniscani","countryName":"Moldova, Republic of"},{"cityName":"Oliscani","countryName":"Moldova, Republic of"},{"cityName":"Olanesti","countryName":"Moldova, Republic of"},{"cityName":"Ochiul Rosu","countryName":"Moldova, Republic of"},{"cityName":"Ochiul Alb","countryName":"Moldova, Republic of"},{"cityName":"Octeabrscoe","countryName":"Moldova, Republic of"},{"cityName":"Dusmani","countryName":"Moldova, Republic of"},{"cityName":"Oxentea","countryName":"Moldova, Republic of"},{"cityName":"Ocolina","countryName":"Moldova, Republic of"},{"cityName":"Ocnita-Tarani","countryName":"Moldova, Republic of"},{"cityName":"Ocnita-Razesi","countryName":"Moldova, Republic of"},{"cityName":"Ocnita","countryName":"Moldova, Republic of"},{"cityName":"Oclanda","countryName":"Moldova, Republic of"},{"cityName":"Ohrincea","countryName":"Moldova, Republic of"},{"cityName":"Obileni","countryName":"Moldova, Republic of"},{"cityName":"Goianul Nou","countryName":"Moldova, Republic of"},{"cityName":"Zazulenii Noi","countryName":"Moldova, Republic of"},{"cityName":"Iezarenii Noi","countryName":"Moldova, Republic of"},{"cityName":"Varzarestii Noi","countryName":"Moldova, Republic of"},{"cityName":"Tarsiteii Noui","countryName":"Moldova, Republic of"},{"cityName":"Trifestii Noi","countryName":"Moldova, Republic of"},{"cityName":"Tanatarii Noi","countryName":"Moldova, Republic of"},{"cityName":"Socii Noi","countryName":"Moldova, Republic of"},{"cityName":"Selistea Noua","countryName":"Moldova, Republic of"},{"cityName":"Rusestii Noi","countryName":"Moldova, Republic of"},{"cityName":"Rosietici","countryName":"Moldova, Republic of"},{"cityName":"Radulenii Noi","countryName":"Moldova, Republic of"},{"cityName":"Morenii Noi","countryName":"Moldova, Republic of"},{"cityName":"Limbenii Noi","countryName":"Moldova, Republic of"},{"cityName":"Cirnatenii Noi","countryName":"Moldova, Republic of"},{"cityName":"Cucuietii Noi","countryName":"Moldova, Republic of"},{"cityName":"Cuconestii Noi","countryName":"Moldova, Republic of"},{"cityName":"Cosmenii Noui","countryName":"Moldova, Republic of"},{"cityName":"Lebedenco","countryName":"Moldova, Republic of"},{"cityName":"Gotestii Noi","countryName":"Moldova, Republic of"},{"cityName":"Heciul Nou","countryName":"Moldova, Republic of"},{"cityName":"Hanasenii Noi","countryName":"Moldova, Republic of"},{"cityName":"Fundurii Noi","countryName":"Moldova, Republic of"},{"cityName":"Falestii Noi","countryName":"Moldova, Republic of"},{"cityName":"Duruitoarea Noua","countryName":"Moldova, Republic of"},{"cityName":"Dragusenii Noi","countryName":"Moldova, Republic of"},{"cityName":"Cioropcanii Noui","countryName":"Moldova, Republic of"},{"cityName":"Ciocana","countryName":"Moldova, Republic of"},{"cityName":"Brinzenii Noi","countryName":"Moldova, Republic of"},{"cityName":"Borosenii Noi","countryName":"Moldova, Republic of"},{"cityName":"Boghenii Noi","countryName":"Moldova, Republic of"},{"cityName":"Bilicenii Noi","countryName":"Moldova, Republic of"},{"cityName":"Banestii Noi","countryName":"Moldova, Republic of"},{"cityName":"Hasnasenii Noi","countryName":"Moldova, Republic of"},{"cityName":"Anenii Noi","countryName":"Moldova, Republic of"},{"cityName":"Albinetul Nou","countryName":"Moldova, Republic of"},{"cityName":"Novovladimirovca","countryName":"Moldova, Republic of"},{"cityName":"Troita Noua","countryName":"Moldova, Republic of"},{"cityName":"Troita","countryName":"Moldova, Republic of"},{"cityName":"Tomaiul Nou","countryName":"Moldova, Republic of"},{"cityName":"Crihana","countryName":"Moldova, Republic of"},{"cityName":"Novosavitcaia","countryName":"Moldova, Republic of"},{"cityName":"Novocotovsc","countryName":"Moldova, Republic of"},{"cityName":"Novo-Konstantinovka","countryName":"Moldova, Republic of"},{"cityName":"Comisarovca Noua","countryName":"Moldova, Republic of"},{"cityName":"Iablona Noua","countryName":"Moldova, Republic of"},{"cityName":"Ursoaia Noua","countryName":"Moldova, Republic of"},{"cityName":"Tiganca Noua","countryName":"Moldova, Republic of"},{"cityName":"Taura Noua","countryName":"Moldova, Republic of"},{"cityName":"Teleseuca Noua","countryName":"Moldova, Republic of"},{"cityName":"Singereii Noi","countryName":"Moldova, Republic of"},{"cityName":"Tiganca","countryName":"Moldova, Republic of"},{"cityName":"Saratica Noua","countryName":"Moldova, Republic of"},{"cityName":"Saharna Noua","countryName":"Moldova, Republic of"},{"cityName":"Pohrebea Noua","countryName":"Moldova, Republic of"},{"cityName":"Obreja Noua","countryName":"Moldova, Republic of"},{"cityName":"Marianca Noua","countryName":"Moldova, Republic of"},{"cityName":"Lunga Noua","countryName":"Moldova, Republic of"},{"cityName":"Larga Noua","countryName":"Moldova, Republic of"},{"cityName":"Cosnita Noua","countryName":"Moldova, Republic of"},{"cityName":"Cobusca Noua","countryName":"Moldova, Republic of"},{"cityName":"Chetrosica Noua","countryName":"Moldova, Republic of"},{"cityName":"Carbalia Noua","countryName":"Moldova, Republic of"},{"cityName":"Hrubna Noua","countryName":"Moldova, Republic of"},{"cityName":"Frumusica Noua","countryName":"Moldova, Republic of"},{"cityName":"Floritoaia Noua","countryName":"Moldova, Republic of"},{"cityName":"Dobrogea Noua","countryName":"Moldova, Republic of"},{"cityName":"Ciolacu Nou","countryName":"Moldova, Republic of"},{"cityName":"Bogdanovca Noua","countryName":"Moldova, Republic of"},{"cityName":"Andriasevca Noua","countryName":"Moldova, Republic of"},{"cityName":"Alexandrovca Noua","countryName":"Moldova, Republic of"},{"cityName":"Novaci","countryName":"Moldova, Republic of"},{"cityName":"Jora de Jos","countryName":"Moldova, Republic of"},{"cityName":"Marianca de Jos","countryName":"Moldova, Republic of"},{"cityName":"Albota de Jos","countryName":"Moldova, Republic of"},{"cityName":"Mincenii de Jos","countryName":"Moldova, Republic of"},{"cityName":"Cuhurestii de Jos","countryName":"Moldova, Republic of"},{"cityName":"Climautii de Jos","countryName":"Moldova, Republic of"},{"cityName":"Halahora de Jos","countryName":"Moldova, Republic of"},{"cityName":"Buzduganii de Jos","countryName":"Moldova, Republic of"},{"cityName":"Andrusul de Jos","countryName":"Moldova, Republic of"},{"cityName":"Nisporeni","countryName":"Moldova, Republic of"},{"cityName":"Niscani","countryName":"Moldova, Republic of"},{"cityName":"Nimoreni","countryName":"Moldova, Republic of"},{"cityName":"Nicoreni","countryName":"Moldova, Republic of"},{"cityName":"Nicolscoe","countryName":"Moldova, Republic of"},{"cityName":"Nicolaevca","countryName":"Moldova, Republic of"},{"cityName":"Nezavertailovca","countryName":"Moldova, Republic of"},{"cityName":"Nemteni","countryName":"Moldova, Republic of"},{"cityName":"Nimereuca","countryName":"Moldova, Republic of"},{"cityName":"Negureni","countryName":"Moldova, Republic of"},{"cityName":"Negrea","countryName":"Moldova, Republic of"},{"cityName":"Negresti","countryName":"Moldova, Republic of"},{"cityName":"Navirnet","countryName":"Moldova, Republic of"},{"cityName":"Natalievca","countryName":"Moldova, Republic of"},{"cityName":"Naslavcea","countryName":"Moldova, Republic of"},{"cityName":"Napadova","countryName":"Moldova, Republic of"},{"cityName":"Napadeni","countryName":"Moldova, Republic of"},{"cityName":"Mirzoaia","countryName":"Moldova, Republic of"},{"cityName":"Mirzesti","countryName":"Moldova, Republic of"},{"cityName":"Mirzaci","countryName":"Moldova, Republic of"},{"cityName":"Minzatesti","countryName":"Moldova, Republic of"},{"cityName":"Mindresti","countryName":"Moldova, Republic of"},{"cityName":"Mindra","countryName":"Moldova, Republic of"},{"cityName":"Musteata","countryName":"Moldova, Republic of"},{"cityName":"Musaitu","countryName":"Moldova, Republic of"},{"cityName":"Munteni","countryName":"Moldova, Republic of"},{"cityName":"Moscovei","countryName":"Moldova, Republic of"},{"cityName":"Moscovei-Constantinescu","countryName":"Moldova, Republic of"},{"cityName":"Moseni","countryName":"Moldova, Republic of"},{"cityName":"Mosana","countryName":"Moldova, Republic of"},{"cityName":"Morozeni","countryName":"Moldova, Republic of"},{"cityName":"Morovaia","countryName":"Moldova, Republic of"},{"cityName":"Moldoveanca","countryName":"Moldova, Republic of"},{"cityName":"Mocreachi","countryName":"Moldova, Republic of"},{"cityName":"Mocra","countryName":"Moldova, Republic of"},{"cityName":"Mocearovca","countryName":"Moldova, Republic of"},{"cityName":"Moara de Piatra","countryName":"Moldova, Republic of"},{"cityName":"Mladinesti","countryName":"Moldova, Republic of"},{"cityName":"Mitoc","countryName":"Moldova, Republic of"},{"cityName":"Misovca","countryName":"Moldova, Republic of"},{"cityName":"Meseni","countryName":"Moldova, Republic of"},{"cityName":"Mirnoe","countryName":"Moldova, Republic of"},{"cityName":"Miresti","countryName":"Moldova, Republic of"},{"cityName":"Mircesti","countryName":"Moldova, Republic of"},{"cityName":"Mingir","countryName":"Moldova, Republic of"},{"cityName":"Milesti","countryName":"Moldova, Republic of"},{"cityName":"Micleuseni","countryName":"Moldova, Republic of"},{"cityName":"Miclesti","countryName":"Moldova, Republic of"},{"cityName":"Mihaileni","countryName":"Moldova, Republic of"},{"cityName":"Mihailovca Noua","countryName":"Moldova, Republic of"},{"cityName":"Mihailovca","countryName":"Moldova, Republic of"},{"cityName":"Mihalaseni","countryName":"Moldova, Republic of"},{"cityName":"Mihalasa","countryName":"Moldova, Republic of"},{"cityName":"Micauti","countryName":"Moldova, Republic of"},{"cityName":"Mihuleni","countryName":"Moldova, Republic of"},{"cityName":"Miciurin","countryName":"Moldova, Republic of"},{"cityName":"Mereseuca","countryName":"Moldova, Republic of"},{"cityName":"Mereseni","countryName":"Moldova, Republic of"},{"cityName":"Mereni","countryName":"Moldova, Republic of"},{"cityName":"Merenii Noi","countryName":"Moldova, Republic of"},{"cityName":"Meleseni","countryName":"Moldova, Republic of"},{"cityName":"Magura","countryName":"Moldova, Republic of"},{"cityName":"Medveja","countryName":"Moldova, Republic of"},{"cityName":"Mindrestii Noi","countryName":"Moldova, Republic of"},{"cityName":"Medeleni","countryName":"Moldova, Republic of"},{"cityName":"Maiac","countryName":"Moldova, Republic of"},{"cityName":"Mateuti","countryName":"Moldova, Republic of"},{"cityName":"Matasaru","countryName":"Moldova, Republic of"},{"cityName":"Mascauti","countryName":"Moldova, Republic of"},{"cityName":"Martinesti","countryName":"Moldova, Republic of"},{"cityName":"Marculesti","countryName":"Moldova, Republic of"},{"cityName":"Marcauti","countryName":"Moldova, Republic of"},{"cityName":"Marinici","countryName":"Moldova, Republic of"},{"cityName":"Marandeni","countryName":"Moldova, Republic of"},{"cityName":"Maramonovca","countryName":"Moldova, Republic of"},{"cityName":"Manta","countryName":"Moldova, Republic of"},{"cityName":"Manoilesti","countryName":"Moldova, Republic of"},{"cityName":"Molochisul Mic","countryName":"Moldova, Republic of"},{"cityName":"Milestii Mici","countryName":"Moldova, Republic of"},{"cityName":"Cotiujenii Mici","countryName":"Moldova, Republic of"},{"cityName":"Molovata","countryName":"Moldova, Republic of"},{"cityName":"Molovata Noua","countryName":"Moldova, Republic of"},{"cityName":"Malcoci","countryName":"Moldova, Republic of"},{"cityName":"Malcauti","countryName":"Moldova, Republic of"},{"cityName":"Malinovscoe","countryName":"Moldova, Republic of"},{"cityName":"Molesti","countryName":"Moldova, Republic of"},{"cityName":"Malaiesti","countryName":"Moldova, Republic of"},{"cityName":"Malaya Kozhdangliya","countryName":"Moldova, Republic of"},{"cityName":"Maximovca","countryName":"Moldova, Republic of"},{"cityName":"Maximeni","countryName":"Moldova, Republic of"},{"cityName":"Macresti","countryName":"Moldova, Republic of"},{"cityName":"Macareuca","countryName":"Moldova, Republic of"},{"cityName":"Macaresti","countryName":"Moldova, Republic of"},{"cityName":"Magurele","countryName":"Moldova, Republic of"},{"cityName":"Mahala","countryName":"Moldova, Republic of"},{"cityName":"Corlateni","countryName":"Moldova, Republic of"},{"cityName":"Luparia","countryName":"Moldova, Republic of"},{"cityName":"Lupa-Recea","countryName":"Moldova, Republic of"},{"cityName":"Lunga","countryName":"Moldova, Republic of"},{"cityName":"Lucaseuca","countryName":"Moldova, Republic of"},{"cityName":"Lucaceni","countryName":"Moldova, Republic of"},{"cityName":"Lucesti","countryName":"Moldova, Republic of"},{"cityName":"Luchafer","countryName":"Moldova, Republic of"},{"cityName":"Lozova","countryName":"Moldova, Republic of"},{"cityName":"Lopatica","countryName":"Moldova, Republic of"},{"cityName":"Lopatnic","countryName":"Moldova, Republic of"},{"cityName":"Lopatna","countryName":"Moldova, Republic of"},{"cityName":"Logofteni","countryName":"Moldova, Republic of"},{"cityName":"Loganesti","countryName":"Moldova, Republic of"},{"cityName":"Livezi","countryName":"Moldova, Republic of"},{"cityName":"Mindic","countryName":"Moldova, Republic of"},{"cityName":"Lipoveni","countryName":"Moldova, Republic of"},{"cityName":"Lipovanca","countryName":"Moldova, Republic of"},{"cityName":"Lipnic","countryName":"Moldova, Republic of"},{"cityName":"Lipcani","countryName":"Moldova, Republic of"},{"cityName":"Lipceni","countryName":"Moldova, Republic of"},{"cityName":"Lingura","countryName":"Moldova, Republic of"},{"cityName":"Lidovca","countryName":"Moldova, Republic of"},{"cityName":"Leuseni","countryName":"Moldova, Republic of"},{"cityName":"Leova","countryName":"Moldova, Republic of"},{"cityName":"Leuntea","countryName":"Moldova, Republic of"},{"cityName":"Leonidovka","countryName":"Moldova, Republic of"},{"cityName":"Lencauti","countryName":"Moldova, Republic of"},{"cityName":"Leninskiy","countryName":"Moldova, Republic of"},{"cityName":"Lenin","countryName":"Moldova, Republic of"},{"cityName":"Leca","countryName":"Moldova, Republic of"},{"cityName":"Lebedevka","countryName":"Moldova, Republic of"},{"cityName":"Singerei","countryName":"Moldova, Republic of"},{"cityName":"Chiscareni","countryName":"Moldova, Republic of"},{"cityName":"Piatra","countryName":"Moldova, Republic of"},{"cityName":"Larguta","countryName":"Moldova, Republic of"},{"cityName":"Larga","countryName":"Moldova, Republic of"},{"cityName":"Lapusna","countryName":"Moldova, Republic of"},{"cityName":"Lalova","countryName":"Moldova, Republic of"},{"cityName":"Ciietu","countryName":"Moldova, Republic of"},{"cityName":"Chiurt","countryName":"Moldova, Republic of"},{"cityName":"Cislita-Prut","countryName":"Moldova, Republic of"},{"cityName":"Cisla","countryName":"Moldova, Republic of"},{"cityName":"Cirpesti","countryName":"Moldova, Republic of"},{"cityName":"Cirnesti","countryName":"Moldova, Republic of"},{"cityName":"Cirnateni","countryName":"Moldova, Republic of"},{"cityName":"Cimpul Drept","countryName":"Moldova, Republic of"},{"cityName":"Alexanderfeld","countryName":"Moldova, Republic of"},{"cityName":"Cuzmin","countryName":"Moldova, Republic of"},{"cityName":"Chircaiesti","countryName":"Moldova, Republic of"},{"cityName":"Cuizauca","countryName":"Moldova, Republic of"},{"cityName":"Cusmirca","countryName":"Moldova, Republic of"},{"cityName":"Curtoaia","countryName":"Moldova, Republic of"},{"cityName":"Fagureni","countryName":"Moldova, Republic of"},{"cityName":"Curesnita","countryName":"Moldova, Republic of"},{"cityName":"Cureni","countryName":"Moldova, Republic of"},{"cityName":"Curatura","countryName":"Moldova, Republic of"},{"cityName":"Cuporani","countryName":"Moldova, Republic of"},{"cityName":"Cupcui","countryName":"Moldova, Republic of"},{"cityName":"Cupcini","countryName":"Moldova, Republic of"},{"cityName":"Cunicea","countryName":"Moldova, Republic of"},{"cityName":"Cucoara","countryName":"Moldova, Republic of"},{"cityName":"Cuhnesti","countryName":"Moldova, Republic of"},{"cityName":"Cucioaia","countryName":"Moldova, Republic of"},{"cityName":"Cubolta","countryName":"Moldova, Republic of"},{"cityName":"Cruglic","countryName":"Moldova, Republic of"},{"cityName":"Criva","countryName":"Moldova, Republic of"},{"cityName":"Cristesti","countryName":"Moldova, Republic of"},{"cityName":"Criscauti","countryName":"Moldova, Republic of"},{"cityName":"Cricova","countryName":"Moldova, Republic of"},{"cityName":"Goian","countryName":"Moldova, Republic of"},{"cityName":"Cretoaia","countryName":"Moldova, Republic of"},{"cityName":"Cremenciug","countryName":"Moldova, Republic of"},{"cityName":"Crasnii Vinogradari","countryName":"Moldova, Republic of"},{"cityName":"Crasnii Octeabri","countryName":"Moldova, Republic of"},{"cityName":"Crasnoe","countryName":"Moldova, Republic of"},{"cityName":"Crasnogorca","countryName":"Moldova, Republic of"},{"cityName":"Crasnoarmeiscoe","countryName":"Moldova, Republic of"},{"cityName":"Crasnencoe","countryName":"Moldova, Republic of"},{"cityName":"Crasnaia Gorca","countryName":"Moldova, Republic of"},{"cityName":"Crasnaia Besarabia","countryName":"Moldova, Republic of"},{"cityName":"Crasnaseni","countryName":"Moldova, Republic of"},{"cityName":"Craciun","countryName":"Moldova, Republic of"},{"cityName":"Cojusna","countryName":"Moldova, Republic of"},{"cityName":"Cozesti","countryName":"Moldova, Republic of"},{"cityName":"Coicova","countryName":"Moldova, Republic of"},{"cityName":"Covurlui","countryName":"Moldova, Republic of"},{"cityName":"Cotiujeni","countryName":"Moldova, Republic of"},{"cityName":"Cotiujenii Mari","countryName":"Moldova, Republic of"},{"cityName":"Coteala","countryName":"Moldova, Republic of"},{"cityName":"Cotul Morii","countryName":"Moldova, Republic of"},{"cityName":"Regina Maria","countryName":"Moldova, Republic of"},{"cityName":"Hincesti","countryName":"Moldova, Republic of"},{"cityName":"Cotova","countryName":"Moldova, Republic of"},{"cityName":"Cotovca","countryName":"Moldova, Republic of"},{"cityName":"Cotihana","countryName":"Moldova, Republic of"},{"cityName":"Cot","countryName":"Moldova, Republic of"},{"cityName":"Costuleni","countryName":"Moldova, Republic of"},{"cityName":"Costesti","countryName":"Moldova, Republic of"},{"cityName":"Cosauti","countryName":"Moldova, Republic of"},{"cityName":"Costangalia","countryName":"Moldova, Republic of"},{"cityName":"Cosnita","countryName":"Moldova, Republic of"},{"cityName":"Coscodeni","countryName":"Moldova, Republic of"},{"cityName":"Coscalia","countryName":"Moldova, Republic of"},{"cityName":"Cosernita","countryName":"Moldova, Republic of"},{"cityName":"Coseni","countryName":"Moldova, Republic of"},{"cityName":"Cuselauca","countryName":"Moldova, Republic of"},{"cityName":"Corjova","countryName":"Moldova, Republic of"},{"cityName":"Corjeuti","countryName":"Moldova, Republic of"},{"cityName":"Corotna","countryName":"Moldova, Republic of"},{"cityName":"Coropceni","countryName":"Moldova, Republic of"},{"cityName":"Cornova","countryName":"Moldova, Republic of"},{"cityName":"Cornesti","countryName":"Moldova, Republic of"},{"cityName":"Crocmaz","countryName":"Moldova, Republic of"},{"cityName":"Corestauti","countryName":"Moldova, Republic of"},{"cityName":"Corbu","countryName":"Moldova, Republic of"},{"cityName":"Copceac","countryName":"Moldova, Republic of"},{"cityName":"Copanca","countryName":"Moldova, Republic of"},{"cityName":"Copaceni","countryName":"Moldova, Republic of"},{"cityName":"Copaceanca","countryName":"Moldova, Republic of"},{"cityName":"Constantinovca","countryName":"Moldova, Republic of"},{"cityName":"Constantinesti","countryName":"Moldova, Republic of"},{"cityName":"Congazcicul de Sus","countryName":"Moldova, Republic of"},{"cityName":"Congazcicul de Jos","countryName":"Moldova, Republic of"},{"cityName":"Condrita","countryName":"Moldova, Republic of"},{"cityName":"Condratesti","countryName":"Moldova, Republic of"},{"cityName":"Colosova","countryName":"Moldova, Republic of"},{"cityName":"Colonita","countryName":"Moldova, Republic of"},{"cityName":"Colicauti","countryName":"Moldova, Republic of"},{"cityName":"Colibasi","countryName":"Moldova, Republic of"},{"cityName":"Colibabovca","countryName":"Moldova, Republic of"},{"cityName":"Cobasna","countryName":"Moldova, Republic of"},{"cityName":"Cucuruzeni","countryName":"Moldova, Republic of"},{"cityName":"Cogilniceni","countryName":"Moldova, Republic of"},{"cityName":"Codreanca","countryName":"Moldova, Republic of"},{"cityName":"Codru","countryName":"Moldova, Republic of"},{"cityName":"Codreni","countryName":"Moldova, Republic of"},{"cityName":"Cociulia","countryName":"Moldova, Republic of"},{"cityName":"Cocieri","countryName":"Moldova, Republic of"},{"cityName":"Cobilnea","countryName":"Moldova, Republic of"},{"cityName":"Cobani","countryName":"Moldova, Republic of"},{"cityName":"Cneazevca","countryName":"Moldova, Republic of"},{"cityName":"Staraya Knyazevka","countryName":"Moldova, Republic of"},{"cityName":"Clocusna","countryName":"Moldova, Republic of"},{"cityName":"Clisova","countryName":"Moldova, Republic of"},{"cityName":"Climauti","countryName":"Moldova, Republic of"},{"cityName":"Cizlar","countryName":"Moldova, Republic of"},{"cityName":"Chitcani","countryName":"Moldova, Republic of"},{"cityName":"Chistelnita","countryName":"Moldova, Republic of"},{"cityName":"Chioselia","countryName":"Moldova, Republic of"},{"cityName":"Corten","countryName":"Moldova, Republic of"},{"cityName":"Chirsova","countryName":"Moldova, Republic of"},{"cityName":"Chirpiti","countryName":"Moldova, Republic of"},{"cityName":"Chirov","countryName":"Moldova, Republic of"},{"cityName":"Chircaiestii Noi","countryName":"Moldova, Republic of"},{"cityName":"Chircani","countryName":"Moldova, Republic of"},{"cityName":"Chirca","countryName":"Moldova, Republic of"},{"cityName":"Chiriet-Lunga","countryName":"Moldova, Republic of"},{"cityName":"Chirianca","countryName":"Moldova, Republic of"},{"cityName":"Chirilovca","countryName":"Moldova, Republic of"},{"cityName":"Chirileni","countryName":"Moldova, Republic of"},{"cityName":"Chipesca","countryName":"Moldova, Republic of"},{"cityName":"Chiperceni","countryName":"Moldova, Republic of"},{"cityName":"Khutor Vladimirovka","countryName":"Moldova, Republic of"},{"cityName":"Homuteanovca","countryName":"Moldova, Republic of"},{"cityName":"Hristovaia","countryName":"Moldova, Republic of"},{"cityName":"Hristoforovca","countryName":"Moldova, Republic of"},{"cityName":"Hristici","countryName":"Moldova, Republic of"},{"cityName":"Horjesti","countryName":"Moldova, Republic of"},{"cityName":"Slobozia-Hodorogea","countryName":"Moldova, Republic of"},{"cityName":"Khodoroutsy","countryName":"Moldova, Republic of"},{"cityName":"Hitresti","countryName":"Moldova, Republic of"},{"cityName":"Hiliuti","countryName":"Moldova, Republic of"},{"cityName":"Helesteni","countryName":"Moldova, Republic of"},{"cityName":"Hatmana","countryName":"Moldova, Republic of"},{"cityName":"Hagimus","countryName":"Moldova, Republic of"},{"cityName":"Adjiler","countryName":"Moldova, Republic of"},{"cityName":"Hagichioi","countryName":"Moldova, Republic of"},{"cityName":"Chetrosu","countryName":"Moldova, Republic of"},{"cityName":"Chetroseni","countryName":"Moldova, Republic of"},{"cityName":"Chetris","countryName":"Moldova, Republic of"},{"cityName":"Cajba","countryName":"Moldova, Republic of"},{"cityName":"Cazangic","countryName":"Moldova, Republic of"},{"cityName":"Cazanesti","countryName":"Moldova, Republic of"},{"cityName":"Cazaclia","countryName":"Moldova, Republic of"},{"cityName":"Cairaclia","countryName":"Moldova, Republic of"},{"cityName":"Cainarii Vechi","countryName":"Moldova, Republic of"},{"cityName":"Causeni","countryName":"Moldova, Republic of"},{"cityName":"Cateleni","countryName":"Moldova, Republic of"},{"cityName":"Catranic","countryName":"Moldova, Republic of"},{"cityName":"Caterinovca","countryName":"Moldova, Republic of"},{"cityName":"Casunca","countryName":"Moldova, Republic of"},{"cityName":"Cartuse","countryName":"Moldova, Republic of"},{"cityName":"Carpineanca","countryName":"Moldova, Republic of"},{"cityName":"Carpineni","countryName":"Moldova, Republic of"},{"cityName":"Carmanova","countryName":"Moldova, Republic of"},{"cityName":"Carbuna","countryName":"Moldova, Republic of"},{"cityName":"Carbalia","countryName":"Moldova, Republic of"},{"cityName":"Caracui","countryName":"Moldova, Republic of"},{"cityName":"Caragas","countryName":"Moldova, Republic of"},{"cityName":"Carahasani","countryName":"Moldova, Republic of"},{"cityName":"Carabetovca","countryName":"Moldova, Republic of"},{"cityName":"Capriana","countryName":"Moldova, Republic of"},{"cityName":"Capresti","countryName":"Moldova, Republic of"},{"cityName":"Caplani","countryName":"Moldova, Republic of"},{"cityName":"Capaclia","countryName":"Moldova, Republic of"},{"cityName":"Cania","countryName":"Moldova, Republic of"},{"cityName":"Cotovscoe","countryName":"Moldova, Republic of"},{"cityName":"Camencuta","countryName":"Moldova, Republic of"},{"cityName":"Camenca","countryName":"Moldova, Republic of"},{"cityName":"Camencea","countryName":"Moldova, Republic of"},{"cityName":"Comarovca","countryName":"Moldova, Republic of"},{"cityName":"Flamanda","countryName":"Moldova, Republic of"},{"cityName":"Calugar","countryName":"Moldova, Republic of"},{"cityName":"Calmatui","countryName":"Moldova, Republic of"},{"cityName":"Kalkatova Balka","countryName":"Moldova, Republic of"},{"cityName":"Calinesti","countryName":"Moldova, Republic of"},{"cityName":"Calimanesti","countryName":"Moldova, Republic of"},{"cityName":"Calfa","countryName":"Moldova, Republic of"},{"cityName":"Calarasovca","countryName":"Moldova, Republic of"},{"cityName":"Cabaiesti","countryName":"Moldova, Republic of"},{"cityName":"Izvoare","countryName":"Moldova, Republic of"},{"cityName":"Izbiste","countryName":"Moldova, Republic of"},{"cityName":"Ivanovca","countryName":"Moldova, Republic of"},{"cityName":"Ivancea","countryName":"Moldova, Republic of"},{"cityName":"Ishnovets","countryName":"Moldova, Republic of"},{"cityName":"Iskaleu","countryName":"Moldova, Republic of"},{"cityName":"Iserlia","countryName":"Moldova, Republic of"},{"cityName":"Isaicani","countryName":"Moldova, Republic of"},{"cityName":"Isacova","countryName":"Moldova, Republic of"},{"cityName":"Iordanovca","countryName":"Moldova, Republic of"},{"cityName":"Ioneasca","countryName":"Moldova, Republic of"},{"cityName":"Inesti","countryName":"Moldova, Republic of"},{"cityName":"Nucareni","countryName":"Moldova, Republic of"},{"cityName":"Imeni Kirsev","countryName":"Moldova, Republic of"},{"cityName":"Il'yanka","countryName":"Moldova, Republic of"},{"cityName":"Illiciovca","countryName":"Moldova, Republic of"},{"cityName":"Ilashkova","countryName":"Moldova, Republic of"},{"cityName":"Ignatei","countryName":"Moldova, Republic of"},{"cityName":"Ialoveni","countryName":"Moldova, Republic of"},{"cityName":"Hlinaia","countryName":"Moldova, Republic of"},{"cityName":"Gisca","countryName":"Moldova, Republic of"},{"cityName":"Hirjauca","countryName":"Moldova, Republic of"},{"cityName":"Hirtopul Mic","countryName":"Moldova, Republic of"},{"cityName":"Hirtopul Mare","countryName":"Moldova, Republic of"},{"cityName":"Hirtop","countryName":"Moldova, Republic of"},{"cityName":"Girbova","countryName":"Moldova, Republic of"},{"cityName":"Hirbovat","countryName":"Moldova, Republic of"},{"cityName":"Hancauti","countryName":"Moldova, Republic of"},{"cityName":"Gvozdova","countryName":"Moldova, Republic of"},{"cityName":"Huzun","countryName":"Moldova, Republic of"},{"cityName":"Hutulu","countryName":"Moldova, Republic of"},{"cityName":"Gura-Oituz","countryName":"Moldova, Republic of"},{"cityName":"Gura-Larga","countryName":"Moldova, Republic of"},{"cityName":"Gura Camencii","countryName":"Moldova, Republic of"},{"cityName":"Gura Cainarului","countryName":"Moldova, Republic of"},{"cityName":"Gura Galbenei","countryName":"Moldova, Republic of"},{"cityName":"Gura Bicului","countryName":"Moldova, Republic of"},{"cityName":"Hulboaca","countryName":"Moldova, Republic of"},{"cityName":"Hrusca","countryName":"Moldova, Republic of"},{"cityName":"Hrusova","countryName":"Moldova, Republic of"},{"cityName":"Grozesti","countryName":"Moldova, Republic of"},{"cityName":"Grozasca","countryName":"Moldova, Republic of"},{"cityName":"Gromadzeni","countryName":"Moldova, Republic of"},{"cityName":"Grinauti-Raia","countryName":"Moldova, Republic of"},{"cityName":"Grinauti","countryName":"Moldova, Republic of"},{"cityName":"Grimesti","countryName":"Moldova, Republic of"},{"cityName":"Grimancauti","countryName":"Moldova, Republic of"},{"cityName":"Grigoresti","countryName":"Moldova, Republic of"},{"cityName":"Grigorievca","countryName":"Moldova, Republic of"},{"cityName":"Grigorauca","countryName":"Moldova, Republic of"},{"cityName":"Grigoriopol","countryName":"Moldova, Republic of"},{"cityName":"Gribova","countryName":"Moldova, Republic of"},{"cityName":"Gradinita","countryName":"Moldova, Republic of"},{"cityName":"Greceni","countryName":"Moldova, Republic of"},{"cityName":"Greblesti","countryName":"Moldova, Republic of"},{"cityName":"Gratiesti","countryName":"Moldova, Republic of"},{"cityName":"Gradiste","countryName":"Moldova, Republic of"},{"cityName":"Gotesti","countryName":"Moldova, Republic of"},{"cityName":"Horodca","countryName":"Moldova, Republic of"},{"cityName":"Horodiste","countryName":"Moldova, Republic of"},{"cityName":"Horesti","countryName":"Moldova, Republic of"},{"cityName":"Gordinesti","countryName":"Moldova, Republic of"},{"cityName":"Goleni","countryName":"Moldova, Republic of"},{"cityName":"Huluboaia","countryName":"Moldova, Republic of"},{"cityName":"Holosnita","countryName":"Moldova, Republic of"},{"cityName":"Holercani","countryName":"Moldova, Republic of"},{"cityName":"Hoginesti","countryName":"Moldova, Republic of"},{"cityName":"Glodeni","countryName":"Moldova, Republic of"},{"cityName":"Hligeni","countryName":"Moldova, Republic of"},{"cityName":"Glinjeni","countryName":"Moldova, Republic of"},{"cityName":"Hlina","countryName":"Moldova, Republic of"},{"cityName":"Tarigrad","countryName":"Moldova, Republic of"},{"cityName":"Hijdieni","countryName":"Moldova, Republic of"},{"cityName":"Hirova","countryName":"Moldova, Republic of"},{"cityName":"Hiriseni","countryName":"Moldova, Republic of"},{"cityName":"Hircesti","countryName":"Moldova, Republic of"},{"cityName":"Hincauti","countryName":"Moldova, Republic of"},{"cityName":"Ghindesti","countryName":"Moldova, Republic of"},{"cityName":"Ghiliceni","countryName":"Moldova, Republic of"},{"cityName":"Ghiduleni","countryName":"Moldova, Republic of"},{"cityName":"Ghidirim","countryName":"Moldova, Republic of"},{"cityName":"Ghidighici","countryName":"Moldova, Republic of"},{"cityName":"Ghibanu","countryName":"Moldova, Republic of"},{"cityName":"Ghetlova","countryName":"Moldova, Republic of"},{"cityName":"Ghersunovca","countryName":"Moldova, Republic of"},{"cityName":"Ghermanesti","countryName":"Moldova, Republic of"},{"cityName":"Gherman","countryName":"Moldova, Republic of"},{"cityName":"Heredeuca","countryName":"Moldova, Republic of"},{"cityName":"Hirbovet","countryName":"Moldova, Republic of"},{"cityName":"Ghioltosu","countryName":"Moldova, Republic of"},{"cityName":"Ghelauza","countryName":"Moldova, Republic of"},{"cityName":"Gaidar","countryName":"Moldova, Republic of"},{"cityName":"Gavrilovca","countryName":"Moldova, Republic of"},{"cityName":"Gavanoasa","countryName":"Moldova, Republic of"},{"cityName":"Gauzeni","countryName":"Moldova, Republic of"},{"cityName":"Gaureni","countryName":"Moldova, Republic of"},{"cityName":"Gaspar","countryName":"Moldova, Republic of"},{"cityName":"Harmatca","countryName":"Moldova, Republic of"},{"cityName":"Haragis","countryName":"Moldova, Republic of"},{"cityName":"Haraba","countryName":"Moldova, Republic of"},{"cityName":"Hansca","countryName":"Moldova, Republic of"},{"cityName":"Gangura","countryName":"Moldova, Republic of"},{"cityName":"Hanaseni","countryName":"Moldova, Republic of"},{"cityName":"Galilesti","countryName":"Moldova, Republic of"},{"cityName":"Galesti","countryName":"Moldova, Republic of"},{"cityName":"Galaseni","countryName":"Moldova, Republic of"},{"cityName":"Firladeni","countryName":"Moldova, Republic of"},{"cityName":"Fintinita","countryName":"Moldova, Republic of"},{"cityName":"Fintina Alba","countryName":"Moldova, Republic of"},{"cityName":"Fuzauca","countryName":"Moldova, Republic of"},{"cityName":"Furceni","countryName":"Moldova, Republic of"},{"cityName":"Fundul Galbenei","countryName":"Moldova, Republic of"},{"cityName":"Fund Saratsika","countryName":"Moldova, Republic of"},{"cityName":"Frunza","countryName":"Moldova, Republic of"},{"cityName":"Frumusica","countryName":"Moldova, Republic of"},{"cityName":"Frumoasa","countryName":"Moldova, Republic of"},{"cityName":"Fratesti","countryName":"Moldova, Republic of"},{"cityName":"Frasinesti","countryName":"Moldova, Republic of"},{"cityName":"Frasin","countryName":"Moldova, Republic of"},{"cityName":"Focsani","countryName":"Moldova, Republic of"},{"cityName":"Floresti","countryName":"Moldova, Republic of"},{"cityName":"Floreni","countryName":"Moldova, Republic of"},{"cityName":"Flocoasa","countryName":"Moldova, Republic of"},{"cityName":"Flaminzeni","countryName":"Moldova, Republic of"},{"cityName":"Filipeni","countryName":"Moldova, Republic of"},{"cityName":"Fetita","countryName":"Moldova, Republic of"},{"cityName":"Fetesti","countryName":"Moldova, Republic of"},{"cityName":"Festelita","countryName":"Moldova, Republic of"},{"cityName":"Ferapontievca","countryName":"Moldova, Republic of"},{"cityName":"Fegedeu","countryName":"Moldova, Republic of"},{"cityName":"Fedoseevca","countryName":"Moldova, Republic of"},{"cityName":"Fauresti","countryName":"Moldova, Republic of"},{"cityName":"Falesti","countryName":"Moldova, Republic of"},{"cityName":"Fagadau","countryName":"Moldova, Republic of"},{"cityName":"Etulia","countryName":"Moldova, Republic of"},{"cityName":"Giurgiulesti","countryName":"Moldova, Republic of"},{"cityName":"Joltai","countryName":"Moldova, Republic of"},{"cityName":"Gigalboaia","countryName":"Moldova, Republic of"},{"cityName":"Geamana","countryName":"Moldova, Republic of"},{"cityName":"Dzerjinscoe","countryName":"Moldova, Republic of"},{"cityName":"Discova","countryName":"Moldova, Republic of"},{"cityName":"Duruitoarea","countryName":"Moldova, Republic of"},{"cityName":"Durlesti","countryName":"Moldova, Republic of"},{"cityName":"Dumeni","countryName":"Moldova, Republic of"},{"cityName":"Dumbravita","countryName":"Moldova, Republic of"},{"cityName":"Dumbraveni","countryName":"Moldova, Republic of"},{"cityName":"Dudulesti","countryName":"Moldova, Republic of"},{"cityName":"Dubau","countryName":"Moldova, Republic of"},{"cityName":"Dubovca","countryName":"Moldova, Republic of"},{"cityName":"Dubna","countryName":"Moldova, Republic of"},{"cityName":"Dubasari","countryName":"Moldova, Republic of"},{"cityName":"Drujineni","countryName":"Moldova, Republic of"},{"cityName":"Pociumbeni","countryName":"Moldova, Republic of"},{"cityName":"Drojdieni","countryName":"Moldova, Republic of"},{"cityName":"Drochia","countryName":"Moldova, Republic of"},{"cityName":"Drepcauti","countryName":"Moldova, Republic of"},{"cityName":"Drasliceni","countryName":"Moldova, Republic of"},{"cityName":"Draguseni","countryName":"Moldova, Republic of"},{"cityName":"Draganesti","countryName":"Moldova, Republic of"},{"cityName":"Doina","countryName":"Moldova, Republic of"},{"cityName":"Doibani Doi","countryName":"Moldova, Republic of"},{"cityName":"Doibani Unul","countryName":"Moldova, Republic of"},{"cityName":"Dorotcaia","countryName":"Moldova, Republic of"},{"cityName":"Donici","countryName":"Moldova, Republic of"},{"cityName":"Donduseni","countryName":"Moldova, Republic of"},{"cityName":"Domulgeni","countryName":"Moldova, Republic of"},{"cityName":"Dominteni","countryName":"Moldova, Republic of"},{"cityName":"Dobrusa","countryName":"Moldova, Republic of"},{"cityName":"Dnestrovsc","countryName":"Moldova, Republic of"},{"cityName":"Dimitrova","countryName":"Moldova, Republic of"},{"cityName":"Dumitreni","countryName":"Moldova, Republic of"},{"cityName":"Dezghingea","countryName":"Moldova, Republic of"},{"cityName":"Dermengi","countryName":"Moldova, Republic of"},{"cityName":"Darcauti","countryName":"Moldova, Republic of"},{"cityName":"Dereneu","countryName":"Moldova, Republic of"},{"cityName":"Dingeni","countryName":"Moldova, Republic of"},{"cityName":"Delacau","countryName":"Moldova, Republic of"},{"cityName":"Danuteni","countryName":"Moldova, Republic of"},{"cityName":"Danu","countryName":"Moldova, Republic of"},{"cityName":"Dancu","countryName":"Moldova, Republic of"},{"cityName":"Danceni","countryName":"Moldova, Republic of"},{"cityName":"Dahnovici","countryName":"Moldova, Republic of"},{"cityName":"Criuleni","countryName":"Moldova, Republic of"},{"cityName":"Congaz","countryName":"Moldova, Republic of"},{"cityName":"Comrat","countryName":"Moldova, Republic of"},{"cityName":"Cimislia","countryName":"Moldova, Republic of"},{"cityName":"Ciutulesti","countryName":"Moldova, Republic of"},{"cityName":"Ciutesti","countryName":"Moldova, Republic of"},{"cityName":"Ciumai","countryName":"Moldova, Republic of"},{"cityName":"Ciulucani","countryName":"Moldova, Republic of"},{"cityName":"Ciucur-Mingir","countryName":"Moldova, Republic of"},{"cityName":"Ciuflesti","countryName":"Moldova, Republic of"},{"cityName":"Ciuciuieni","countryName":"Moldova, Republic of"},{"cityName":"Ciuciulea","countryName":"Moldova, Republic of"},{"cityName":"Ciuciuleni","countryName":"Moldova, Republic of"},{"cityName":"Ciorna","countryName":"Moldova, Republic of"},{"cityName":"Cioresti","countryName":"Moldova, Republic of"},{"cityName":"Ciopleni","countryName":"Moldova, Republic of"},{"cityName":"Ciocilteni","countryName":"Moldova, Republic of"},{"cityName":"Cioc Maidan","countryName":"Moldova, Republic of"},{"cityName":"Cioburciu","countryName":"Moldova, Republic of"},{"cityName":"Cioara","countryName":"Moldova, Republic of"},{"cityName":"Chisinau","countryName":"Moldova, Republic of"},{"cityName":"Cismea","countryName":"Moldova, Republic of"},{"cityName":"Cismichioi","countryName":"Moldova, Republic of"},{"cityName":"Ciniseuti","countryName":"Moldova, Republic of"},{"cityName":"Cimiseni","countryName":"Moldova, Republic of"},{"cityName":"Cigirleni","countryName":"Moldova, Republic of"},{"cityName":"Cihoreni","countryName":"Moldova, Republic of"},{"cityName":"Cetireni","countryName":"Moldova, Republic of"},{"cityName":"Cernoleuca","countryName":"Moldova, Republic of"},{"cityName":"Cernita","countryName":"Moldova, Republic of"},{"cityName":"Cerlina","countryName":"Moldova, Republic of"},{"cityName":"Ciripcau","countryName":"Moldova, Republic of"},{"cityName":"Cepeleuti","countryName":"Moldova, Republic of"},{"cityName":"Ceparia","countryName":"Moldova, Republic of"},{"cityName":"Cenusa","countryName":"Moldova, Republic of"},{"cityName":"Cenac","countryName":"Moldova, Republic of"},{"cityName":"Ciobalaccia","countryName":"Moldova, Republic of"},{"cityName":"Ciobanovca","countryName":"Moldova, Republic of"},{"cityName":"Ceadir-Lunga","countryName":"Moldova, Republic of"},{"cityName":"Ceadir","countryName":"Moldova, Republic of"},{"cityName":"Cantemir","countryName":"Moldova, Republic of"},{"cityName":"Calarasi","countryName":"Moldova, Republic of"},{"cityName":"Cainari","countryName":"Moldova, Republic of"},{"cityName":"Cahul","countryName":"Moldova, Republic of"},{"cityName":"Birnova","countryName":"Moldova, Republic of"},{"cityName":"Birladeni","countryName":"Moldova, Republic of"},{"cityName":"Bucovat","countryName":"Moldova, Republic of"},{"cityName":"Bicioc","countryName":"Moldova, Republic of"},{"cityName":"Bujor","countryName":"Moldova, Republic of"},{"cityName":"Buzdugeni","countryName":"Moldova, Republic of"},{"cityName":"Butuceni","countryName":"Moldova, Republic of"},{"cityName":"Buteni","countryName":"Moldova, Republic of"},{"cityName":"Butor","countryName":"Moldova, Republic of"},{"cityName":"Butesti","countryName":"Moldova, Republic of"},{"cityName":"Busauca","countryName":"Moldova, Republic of"},{"cityName":"Busila","countryName":"Moldova, Republic of"},{"cityName":"Burtovka","countryName":"Moldova, Republic of"},{"cityName":"Bursuc","countryName":"Moldova, Republic of"},{"cityName":"Burlanesti","countryName":"Moldova, Republic of"},{"cityName":"Burlacu","countryName":"Moldova, Republic of"},{"cityName":"Burlaceni","countryName":"Moldova, Republic of"},{"cityName":"Burghelea","countryName":"Moldova, Republic of"},{"cityName":"Bumbata","countryName":"Moldova, Republic of"},{"cityName":"Troian","countryName":"Moldova, Republic of"},{"cityName":"Bulhac","countryName":"Moldova, Republic of"},{"cityName":"Bulboaca","countryName":"Moldova, Republic of"},{"cityName":"Bulaiesti","countryName":"Moldova, Republic of"},{"cityName":"Bularda","countryName":"Moldova, Republic of"},{"cityName":"Bucuria","countryName":"Moldova, Republic of"},{"cityName":"Bukhna","countryName":"Moldova, Republic of"},{"cityName":"Bugeac","countryName":"Moldova, Republic of"},{"cityName":"Budai","countryName":"Moldova, Republic of"},{"cityName":"Budesti","countryName":"Moldova, Republic of"},{"cityName":"Buda","countryName":"Moldova, Republic of"},{"cityName":"Buciusca","countryName":"Moldova, Republic of"},{"cityName":"Buciumeni","countryName":"Moldova, Republic of"},{"cityName":"Bubuieci","countryName":"Moldova, Republic of"},{"cityName":"Brinzeni","countryName":"Moldova, Republic of"},{"cityName":"Brinza","countryName":"Moldova, Republic of"},{"cityName":"Breanova","countryName":"Moldova, Republic of"},{"cityName":"Bruslachi","countryName":"Moldova, Republic of"},{"cityName":"Brosteni","countryName":"Moldova, Republic of"},{"cityName":"Briceva","countryName":"Moldova, Republic of"},{"cityName":"Briceni","countryName":"Moldova, Republic of"},{"cityName":"Brezoaia","countryName":"Moldova, Republic of"},{"cityName":"Brejeni","countryName":"Moldova, Republic of"},{"cityName":"Braicau","countryName":"Moldova, Republic of"},{"cityName":"Bravicea","countryName":"Moldova, Republic of"},{"cityName":"Braviceni","countryName":"Moldova, Republic of"},{"cityName":"Bratuseni","countryName":"Moldova, Republic of"},{"cityName":"Bratuleni","countryName":"Moldova, Republic of"},{"cityName":"Braniste","countryName":"Moldova, Republic of"},{"cityName":"Branesti","countryName":"Moldova, Republic of"},{"cityName":"Braila","countryName":"Moldova, Republic of"},{"cityName":"Bozieni","countryName":"Moldova, Republic of"},{"cityName":"Buiucani","countryName":"Moldova, Republic of"},{"cityName":"Botnaresti","countryName":"Moldova, Republic of"},{"cityName":"Sectorul Botanica","countryName":"Moldova, Republic of"},{"cityName":"Bosca","countryName":"Moldova, Republic of"},{"cityName":"Borogani","countryName":"Moldova, Republic of"},{"cityName":"Boltun","countryName":"Moldova, Republic of"},{"cityName":"Molochisul Mare","countryName":"Moldova, Republic of"},{"cityName":"Bol'shoy Fontan","countryName":"Moldova, Republic of"},{"cityName":"Hasnasenii Mari","countryName":"Moldova, Republic of"},{"cityName":"Chioselia Mare","countryName":"Moldova, Republic of"},{"cityName":"Balatina","countryName":"Moldova, Republic of"},{"cityName":"Bolohan","countryName":"Moldova, Republic of"},{"cityName":"Bolduresti","countryName":"Moldova, Republic of"},{"cityName":"Balceana","countryName":"Moldova, Republic of"},{"cityName":"Bulboci","countryName":"Moldova, Republic of"},{"cityName":"Bocsa","countryName":"Moldova, Republic of"},{"cityName":"Bocani","countryName":"Moldova, Republic of"},{"cityName":"Bogzesti","countryName":"Moldova, Republic of"},{"cityName":"Boghiceni","countryName":"Moldova, Republic of"},{"cityName":"Bogdanesti","countryName":"Moldova, Republic of"},{"cityName":"Bobulesti","countryName":"Moldova, Republic of"},{"cityName":"Bobletici","countryName":"Moldova, Republic of"},{"cityName":"Bobeica","countryName":"Moldova, Republic of"},{"cityName":"Blyumental'","countryName":"Moldova, Republic of"},{"cityName":"Blijnii Hutor","countryName":"Moldova, Republic of"},{"cityName":"Blesteni","countryName":"Moldova, Republic of"},{"cityName":"Biesti","countryName":"Moldova, Republic of"},{"cityName":"Orehovca","countryName":"Moldova, Republic of"},{"cityName":"Bisericuta-de Jos","countryName":"Moldova, Republic of"},{"cityName":"Bisericani","countryName":"Moldova, Republic of"},{"cityName":"Borceag","countryName":"Moldova, Republic of"},{"cityName":"Bezeni","countryName":"Moldova, Republic of"},{"cityName":"Basarabca","countryName":"Moldova, Republic of"},{"cityName":"Bestemac","countryName":"Moldova, Republic of"},{"cityName":"Besghioz","countryName":"Moldova, Republic of"},{"cityName":"Besalma","countryName":"Moldova, Republic of"},{"cityName":"Berlinti","countryName":"Moldova, Republic of"},{"cityName":"Berezlogi","countryName":"Moldova, Republic of"},{"cityName":"Beriozchi","countryName":"Moldova, Republic of"},{"cityName":"Bereshty","countryName":"Moldova, Republic of"},{"cityName":"Bender","countryName":"Moldova, Republic of"},{"cityName":"Ghilavat","countryName":"Moldova, Republic of"},{"cityName":"Beloci","countryName":"Moldova, Republic of"},{"cityName":"Baius","countryName":"Moldova, Republic of"},{"cityName":"Baimaclia","countryName":"Moldova, Republic of"},{"cityName":"Baurci-Moldoveni","countryName":"Moldova, Republic of"},{"cityName":"Baurci","countryName":"Moldova, Republic of"},{"cityName":"Batir","countryName":"Moldova, Republic of"},{"cityName":"Batic","countryName":"Moldova, Republic of"},{"cityName":"Boscana","countryName":"Moldova, Republic of"},{"cityName":"Bascalia","countryName":"Moldova, Republic of"},{"cityName":"Basarabeasca","countryName":"Moldova, Republic of"},{"cityName":"Baroncea","countryName":"Moldova, Republic of"},{"cityName":"Barcareni","countryName":"Moldova, Republic of"},{"cityName":"Bardar","countryName":"Moldova, Republic of"},{"cityName":"Barboieni","countryName":"Moldova, Republic of"},{"cityName":"Bairamcea","countryName":"Moldova, Republic of"},{"cityName":"Baraboi","countryName":"Moldova, Republic of"},{"cityName":"Banesti","countryName":"Moldova, Republic of"},{"cityName":"Baltsats","countryName":"Moldova, Republic of"},{"cityName":"Baltata","countryName":"Moldova, Republic of"},{"cityName":"Balti","countryName":"Moldova, Republic of"},{"cityName":"Balmaz","countryName":"Moldova, Republic of"},{"cityName":"Balcauti","countryName":"Moldova, Republic of"},{"cityName":"Balauresti","countryName":"Moldova, Republic of"},{"cityName":"Balasinesti","countryName":"Moldova, Republic of"},{"cityName":"Razeleu","countryName":"Moldova, Republic of"},{"cityName":"Balasheshty","countryName":"Moldova, Republic of"},{"cityName":"Balanesti","countryName":"Moldova, Republic of"},{"cityName":"Balabanu","countryName":"Moldova, Republic of"},{"cityName":"Balabanesti","countryName":"Moldova, Republic of"},{"cityName":"Bacseni","countryName":"Moldova, Republic of"},{"cityName":"Baxani","countryName":"Moldova, Republic of"},{"cityName":"Bahu","countryName":"Moldova, Republic of"},{"cityName":"Bahmut","countryName":"Moldova, Republic of"},{"cityName":"Baccealia","countryName":"Moldova, Republic of"},{"cityName":"Bocancea-Schit","countryName":"Moldova, Republic of"},{"cityName":"Bahrinesti","countryName":"Moldova, Republic of"},{"cityName":"Rumeantev","countryName":"Moldova, Republic of"},{"cityName":"Badicu-Nou","countryName":"Moldova, Republic of"},{"cityName":"Badicul Moldovenesc","countryName":"Moldova, Republic of"},{"cityName":"Badiceni","countryName":"Moldova, Republic of"},{"cityName":"Bacioi","countryName":"Moldova, Republic of"},{"cityName":"Avrameni","countryName":"Moldova, Republic of"},{"cityName":"Avdarma","countryName":"Moldova, Republic of"},{"cityName":"Otovaska-Byk","countryName":"Moldova, Republic of"},{"cityName":"Otaci","countryName":"Moldova, Republic of"},{"cityName":"Asnaseni","countryName":"Moldova, Republic of"},{"cityName":"Artimonovca","countryName":"Moldova, Republic of"},{"cityName":"Arionesti","countryName":"Moldova, Republic of"},{"cityName":"Antoneuca","countryName":"Moldova, Republic of"},{"cityName":"Antonovca","countryName":"Moldova, Republic of"},{"cityName":"Antonesti","countryName":"Moldova, Republic of"},{"cityName":"Andreevca","countryName":"Moldova, Republic of"},{"cityName":"Alunis","countryName":"Moldova, Republic of"},{"cityName":"Aluatu","countryName":"Moldova, Republic of"},{"cityName":"Alexeevca","countryName":"Moldova, Republic of"},{"cityName":"Alexeuca","countryName":"Moldova, Republic of"},{"cityName":"Alexandrovca","countryName":"Moldova, Republic of"},{"cityName":"Aleksandrovka","countryName":"Moldova, Republic of"},{"cityName":"Alexandresti","countryName":"Moldova, Republic of"},{"cityName":"Alexandreni","countryName":"Moldova, Republic of"},{"cityName":"Alcedar","countryName":"Moldova, Republic of"},{"cityName":"Albina","countryName":"Moldova, Republic of"},{"cityName":"Alava","countryName":"Moldova, Republic of"},{"cityName":"Acui","countryName":"Moldova, Republic of"},{"cityName":"Acui de Jos","countryName":"Moldova, Republic of"},{"cityName":"Agronomovca","countryName":"Moldova, Republic of"},{"cityName":"Afumati","countryName":"Moldova, Republic of"},{"cityName":"Abaclia","countryName":"Moldova, Republic of"},{"cityName":"Cursestii din Vale","countryName":"Moldova, Republic of"},{"cityName":"Sevcenco","countryName":"Moldova, Republic of"},{"cityName":"Pobeda","countryName":"Moldova, Republic of"},{"cityName":"Gara Giber","countryName":"Moldova, Republic of"},{"cityName":"Caracusenii Noi","countryName":"Moldova, Republic of"},{"cityName":"Zastinca","countryName":"Moldova, Republic of"},{"cityName":"Rotari","countryName":"Moldova, Republic of"},{"cityName":"Rogojeni","countryName":"Moldova, Republic of"},{"cityName":"Ratus","countryName":"Moldova, Republic of"},{"cityName":"Podgoreni","countryName":"Moldova, Republic of"},{"cityName":"Vatra","countryName":"Moldova, Republic of"},{"cityName":"Florica","countryName":"Moldova, Republic of"},{"cityName":"Ciorescu","countryName":"Moldova, Republic of"},{"cityName":"Novosiolovca","countryName":"Moldova, Republic of"},{"cityName":"Bezeda","countryName":"Moldova, Republic of"},{"cityName":"Zarojeni","countryName":"Moldova, Republic of"},{"cityName":"Grinauti-Moldova","countryName":"Moldova, Republic of"},{"cityName":"Pivniceni","countryName":"Moldova, Republic of"},{"cityName":"Roscanii de Sus","countryName":"Moldova, Republic of"},{"cityName":"Druta","countryName":"Moldova, Republic of"},{"cityName":"Baroncea Noua","countryName":"Moldova, Republic of"},{"cityName":"Surii Noi","countryName":"Moldova, Republic of"},{"cityName":"Chetrosica Veche","countryName":"Moldova, Republic of"},{"cityName":"Bratusenii Noi","countryName":"Moldova, Republic of"},{"cityName":"Mihailenii Noi","countryName":"Moldova, Republic of"},{"cityName":"Ciubara","countryName":"Moldova, Republic of"},{"cityName":"Caraiman","countryName":"Moldova, Republic of"},{"cityName":"Badragii Noi","countryName":"Moldova, Republic of"},{"cityName":"Sergheuca","countryName":"Moldova, Republic of"},{"cityName":"Holosnita Noua","countryName":"Moldova, Republic of"},{"cityName":"Salvirii Noi","countryName":"Moldova, Republic of"},{"cityName":"Ghizdita","countryName":"Moldova, Republic of"},{"cityName":"Elenovca","countryName":"Moldova, Republic of"},{"cityName":"Codrenii Noi","countryName":"Moldova, Republic of"},{"cityName":"Karul Frumos","countryName":"Moldova, Republic of"},{"cityName":"Iliciovca","countryName":"Moldova, Republic of"},{"cityName":"Ceapaevca","countryName":"Moldova, Republic of"},{"cityName":"Slobozia Noua","countryName":"Moldova, Republic of"},{"cityName":"Malaya Tatarovka","countryName":"Moldova, Republic of"},{"cityName":"Poienita","countryName":"Moldova, Republic of"},{"cityName":"Tolocanesti","countryName":"Moldova, Republic of"},{"cityName":"Maiovca","countryName":"Moldova, Republic of"},{"cityName":"Berezovca","countryName":"Moldova, Republic of"},{"cityName":"Bocicauti","countryName":"Moldova, Republic of"},{"cityName":"Corpaci","countryName":"Moldova, Republic of"},{"cityName":"Gordinestii Noi","countryName":"Moldova, Republic of"},{"cityName":"Volodeni","countryName":"Moldova, Republic of"},{"cityName":"Slobodca","countryName":"Moldova, Republic of"},{"cityName":"Groznita","countryName":"Moldova, Republic of"},{"cityName":"Hlinaia Mica","countryName":"Moldova, Republic of"},{"cityName":"Cliscauti","countryName":"Moldova, Republic of"},{"cityName":"Marcautii Noi","countryName":"Moldova, Republic of"},{"cityName":"Stalinesti","countryName":"Moldova, Republic of"},{"cityName":"Ringaci","countryName":"Moldova, Republic of"},{"cityName":"Kokocheny","countryName":"Moldova, Republic of"},{"cityName":"Schinosica","countryName":"Moldova, Republic of"},{"cityName":"Feteasca","countryName":"Moldova, Republic of"},{"cityName":"Milestii Noi","countryName":"Moldova, Republic of"},{"cityName":"Sagaidacul Nou","countryName":"Moldova, Republic of"},{"cityName":"Marchet","countryName":"Moldova, Republic of"},{"cityName":"Valea Florii","countryName":"Moldova, Republic of"},{"cityName":"Coroliovca","countryName":"Moldova, Republic of"},{"cityName":"Bratianovca","countryName":"Moldova, Republic of"},{"cityName":"Anini","countryName":"Moldova, Republic of"},{"cityName":"Rusca","countryName":"Moldova, Republic of"},{"cityName":"Zloti","countryName":"Moldova, Republic of"},{"cityName":"Dobrogea","countryName":"Moldova, Republic of"},{"cityName":"Piatra Alba","countryName":"Moldova, Republic of"},{"cityName":"Bic","countryName":"Moldova, Republic of"},{"cityName":"Dolinnoe","countryName":"Moldova, Republic of"},{"cityName":"Novyy Bachoy","countryName":"Moldova, Republic of"},{"cityName":"Centru","countryName":"Moldova, Republic of"},{"cityName":"Pavlovca","countryName":"Moldova, Republic of"},{"cityName":"Slobozia-Medveja","countryName":"Moldova, Republic of"},{"cityName":"Floriceni","countryName":"Moldova, Republic of"},{"cityName":"Bulbocii Noi","countryName":"Moldova, Republic of"},{"cityName":"Schinenii Noi","countryName":"Moldova, Republic of"},{"cityName":"Popestii de Jos","countryName":"Moldova, Republic of"},{"cityName":"Curesnita Noua","countryName":"Moldova, Republic of"},{"cityName":"Rublenita Noua","countryName":"Moldova, Republic of"},{"cityName":"Darcautii Noi","countryName":"Moldova, Republic of"},{"cityName":"Sobari","countryName":"Moldova, Republic of"},{"cityName":"Valea","countryName":"Moldova, Republic of"},{"cityName":"Balinti","countryName":"Moldova, Republic of"},{"cityName":"Iorjnita","countryName":"Moldova, Republic of"},{"cityName":"Inundeni","countryName":"Moldova, Republic of"},{"cityName":"Ruslanovca","countryName":"Moldova, Republic of"},{"cityName":"Vantina","countryName":"Moldova, Republic of"},{"cityName":"Lugovoe","countryName":"Moldova, Republic of"},{"cityName":"Vanita Mica","countryName":"Moldova, Republic of"},{"cityName":"Alexandru cel Bun","countryName":"Moldova, Republic of"},{"cityName":"Voitovca","countryName":"Moldova, Republic of"},{"cityName":"Frunzauca","countryName":"Moldova, Republic of"},{"cityName":"Socolovca","countryName":"Moldova, Republic of"},{"cityName":"Bodeni","countryName":"Moldova, Republic of"},{"cityName":"Podoimita","countryName":"Moldova, Republic of"},{"cityName":"Selisteni","countryName":"Moldova, Republic of"},{"cityName":"Odobesti","countryName":"Moldova, Republic of"},{"cityName":"Luminita","countryName":"Moldova, Republic of"},{"cityName":"Chilisoaia","countryName":"Moldova, Republic of"},{"cityName":"Tochile","countryName":"Moldova, Republic of"},{"cityName":"Muzhik","countryName":"Moldova, Republic of"},{"cityName":"Oricova","countryName":"Moldova, Republic of"},{"cityName":"Podul Lung","countryName":"Moldova, Republic of"},{"cityName":"Tabara","countryName":"Moldova, Republic of"},{"cityName":"Saca","countryName":"Moldova, Republic of"},{"cityName":"Chetroasa","countryName":"Moldova, Republic of"},{"cityName":"Cruzesti","countryName":"Moldova, Republic of"},{"cityName":"Ceroborta","countryName":"Moldova, Republic of"},{"cityName":"Buneti","countryName":"Moldova, Republic of"},{"cityName":"Cheltuitori","countryName":"Moldova, Republic of"},{"cityName":"Magdacesti","countryName":"Moldova, Republic of"},{"cityName":"Romanesti","countryName":"Moldova, Republic of"},{"cityName":"Galestii Noi","countryName":"Moldova, Republic of"},{"cityName":"Rassvet","countryName":"Moldova, Republic of"},{"cityName":"Karpino","countryName":"Moldova, Republic of"},{"cityName":"Blindesti","countryName":"Moldova, Republic of"},{"cityName":"Novaia Nicolaevca","countryName":"Moldova, Republic of"},{"cityName":"Saghieni","countryName":"Moldova, Republic of"},{"cityName":"Damascani","countryName":"Moldova, Republic of"},{"cityName":"Reteni","countryName":"Moldova, Republic of"},{"cityName":"Reteni-Vasileuti","countryName":"Moldova, Republic of"},{"cityName":"Balanu Nou","countryName":"Moldova, Republic of"},{"cityName":"Slobozia-Recea","countryName":"Moldova, Republic of"},{"cityName":"Popestii Noi","countryName":"Moldova, Republic of"},{"cityName":"Valeny","countryName":"Moldova, Republic of"},{"cityName":"Mikhaylyany","countryName":"Moldova, Republic of"},{"cityName":"Staraya Slobodzeya","countryName":"Moldova, Republic of"},{"cityName":"Paminteni","countryName":"Moldova, Republic of"},{"cityName":"Tsyganiya","countryName":"Moldova, Republic of"},{"cityName":"Soroka","countryName":"Moldova, Republic of"},{"cityName":"Lipovat","countryName":"Moldova, Republic of"},{"cityName":"Moara Domneasca","countryName":"Moldova, Republic of"},{"cityName":"Zolonceni","countryName":"Moldova, Republic of"},{"cityName":"Rautelul Nou","countryName":"Moldova, Republic of"},{"cityName":"Ciuluc","countryName":"Moldova, Republic of"},{"cityName":"Coada Iazului","countryName":"Moldova, Republic of"},{"cityName":"Beleutsy","countryName":"Moldova, Republic of"},{"cityName":"Chetrisul Nou","countryName":"Moldova, Republic of"},{"cityName":"Pinzarenii Noi","countryName":"Moldova, Republic of"},{"cityName":"Rediul de Jos","countryName":"Moldova, Republic of"},{"cityName":"Rediul de Sus","countryName":"Moldova, Republic of"},{"cityName":"Vranesti","countryName":"Moldova, Republic of"},{"cityName":"Unteni","countryName":"Moldova, Republic of"},{"cityName":"Pietrosul Nou","countryName":"Moldova, Republic of"},{"cityName":"Magura Noua","countryName":"Moldova, Republic of"},{"cityName":"Doltu","countryName":"Moldova, Republic of"},{"cityName":"Izvoreni","countryName":"Moldova, Republic of"},{"cityName":"Graseni","countryName":"Moldova, Republic of"},{"cityName":"Mardareuca","countryName":"Moldova, Republic of"},{"cityName":"Vaduleni","countryName":"Moldova, Republic of"},{"cityName":"Sagaidacul de Sus","countryName":"Moldova, Republic of"},{"cityName":"Botnarestii Noi","countryName":"Moldova, Republic of"},{"cityName":"Albinita","countryName":"Moldova, Republic of"},{"cityName":"Varnita Noua","countryName":"Moldova, Republic of"},{"cityName":"Calfa Noua","countryName":"Moldova, Republic of"},{"cityName":"Afanasievca","countryName":"Moldova, Republic of"},{"cityName":"Calinovca","countryName":"Moldova, Republic of"},{"cityName":"Zapadnyy","countryName":"Moldova, Republic of"},{"cityName":"Oktyabr'skiy","countryName":"Moldova, Republic of"},{"cityName":"Valea Verde","countryName":"Moldova, Republic of"},{"cityName":"Tricolici","countryName":"Moldova, Republic of"},{"cityName":"Firladenii Noi","countryName":"Moldova, Republic of"},{"cityName":"Hirbovatul Nou","countryName":"Moldova, Republic of"},{"cityName":"Marian","countryName":"Moldova, Republic of"},{"cityName":"Telita Noua","countryName":"Moldova, Republic of"},{"cityName":"India","countryName":"Moldova, Republic of"},{"cityName":"Novaia Jizni","countryName":"Moldova, Republic of"},{"cityName":"Nistreni","countryName":"Moldova, Republic of"},{"cityName":"Ulmul Mic","countryName":"Moldova, Republic of"},{"cityName":"Lisaia Gora","countryName":"Moldova, Republic of"},{"cityName":"Sovietscoe","countryName":"Moldova, Republic of"},{"cityName":"Buschi","countryName":"Moldova, Republic of"},{"cityName":"Suhaia Ribnita","countryName":"Moldova, Republic of"},{"cityName":"Stanislavca","countryName":"Moldova, Republic of"},{"cityName":"Bosernita","countryName":"Moldova, Republic of"},{"cityName":"Biruinta","countryName":"Moldova, Republic of"},{"cityName":"Pelivan","countryName":"Moldova, Republic of"},{"cityName":"Ciofu","countryName":"Moldova, Republic of"},{"cityName":"Bondareuca","countryName":"Moldova, Republic of"},{"cityName":"Curchi","countryName":"Moldova, Republic of"},{"cityName":"Mana","countryName":"Moldova, Republic of"},{"cityName":"Pojarna","countryName":"Moldova, Republic of"},{"cityName":"Veverita","countryName":"Moldova, Republic of"},{"cityName":"Leordoaia","countryName":"Moldova, Republic of"},{"cityName":"Sverida","countryName":"Moldova, Republic of"},{"cityName":"Neculaieuca","countryName":"Moldova, Republic of"},{"cityName":"Odaia","countryName":"Moldova, Republic of"},{"cityName":"Iantarnoe","countryName":"Moldova, Republic of"},{"cityName":"Sadchi","countryName":"Moldova, Republic of"},{"cityName":"Lelina","countryName":"Moldova, Republic of"},{"cityName":"Pripiceni-Curchi","countryName":"Moldova, Republic of"},{"cityName":"Chersac","countryName":"Moldova, Republic of"},{"cityName":"Marasheshty","countryName":"Moldova, Republic of"},{"cityName":"Tiplesti","countryName":"Moldova, Republic of"},{"cityName":"Frunzesti","countryName":"Moldova, Republic of"},{"cityName":"Valea Norocului","countryName":"Moldova, Republic of"},{"cityName":"Marinesti","countryName":"Moldova, Republic of"},{"cityName":"Ion Voda","countryName":"Moldova, Republic of"},{"cityName":"Pistruienii Noi","countryName":"Moldova, Republic of"},{"cityName":"Noroceni","countryName":"Moldova, Republic of"},{"cityName":"Cucioaia Noua","countryName":"Moldova, Republic of"},{"cityName":"Evghenievca","countryName":"Moldova, Republic of"},{"cityName":"Chitcanii Noi","countryName":"Moldova, Republic of"},{"cityName":"Vadul-Leca Nou","countryName":"Moldova, Republic of"},{"cityName":"Pepenii Noi","countryName":"Moldova, Republic of"},{"cityName":"Cucuruzenii de Sus","countryName":"Moldova, Republic of"},{"cityName":"Saratenii Noi","countryName":"Moldova, Republic of"},{"cityName":"Bursuceni","countryName":"Moldova, Republic of"},{"cityName":"Drujba","countryName":"Moldova, Republic of"},{"cityName":"Mihalasa Noua","countryName":"Moldova, Republic of"},{"cityName":"Fedoreuca","countryName":"Moldova, Republic of"},{"cityName":"Zahareuca","countryName":"Moldova, Republic of"},{"cityName":"Codrul Nou","countryName":"Moldova, Republic of"},{"cityName":"Flutura","countryName":"Moldova, Republic of"},{"cityName":"Marinya","countryName":"Moldova, Republic of"},{"cityName":"Zviozdocica","countryName":"Moldova, Republic of"},{"cityName":"Rascaietii Noi","countryName":"Moldova, Republic of"},{"cityName":"Salcuta Noua","countryName":"Moldova, Republic of"},{"cityName":"Ivanesti","countryName":"Moldova, Republic of"},{"cityName":"Armanca","countryName":"Moldova, Republic of"},{"cityName":"Nihoreni","countryName":"Moldova, Republic of"},{"cityName":"Iablona Veche","countryName":"Moldova, Republic of"},{"cityName":"Socii Vechi","countryName":"Moldova, Republic of"},{"cityName":"Negurenii Noi","countryName":"Moldova, Republic of"},{"cityName":"Cioropcani","countryName":"Moldova, Republic of"},{"cityName":"Merenesti","countryName":"Moldova, Republic of"},{"cityName":"Malaiesstii Noi","countryName":"Moldova, Republic of"},{"cityName":"Zurka","countryName":"Moldova, Republic of"},{"cityName":"Bukhta","countryName":"Moldova, Republic of"},{"cityName":"Samsonovka","countryName":"Moldova, Republic of"},{"cityName":"Secareni Noi","countryName":"Moldova, Republic of"},{"cityName":"Roscanii de Jos","countryName":"Moldova, Republic of"},{"cityName":"Rezina Sat","countryName":"Moldova, Republic of"},{"cityName":"Sofranovca","countryName":"Moldova, Republic of"},{"cityName":"Suhat","countryName":"Moldova, Republic of"},{"cityName":"Cortenul Nou","countryName":"Moldova, Republic of"},{"cityName":"Acui de Sus","countryName":"Moldova, Republic of"},{"cityName":"Floricica","countryName":"Moldova, Republic of"},{"cityName":"Cociulia Noua","countryName":"Moldova, Republic of"},{"cityName":"Bulgari","countryName":"Moldova, Republic of"},{"cityName":"Dimitrovca","countryName":"Moldova, Republic of"},{"cityName":"Carabiber","countryName":"Moldova, Republic of"},{"cityName":"Troyan Vtoroy","countryName":"Moldova, Republic of"},{"cityName":"Pitesti","countryName":"Moldova, Republic of"},{"cityName":"Usateni","countryName":"Moldova, Republic of"},{"cityName":"Bogdanovca","countryName":"Moldova, Republic of"},{"cityName":"Talaiestii-Noi","countryName":"Moldova, Republic of"},{"cityName":"Talaiestii-Vechi","countryName":"Moldova, Republic of"},{"cityName":"Ivanovca Noua","countryName":"Moldova, Republic of"},{"cityName":"Broscari","countryName":"Moldova, Republic of"},{"cityName":"Onestii Noi","countryName":"Moldova, Republic of"},{"cityName":"Chetrosenii Noi","countryName":"Moldova, Republic of"},{"cityName":"Humulesti","countryName":"Moldova, Republic of"},{"cityName":"Etulia Noua","countryName":"Moldova, Republic of"},{"cityName":"Viduca","countryName":"Moldova, Republic of"},{"cityName":"Satuc","countryName":"Moldova, Republic of"},{"cityName":"Valya Gavanosa","countryName":"Moldova, Republic of"},{"cityName":"Novoye Aleksandrovo","countryName":"Moldova, Republic of"},{"cityName":"Netush","countryName":"Moldova, Republic of"},{"cityName":"Catun Vulcanesti","countryName":"Moldova, Republic of"},{"cityName":"Ciorata","countryName":"Moldova, Republic of"},{"cityName":"Tudoresti","countryName":"Moldova, Republic of"},{"cityName":"Shlenger","countryName":"Moldova, Republic of"},{"cityName":"Costiujeni","countryName":"Moldova, Republic of"},{"cityName":"Bobocica","countryName":"Moldova, Republic of"},{"cityName":"Tolica","countryName":"Moldova, Republic of"},{"cityName":"Dealul Tiganilor","countryName":"Moldova, Republic of"},{"cityName":"Hanasenii de Prut","countryName":"Moldova, Republic of"},{"cityName":"Hruseva","countryName":"Moldova, Republic of"},{"cityName":"Cigarleni","countryName":"Moldova, Republic of"},{"cityName":"Cicur-Minjir","countryName":"Moldova, Republic of"},{"cityName":"Naslaucea","countryName":"Moldova, Republic of"},{"cityName":"Congazcic","countryName":"Moldova, Republic of"},{"cityName":"Navirneti","countryName":"Moldova, Republic of"},{"cityName":"Nemereuca","countryName":"Moldova, Republic of"},{"cityName":"Chircaestii Noi","countryName":"Moldova, Republic of"},{"cityName":"Oxintea","countryName":"Moldova, Republic of"},{"cityName":"Pistrueni","countryName":"Moldova, Republic of"},{"cityName":"Putuntei","countryName":"Moldova, Republic of"},{"cityName":"Ialpujeni","countryName":"Moldova, Republic of"},{"cityName":"Goloseni","countryName":"Moldova, Republic of"},{"cityName":"Dezghinja","countryName":"Moldova, Republic of"},{"cityName":"Carapetovca","countryName":"Moldova, Republic of"},{"cityName":"Ciorasti","countryName":"Moldova, Republic of"}]