[{"cityName":"Zilitene","countryName":"Namibia"},{"cityName":"Yishesha","countryName":"Namibia"},{"cityName":"Yaka","countryName":"Namibia"},{"cityName":"Wenela","countryName":"Namibia"},{"cityName":"Wauwu","countryName":"Namibia"},{"cityName":"Wande","countryName":"Namibia"},{"cityName":"Utokota","countryName":"Namibia"},{"cityName":"Uru","countryName":"Namibia"},{"cityName":"Uparara","countryName":"Namibia"},{"cityName":"Tsumkwe","countryName":"Namibia"},{"cityName":"Tshisau","countryName":"Namibia"},{"cityName":"Tom","countryName":"Namibia"},{"cityName":"Tjova","countryName":"Namibia"},{"cityName":"Tjeye","countryName":"Namibia"},{"cityName":"Titima","countryName":"Namibia"},{"cityName":"Thovega","countryName":"Namibia"},{"cityName":"Thipapo","countryName":"Namibia"},{"cityName":"Thinyemba","countryName":"Namibia"},{"cityName":"Thikanduka","countryName":"Namibia"},{"cityName":"Tavauka","countryName":"Namibia"},{"cityName":"Taulo","countryName":"Namibia"},{"cityName":"Taratara","countryName":"Namibia"},{"cityName":"Tamsu","countryName":"Namibia"},{"cityName":"Talismanis","countryName":"Namibia"},{"cityName":"Takwasa","countryName":"Namibia"},{"cityName":"Siunda","countryName":"Namibia"},{"cityName":"Situmba","countryName":"Namibia"},{"cityName":"Sitongwani","countryName":"Namibia"},{"cityName":"Sishekesabanyia","countryName":"Namibia"},{"cityName":"Sipula","countryName":"Namibia"},{"cityName":"Siongo","countryName":"Namibia"},{"cityName":"Siomboko","countryName":"Namibia"},{"cityName":"Sinjala","countryName":"Namibia"},{"cityName":"Singalamwe","countryName":"Namibia"},{"cityName":"Simobe","countryName":"Namibia"},{"cityName":"Simbwaye","countryName":"Namibia"},{"cityName":"Simataa","countryName":"Namibia"},{"cityName":"Simassiku","countryName":"Namibia"},{"cityName":"Simana","countryName":"Namibia"},{"cityName":"Simajumbulas","countryName":"Namibia"},{"cityName":"Silumbi","countryName":"Namibia"},{"cityName":"Silonga","countryName":"Namibia"},{"cityName":"Silenge","countryName":"Namibia"},{"cityName":"Silenga","countryName":"Namibia"},{"cityName":"Sikwekwe","countryName":"Namibia"},{"cityName":"Sikwanyi","countryName":"Namibia"},{"cityName":"Sikwalo","countryName":"Namibia"},{"cityName":"Sikosi","countryName":"Namibia"},{"cityName":"Sikereti","countryName":"Namibia"},{"cityName":"Sikabelezi","countryName":"Namibia"},{"cityName":"Sihope","countryName":"Namibia"},{"cityName":"Sifuma","countryName":"Namibia"},{"cityName":"Sifuha","countryName":"Namibia"},{"cityName":"Sichimwa","countryName":"Namibia"},{"cityName":"Sibungu","countryName":"Namibia"},{"cityName":"Sibulwe","countryName":"Namibia"},{"cityName":"Sibinda","countryName":"Namibia"},{"cityName":"Sibali","countryName":"Namibia"},{"cityName":"Siambisso","countryName":"Namibia"},{"cityName":"Shitembo","countryName":"Namibia"},{"cityName":"Shishidjo","countryName":"Namibia"},{"cityName":"Shipakupaku","countryName":"Namibia"},{"cityName":"Shinyungwe","countryName":"Namibia"},{"cityName":"Shimweghe","countryName":"Namibia"},{"cityName":"Shilling","countryName":"Namibia"},{"cityName":"Shighuru","countryName":"Namibia"},{"cityName":"Sharughanda","countryName":"Namibia"},{"cityName":"Shankara","countryName":"Namibia"},{"cityName":"Shangando","countryName":"Namibia"},{"cityName":"Shamvura","countryName":"Namibia"},{"cityName":"Shamundambo","countryName":"Namibia"},{"cityName":"Shambyu","countryName":"Namibia"},{"cityName":"Shamburo","countryName":"Namibia"},{"cityName":"Shamaturu","countryName":"Namibia"},{"cityName":"Shamatura","countryName":"Namibia"},{"cityName":"Shamaghongo","countryName":"Namibia"},{"cityName":"Shakawe","countryName":"Namibia"},{"cityName":"Shakambu Oos","countryName":"Namibia"},{"cityName":"Shakambu","countryName":"Namibia"},{"cityName":"Shagaya","countryName":"Namibia"},{"cityName":"Shadjunu","countryName":"Namibia"},{"cityName":"Shadikongoro","countryName":"Namibia"},{"cityName":"Setefani","countryName":"Namibia"},{"cityName":"Sesheke","countryName":"Namibia"},{"cityName":"Sekubis","countryName":"Namibia"},{"cityName":"Sekrige","countryName":"Namibia"},{"cityName":"Schuckmannsburg","countryName":"Namibia"},{"cityName":"Sapelapela","countryName":"Namibia"},{"cityName":"Santusela","countryName":"Namibia"},{"cityName":"Sankwassa","countryName":"Namibia"},{"cityName":"Sangwali","countryName":"Namibia"},{"cityName":"Samulandela","countryName":"Namibia"},{"cityName":"Sambiso","countryName":"Namibia"},{"cityName":"Samakapi","countryName":"Namibia"},{"cityName":"Sakfweba","countryName":"Namibia"},{"cityName":"Sakatuka","countryName":"Namibia"},{"cityName":"Sakapupwe","countryName":"Namibia"},{"cityName":"Sachona","countryName":"Namibia"},{"cityName":"Rundjarara","countryName":"Namibia"},{"cityName":"Ruhuru","countryName":"Namibia"},{"cityName":"Rughongo","countryName":"Namibia"},{"cityName":"Rudhiva","countryName":"Namibia"},{"cityName":"Rucara","countryName":"Namibia"},{"cityName":"Rietfontein","countryName":"Namibia"},{"cityName":"Pwani","countryName":"Namibia"},{"cityName":"Punga","countryName":"Namibia"},{"cityName":"Popa","countryName":"Namibia"},{"cityName":"Photo","countryName":"Namibia"},{"cityName":"Perepere","countryName":"Namibia"},{"cityName":"Nyondo","countryName":"Namibia"},{"cityName":"Nyangana","countryName":"Namibia"},{"cityName":"Nuwe Kabbe","countryName":"Namibia"},{"cityName":"Ntonde","countryName":"Namibia"},{"cityName":"Ntenta","countryName":"Namibia"},{"cityName":"Ntela","countryName":"Namibia"},{"cityName":"Nossiko","countryName":"Namibia"},{"cityName":"Nkwazi","countryName":"Namibia"},{"cityName":"Nhoma","countryName":"Namibia"},{"cityName":"Ngumbo","countryName":"Namibia"},{"cityName":"Ngoma","countryName":"Namibia"},{"cityName":"Ngenda","countryName":"Namibia"},{"cityName":"Ngala","countryName":"Namibia"},{"cityName":"Ndongo","countryName":"Namibia"},{"cityName":"Ndonga","countryName":"Namibia"},{"cityName":"Ndiyona","countryName":"Namibia"},{"cityName":"Ncoco","countryName":"Namibia"},{"cityName":"Ncame","countryName":"Namibia"},{"cityName":"Nayita","countryName":"Namibia"},{"cityName":"Nantungu","countryName":"Namibia"},{"cityName":"Nankomba","countryName":"Namibia"},{"cityName":"Nandu","countryName":"Namibia"},{"cityName":"Namu","countryName":"Namibia"},{"cityName":"Mwitjiku","countryName":"Namibia"},{"cityName":"Mwilima","countryName":"Namibia"},{"cityName":"Mvuvu","countryName":"Namibia"},{"cityName":"Muyoba","countryName":"Namibia"},{"cityName":"Muyako","countryName":"Namibia"},{"cityName":"Mutwi","countryName":"Namibia"},{"cityName":"Mutonga","countryName":"Namibia"},{"cityName":"Mutikitila","countryName":"Namibia"},{"cityName":"Muteto","countryName":"Namibia"},{"cityName":"Mutau","countryName":"Namibia"},{"cityName":"Musuwilwa","countryName":"Namibia"},{"cityName":"Musunzi","countryName":"Namibia"},{"cityName":"Musukubili","countryName":"Namibia"},{"cityName":"Musipili","countryName":"Namibia"},{"cityName":"Musiluku","countryName":"Namibia"},{"cityName":"Mushovoyi","countryName":"Namibia"},{"cityName":"Muroro","countryName":"Namibia"},{"cityName":"Mupapama","countryName":"Namibia"},{"cityName":"Muoyeta","countryName":"Namibia"},{"cityName":"Munuma","countryName":"Namibia"},{"cityName":"Munsu","countryName":"Namibia"},{"cityName":"Munjewe","countryName":"Namibia"},{"cityName":"Mungunda","countryName":"Namibia"},{"cityName":"Muneambuanas","countryName":"Namibia"},{"cityName":"Mumboni","countryName":"Namibia"},{"cityName":"Mukwe","countryName":"Namibia"},{"cityName":"Mukuvi","countryName":"Namibia"},{"cityName":"Muketelwa","countryName":"Namibia"},{"cityName":"Mukawa","countryName":"Namibia"},{"cityName":"Mukassa","countryName":"Namibia"},{"cityName":"Mpapuka","countryName":"Namibia"},{"cityName":"Mopolilo","countryName":"Namibia"},{"cityName":"Mbwata","countryName":"Namibia"},{"cityName":"Mbozi","countryName":"Namibia"},{"cityName":"Mbomande","countryName":"Namibia"},{"cityName":"Mbanga","countryName":"Namibia"},{"cityName":"Mbambi","countryName":"Namibia"},{"cityName":"Mbalasinte","countryName":"Namibia"},{"cityName":"Mazaza","countryName":"Namibia"},{"cityName":"Mazambani","countryName":"Namibia"},{"cityName":"Mayuni","countryName":"Namibia"},{"cityName":"Mayowe","countryName":"Namibia"},{"cityName":"Mayara","countryName":"Namibia"},{"cityName":"Maulukupeka","countryName":"Namibia"},{"cityName":"Matongos","countryName":"Namibia"},{"cityName":"Matengu","countryName":"Namibia"},{"cityName":"Matemwa","countryName":"Namibia"},{"cityName":"Mate","countryName":"Namibia"},{"cityName":"Matanga","countryName":"Namibia"},{"cityName":"Masule","countryName":"Namibia"},{"cityName":"Masikili","countryName":"Namibia"},{"cityName":"Masida","countryName":"Namibia"},{"cityName":"Mashivi","countryName":"Namibia"},{"cityName":"Mashika","countryName":"Namibia"},{"cityName":"Mashari","countryName":"Namibia"},{"cityName":"Marulakuta","countryName":"Namibia"},{"cityName":"Mapulanga","countryName":"Namibia"},{"cityName":"Manunga","countryName":"Namibia"},{"cityName":"Mantjenya","countryName":"Namibia"},{"cityName":"Mankonga","countryName":"Namibia"},{"cityName":"Mangandu","countryName":"Namibia"},{"cityName":"Manda","countryName":"Namibia"},{"cityName":"Mamono","countryName":"Namibia"},{"cityName":"Mamili","countryName":"Namibia"},{"cityName":"Malundu","countryName":"Namibia"},{"cityName":"Malinde","countryName":"Namibia"},{"cityName":"Malimina","countryName":"Namibia"},{"cityName":"Malesu","countryName":"Namibia"},{"cityName":"Malambo","countryName":"Namibia"},{"cityName":"Makuni","countryName":"Namibia"},{"cityName":"Makundu","countryName":"Namibia"},{"cityName":"Makena","countryName":"Namibia"},{"cityName":"Makata","countryName":"Namibia"},{"cityName":"Makando","countryName":"Namibia"},{"cityName":"Mahundu","countryName":"Namibia"},{"cityName":"Mahango","countryName":"Namibia"},{"cityName":"Mahachana","countryName":"Namibia"},{"cityName":"Magongo","countryName":"Namibia"},{"cityName":"Mafube","countryName":"Namibia"},{"cityName":"Mabushe","countryName":"Namibia"},{"cityName":"Mabele","countryName":"Namibia"},{"cityName":"Mabasi","countryName":"Namibia"},{"cityName":"Mabala","countryName":"Namibia"},{"cityName":"Luzibalule","countryName":"Namibia"},{"cityName":"Lusu","countryName":"Namibia"},{"cityName":"Lusikili","countryName":"Namibia"},{"cityName":"Lusese","countryName":"Namibia"},{"cityName":"Lupenbwe","countryName":"Namibia"},{"cityName":"Lukuto","countryName":"Namibia"},{"cityName":"Lukulo","countryName":"Namibia"},{"cityName":"Luhopi","countryName":"Namibia"},{"cityName":"Lizauli","countryName":"Namibia"},{"cityName":"Liwakala","countryName":"Namibia"},{"cityName":"Livuyu","countryName":"Namibia"},{"cityName":"Litaba","countryName":"Namibia"},{"cityName":"Lionga","countryName":"Namibia"},{"cityName":"Linyanti","countryName":"Namibia"},{"cityName":"Lilira","countryName":"Namibia"},{"cityName":"Likubangwa","countryName":"Namibia"},{"cityName":"Lifumbela","countryName":"Namibia"},{"cityName":"Lickulu","countryName":"Namibia"},{"cityName":"Libetse","countryName":"Namibia"},{"cityName":"Lianjunga","countryName":"Namibia"},{"cityName":"Liamissa","countryName":"Namibia"},{"cityName":"Kwena","countryName":"Namibia"},{"cityName":"Kwaviyi","countryName":"Namibia"},{"cityName":"Kwando","countryName":"Namibia"},{"cityName":"Kwalala","countryName":"Namibia"},{"cityName":"Kushalula","countryName":"Namibia"},{"cityName":"Kubona","countryName":"Namibia"},{"cityName":"Kosheshe","countryName":"Namibia"},{"cityName":"Korokoko","countryName":"Namibia"},{"cityName":"Kora","countryName":"Namibia"},{"cityName":"Kongola","countryName":"Namibia"},{"cityName":"Khance","countryName":"Namibia"},{"cityName":"Kazinzila","countryName":"Namibia"},{"cityName":"Kazi","countryName":"Namibia"},{"cityName":"Kayuo","countryName":"Namibia"},{"cityName":"Kayaru","countryName":"Namibia"},{"cityName":"Kayanga","countryName":"Namibia"},{"cityName":"Kaundu Kavambanda","countryName":"Namibia"},{"cityName":"Katungu","countryName":"Namibia"},{"cityName":"Katondo","countryName":"Namibia"},{"cityName":"Katimba","countryName":"Namibia"},{"cityName":"Katima Mulilo","countryName":"Namibia"},{"cityName":"Katere","countryName":"Namibia"},{"cityName":"Katembo","countryName":"Namibia"},{"cityName":"Katanga","countryName":"Namibia"},{"cityName":"Kasulwe","countryName":"Namibia"},{"cityName":"Kasokonga","countryName":"Namibia"},{"cityName":"Kasimbo","countryName":"Namibia"},{"cityName":"Kasikili","countryName":"Namibia"},{"cityName":"Kasika","countryName":"Namibia"},{"cityName":"Kashivi","countryName":"Namibia"},{"cityName":"Kashiana","countryName":"Namibia"},{"cityName":"Karuci","countryName":"Namibia"},{"cityName":"Kapupayedi","countryName":"Namibia"},{"cityName":"Kapolota","countryName":"Namibia"},{"cityName":"Kapanda","countryName":"Namibia"},{"cityName":"Kapako","countryName":"Namibia"},{"cityName":"Kanono","countryName":"Namibia"},{"cityName":"Kangweru","countryName":"Namibia"},{"cityName":"Kangongo","countryName":"Namibia"},{"cityName":"Kandjara","countryName":"Namibia"},{"cityName":"Kandenga","countryName":"Namibia"},{"cityName":"Kambu","countryName":"Namibia"},{"cityName":"Kalundu","countryName":"Namibia"},{"cityName":"Kalimbeza","countryName":"Namibia"},{"cityName":"Kalibo","countryName":"Namibia"},{"cityName":"Kaliangile","countryName":"Namibia"},{"cityName":"Kalaluka","countryName":"Namibia"},{"cityName":"Kalala","countryName":"Namibia"},{"cityName":"Kakomwe","countryName":"Namibia"},{"cityName":"Kake","countryName":"Namibia"},{"cityName":"Kakambi","countryName":"Namibia"},{"cityName":"Kadedere","countryName":"Namibia"},{"cityName":"Kabulabula","countryName":"Namibia"},{"cityName":"Kabula","countryName":"Namibia"},{"cityName":"Kabolissa","countryName":"Namibia"},{"cityName":"Kabebi","countryName":"Namibia"},{"cityName":"Kabbe","countryName":"Namibia"},{"cityName":"Kabala","countryName":"Namibia"},{"cityName":"Jude","countryName":"Namibia"},{"cityName":"Ivoma","countryName":"Namibia"},{"cityName":"Itomba","countryName":"Namibia"},{"cityName":"Imukusi","countryName":"Namibia"},{"cityName":"Ilumba","countryName":"Namibia"},{"cityName":"Ikaba","countryName":"Namibia"},{"cityName":"Ihaha","countryName":"Namibia"},{"cityName":"Ibolokwa","countryName":"Namibia"},{"cityName":"Ibbu","countryName":"Namibia"},{"cityName":"Gunkwe","countryName":"Namibia"},{"cityName":"Guma","countryName":"Namibia"},{"cityName":"Gove","countryName":"Namibia"},{"cityName":"Geusha","countryName":"Namibia"},{"cityName":"Gcude","countryName":"Namibia"},{"cityName":"Gaucha","countryName":"Namibia"},{"cityName":"Fumbe","countryName":"Namibia"},{"cityName":"Formanastat","countryName":"Namibia"},{"cityName":"Dyapanga","countryName":"Namibia"},{"cityName":"Dumushe","countryName":"Namibia"},{"cityName":"Dosa","countryName":"Namibia"},{"cityName":"Djadjasa","countryName":"Namibia"},{"cityName":"Diyogha","countryName":"Namibia"},{"cityName":"Dipito","countryName":"Namibia"},{"cityName":"Dikundhu","countryName":"Namibia"},{"cityName":"Dancence","countryName":"Namibia"},{"cityName":"Cwa","countryName":"Namibia"},{"cityName":"Cuma","countryName":"Namibia"},{"cityName":"Cowenga","countryName":"Namibia"},{"cityName":"Chinchimane","countryName":"Namibia"},{"cityName":"Chengere","countryName":"Namibia"},{"cityName":"Chefuzwe","countryName":"Namibia"},{"cityName":"Charley","countryName":"Namibia"},{"cityName":"Chaka","countryName":"Namibia"},{"cityName":"Catjo","countryName":"Namibia"},{"cityName":"Bwabwata","countryName":"Namibia"},{"cityName":"Butjana","countryName":"Namibia"},{"cityName":"Bukalo","countryName":"Namibia"},{"cityName":"Buchani","countryName":"Namibia"},{"cityName":"Biro","countryName":"Namibia"},{"cityName":"Bagani","countryName":"Namibia"},{"cityName":"Asikuli","countryName":"Namibia"},{"cityName":"Andara","countryName":"Namibia"},{"cityName":"Gam","countryName":"Namibia"},{"cityName":"Zone","countryName":"Namibia"},{"cityName":"Zebedeus","countryName":"Namibia"},{"cityName":"Zais","countryName":"Namibia"},{"cityName":"Ysterputs","countryName":"Namibia"},{"cityName":"Yinsu","countryName":"Namibia"},{"cityName":"Yanghandja","countryName":"Namibia"},{"cityName":"Xaubehunis","countryName":"Namibia"},{"cityName":"Wortel","countryName":"Namibia"},{"cityName":"Wolfbeen","countryName":"Namibia"},{"cityName":"Wlotzkasbaken","countryName":"Namibia"},{"cityName":"Witvlei","countryName":"Namibia"},{"cityName":"Witsand","countryName":"Namibia"},{"cityName":"Witputs","countryName":"Namibia"},{"cityName":"Witkop","countryName":"Namibia"},{"cityName":"Witberg","countryName":"Namibia"},{"cityName":"Windhoek","countryName":"Namibia"},{"cityName":"Wilmardi","countryName":"Namibia"},{"cityName":"Wilhelmstal","countryName":"Namibia"},{"cityName":"Wildernis","countryName":"Namibia"},{"cityName":"Wildacker","countryName":"Namibia"},{"cityName":"Welverdien","countryName":"Namibia"},{"cityName":"Welkom","countryName":"Namibia"},{"cityName":"Welgemoed","countryName":"Namibia"},{"cityName":"Wegkruip","countryName":"Namibia"},{"cityName":"Weenen","countryName":"Namibia"},{"cityName":"Waterval","countryName":"Namibia"},{"cityName":"Waterberg","countryName":"Namibia"},{"cityName":"Warmquelle","countryName":"Namibia"},{"cityName":"Warmbad","countryName":"Namibia"},{"cityName":"Wandonga","countryName":"Namibia"},{"cityName":"Wakashamane","countryName":"Namibia"},{"cityName":"Wag-'n-bietjie","countryName":"Namibia"},{"cityName":"Wadili","countryName":"Namibia"},{"cityName":"Vredendal","countryName":"Namibia"},{"cityName":"Vrede","countryName":"Namibia"},{"cityName":"Vorstershoop","countryName":"Namibia"},{"cityName":"Voorwaarts","countryName":"Namibia"},{"cityName":"Vooruit","countryName":"Namibia"},{"cityName":"Volmoed","countryName":"Namibia"},{"cityName":"Voigtsgrund","countryName":"Namibia"},{"cityName":"Voigtland","countryName":"Namibia"},{"cityName":"Vogelpan","countryName":"Namibia"},{"cityName":"Vlissingen Suid","countryName":"Namibia"},{"cityName":"Vlissingen Noord","countryName":"Namibia"},{"cityName":"Vineta","countryName":"Namibia"},{"cityName":"Verdwaal","countryName":"Namibia"},{"cityName":"Verdruk","countryName":"Namibia"},{"cityName":"Velloorsdrift","countryName":"Namibia"},{"cityName":"Velloor","countryName":"Namibia"},{"cityName":"Veldduin","countryName":"Namibia"},{"cityName":"Veddersdal","countryName":"Namibia"},{"cityName":"Vasvat","countryName":"Namibia"},{"cityName":"Van Zylsrus","countryName":"Namibia"},{"cityName":"Van Wyk","countryName":"Namibia"},{"cityName":"Valhalla","countryName":"Namibia"},{"cityName":"Valencia","countryName":"Namibia"},{"cityName":"Uvungu-vungu","countryName":"Namibia"},{"cityName":"Uuvudhiya","countryName":"Namibia"},{"cityName":"Uutsima","countryName":"Namibia"},{"cityName":"Uutsathima","countryName":"Namibia"},{"cityName":"Uuntyaye","countryName":"Namibia"},{"cityName":"Uuningu","countryName":"Namibia"},{"cityName":"Uulungawaanayaangolo","countryName":"Namibia"},{"cityName":"Uukwiyu","countryName":"Namibia"},{"cityName":"Uukwiwongwe","countryName":"Namibia"},{"cityName":"Uukwangula","countryName":"Namibia"},{"cityName":"Uukwandongo","countryName":"Namibia"},{"cityName":"Uukwanatshikale","countryName":"Namibia"},{"cityName":"Uukwanambwa","countryName":"Namibia"},{"cityName":"Uukangowahamalwa","countryName":"Namibia"},{"cityName":"Uubvlei","countryName":"Namibia"},{"cityName":"Utilo","countryName":"Namibia"},{"cityName":"Usambara","countryName":"Namibia"},{"cityName":"Usakos","countryName":"Namibia"},{"cityName":"Ururas","countryName":"Namibia"},{"cityName":"Ukamas","countryName":"Namibia"},{"cityName":"Uitspan","countryName":"Namibia"},{"cityName":"Uitsig","countryName":"Namibia"},{"cityName":"Uitkoms","countryName":"Namibia"},{"cityName":"Uisib","countryName":"Namibia"},{"cityName":"Uis","countryName":"Namibia"},{"cityName":"Uigaran","countryName":"Namibia"},{"cityName":"Uhlenhorst","countryName":"Namibia"},{"cityName":"Uhabis","countryName":"Namibia"},{"cityName":"Twyfelspoort","countryName":"Namibia"},{"cityName":"Twintig-Myl","countryName":"Namibia"},{"cityName":"Tweekoppies","countryName":"Namibia"},{"cityName":"Tuguva","countryName":"Namibia"},{"cityName":"Tugus","countryName":"Namibia"},{"cityName":"Tsutsab","countryName":"Namibia"},{"cityName":"Tsumis","countryName":"Namibia"},{"cityName":"Tsumeb","countryName":"Namibia"},{"cityName":"Tsintsabis","countryName":"Namibia"},{"cityName":"Tses","countryName":"Namibia"},{"cityName":"Tsaraxa-aibes","countryName":"Namibia"},{"cityName":"Tsaobis","countryName":"Namibia"},{"cityName":"Tsandi","countryName":"Namibia"},{"cityName":"Tsamatse","countryName":"Namibia"},{"cityName":"Tsamab","countryName":"Namibia"},{"cityName":"Tranedal","countryName":"Namibia"},{"cityName":"Totem","countryName":"Namibia"},{"cityName":"Toscanini","countryName":"Namibia"},{"cityName":"Torrabaai","countryName":"Namibia"},{"cityName":"Tondoro","countryName":"Namibia"},{"cityName":"Tomakas","countryName":"Namibia"},{"cityName":"Toggekry","countryName":"Namibia"},{"cityName":"Toevlug","countryName":"Namibia"},{"cityName":"Toekoms","countryName":"Namibia"},{"cityName":"Toasis II","countryName":"Namibia"},{"cityName":"Toasis I","countryName":"Namibia"},{"cityName":"Tjomeyao","countryName":"Namibia"},{"cityName":"Tinkie","countryName":"Namibia"},{"cityName":"Tinkeringheib","countryName":"Namibia"},{"cityName":"Tiervlei","countryName":"Namibia"},{"cityName":"Tien Myl","countryName":"Namibia"},{"cityName":"Three Sisters","countryName":"Namibia"},{"cityName":"Tara","countryName":"Namibia"},{"cityName":"Tantus","countryName":"Namibia"},{"cityName":"Tantalite Valley","countryName":"Namibia"},{"cityName":"Tamariskia","countryName":"Namibia"},{"cityName":"Swartberg","countryName":"Namibia"},{"cityName":"Swartbank","countryName":"Namibia"},{"cityName":"Swakopmund","countryName":"Namibia"},{"cityName":"Summerdown","countryName":"Namibia"},{"cityName":"Sukkelsoek","countryName":"Namibia"},{"cityName":"Suiderkruis","countryName":"Namibia"},{"cityName":"Strohhof","countryName":"Namibia"},{"cityName":"Straussfeld","countryName":"Namibia"},{"cityName":"Stinkwater","countryName":"Namibia"},{"cityName":"Stilte","countryName":"Namibia"},{"cityName":"Stilhoek","countryName":"Namibia"},{"cityName":"Steinhausen","countryName":"Namibia"},{"cityName":"Stauchs Lager","countryName":"Namibia"},{"cityName":"Stanley","countryName":"Namibia"},{"cityName":"Stamprivier","countryName":"Namibia"},{"cityName":"Stampriet","countryName":"Namibia"},{"cityName":"Spitzkop","countryName":"Namibia"},{"cityName":"Spitskop Pos","countryName":"Namibia"},{"cityName":"Sperlingsputs","countryName":"Namibia"},{"cityName":"Spencer Bay","countryName":"Namibia"},{"cityName":"Spaarwater","countryName":"Namibia"},{"cityName":"Sovo","countryName":"Namibia"},{"cityName":"Soutrivier","countryName":"Namibia"},{"cityName":"Sorris-Sorris","countryName":"Namibia"},{"cityName":"Sonop","countryName":"Namibia"},{"cityName":"Sonderwater","countryName":"Namibia"},{"cityName":"Solitaire","countryName":"Namibia"},{"cityName":"Snyfontein","countryName":"Namibia"},{"cityName":"Slaaipoort","countryName":"Namibia"},{"cityName":"Skuit Drift Cattle Post","countryName":"Namibia"},{"cityName":"Skilpad","countryName":"Namibia"},{"cityName":"Siya","countryName":"Namibia"},{"cityName":"Siwi","countryName":"Namibia"},{"cityName":"Siveyo","countryName":"Namibia"},{"cityName":"Sivara","countryName":"Namibia"},{"cityName":"Siurungu","countryName":"Namibia"},{"cityName":"Siudiva","countryName":"Namibia"},{"cityName":"Sitopogo","countryName":"Namibia"},{"cityName":"Sisungu","countryName":"Namibia"},{"cityName":"Siraro","countryName":"Namibia"},{"cityName":"Sinsogoro","countryName":"Namibia"},{"cityName":"Singuruve","countryName":"Namibia"},{"cityName":"Simplon","countryName":"Namibia"},{"cityName":"Simpanda","countryName":"Namibia"},{"cityName":"Simnco","countryName":"Namibia"},{"cityName":"Simanya","countryName":"Namibia"},{"cityName":"Silwerstroom","countryName":"Namibia"},{"cityName":"Silikunga","countryName":"Namibia"},{"cityName":"Sikondo","countryName":"Namibia"},{"cityName":"Sikome","countryName":"Namibia"},{"cityName":"Siko","countryName":"Namibia"},{"cityName":"Sikenge","countryName":"Namibia"},{"cityName":"Sikarosompo","countryName":"Namibia"},{"cityName":"Sigone","countryName":"Namibia"},{"cityName":"Shunem","countryName":"Namibia"},{"cityName":"Shinguruve","countryName":"Namibia"},{"cityName":"Shikali","countryName":"Namibia"},{"cityName":"Sharukwe","countryName":"Namibia"},{"cityName":"Sesfontein","countryName":"Namibia"},{"cityName":"Sendelingsdrif","countryName":"Namibia"},{"cityName":"Seeis","countryName":"Namibia"},{"cityName":"Seeheim","countryName":"Namibia"},{"cityName":"Schonau","countryName":"Namibia"},{"cityName":"Schlip","countryName":"Namibia"},{"cityName":"Schlesien Noord","countryName":"Namibia"},{"cityName":"Schlesien","countryName":"Namibia"},{"cityName":"Sawato","countryName":"Namibia"},{"cityName":"Sauyemwa","countryName":"Namibia"},{"cityName":"Sarusungu","countryName":"Namibia"},{"cityName":"Sarie Mare","countryName":"Namibia"},{"cityName":"Sapondwa","countryName":"Namibia"},{"cityName":"Sapirama","countryName":"Namibia"},{"cityName":"Santa","countryName":"Namibia"},{"cityName":"Sandfontein","countryName":"Namibia"},{"cityName":"Sambusu","countryName":"Namibia"},{"cityName":"Samasore","countryName":"Namibia"},{"cityName":"Samara","countryName":"Namibia"},{"cityName":"Salem","countryName":"Namibia"},{"cityName":"Saigcakate","countryName":"Namibia"},{"cityName":"Saddle Hill North","countryName":"Namibia"},{"cityName":"Saddle Hill","countryName":"Namibia"},{"cityName":"Ruuga","countryName":"Namibia"},{"cityName":"Rus-en-Vrede","countryName":"Namibia"},{"cityName":"Rupeho","countryName":"Namibia"},{"cityName":"Rundu","countryName":"Namibia"},{"cityName":"Runda","countryName":"Namibia"},{"cityName":"Rukanko","countryName":"Namibia"},{"cityName":"Ruimte","countryName":"Namibia"},{"cityName":"Ruhleben","countryName":"Namibia"},{"cityName":"Ruacana","countryName":"Namibia"},{"cityName":"Rostock","countryName":"Namibia"},{"cityName":"Rossing Village","countryName":"Namibia"},{"cityName":"Rooi Veldskoen","countryName":"Namibia"},{"cityName":"Rooiklip","countryName":"Namibia"},{"cityName":"Rietquelle","countryName":"Namibia"},{"cityName":"Rietoog","countryName":"Namibia"},{"cityName":"Richthofen","countryName":"Namibia"},{"cityName":"Rehoboth","countryName":"Namibia"},{"cityName":"Randeier","countryName":"Namibia"},{"cityName":"Pusa","countryName":"Namibia"},{"cityName":"Prospect","countryName":"Namibia"},{"cityName":"Portsmut","countryName":"Namibia"},{"cityName":"Poortjie","countryName":"Namibia"},{"cityName":"Pomona","countryName":"Namibia"},{"cityName":"Pollux","countryName":"Namibia"},{"cityName":"Pionierspark","countryName":"Namibia"},{"cityName":"Pionier","countryName":"Namibia"},{"cityName":"Picadilly","countryName":"Namibia"},{"cityName":"Philadelphia","countryName":"Namibia"},{"cityName":"Petrusfontein Pos","countryName":"Namibia"},{"cityName":"Petrusdal","countryName":"Namibia"},{"cityName":"Pelgrimsrus","countryName":"Namibia"},{"cityName":"Parkland","countryName":"Namibia"},{"cityName":"Paradys","countryName":"Namibia"},{"cityName":"Palmenhorst","countryName":"Namibia"},{"cityName":"Palm","countryName":"Namibia"},{"cityName":"Ozonvanga","countryName":"Namibia"},{"cityName":"Ozongunda","countryName":"Namibia"},{"cityName":"Ozongaru","countryName":"Namibia"},{"cityName":"Ozongarongombe","countryName":"Namibia"},{"cityName":"Ozongaka","countryName":"Namibia"},{"cityName":"Ozondjiva","countryName":"Namibia"},{"cityName":"Ozondati","countryName":"Namibia"},{"cityName":"Ozombari","countryName":"Namibia"},{"cityName":"Oyovu","countryName":"Namibia"},{"cityName":"Owatupanda","countryName":"Namibia"},{"cityName":"Owatjipaue","countryName":"Namibia"},{"cityName":"Ovivapa","countryName":"Namibia"},{"cityName":"Ovinyuru","countryName":"Namibia"},{"cityName":"Ovehotua","countryName":"Namibia"},{"cityName":"Ovanduvongwe","countryName":"Namibia"},{"cityName":"Outwilo","countryName":"Namibia"},{"cityName":"Outjo","countryName":"Namibia"},{"cityName":"Oushini","countryName":"Namibia"},{"cityName":"Oupumako","countryName":"Namibia"},{"cityName":"Oupongo","countryName":"Namibia"},{"cityName":"Oupili","countryName":"Namibia"},{"cityName":"Oumbada","countryName":"Namibia"},{"cityName":"Oukongo","countryName":"Namibia"},{"cityName":"Oukala","countryName":"Namibia"},{"cityName":"Otyoyononoka","countryName":"Namibia"},{"cityName":"Otyaityava","countryName":"Namibia"},{"cityName":"Otwani","countryName":"Namibia"},{"cityName":"Otuvinga","countryName":"Namibia"},{"cityName":"Otuvare","countryName":"Namibia"},{"cityName":"Otupopero","countryName":"Namibia"},{"cityName":"Otunganga","countryName":"Namibia"},{"cityName":"Otumborombonga","countryName":"Namibia"},{"cityName":"Otuazuma","countryName":"Namibia"},{"cityName":"Otsalindi","countryName":"Namibia"},{"cityName":"Otofima","countryName":"Namibia"},{"cityName":"Otjozongombe","countryName":"Namibia"},{"cityName":"Otjozondjou","countryName":"Namibia"},{"cityName":"Otjovasandu","countryName":"Namibia"},{"cityName":"Otjovakombe","countryName":"Namibia"},{"cityName":"Otjouye","countryName":"Namibia"},{"cityName":"Otjotopero","countryName":"Namibia"},{"cityName":"Otjoruharwi","countryName":"Namibia"},{"cityName":"Otjorongwari","countryName":"Namibia"},{"cityName":"Otjongundu","countryName":"Namibia"},{"cityName":"Otjongombe Settlement","countryName":"Namibia"},{"cityName":"Otjongombe","countryName":"Namibia"},{"cityName":"Otjongeama","countryName":"Namibia"},{"cityName":"Otjongava","countryName":"Namibia"},{"cityName":"Otjondeka","countryName":"Namibia"},{"cityName":"Otjomupanda","countryName":"Namibia"},{"cityName":"Otjomungwindi","countryName":"Namibia"},{"cityName":"Otjomumbonde","countryName":"Namibia"},{"cityName":"Otjomukona","countryName":"Namibia"},{"cityName":"Otjombungu","countryName":"Namibia"},{"cityName":"Otjomatemba","countryName":"Namibia"},{"cityName":"Otjohorongo","countryName":"Namibia"},{"cityName":"Otjiyere","countryName":"Namibia"},{"cityName":"Otjiwetjombungu","countryName":"Namibia"},{"cityName":"Otjiwarongo","countryName":"Namibia"},{"cityName":"Otjiwapeke","countryName":"Namibia"},{"cityName":"Otjiwaneho","countryName":"Namibia"},{"cityName":"Otjiwaketambo","countryName":"Namibia"},{"cityName":"Otjivikango","countryName":"Namibia"},{"cityName":"Otjivero","countryName":"Namibia"},{"cityName":"Otjivera Sud","countryName":"Namibia"},{"cityName":"Otjivakuanda","countryName":"Namibia"},{"cityName":"Otjiungukwa","countryName":"Namibia"},{"cityName":"Otjiunaune","countryName":"Namibia"},{"cityName":"Otjiu","countryName":"Namibia"},{"cityName":"Otjitunduwa","countryName":"Namibia"},{"cityName":"Otjitati","countryName":"Namibia"},{"cityName":"Otjitanga","countryName":"Namibia"},{"cityName":"Otjitanda","countryName":"Namibia"},{"cityName":"Otjiserandu","countryName":"Namibia"},{"cityName":"Otjisepa","countryName":"Namibia"},{"cityName":"Otjirova","countryName":"Namibia"},{"cityName":"Otjirareni","countryName":"Namibia"},{"cityName":"Otjiperongo","countryName":"Namibia"},{"cityName":"Otjipembahi","countryName":"Namibia"},{"cityName":"Otjipandjarwa","countryName":"Namibia"},{"cityName":"Otjinhungwa","countryName":"Namibia"},{"cityName":"Otjinene","countryName":"Namibia"},{"cityName":"Otjinanwa","countryName":"Namibia"},{"cityName":"Otjimukona","countryName":"Namibia"},{"cityName":"Otjimikambo","countryName":"Namibia"},{"cityName":"Otjimbingwe","countryName":"Namibia"},{"cityName":"Otjimanangombe","countryName":"Namibia"},{"cityName":"Otjikundua","countryName":"Namibia"},{"cityName":"Otjikuina","countryName":"Namibia"},{"cityName":"Otjikoto","countryName":"Namibia"},{"cityName":"Otjikorondo","countryName":"Namibia"},{"cityName":"Otjikongoi","countryName":"Namibia"},{"cityName":"Otjikondo","countryName":"Namibia"},{"cityName":"Otjikondavirongo","countryName":"Namibia"},{"cityName":"Otjikango","countryName":"Namibia"},{"cityName":"Otjijandjasemo","countryName":"Namibia"},{"cityName":"Otjihitwa","countryName":"Namibia"},{"cityName":"Otjihende","countryName":"Namibia"},{"cityName":"Otjihase","countryName":"Namibia"},{"cityName":"Otjihaenena","countryName":"Namibia"},{"cityName":"Otjewe","countryName":"Namibia"},{"cityName":"Otjetjekwa","countryName":"Namibia"},{"cityName":"Otjatjingenge","countryName":"Namibia"},{"cityName":"Otjapitjapi","countryName":"Namibia"},{"cityName":"Otjaparakaha","countryName":"Namibia"},{"cityName":"Otjahorowara","countryName":"Namibia"},{"cityName":"Othile","countryName":"Namibia"},{"cityName":"Othika","countryName":"Namibia"},{"cityName":"Othamutirika","countryName":"Namibia"},{"cityName":"Otengua","countryName":"Namibia"},{"cityName":"Otavi","countryName":"Namibia"},{"cityName":"Otapatapa","countryName":"Namibia"},{"cityName":"Otamanzi","countryName":"Namibia"},{"cityName":"Oswater","countryName":"Namibia"},{"cityName":"Osonhaui","countryName":"Namibia"},{"cityName":"Osongunde","countryName":"Namibia"},{"cityName":"Osona","countryName":"Namibia"},{"cityName":"Oshuungu","countryName":"Namibia"},{"cityName":"Oshuuli","countryName":"Namibia"},{"cityName":"Oshuudiya","countryName":"Namibia"},{"cityName":"Oshuli","countryName":"Namibia"},{"cityName":"Oshukwa","countryName":"Namibia"},{"cityName":"Oshombwa","countryName":"Namibia"},{"cityName":"Oshiya","countryName":"Namibia"},{"cityName":"Oshivelo","countryName":"Namibia"},{"cityName":"Oshityoshikukutu","countryName":"Namibia"},{"cityName":"Oshiteyatemo","countryName":"Namibia"},{"cityName":"Oshiteni","countryName":"Namibia"},{"cityName":"Oshitayi","countryName":"Namibia"},{"cityName":"Oshitalamesho","countryName":"Namibia"},{"cityName":"Oshitai","countryName":"Namibia"},{"cityName":"Oshishogolo","countryName":"Namibia"},{"cityName":"Oshipumbu","countryName":"Namibia"},{"cityName":"Oshipaya","countryName":"Namibia"},{"cityName":"Oshipala","countryName":"Namibia"},{"cityName":"Oshinge","countryName":"Namibia"},{"cityName":"Oshimwaku","countryName":"Namibia"},{"cityName":"Oshimanya","countryName":"Namibia"},{"cityName":"Oshilungi","countryName":"Namibia"},{"cityName":"Oshilulu","countryName":"Namibia"},{"cityName":"Oshilambwili","countryName":"Namibia"},{"cityName":"Oshikwiyu","countryName":"Namibia"},{"cityName":"Oshikushomunkete","countryName":"Namibia"},{"cityName":"Oshikushashipya","countryName":"Namibia"},{"cityName":"Oshikuni","countryName":"Namibia"},{"cityName":"Oshikunde","countryName":"Namibia"},{"cityName":"Oshikulu","countryName":"Namibia"},{"cityName":"Oshikuku","countryName":"Namibia"},{"cityName":"Oshikondiilongo","countryName":"Namibia"},{"cityName":"Oshikiyu","countryName":"Namibia"},{"cityName":"Oshikango","countryName":"Namibia"},{"cityName":"Oshigambo","countryName":"Namibia"},{"cityName":"Oshifitu","countryName":"Namibia"},{"cityName":"Oshidute","countryName":"Namibia"},{"cityName":"Oshidundumbe","countryName":"Namibia"},{"cityName":"Oshekasheka","countryName":"Namibia"},{"cityName":"Oshatotwa","countryName":"Namibia"},{"cityName":"Oshapwa","countryName":"Namibia"},{"cityName":"Oshanyata","countryName":"Namibia"},{"cityName":"Oshandi","countryName":"Namibia"},{"cityName":"Oshanashiwa","countryName":"Namibia"},{"cityName":"Oshambada","countryName":"Namibia"},{"cityName":"Oshamambu","countryName":"Namibia"},{"cityName":"Oshalongo","countryName":"Namibia"},{"cityName":"Oshali","countryName":"Namibia"},{"cityName":"Oshakati","countryName":"Namibia"},{"cityName":"Oshaangu","countryName":"Namibia"},{"cityName":"Oshaakondwa","countryName":"Namibia"},{"cityName":"Oryeheke","countryName":"Namibia"},{"cityName":"Oruware","countryName":"Namibia"},{"cityName":"Oruvandjai","countryName":"Namibia"},{"cityName":"Oruuwa","countryName":"Namibia"},{"cityName":"Orutanda","countryName":"Namibia"},{"cityName":"Orupembe","countryName":"Namibia"},{"cityName":"Orunahi","countryName":"Namibia"},{"cityName":"Orumwe","countryName":"Namibia"},{"cityName":"Orukwapa","countryName":"Namibia"},{"cityName":"Oruhona","countryName":"Namibia"},{"cityName":"Oruhito","countryName":"Namibia"},{"cityName":"Orue","countryName":"Namibia"},{"cityName":"Oruaku","countryName":"Namibia"},{"cityName":"Ortmansbaum Oos","countryName":"Namibia"},{"cityName":"Ortmansbaum","countryName":"Namibia"},{"cityName":"Orotjitombo","countryName":"Namibia"},{"cityName":"Orongoto","countryName":"Namibia"},{"cityName":"Orokatuwo","countryName":"Namibia"},{"cityName":"Orokatundu","countryName":"Namibia"},{"cityName":"Orokakaru","countryName":"Namibia"},{"cityName":"Orjimbarombonga","countryName":"Namibia"},{"cityName":"Oranjemund","countryName":"Namibia"},{"cityName":"Opuwo","countryName":"Namibia"},{"cityName":"Opepela","countryName":"Namibia"},{"cityName":"Oozonduwombe","countryName":"Namibia"},{"cityName":"Oongodhi","countryName":"Namibia"},{"cityName":"Onzinzi","countryName":"Namibia"},{"cityName":"Onyuulaye","countryName":"Namibia"},{"cityName":"Onyeka","countryName":"Namibia"},{"cityName":"Onyawanyawa","countryName":"Namibia"},{"cityName":"Onyati","countryName":"Namibia"},{"cityName":"Onyaanya","countryName":"Namibia"},{"cityName":"Ontunda","countryName":"Namibia"},{"cityName":"Ontuli","countryName":"Namibia"},{"cityName":"Ontananga","countryName":"Namibia"},{"cityName":"Onreg","countryName":"Namibia"},{"cityName":"Onkwinkwiti","countryName":"Namibia"},{"cityName":"Onkumbwiimbwi","countryName":"Namibia"},{"cityName":"Onikila","countryName":"Namibia"},{"cityName":"Oniiwe","countryName":"Namibia"},{"cityName":"Oniipa","countryName":"Namibia"},{"cityName":"Oniimwandi","countryName":"Namibia"},{"cityName":"Oniihwa","countryName":"Namibia"},{"cityName":"Oniihati","countryName":"Namibia"},{"cityName":"Oniihandi","countryName":"Namibia"},{"cityName":"Onhunda","countryName":"Namibia"},{"cityName":"Onhumba","countryName":"Namibia"},{"cityName":"Onheti","countryName":"Namibia"},{"cityName":"Onheleiwa","countryName":"Namibia"},{"cityName":"Ongwediva","countryName":"Namibia"},{"cityName":"Ongundi","countryName":"Namibia"},{"cityName":"Ongumi","countryName":"Namibia"},{"cityName":"Onguma","countryName":"Namibia"},{"cityName":"Onguati","countryName":"Namibia"},{"cityName":"Ongord Gotjari","countryName":"Namibia"},{"cityName":"Ongongora","countryName":"Namibia"},{"cityName":"Ongonga","countryName":"Namibia"},{"cityName":"Ongombombonde","countryName":"Namibia"},{"cityName":"Ongombesa","countryName":"Namibia"},{"cityName":"Ongolongela","countryName":"Namibia"},{"cityName":"Ongolo","countryName":"Namibia"},{"cityName":"Onghwiyu","countryName":"Namibia"},{"cityName":"Ongenga","countryName":"Namibia"},{"cityName":"Onganja","countryName":"Namibia"},{"cityName":"Ongandjera","countryName":"Namibia"},{"cityName":"Ongali","countryName":"Namibia"},{"cityName":"Ongalangobe","countryName":"Namibia"},{"cityName":"Ongala","countryName":"Namibia"},{"cityName":"Onesi","countryName":"Namibia"},{"cityName":"Oneshiyo","countryName":"Namibia"},{"cityName":"Oneputa","countryName":"Namibia"},{"cityName":"Onepandaulo","countryName":"Namibia"},{"cityName":"Onepandagulu","countryName":"Namibia"},{"cityName":"Onengali","countryName":"Namibia"},{"cityName":"Onembenge","countryName":"Namibia"},{"cityName":"Onembaba","countryName":"Namibia"},{"cityName":"Onelago","countryName":"Namibia"},{"cityName":"Onekwaya","countryName":"Namibia"},{"cityName":"Onekukumo","countryName":"Namibia"},{"cityName":"Onehova","countryName":"Namibia"},{"cityName":"Onehongo","countryName":"Namibia"},{"cityName":"Oneheke","countryName":"Namibia"},{"cityName":"Onehanga","countryName":"Namibia"},{"cityName":"Oneeya","countryName":"Namibia"},{"cityName":"Ondwi","countryName":"Namibia"},{"cityName":"Onduno","countryName":"Namibia"},{"cityName":"Ondundotjivapa","countryName":"Namibia"},{"cityName":"Ondundo","countryName":"Namibia"},{"cityName":"Onduna","countryName":"Namibia"},{"cityName":"Ondudu","countryName":"Namibia"},{"cityName":"Ondova","countryName":"Namibia"},{"cityName":"Ondorozu","countryName":"Namibia"},{"cityName":"Ondombeyoshaale","countryName":"Namibia"},{"cityName":"Ondole","countryName":"Namibia"},{"cityName":"Ondobe","countryName":"Namibia"},{"cityName":"Ondjungurume","countryName":"Namibia"},{"cityName":"Ondjondjo","countryName":"Namibia"},{"cityName":"Ondjombo","countryName":"Namibia"},{"cityName":"Ondjiripumwa","countryName":"Namibia"},{"cityName":"Ondjamba","countryName":"Namibia"},{"cityName":"Ondjaba","countryName":"Namibia"},{"cityName":"Ondingwanyama","countryName":"Namibia"},{"cityName":"Ondiihaluka","countryName":"Namibia"},{"cityName":"Ondeshifiilwa","countryName":"Namibia"},{"cityName":"Onderombapa","countryName":"Namibia"},{"cityName":"Ondermatjie","countryName":"Namibia"},{"cityName":"Ondema","countryName":"Namibia"},{"cityName":"Ondauka","countryName":"Namibia"},{"cityName":"Ondangwa","countryName":"Namibia"},{"cityName":"Ondando","countryName":"Namibia"},{"cityName":"Ondahaka","countryName":"Namibia"},{"cityName":"Ondaanda","countryName":"Namibia"},{"cityName":"Ondaakula","countryName":"Namibia"},{"cityName":"Onathinge","countryName":"Namibia"},{"cityName":"Onashikookaya","countryName":"Namibia"},{"cityName":"Onanyama","countryName":"Namibia"},{"cityName":"Onanyalala","countryName":"Namibia"},{"cityName":"Onanona","countryName":"Namibia"},{"cityName":"Onankali","countryName":"Namibia"},{"cityName":"Onangwe","countryName":"Namibia"},{"cityName":"Onanguwo","countryName":"Namibia"},{"cityName":"Onangombe","countryName":"Namibia"},{"cityName":"Onangolo","countryName":"Namibia"},{"cityName":"Onanghulo","countryName":"Namibia"},{"cityName":"Onangava","countryName":"Namibia"},{"cityName":"Onangama","countryName":"Namibia"},{"cityName":"Onangalo","countryName":"Namibia"},{"cityName":"Onandomba","countryName":"Namibia"},{"cityName":"Onandjushi","countryName":"Namibia"},{"cityName":"Onandjokwe","countryName":"Namibia"},{"cityName":"Onandjo","countryName":"Namibia"},{"cityName":"Onandjamba","countryName":"Namibia"},{"cityName":"Onandjaba","countryName":"Namibia"},{"cityName":"Onandi","countryName":"Namibia"},{"cityName":"Onamutenya","countryName":"Namibia"},{"cityName":"Onamutene","countryName":"Namibia"},{"cityName":"Onamutai","countryName":"Namibia"},{"cityName":"Onamunhama","countryName":"Namibia"},{"cityName":"Onamungundo","countryName":"Namibia"},{"cityName":"Onamungodjo","countryName":"Namibia"},{"cityName":"Onamundindi","countryName":"Namibia"},{"cityName":"Onamundidi","countryName":"Namibia"},{"cityName":"Onamukulo","countryName":"Namibia"},{"cityName":"Onamudime","countryName":"Namibia"},{"cityName":"Onampengu","countryName":"Namibia"},{"cityName":"Onamihonga","countryName":"Namibia"},{"cityName":"Onamhombo","countryName":"Namibia"},{"cityName":"Onamhindi","countryName":"Namibia"},{"cityName":"Onambutu","countryName":"Namibia"},{"cityName":"Onambeke","countryName":"Namibia"},{"cityName":"Onambashu","countryName":"Namibia"},{"cityName":"Onambaladi","countryName":"Namibia"},{"cityName":"Onamayo","countryName":"Namibia"},{"cityName":"Onamavo","countryName":"Namibia"},{"cityName":"Onamatende","countryName":"Namibia"},{"cityName":"Onamatanga","countryName":"Namibia"},{"cityName":"Onamatandiva","countryName":"Namibia"},{"cityName":"Onamatadiva","countryName":"Namibia"},{"cityName":"Onamasila","countryName":"Namibia"},{"cityName":"Onamahoka","countryName":"Namibia"},{"cityName":"Onamagwena","countryName":"Namibia"},{"cityName":"Onalusheshete","countryName":"Namibia"},{"cityName":"Onalunike","countryName":"Namibia"},{"cityName":"Onakuku","countryName":"Namibia"},{"cityName":"Onakiidhi","countryName":"Namibia"},{"cityName":"Onakasino","countryName":"Namibia"},{"cityName":"Onakankunzi","countryName":"Namibia"},{"cityName":"Onakandjangi","countryName":"Namibia"},{"cityName":"Onakandi","countryName":"Namibia"},{"cityName":"Onakalunga","countryName":"Namibia"},{"cityName":"Onaimbungu","countryName":"Namibia"},{"cityName":"Onahima","countryName":"Namibia"},{"cityName":"Onahi","countryName":"Namibia"},{"cityName":"Onahenene","countryName":"Namibia"},{"cityName":"Onaanda","countryName":"Namibia"},{"cityName":"Omwe","countryName":"Namibia"},{"cityName":"Omwandi","countryName":"Namibia"},{"cityName":"Omvil","countryName":"Namibia"},{"cityName":"Omuwike","countryName":"Namibia"},{"cityName":"Omuulu","countryName":"Namibia"},{"cityName":"Omutwrwomedi","countryName":"Namibia"},{"cityName":"Omutwewonime","countryName":"Namibia"},{"cityName":"Omutwewondjaba","countryName":"Namibia"},{"cityName":"Omutwewomunhu","countryName":"Namibia"},{"cityName":"Omutuni","countryName":"Namibia"},{"cityName":"Omutundungu","countryName":"Namibia"},{"cityName":"Omutumbondudu","countryName":"Namibia"},{"cityName":"Omutsegwombandje","countryName":"Namibia"},{"cityName":"Omutjenya","countryName":"Namibia"},{"cityName":"Omutiwanduka","countryName":"Namibia"},{"cityName":"Omutima","countryName":"Namibia"},{"cityName":"Omuthiya","countryName":"Namibia"},{"cityName":"Omuthitugwonyama","countryName":"Namibia"},{"cityName":"Omuthitu","countryName":"Namibia"},{"cityName":"Omuthima","countryName":"Namibia"},{"cityName":"Omutala","countryName":"Namibia"},{"cityName":"Omusimboti","countryName":"Namibia"},{"cityName":"Omushilawombadje","countryName":"Namibia"},{"cityName":"Omushigo","countryName":"Namibia"},{"cityName":"Omusheshe","countryName":"Namibia"},{"cityName":"Omushakala","countryName":"Namibia"},{"cityName":"Omuramba","countryName":"Namibia"},{"cityName":"Omupumba","countryName":"Namibia"},{"cityName":"Omupini","countryName":"Namibia"},{"cityName":"Omupembe","countryName":"Namibia"},{"cityName":"Omupanda","countryName":"Namibia"},{"cityName":"Omunyekadi","countryName":"Namibia"},{"cityName":"Omunyankwe","countryName":"Namibia"},{"cityName":"Omunwandjai","countryName":"Namibia"},{"cityName":"Omuntele","countryName":"Namibia"},{"cityName":"Omunkayi","countryName":"Namibia"},{"cityName":"Omunjereke","countryName":"Namibia"},{"cityName":"Omungwindi","countryName":"Namibia"},{"cityName":"Omungwelume","countryName":"Namibia"},{"cityName":"Omungunda","countryName":"Namibia"},{"cityName":"Omungholyo","countryName":"Namibia"},{"cityName":"Omunduungio","countryName":"Namibia"},{"cityName":"Omundudu","countryName":"Namibia"},{"cityName":"Omundaungilo","countryName":"Namibia"},{"cityName":"Omulonga","countryName":"Namibia"},{"cityName":"Omulamba","countryName":"Namibia"},{"cityName":"Omukurukaze","countryName":"Namibia"},{"cityName":"Omukundagwana","countryName":"Namibia"},{"cityName":"Omukukutu","countryName":"Namibia"},{"cityName":"Omukondo","countryName":"Namibia"},{"cityName":"Omuhiva","countryName":"Namibia"},{"cityName":"Omuhanguzi","countryName":"Namibia"},{"cityName":"Omufiya","countryName":"Namibia"},{"cityName":"Omuditu","countryName":"Namibia"},{"cityName":"Ompundja","countryName":"Namibia"},{"cityName":"Ompunda","countryName":"Namibia"},{"cityName":"Ompangela","countryName":"Namibia"},{"cityName":"Ompandakani","countryName":"Namibia"},{"cityName":"Ompanda","countryName":"Namibia"},{"cityName":"Omkwa","countryName":"Namibia"},{"cityName":"Omizema","countryName":"Namibia"},{"cityName":"Omitjira","countryName":"Namibia"},{"cityName":"Omitjete","countryName":"Namibia"},{"cityName":"Omitivine","countryName":"Namibia"},{"cityName":"Omitara","countryName":"Namibia"},{"cityName":"Omingondo","countryName":"Namibia"},{"cityName":"Omindamba","countryName":"Namibia"},{"cityName":"Omikwa","countryName":"Namibia"},{"cityName":"Omhedi","countryName":"Namibia"},{"cityName":"Omhangela","countryName":"Namibia"},{"cityName":"Omege","countryName":"Namibia"},{"cityName":"Ombwana","countryName":"Namibia"},{"cityName":"Ombu Yovakuru","countryName":"Namibia"},{"cityName":"Ombu Yomumbonde","countryName":"Namibia"},{"cityName":"Ombu Yomenye","countryName":"Namibia"},{"cityName":"Ombungurur","countryName":"Namibia"},{"cityName":"Ombundiya","countryName":"Namibia"},{"cityName":"Ombumbu","countryName":"Namibia"},{"cityName":"Ombulantu","countryName":"Namibia"},{"cityName":"Ombuku","countryName":"Namibia"},{"cityName":"Ombugayamupolo","countryName":"Namibia"},{"cityName":"Ombora","countryName":"Namibia"},{"cityName":"Omboora","countryName":"Namibia"},{"cityName":"Ombonde","countryName":"Namibia"},{"cityName":"Omboloka","countryName":"Namibia"},{"cityName":"Ombivango","countryName":"Namibia"},{"cityName":"Ombinda","countryName":"Namibia"},{"cityName":"Ombepera","countryName":"Namibia"},{"cityName":"Ombawe","countryName":"Namibia"},{"cityName":"Ombaravera","countryName":"Namibia"},{"cityName":"Ombalayamumbwenge","countryName":"Namibia"},{"cityName":"Ombalantu","countryName":"Namibia"},{"cityName":"Ombako","countryName":"Namibia"},{"cityName":"Ombahu","countryName":"Namibia"},{"cityName":"Ombahe-Yakako","countryName":"Namibia"},{"cityName":"Ombabi","countryName":"Namibia"},{"cityName":"Ombaba","countryName":"Namibia"},{"cityName":"Omazera","countryName":"Namibia"},{"cityName":"Omayulu","countryName":"Namibia"},{"cityName":"Omayi","countryName":"Namibia"},{"cityName":"Omawewozonyanda","countryName":"Namibia"},{"cityName":"Omauzongoka","countryName":"Namibia"},{"cityName":"Omatwadiva","countryName":"Namibia"},{"cityName":"Omatjete","countryName":"Namibia"},{"cityName":"Omatjatjeva","countryName":"Namibia"},{"cityName":"Omateleklelo","countryName":"Namibia"},{"cityName":"Omatapati","countryName":"Namibia"},{"cityName":"Omatangela","countryName":"Namibia"},{"cityName":"Omatanga","countryName":"Namibia"},{"cityName":"Omatale","countryName":"Namibia"},{"cityName":"Omashaka","countryName":"Namibia"},{"cityName":"Omaruru","countryName":"Namibia"},{"cityName":"Omapumba","countryName":"Namibia"},{"cityName":"Omanye","countryName":"Namibia"},{"cityName":"Omangundu","countryName":"Namibia"},{"cityName":"Omangambo","countryName":"Namibia"},{"cityName":"Omambuumbuu","countryName":"Namibia"},{"cityName":"Omalundudu","countryName":"Namibia"},{"cityName":"Omalambo","countryName":"Namibia"},{"cityName":"Omakondo","countryName":"Namibia"},{"cityName":"Omako","countryName":"Namibia"},{"cityName":"Omakande","countryName":"Namibia"},{"cityName":"Omaihi","countryName":"Namibia"},{"cityName":"Omahini","countryName":"Namibia"},{"cityName":"Omahai","countryName":"Namibia"},{"cityName":"Omahahi","countryName":"Namibia"},{"cityName":"Omadhiya","countryName":"Namibia"},{"cityName":"Omadano","countryName":"Namibia"},{"cityName":"Omabzu","countryName":"Namibia"},{"cityName":"Omaalala","countryName":"Namibia"},{"cityName":"Olyuulaye","countryName":"Namibia"},{"cityName":"Olyavahenge","countryName":"Namibia"},{"cityName":"Olwani","countryName":"Namibia"},{"cityName":"Oluwaya","countryName":"Namibia"},{"cityName":"Oluvongo","countryName":"Namibia"},{"cityName":"Oluteyi","countryName":"Namibia"},{"cityName":"Olupundi","countryName":"Namibia"},{"cityName":"Olupumbu","countryName":"Namibia"},{"cityName":"Olupandu","countryName":"Namibia"},{"cityName":"Olupale","countryName":"Namibia"},{"cityName":"Oluno","countryName":"Namibia"},{"cityName":"Olunkono","countryName":"Namibia"},{"cityName":"Olumelengwa","countryName":"Namibia"},{"cityName":"Olukupa","countryName":"Namibia"},{"cityName":"Olukumwa","countryName":"Namibia"},{"cityName":"Olukula","countryName":"Namibia"},{"cityName":"Olukonda","countryName":"Namibia"},{"cityName":"Oluhapa","countryName":"Namibia"},{"cityName":"Olifantsput Pos","countryName":"Namibia"},{"cityName":"Olifa","countryName":"Namibia"},{"cityName":"Okwatiwalunga","countryName":"Namibia"},{"cityName":"Okumumbonde","countryName":"Namibia"},{"cityName":"Okuje","countryName":"Namibia"},{"cityName":"Okozoserandu","countryName":"Namibia"},{"cityName":"Okozongwehe","countryName":"Namibia"},{"cityName":"Okozongoro","countryName":"Namibia"},{"cityName":"Okozonduzu","countryName":"Namibia"},{"cityName":"Okozondsuwoine","countryName":"Namibia"},{"cityName":"Okovimburu","countryName":"Namibia"},{"cityName":"Okovihona","countryName":"Namibia"},{"cityName":"Okoutjove","countryName":"Namibia"},{"cityName":"Okoukambe","countryName":"Namibia"},{"cityName":"Okotjoto","countryName":"Namibia"},{"cityName":"Okotjize","countryName":"Namibia"},{"cityName":"Okotjitundu","countryName":"Namibia"},{"cityName":"Okotjandjoura","countryName":"Namibia"},{"cityName":"Okorosave","countryName":"Namibia"},{"cityName":"Okonyoka","countryName":"Namibia"},{"cityName":"Okonyama","countryName":"Namibia"},{"cityName":"Okonjota","countryName":"Namibia"},{"cityName":"Okongwe","countryName":"Namibia"},{"cityName":"Okongutirwa","countryName":"Namibia"},{"cityName":"Okongowa","countryName":"Namibia"},{"cityName":"Okongo","countryName":"Namibia"},{"cityName":"Okondomba","countryName":"Namibia"},{"cityName":"Okondjatu","countryName":"Namibia"},{"cityName":"Okomutati","countryName":"Namibia"},{"cityName":"Okomuparara","countryName":"Namibia"},{"cityName":"Okomungondo","countryName":"Namibia"},{"cityName":"Okomumbonde","countryName":"Namibia"},{"cityName":"Okomizema","countryName":"Namibia"},{"cityName":"Okomize","countryName":"Namibia"},{"cityName":"Okomboha","countryName":"Namibia"},{"cityName":"Okombepera","countryName":"Namibia"},{"cityName":"Okombambi","countryName":"Namibia"},{"cityName":"Okombahe","countryName":"Namibia"},{"cityName":"Okombaha","countryName":"Namibia"},{"cityName":"Okomaruru","countryName":"Namibia"},{"cityName":"Okomapuku","countryName":"Namibia"},{"cityName":"Okohonga","countryName":"Namibia"},{"cityName":"Okeserahi Number Two","countryName":"Namibia"},{"cityName":"Okeserahi","countryName":"Namibia"},{"cityName":"Okeruru","countryName":"Namibia"},{"cityName":"Okeriko","countryName":"Namibia"},{"cityName":"Okeholongo","countryName":"Namibia"},{"cityName":"Okazize","countryName":"Namibia"},{"cityName":"Okazimba","countryName":"Namibia"},{"cityName":"Okayepe","countryName":"Namibia"},{"cityName":"Okayala","countryName":"Namibia"},{"cityName":"Okawe","countryName":"Namibia"},{"cityName":"Okawarongo","countryName":"Namibia"},{"cityName":"Okawangwa","countryName":"Namibia"},{"cityName":"Okavare","countryName":"Namibia"},{"cityName":"Okavandje","countryName":"Namibia"},{"cityName":"Okavakwa","countryName":"Namibia"},{"cityName":"Okauwa","countryName":"Namibia"},{"cityName":"Okauva","countryName":"Namibia"},{"cityName":"Okaundja","countryName":"Namibia"},{"cityName":"Okaukuejo","countryName":"Namibia"},{"cityName":"Okaue","countryName":"Namibia"},{"cityName":"Okauapehuri","countryName":"Namibia"},{"cityName":"Okatyali","countryName":"Namibia"},{"cityName":"Okatwakoverwa","countryName":"Namibia"},{"cityName":"Okatuwo","countryName":"Namibia"},{"cityName":"Okatumwama","countryName":"Namibia"},{"cityName":"Okatumbo","countryName":"Namibia"},{"cityName":"Okatoto","countryName":"Namibia"},{"cityName":"Okatope","countryName":"Namibia"},{"cityName":"Okatjsoroi","countryName":"Namibia"},{"cityName":"Okatjovandu","countryName":"Namibia"},{"cityName":"Okatjoruu","countryName":"Namibia"},{"cityName":"Okatjongwa","countryName":"Namibia"},{"cityName":"Okatjiparango","countryName":"Namibia"},{"cityName":"Okatjiho","countryName":"Namibia"},{"cityName":"Okatjaveva","countryName":"Namibia"},{"cityName":"Okatjangee","countryName":"Namibia"},{"cityName":"Okatitu","countryName":"Namibia"},{"cityName":"Okathutu","countryName":"Namibia"},{"cityName":"Okathitu","countryName":"Namibia"},{"cityName":"Okathima","countryName":"Namibia"},{"cityName":"Okatana","countryName":"Namibia"},{"cityName":"Okashidi","countryName":"Namibia"},{"cityName":"Okaseta","countryName":"Namibia"},{"cityName":"Okaserawe","countryName":"Namibia"},{"cityName":"Okapya","countryName":"Namibia"},{"cityName":"Okapuka","countryName":"Namibia"},{"cityName":"Okaperre","countryName":"Namibia"},{"cityName":"Okapawe","countryName":"Namibia"},{"cityName":"Okapashona","countryName":"Namibia"},{"cityName":"Okapanje","countryName":"Namibia"},{"cityName":"Okaoraore","countryName":"Namibia"},{"cityName":"Okaonde","countryName":"Namibia"},{"cityName":"Okaokongwinya","countryName":"Namibia"},{"cityName":"Okanyanona","countryName":"Namibia"},{"cityName":"Okanungu","countryName":"Namibia"},{"cityName":"Okankolo","countryName":"Namibia"},{"cityName":"Okanjanga","countryName":"Namibia"},{"cityName":"Okangwindi","countryName":"Namibia"},{"cityName":"Okangwati","countryName":"Namibia"},{"cityName":"Okangoho","countryName":"Namibia"},{"cityName":"Okangeama","countryName":"Namibia"},{"cityName":"Okando","countryName":"Namibia"},{"cityName":"Okandjombo","countryName":"Namibia"},{"cityName":"Okandjira Settlement","countryName":"Namibia"},{"cityName":"Okanaya","countryName":"Namibia"},{"cityName":"Okanambundona","countryName":"Namibia"},{"cityName":"Okamita","countryName":"Namibia"},{"cityName":"Okambwarongo","countryName":"Namibia"},{"cityName":"Okambukonde","countryName":"Namibia"},{"cityName":"Okamborombonga","countryName":"Namibia"},{"cityName":"Okamboro","countryName":"Namibia"},{"cityName":"Okambonde","countryName":"Namibia"},{"cityName":"Okambogo","countryName":"Namibia"},{"cityName":"Okambe-Odombo","countryName":"Namibia"},{"cityName":"Okambebe","countryName":"Namibia"},{"cityName":"Okambaramba","countryName":"Namibia"},{"cityName":"Okambabwena","countryName":"Namibia"},{"cityName":"Okamatapati","countryName":"Namibia"},{"cityName":"Okamanya","countryName":"Namibia"},{"cityName":"Okamakaku","countryName":"Namibia"},{"cityName":"Okamaere","countryName":"Namibia"},{"cityName":"Okalunga","countryName":"Namibia"},{"cityName":"Okalumpa","countryName":"Namibia"},{"cityName":"Okalongo","countryName":"Namibia"},{"cityName":"Okalondo","countryName":"Namibia"},{"cityName":"Okalolo","countryName":"Namibia"},{"cityName":"Okaloko","countryName":"Namibia"},{"cityName":"Okalindi-Komutati","countryName":"Namibia"},{"cityName":"Okalimbo","countryName":"Namibia"},{"cityName":"Okalili","countryName":"Namibia"},{"cityName":"Okakwiyu","countryName":"Namibia"},{"cityName":"Okakuyu","countryName":"Namibia"},{"cityName":"Okakuvisa","countryName":"Namibia"},{"cityName":"Okakunda","countryName":"Namibia"},{"cityName":"Okakuara","countryName":"Namibia"},{"cityName":"Okaku","countryName":"Namibia"},{"cityName":"Okakongwena","countryName":"Namibia"},{"cityName":"Okakololo","countryName":"Namibia"},{"cityName":"Okakewa","countryName":"Namibia"},{"cityName":"Okakekete","countryName":"Namibia"},{"cityName":"Okakarara","countryName":"Namibia"},{"cityName":"Okajape","countryName":"Namibia"},{"cityName":"Okahwa","countryName":"Namibia"},{"cityName":"Okahumba","countryName":"Namibia"},{"cityName":"Okahumandu","countryName":"Namibia"},{"cityName":"Okahozu","countryName":"Namibia"},{"cityName":"Okahororwa","countryName":"Namibia"},{"cityName":"Okaholo","countryName":"Namibia"},{"cityName":"Okahodhu","countryName":"Namibia"},{"cityName":"Okahitwa","countryName":"Namibia"},{"cityName":"Okahitanda","countryName":"Namibia"},{"cityName":"Okahiokaapa","countryName":"Namibia"},{"cityName":"Okahauwangwena","countryName":"Namibia"},{"cityName":"Okahao","countryName":"Namibia"},{"cityName":"Okahandja","countryName":"Namibia"},{"cityName":"Okahahauyavwena","countryName":"Namibia"},{"cityName":"Okaepe","countryName":"Namibia"},{"cityName":"Okadhiya","countryName":"Namibia"},{"cityName":"Okaaruu","countryName":"Namibia"},{"cityName":"Okaanga","countryName":"Namibia"},{"cityName":"Oininive","countryName":"Namibia"},{"cityName":"Oikuku","countryName":"Namibia"},{"cityName":"Oikoto","countryName":"Namibia"},{"cityName":"Oidiva","countryName":"Namibia"},{"cityName":"Oidimba","countryName":"Namibia"},{"cityName":"Ohuukewo","countryName":"Namibia"},{"cityName":"Ohumbula","countryName":"Namibia"},{"cityName":"Ohongondjanambari","countryName":"Namibia"},{"cityName":"Ohohorwa","countryName":"Namibia"},{"cityName":"Ohinakawe","countryName":"Namibia"},{"cityName":"Ohehonge","countryName":"Namibia"},{"cityName":"Ohaziwa","countryName":"Namibia"},{"cityName":"Ohauyave","countryName":"Namibia"},{"cityName":"Ohauwangakukutu","countryName":"Namibia"},{"cityName":"Ohauwanga","countryName":"Namibia"},{"cityName":"Ohaufiku-Renine","countryName":"Namibia"},{"cityName":"Ohangwena","countryName":"Namibia"},{"cityName":"Ohandungu","countryName":"Namibia"},{"cityName":"Ohamviimbi","countryName":"Namibia"},{"cityName":"Ohamuheke","countryName":"Namibia"},{"cityName":"Ohamevainini","countryName":"Namibia"},{"cityName":"Ohambungu","countryName":"Namibia"},{"cityName":"Ohamakanga","countryName":"Namibia"},{"cityName":"Ohama","countryName":"Namibia"},{"cityName":"Ohalushu","countryName":"Namibia"},{"cityName":"Ohakuyela","countryName":"Namibia"},{"cityName":"Ohakayale","countryName":"Namibia"},{"cityName":"Ohakane","countryName":"Namibia"},{"cityName":"Ohaipetekwa","countryName":"Namibia"},{"cityName":"Ohaingu","countryName":"Namibia"},{"cityName":"Ohainengena","countryName":"Namibia"},{"cityName":"Ohailinda","countryName":"Namibia"},{"cityName":"Ohaikedi","countryName":"Namibia"},{"cityName":"Ohaihana","countryName":"Namibia"},{"cityName":"Ohaihai","countryName":"Namibia"},{"cityName":"Ohahati","countryName":"Namibia"},{"cityName":"Ogongo","countryName":"Namibia"},{"cityName":"Ofaitumbo","countryName":"Namibia"},{"cityName":"Odimbwa","countryName":"Namibia"},{"cityName":"Odimbo","countryName":"Namibia"},{"cityName":"Odilayafyenota","countryName":"Namibia"},{"cityName":"Oase","countryName":"Namibia"},{"cityName":"Oamseb","countryName":"Namibia"},{"cityName":"Oamities","countryName":"Namibia"},{"cityName":"Oahava","countryName":"Namibia"},{"cityName":"Oab","countryName":"Namibia"},{"cityName":"Nzinze","countryName":"Namibia"},{"cityName":"Nyenye","countryName":"Namibia"},{"cityName":"Nyege","countryName":"Namibia"},{"cityName":"Nuwe Modderdrif","countryName":"Namibia"},{"cityName":"Nuwedam","countryName":"Namibia"},{"cityName":"Nu-Uis","countryName":"Namibia"},{"cityName":"Nuniab","countryName":"Namibia"},{"cityName":"Nungubais","countryName":"Namibia"},{"cityName":"Numkaub","countryName":"Namibia"},{"cityName":"Ntaranga","countryName":"Namibia"},{"cityName":"Ntara","countryName":"Namibia"},{"cityName":"Nsivi","countryName":"Namibia"},{"cityName":"Nqandu","countryName":"Namibia"},{"cityName":"Nossobville","countryName":"Namibia"},{"cityName":"Nore","countryName":"Namibia"},{"cityName":"Noordoewer","countryName":"Namibia"},{"cityName":"Non Dimenticar","countryName":"Namibia"},{"cityName":"Nomtsas","countryName":"Namibia"},{"cityName":"Nkwizu","countryName":"Namibia"},{"cityName":"Nkutu","countryName":"Namibia"},{"cityName":"Nkurenkuru","countryName":"Namibia"},{"cityName":"Nkonke","countryName":"Namibia"},{"cityName":"Nkinka","countryName":"Namibia"},{"cityName":"Nkata","countryName":"Namibia"},{"cityName":"Nkandi","countryName":"Namibia"},{"cityName":"Nina","countryName":"Namibia"},{"cityName":"Nieuwefontein West","countryName":"Namibia"},{"cityName":"Nieuwefontein","countryName":"Namibia"},{"cityName":"Niedersachsen","countryName":"Namibia"},{"cityName":"Nicos Hoek","countryName":"Namibia"},{"cityName":"Ngura","countryName":"Namibia"},{"cityName":"Ngone","countryName":"Namibia"},{"cityName":"Ngcasawa","countryName":"Namibia"},{"cityName":"Ngcarama","countryName":"Namibia"},{"cityName":"Ngcangcana","countryName":"Namibia"},{"cityName":"Ngcana","countryName":"Namibia"},{"cityName":"Ngcamadang","countryName":"Namibia"},{"cityName":"Neu-Puts","countryName":"Namibia"},{"cityName":"Nepara","countryName":"Namibia"},{"cityName":"Neikop","countryName":"Namibia"},{"cityName":"Ncushe","countryName":"Namibia"},{"cityName":"Ncuncuni","countryName":"Namibia"},{"cityName":"Ncecwa","countryName":"Namibia"},{"cityName":"Ncaute","countryName":"Namibia"},{"cityName":"Ncarise","countryName":"Namibia"},{"cityName":"Ncamakora","countryName":"Namibia"},{"cityName":"Nbimbi","countryName":"Namibia"},{"cityName":"Naucova","countryName":"Namibia"},{"cityName":"Nauchas","countryName":"Namibia"},{"cityName":"Natab","countryName":"Namibia"},{"cityName":"Naruchas","countryName":"Namibia"},{"cityName":"Narubis","countryName":"Namibia"},{"cityName":"Naris","countryName":"Namibia"},{"cityName":"Narachaams Pos","countryName":"Namibia"},{"cityName":"Naos","countryName":"Namibia"},{"cityName":"Nankudu","countryName":"Namibia"},{"cityName":"Nanibecheb","countryName":"Namibia"},{"cityName":"Nangoni","countryName":"Namibia"},{"cityName":"Nandingwa","countryName":"Namibia"},{"cityName":"Namutoni Gate","countryName":"Namibia"},{"cityName":"Namutoni","countryName":"Namibia"},{"cityName":"Namuntuntu","countryName":"Namibia"},{"cityName":"Namtib","countryName":"Namibia"},{"cityName":"Nambi","countryName":"Namibia"},{"cityName":"Nambali","countryName":"Namibia"},{"cityName":"Nakazaza","countryName":"Namibia"},{"cityName":"Nakayale","countryName":"Namibia"},{"cityName":"Nakamwandi","countryName":"Namibia"},{"cityName":"Naingopo","countryName":"Namibia"},{"cityName":"Nainais","countryName":"Namibia"},{"cityName":"Naherob","countryName":"Namibia"},{"cityName":"Nabas","countryName":"Namibia"},{"cityName":"Mylpaal","countryName":"Namibia"},{"cityName":"Muveve","countryName":"Namibia"},{"cityName":"Mutambo","countryName":"Namibia"},{"cityName":"Musu","countryName":"Namibia"},{"cityName":"Musine","countryName":"Namibia"},{"cityName":"Musese","countryName":"Namibia"},{"cityName":"Mupini","countryName":"Namibia"},{"cityName":"Muparara","countryName":"Namibia"},{"cityName":"Mungomba","countryName":"Namibia"},{"cityName":"Mukundu","countryName":"Namibia"},{"cityName":"Muhema","countryName":"Namibia"},{"cityName":"Mugandwizi","countryName":"Namibia"},{"cityName":"Mpungu","countryName":"Namibia"},{"cityName":"Mpuma","countryName":"Namibia"},{"cityName":"Mpuku","countryName":"Namibia"},{"cityName":"Mpoto","countryName":"Namibia"},{"cityName":"Mpengu","countryName":"Namibia"},{"cityName":"Mpara","countryName":"Namibia"},{"cityName":"Mpanda","countryName":"Namibia"},{"cityName":"Mowebaai","countryName":"Namibia"},{"cityName":"Morester","countryName":"Namibia"},{"cityName":"Mopane Pos","countryName":"Namibia"},{"cityName":"Mooibome","countryName":"Namibia"},{"cityName":"Mongombi","countryName":"Namibia"},{"cityName":"Mondesa","countryName":"Namibia"},{"cityName":"Mittag","countryName":"Namibia"},{"cityName":"Middelpos","countryName":"Namibia"},{"cityName":"Middelbult","countryName":"Namibia"},{"cityName":"Melkpos","countryName":"Namibia"},{"cityName":"Mecklenburg","countryName":"Namibia"},{"cityName":"Mc Intyre","countryName":"Namibia"},{"cityName":"Mburuuru","countryName":"Namibia"},{"cityName":"Mbura","countryName":"Namibia"},{"cityName":"Mbunza","countryName":"Namibia"},{"cityName":"Mbumbi","countryName":"Namibia"},{"cityName":"Mbora","countryName":"Namibia"},{"cityName":"Mbome","countryName":"Namibia"},{"cityName":"Mbimbi","countryName":"Namibia"},{"cityName":"Mbango","countryName":"Namibia"},{"cityName":"Mazwa","countryName":"Namibia"},{"cityName":"Mayenzere","countryName":"Namibia"},{"cityName":"Mavhenge","countryName":"Namibia"},{"cityName":"Mavanze","countryName":"Namibia"},{"cityName":"Matende","countryName":"Namibia"},{"cityName":"Matava","countryName":"Namibia"},{"cityName":"Maroelaboom","countryName":"Namibia"},{"cityName":"Mariental","countryName":"Namibia"},{"cityName":"Maria Bronn","countryName":"Namibia"},{"cityName":"Marema","countryName":"Namibia"},{"cityName":"Manyondo","countryName":"Namibia"},{"cityName":"Mangarangandja","countryName":"Namibia"},{"cityName":"Maltahohe","countryName":"Namibia"},{"cityName":"Malabar","countryName":"Namibia"},{"cityName":"Makuzu","countryName":"Namibia"},{"cityName":"Makambu","countryName":"Namibia"},{"cityName":"Makadena","countryName":"Namibia"},{"cityName":"Mahonda","countryName":"Namibia"},{"cityName":"Madudu","countryName":"Namibia"},{"cityName":"Lyakahani","countryName":"Namibia"},{"cityName":"Lutzelhohe","countryName":"Namibia"},{"cityName":"Luginsland","countryName":"Namibia"},{"cityName":"Luderitz","countryName":"Namibia"},{"cityName":"Limbandalunga","countryName":"Namibia"},{"cityName":"Lichtenstein Mitte","countryName":"Namibia"},{"cityName":"Leonardville","countryName":"Namibia"},{"cityName":"Lekkerwater","countryName":"Namibia"},{"cityName":"Last Hope","countryName":"Namibia"},{"cityName":"Langfontein","countryName":"Namibia"},{"cityName":"Lammerwater","countryName":"Namibia"},{"cityName":"Lamhedi","countryName":"Namibia"},{"cityName":"La Gratia","countryName":"Namibia"},{"cityName":"Kyalami","countryName":"Namibia"},{"cityName":"Kwakwas","countryName":"Namibia"},{"cityName":"Kwaggaspan","countryName":"Namibia"},{"cityName":"Kuseka","countryName":"Namibia"},{"cityName":"Kumu","countryName":"Namibia"},{"cityName":"Kums","countryName":"Namibia"},{"cityName":"Kuisebpos","countryName":"Namibia"},{"cityName":"Kub","countryName":"Namibia"},{"cityName":"Kroonster","countryName":"Namibia"},{"cityName":"Kronlein","countryName":"Namibia"},{"cityName":"Kromhoek","countryName":"Namibia"},{"cityName":"Kreta","countryName":"Namibia"},{"cityName":"Kramersdorf","countryName":"Namibia"},{"cityName":"Kraaipoort","countryName":"Namibia"},{"cityName":"Kowares","countryName":"Namibia"},{"cityName":"Koukuas","countryName":"Namibia"},{"cityName":"Kosis","countryName":"Namibia"},{"cityName":"Kos","countryName":"Namibia"},{"cityName":"Korridor Pos Dertien","countryName":"Namibia"},{"cityName":"Koro","countryName":"Namibia"},{"cityName":"Korlia","countryName":"Namibia"},{"cityName":"Korhaan","countryName":"Namibia"},{"cityName":"Korabib","countryName":"Namibia"},{"cityName":"Konob Pos","countryName":"Namibia"},{"cityName":"Komnarib","countryName":"Namibia"},{"cityName":"Kombat","countryName":"Namibia"},{"cityName":"Kolmanskop","countryName":"Namibia"},{"cityName":"Koireb","countryName":"Namibia"},{"cityName":"Koes","countryName":"Namibia"},{"cityName":"Kobos","countryName":"Namibia"},{"cityName":"Koanus","countryName":"Namibia"},{"cityName":"Koam","countryName":"Namibia"},{"cityName":"Kliprant","countryName":"Namibia"},{"cityName":"Kliprand","countryName":"Namibia"},{"cityName":"Klipheuwel","countryName":"Namibia"},{"cityName":"Klipfontein","countryName":"Namibia"},{"cityName":"Klipdrift","countryName":"Namibia"},{"cityName":"Klipdam","countryName":"Namibia"},{"cityName":"Klein Windhoek","countryName":"Namibia"},{"cityName":"Kleinvaalgras","countryName":"Namibia"},{"cityName":"Klein Onnaams","countryName":"Namibia"},{"cityName":"Klein Nauas","countryName":"Namibia"},{"cityName":"Klein Kowares","countryName":"Namibia"},{"cityName":"Klein Klipneus","countryName":"Namibia"},{"cityName":"Klein Hakiesdoorn","countryName":"Namibia"},{"cityName":"Klein Chausib","countryName":"Namibia"},{"cityName":"Klein Bergveld","countryName":"Namibia"},{"cityName":"Klein Aub","countryName":"Namibia"},{"cityName":"Klein-Ais","countryName":"Namibia"},{"cityName":"Kleepforte","countryName":"Namibia"},{"cityName":"Kirschberg","countryName":"Namibia"},{"cityName":"Khowarib","countryName":"Namibia"},{"cityName":"Khorusepa","countryName":"Namibia"},{"cityName":"Khorixas","countryName":"Namibia"},{"cityName":"Khomasdal","countryName":"Namibia"},{"cityName":"Khoexas","countryName":"Namibia"},{"cityName":"Khan Mine","countryName":"Namibia"},{"cityName":"Khaais","countryName":"Namibia"},{"cityName":"Kentucky","countryName":"Namibia"},{"cityName":"Keni","countryName":"Namibia"},{"cityName":"Kelpie","countryName":"Namibia"},{"cityName":"Keimas","countryName":"Namibia"},{"cityName":"Keibeb","countryName":"Namibia"},{"cityName":"Keetmanshoop","countryName":"Namibia"},{"cityName":"Kayeura","countryName":"Namibia"},{"cityName":"Kayengona","countryName":"Namibia"},{"cityName":"Katwitwi","countryName":"Namibia"},{"cityName":"Katutura","countryName":"Namibia"},{"cityName":"Katope-Komugoro","countryName":"Namibia"},{"cityName":"Katope-ko-Mbome","countryName":"Namibia"},{"cityName":"Katope","countryName":"Namibia"},{"cityName":"Katomeno","countryName":"Namibia"},{"cityName":"Katara","countryName":"Namibia"},{"cityName":"Katanda","countryName":"Namibia"},{"cityName":"Kasote","countryName":"Namibia"},{"cityName":"Kasoro","countryName":"Namibia"},{"cityName":"Kasivi","countryName":"Namibia"},{"cityName":"Kasima","countryName":"Namibia"},{"cityName":"Kasara","countryName":"Namibia"},{"cityName":"Karuchas","countryName":"Namibia"},{"cityName":"Karo","countryName":"Namibia"},{"cityName":"Karibib","countryName":"Namibia"},{"cityName":"Karayl","countryName":"Namibia"},{"cityName":"Karayi","countryName":"Namibia"},{"cityName":"Karasburg","countryName":"Namibia"},{"cityName":"Karangana","countryName":"Namibia"},{"cityName":"Karanas","countryName":"Namibia"},{"cityName":"Karanab","countryName":"Namibia"},{"cityName":"Kapupahedi","countryName":"Namibia"},{"cityName":"Kapengwena","countryName":"Namibia"},{"cityName":"Kapenene","countryName":"Namibia"},{"cityName":"Kaparara","countryName":"Namibia"},{"cityName":"Kaoko Otavi","countryName":"Namibia"},{"cityName":"Kanzoni","countryName":"Namibia"},{"cityName":"Kanyekama","countryName":"Namibia"},{"cityName":"Kanubeb","countryName":"Namibia"},{"cityName":"Kanto","countryName":"Namibia"},{"cityName":"Kansukwa","countryName":"Namibia"},{"cityName":"Kankudi","countryName":"Namibia"},{"cityName":"Kaneb Pos","countryName":"Namibia"},{"cityName":"Kanebis","countryName":"Namibia"},{"cityName":"Kandimbe","countryName":"Namibia"},{"cityName":"Kamkam","countryName":"Namibia"},{"cityName":"Kambowo","countryName":"Namibia"},{"cityName":"Kamanjab","countryName":"Namibia"},{"cityName":"Kaltenhausen","countryName":"Namibia"},{"cityName":"Kalkrand","countryName":"Namibia"},{"cityName":"Kalkfeld","countryName":"Namibia"},{"cityName":"Kalkbron","countryName":"Namibia"},{"cityName":"Kakuwa","countryName":"Namibia"},{"cityName":"Kakoro","countryName":"Namibia"},{"cityName":"Kakatswa Onguati","countryName":"Namibia"},{"cityName":"Kais Suid","countryName":"Namibia"},{"cityName":"Kaisosi","countryName":"Namibia"},{"cityName":"Kais Noord","countryName":"Namibia"},{"cityName":"Kahenge","countryName":"Namibia"},{"cityName":"Kaguni","countryName":"Namibia"},{"cityName":"Juriesdraai","countryName":"Namibia"},{"cityName":"Jakkalsvlei","countryName":"Namibia"},{"cityName":"Isabis","countryName":"Namibia"},{"cityName":"Ingururu","countryName":"Namibia"},{"cityName":"Imkerhof","countryName":"Namibia"},{"cityName":"Iithindi","countryName":"Namibia"},{"cityName":"Iitapa","countryName":"Namibia"},{"cityName":"Iiputu","countryName":"Namibia"},{"cityName":"Iipopo","countryName":"Namibia"},{"cityName":"Iipanda","countryName":"Namibia"},{"cityName":"Iindangungu","countryName":"Namibia"},{"cityName":"Iilambo","countryName":"Namibia"},{"cityName":"Iikokla","countryName":"Namibia"},{"cityName":"Iikelo","countryName":"Namibia"},{"cityName":"Iikango","countryName":"Namibia"},{"cityName":"Iihongo","countryName":"Namibia"},{"cityName":"Iihanguti","countryName":"Namibia"},{"cityName":"Iihamyongwe","countryName":"Namibia"},{"cityName":"Huns","countryName":"Namibia"},{"cityName":"Huniams Wes","countryName":"Namibia"},{"cityName":"Huniams Oos","countryName":"Namibia"},{"cityName":"Hulde","countryName":"Namibia"},{"cityName":"Huitsib","countryName":"Namibia"},{"cityName":"Hugus","countryName":"Namibia"},{"cityName":"Hottentoten Bay","countryName":"Namibia"},{"cityName":"Horison","countryName":"Namibia"},{"cityName":"Hopefield","countryName":"Namibia"},{"cityName":"Homeb","countryName":"Namibia"},{"cityName":"Holoog","countryName":"Namibia"},{"cityName":"Holm","countryName":"Namibia"},{"cityName":"Hohenheim","countryName":"Namibia"},{"cityName":"Hohenfels","countryName":"Namibia"},{"cityName":"Hogeis","countryName":"Namibia"},{"cityName":"Hochland","countryName":"Namibia"},{"cityName":"Hochfeld","countryName":"Namibia"},{"cityName":"Hoapegas","countryName":"Namibia"},{"cityName":"Hoachanas","countryName":"Namibia"},{"cityName":"Hilton","countryName":"Namibia"},{"cityName":"Hildenhof","countryName":"Namibia"},{"cityName":"Hentiesbaai","countryName":"Namibia"},{"cityName":"Henta","countryName":"Namibia"},{"cityName":"Helmeringhausen","countryName":"Namibia"},{"cityName":"Helen","countryName":"Namibia"},{"cityName":"Heimat","countryName":"Namibia"},{"cityName":"Heidehof","countryName":"Namibia"},{"cityName":"Hefner","countryName":"Namibia"},{"cityName":"Hatsamas","countryName":"Namibia"},{"cityName":"Hartelust","countryName":"Namibia"},{"cityName":"Harmse","countryName":"Namibia"},{"cityName":"Haris","countryName":"Namibia"},{"cityName":"Haribes","countryName":"Namibia"},{"cityName":"Hardap","countryName":"Namibia"},{"cityName":"Hantam","countryName":"Namibia"},{"cityName":"Hamutenja","countryName":"Namibia"},{"cityName":"Hamoye","countryName":"Namibia"},{"cityName":"Hammerstein","countryName":"Namibia"},{"cityName":"Hamab","countryName":"Namibia"},{"cityName":"Halili","countryName":"Namibia"},{"cityName":"Haldenwang","countryName":"Namibia"},{"cityName":"Halali","countryName":"Namibia"},{"cityName":"Hakos","countryName":"Namibia"},{"cityName":"Hakiesdoorn","countryName":"Namibia"},{"cityName":"Haisisira","countryName":"Namibia"},{"cityName":"Haigamkab","countryName":"Namibia"},{"cityName":"Haib Rhenish Mission","countryName":"Namibia"},{"cityName":"Haib","countryName":"Namibia"},{"cityName":"Hadi-Aus","countryName":"Namibia"},{"cityName":"Gunkas","countryName":"Namibia"},{"cityName":"Gunib","countryName":"Namibia"},{"cityName":"Guisis","countryName":"Namibia"},{"cityName":"Guichabis","countryName":"Namibia"},{"cityName":"Grunau","countryName":"Namibia"},{"cityName":"Gross Barmen","countryName":"Namibia"},{"cityName":"Groot Schwarzkuppe","countryName":"Namibia"},{"cityName":"Grootplaats","countryName":"Namibia"},{"cityName":"Grootplaas","countryName":"Namibia"},{"cityName":"Grootfontein","countryName":"Namibia"},{"cityName":"Groot Aub","countryName":"Namibia"},{"cityName":"Groendraai","countryName":"Namibia"},{"cityName":"Grillenthal","countryName":"Namibia"},{"cityName":"Grieserau","countryName":"Namibia"},{"cityName":"Granitberg","countryName":"Namibia"},{"cityName":"Goroseb","countryName":"Namibia"},{"cityName":"Gorooab West","countryName":"Namibia"},{"cityName":"Gorooab Ost","countryName":"Namibia"},{"cityName":"Gollschau","countryName":"Namibia"},{"cityName":"Gocheganas","countryName":"Namibia"},{"cityName":"Gochas","countryName":"Namibia"},{"cityName":"Gobabis","countryName":"Namibia"},{"cityName":"Gobabeb","countryName":"Namibia"},{"cityName":"Goanikontes","countryName":"Namibia"},{"cityName":"Goabis","countryName":"Namibia"},{"cityName":"Gkamboro Settlement","countryName":"Namibia"},{"cityName":"Gibeon","countryName":"Namibia"},{"cityName":"Geigoab","countryName":"Namibia"},{"cityName":"Gcwatjinga","countryName":"Namibia"},{"cityName":"Gcwagi","countryName":"Namibia"},{"cityName":"Gcunda","countryName":"Namibia"},{"cityName":"Gcugcuma","countryName":"Namibia"},{"cityName":"Gcaruha","countryName":"Namibia"},{"cityName":"Gcaru","countryName":"Namibia"},{"cityName":"Gcama","countryName":"Namibia"},{"cityName":"Gcagcawe","countryName":"Namibia"},{"cityName":"Gawa","countryName":"Namibia"},{"cityName":"Garrettes Pos","countryName":"Namibia"},{"cityName":"Garib Ost","countryName":"Namibia"},{"cityName":"Garep","countryName":"Namibia"},{"cityName":"Gaobis","countryName":"Namibia"},{"cityName":"Ganigobes","countryName":"Namibia"},{"cityName":"Gamsberg","countryName":"Namibia"},{"cityName":"Gainachas","countryName":"Namibia"},{"cityName":"Gaibes","countryName":"Namibia"},{"cityName":"Friedental","countryName":"Namibia"},{"cityName":"Fransfontein","countryName":"Namibia"},{"cityName":"Falena","countryName":"Namibia"},{"cityName":"Fairview","countryName":"Namibia"},{"cityName":"Eunda","countryName":"Namibia"},{"cityName":"Etunda","countryName":"Namibia"},{"cityName":"Etudilondjaba","countryName":"Namibia"},{"cityName":"Etshinga","countryName":"Namibia"},{"cityName":"Etoto","countryName":"Namibia"},{"cityName":"Etope-Lya Simpungu","countryName":"Namibia"},{"cityName":"Etomba","countryName":"Namibia"},{"cityName":"Etjapa","countryName":"Namibia"},{"cityName":"Etilyasa","countryName":"Namibia"},{"cityName":"Etengwa","countryName":"Namibia"},{"cityName":"Etayi","countryName":"Namibia"},{"cityName":"Etanga","countryName":"Namibia"},{"cityName":"Etaneno","countryName":"Namibia"},{"cityName":"Etambo","countryName":"Namibia"},{"cityName":"Etale Lyeenguwa","countryName":"Namibia"},{"cityName":"Etale","countryName":"Namibia"},{"cityName":"Etakaya","countryName":"Namibia"},{"cityName":"Eshosho","countryName":"Namibia"},{"cityName":"Esheshete","countryName":"Namibia"},{"cityName":"Eshakeno","countryName":"Namibia"},{"cityName":"Eselsruhe","countryName":"Namibia"},{"cityName":"Esati","countryName":"Namibia"},{"cityName":"Erospark","countryName":"Namibia"},{"cityName":"Erindinoukambe","countryName":"Namibia"},{"cityName":"Erakarombi","countryName":"Namibia"},{"cityName":"Epyalyiipundu","countryName":"Namibia"},{"cityName":"Epupa","countryName":"Namibia"},{"cityName":"Epumbu","countryName":"Namibia"},{"cityName":"Epuku","countryName":"Namibia"},{"cityName":"Epukiro","countryName":"Namibia"},{"cityName":"Epoko","countryName":"Namibia"},{"cityName":"Epinga","countryName":"Namibia"},{"cityName":"Epembe","countryName":"Namibia"},{"cityName":"Epeke","countryName":"Namibia"},{"cityName":"Epato","countryName":"Namibia"},{"cityName":"Epata","countryName":"Namibia"},{"cityName":"Epasha","countryName":"Namibia"},{"cityName":"Epangwe","countryName":"Namibia"},{"cityName":"Epalalalinini","countryName":"Namibia"},{"cityName":"Epako","countryName":"Namibia"},{"cityName":"Eorondemba","countryName":"Namibia"},{"cityName":"Enyana","countryName":"Namibia"},{"cityName":"Enongo","countryName":"Namibia"},{"cityName":"Enoleu","countryName":"Namibia"},{"cityName":"Enoch","countryName":"Namibia"},{"cityName":"Enkundi","countryName":"Namibia"},{"cityName":"Enghandja","countryName":"Namibia"},{"cityName":"Engela","countryName":"Namibia"},{"cityName":"Endola","countryName":"Namibia"},{"cityName":"Emonso","countryName":"Namibia"},{"cityName":"Emmanuel","countryName":"Namibia"},{"cityName":"Emeritus","countryName":"Namibia"},{"cityName":"Embwende","countryName":"Namibia"},{"cityName":"Emanya","countryName":"Namibia"},{"cityName":"Elondo","countryName":"Namibia"},{"cityName":"Elombe","countryName":"Namibia"},{"cityName":"Elizenhohe","countryName":"Namibia"},{"cityName":"Elizabeth Bay","countryName":"Namibia"},{"cityName":"Elim","countryName":"Namibia"},{"cityName":"Elao","countryName":"Namibia"},{"cityName":"Elandspan","countryName":"Namibia"},{"cityName":"Elandsdraai","countryName":"Namibia"},{"cityName":"Elalangali","countryName":"Namibia"},{"cityName":"Elakalapwa","countryName":"Namibia"},{"cityName":"Ekwili","countryName":"Namibia"},{"cityName":"Ekwenye","countryName":"Namibia"},{"cityName":"Ekuli","countryName":"Namibia"},{"cityName":"Ekoko","countryName":"Namibia"},{"cityName":"Ekokalinini","countryName":"Namibia"},{"cityName":"Ekoka","countryName":"Namibia"},{"cityName":"Ekangolomuve","countryName":"Namibia"},{"cityName":"Ekango","countryName":"Namibia"},{"cityName":"Ekambo","countryName":"Namibia"},{"cityName":"Ekamba","countryName":"Namibia"},{"cityName":"Eisgaubib","countryName":"Namibia"},{"cityName":"Eirup","countryName":"Namibia"},{"cityName":"Ehongo","countryName":"Namibia"},{"cityName":"Ehomba","countryName":"Namibia"},{"cityName":"Eholongo","countryName":"Namibia"},{"cityName":"Eheke","countryName":"Namibia"},{"cityName":"Ehangano","countryName":"Namibia"},{"cityName":"Ehafo","countryName":"Namibia"},{"cityName":"Efululula","countryName":"Namibia"},{"cityName":"Efinde","countryName":"Namibia"},{"cityName":"Eeshowa","countryName":"Namibia"},{"cityName":"Eenkombo","countryName":"Namibia"},{"cityName":"Eenhana","countryName":"Namibia"},{"cityName":"Eengolo","countryName":"Namibia"},{"cityName":"Eendombe","countryName":"Namibia"},{"cityName":"Eendobe","countryName":"Namibia"},{"cityName":"Eembidi","countryName":"Namibia"},{"cityName":"Eehama","countryName":"Namibia"},{"cityName":"Edundja","countryName":"Namibia"},{"cityName":"Edoseb","countryName":"Namibia"},{"cityName":"Edilanghono","countryName":"Namibia"},{"cityName":"Ebenhaezer","countryName":"Namibia"},{"cityName":"Ebeneser","countryName":"Namibia"},{"cityName":"Duwisib","countryName":"Namibia"},{"cityName":"Duwib","countryName":"Namibia"},{"cityName":"Duurdrift Sud","countryName":"Namibia"},{"cityName":"Dusternbrook","countryName":"Namibia"},{"cityName":"Dumsis","countryName":"Namibia"},{"cityName":"Duinekraal","countryName":"Namibia"},{"cityName":"Dudu","countryName":"Namibia"},{"cityName":"Drimiopsis","countryName":"Namibia"},{"cityName":"Driemaal","countryName":"Namibia"},{"cityName":"Driehoek","countryName":"Namibia"},{"cityName":"Drei Kameelbaum","countryName":"Namibia"},{"cityName":"Dreihuk","countryName":"Namibia"},{"cityName":"Douglas","countryName":"Namibia"},{"cityName":"Dornbaum","countryName":"Namibia"},{"cityName":"Dordabis","countryName":"Namibia"},{"cityName":"Donkersan","countryName":"Namibia"},{"cityName":"Donkerhoek","countryName":"Namibia"},{"cityName":"Dobra","countryName":"Namibia"},{"cityName":"Dobegabis","countryName":"Namibia"},{"cityName":"Direlis","countryName":"Namibia"},{"cityName":"Diepputz","countryName":"Namibia"},{"cityName":"Diepkuil","countryName":"Namibia"},{"cityName":"Die Park","countryName":"Namibia"},{"cityName":"Die End","countryName":"Namibia"},{"cityName":"De Villiersputs","countryName":"Namibia"},{"cityName":"De Start","countryName":"Namibia"},{"cityName":"Desi","countryName":"Namibia"},{"cityName":"Derm","countryName":"Namibia"},{"cityName":"Deo-Volente","countryName":"Namibia"},{"cityName":"Denarius","countryName":"Namibia"},{"cityName":"Daweb","countryName":"Namibia"},{"cityName":"Davignab Suid","countryName":"Namibia"},{"cityName":"Dakwa","countryName":"Namibia"},{"cityName":"Dagbreek","countryName":"Namibia"},{"cityName":"Dabegabis","countryName":"Namibia"},{"cityName":"Cuseva","countryName":"Namibia"},{"cityName":"Corona","countryName":"Namibia"},{"cityName":"Constantia","countryName":"Namibia"},{"cityName":"Coblenz","countryName":"Namibia"},{"cityName":"Coas","countryName":"Namibia"},{"cityName":"Claratal","countryName":"Namibia"},{"cityName":"Chrisjansputs","countryName":"Namibia"},{"cityName":"Chausib","countryName":"Namibia"},{"cityName":"Charliesputs","countryName":"Namibia"},{"cityName":"Cha-re","countryName":"Namibia"},{"cityName":"Chaibis","countryName":"Namibia"},{"cityName":"Cape Cross","countryName":"Namibia"},{"cityName":"Cambells Aub","countryName":"Namibia"},{"cityName":"Bulskop","countryName":"Namibia"},{"cityName":"Bulhoek","countryName":"Namibia"},{"cityName":"Buitepos","countryName":"Namibia"},{"cityName":"Bruinheuwel","countryName":"Namibia"},{"cityName":"Brigadoon","countryName":"Namibia"},{"cityName":"Brack","countryName":"Namibia"},{"cityName":"Boomplaas","countryName":"Namibia"},{"cityName":"Bonna","countryName":"Namibia"},{"cityName":"Bokiesbank Ost","countryName":"Namibia"},{"cityName":"Bodenhausen","countryName":"Namibia"},{"cityName":"Blydeverwacht","countryName":"Namibia"},{"cityName":"Blouwes","countryName":"Namibia"},{"cityName":"Blouputz","countryName":"Namibia"},{"cityName":"Bloukrans","countryName":"Namibia"},{"cityName":"Blokwater","countryName":"Namibia"},{"cityName":"Blignaut","countryName":"Namibia"},{"cityName":"Birkenfels","countryName":"Namibia"},{"cityName":"Binsenheim","countryName":"Namibia"},{"cityName":"Bethlehem","countryName":"Namibia"},{"cityName":"Bethanie","countryName":"Namibia"},{"cityName":"Bethal","countryName":"Namibia"},{"cityName":"Berseba","countryName":"Namibia"},{"cityName":"Bergveld","countryName":"Namibia"},{"cityName":"Bergquell","countryName":"Namibia"},{"cityName":"Berghof","countryName":"Namibia"},{"cityName":"Behr","countryName":"Namibia"},{"cityName":"Beenbreek","countryName":"Namibia"},{"cityName":"Bam se Pos","countryName":"Namibia"},{"cityName":"Austerlitz","countryName":"Namibia"},{"cityName":"Aus","countryName":"Namibia"},{"cityName":"Aurus","countryName":"Namibia"},{"cityName":"Arona","countryName":"Namibia"},{"cityName":"Aroams Oos","countryName":"Namibia"},{"cityName":"Aroams","countryName":"Namibia"},{"cityName":"Aroab","countryName":"Namibia"},{"cityName":"Arizona","countryName":"Namibia"},{"cityName":"Arixa Ams","countryName":"Namibia"},{"cityName":"Aris","countryName":"Namibia"},{"cityName":"Ariamsvlei","countryName":"Namibia"},{"cityName":"Ariamab","countryName":"Namibia"},{"cityName":"Arbeidsloon","countryName":"Namibia"},{"cityName":"Arbeidsgenot","countryName":"Namibia"},{"cityName":"Aranos","countryName":"Namibia"},{"cityName":"Arandis","countryName":"Namibia"},{"cityName":"Arabia","countryName":"Namibia"},{"cityName":"Antheap Milepost","countryName":"Namibia"},{"cityName":"Anker","countryName":"Namibia"},{"cityName":"Anixab","countryName":"Namibia"},{"cityName":"Anichab","countryName":"Namibia"},{"cityName":"Angras Juntas","countryName":"Namibia"},{"cityName":"Anamulenge","countryName":"Namibia"},{"cityName":"Amweepele","countryName":"Namibia"},{"cityName":"Amwaanda","countryName":"Namibia"},{"cityName":"Amuteya","countryName":"Namibia"},{"cityName":"Amutanga","countryName":"Namibia"},{"cityName":"Amukulungundju","countryName":"Namibia"},{"cityName":"Aminuis","countryName":"Namibia"},{"cityName":"Amilema","countryName":"Namibia"},{"cityName":"Ambende","countryName":"Namibia"},{"cityName":"Amasbank","countryName":"Namibia"},{"cityName":"Amarika","countryName":"Namibia"},{"cityName":"Amakange","countryName":"Namibia"},{"cityName":"Amaadhala","countryName":"Namibia"},{"cityName":"Aluriesfontein","countryName":"Namibia"},{"cityName":"Alt-Seeis","countryName":"Namibia"},{"cityName":"Akweenyanga","countryName":"Namibia"},{"cityName":"Akutsima","countryName":"Namibia"},{"cityName":"Aida","countryName":"Namibia"},{"cityName":"Ai-Ais","countryName":"Namibia"},{"cityName":"Affenrucken","countryName":"Namibia"},{"cityName":"Achab","countryName":"Namibia"},{"cityName":"Academia","countryName":"Namibia"},{"cityName":"Abenab","countryName":"Namibia"},{"cityName":"Abbabis","countryName":"Namibia"},{"cityName":"Walvis Bay","countryName":"Namibia"},{"cityName":"Rooibank","countryName":"Namibia"},{"cityName":"Rand Rifles","countryName":"Namibia"},{"cityName":"Narraville","countryName":"Namibia"},{"cityName":"Meersig","countryName":"Namibia"},{"cityName":"Kuisebmond","countryName":"Namibia"},{"cityName":"Uutapi","countryName":"Namibia"},{"cityName":"Neudam","countryName":"Namibia"},{"cityName":"Lafrenz Township","countryName":"Namibia"},{"cityName":"Elisenheim","countryName":"Namibia"},{"cityName":"Ludwigsdorf","countryName":"Namibia"},{"cityName":"Eros","countryName":"Namibia"},{"cityName":"Windhoek Noord","countryName":"Namibia"},{"cityName":"Augustinium","countryName":"Namibia"},{"cityName":"Protea","countryName":"Namibia"},{"cityName":"Olympia","countryName":"Namibia"},{"cityName":"Suider Hof","countryName":"Namibia"},{"cityName":"Avis","countryName":"Namibia"},{"cityName":"Willemshof","countryName":"Namibia"},{"cityName":"Middelhof","countryName":"Namibia"},{"cityName":"Anelda Woonstel","countryName":"Namibia"},{"cityName":"Anelda","countryName":"Namibia"},{"cityName":"DeoVilla Self Catering Accommdation","countryName":"Namibia"},{"cityName":"Rosh Pinah","countryName":"Namibia"},{"cityName":"Okashana Kelao","countryName":"Namibia"}]