[{"cityName":"Zoze","countryName":"New Caledonia"},{"cityName":"Yenghebane","countryName":"New Caledonia"},{"cityName":"Yate-Village","countryName":"New Caledonia"},{"cityName":"Yate-Barrage","countryName":"New Caledonia"},{"cityName":"Yambe","countryName":"New Caledonia"},{"cityName":"Yahoue","countryName":"New Caledonia"},{"cityName":"Wiwatoul","countryName":"New Caledonia"},{"cityName":"Winikuye","countryName":"New Caledonia"},{"cityName":"Wenghe","countryName":"New Caledonia"},{"cityName":"Weneki","countryName":"New Caledonia"},{"cityName":"Wedoumel","countryName":"New Caledonia"},{"cityName":"Wea","countryName":"New Caledonia"},{"cityName":"We","countryName":"New Caledonia"},{"cityName":"Watahu","countryName":"New Caledonia"},{"cityName":"Wassagne","countryName":"New Caledonia"},{"cityName":"Wassadieuhu","countryName":"New Caledonia"},{"cityName":"Wara","countryName":"New Caledonia"},{"cityName":"Wapan","countryName":"New Caledonia"},{"cityName":"Wanap","countryName":"New Caledonia"},{"cityName":"Wala","countryName":"New Caledonia"},{"cityName":"Wakuarori","countryName":"New Caledonia"},{"cityName":"Wakone","countryName":"New Caledonia"},{"cityName":"Wakat","countryName":"New Caledonia"},{"cityName":"Yate","countryName":"New Caledonia"},{"cityName":"Wagap","countryName":"New Caledonia"},{"cityName":"Wadrilla","countryName":"New Caledonia"},{"cityName":"Wacamadra","countryName":"New Caledonia"},{"cityName":"Wabao","countryName":"New Caledonia"},{"cityName":"Voh","countryName":"New Caledonia"},{"cityName":"Vieux-Touho","countryName":"New Caledonia"},{"cityName":"Vao","countryName":"New Caledonia"},{"cityName":"Vallee du Tir","countryName":"New Caledonia"},{"cityName":"Vallee du Genie","countryName":"New Caledonia"},{"cityName":"Vallee des Colons","countryName":"New Caledonia"},{"cityName":"Tunney","countryName":"New Caledonia"},{"cityName":"Tuho","countryName":"New Caledonia"},{"cityName":"Tu","countryName":"New Caledonia"},{"cityName":"Tsendia","countryName":"New Caledonia"},{"cityName":"Troulala","countryName":"New Caledonia"},{"cityName":"Tregon","countryName":"New Caledonia"},{"cityName":"Trapour","countryName":"New Caledonia"},{"cityName":"Toul","countryName":"New Caledonia"},{"cityName":"Touho","countryName":"New Caledonia"},{"cityName":"Touaourou","countryName":"New Caledonia"},{"cityName":"Tonlon","countryName":"New Caledonia"},{"cityName":"Tongouin","countryName":"New Caledonia"},{"cityName":"Tonghoue","countryName":"New Caledonia"},{"cityName":"Tonga","countryName":"New Caledonia"},{"cityName":"Tomo","countryName":"New Caledonia"},{"cityName":"Toen","countryName":"New Caledonia"},{"cityName":"Tiwaka","countryName":"New Caledonia"},{"cityName":"Tiponite","countryName":"New Caledonia"},{"cityName":"Tipindje","countryName":"New Caledonia"},{"cityName":"Tiouande","countryName":"New Caledonia"},{"cityName":"Tiouamak","countryName":"New Caledonia"},{"cityName":"Tiouae","countryName":"New Caledonia"},{"cityName":"Tinip","countryName":"New Caledonia"},{"cityName":"Tingeting","countryName":"New Caledonia"},{"cityName":"Tindo","countryName":"New Caledonia"},{"cityName":"Tindea","countryName":"New Caledonia"},{"cityName":"Timothee","countryName":"New Caledonia"},{"cityName":"Timbia","countryName":"New Caledonia"},{"cityName":"Tilwit","countryName":"New Caledonia"},{"cityName":"Tilougne","countryName":"New Caledonia"},{"cityName":"Tieti","countryName":"New Caledonia"},{"cityName":"Tieta","countryName":"New Caledonia"},{"cityName":"Tiendanite","countryName":"New Caledonia"},{"cityName":"Tiebaghi","countryName":"New Caledonia"},{"cityName":"Tie","countryName":"New Caledonia"},{"cityName":"Tibarama","countryName":"New Caledonia"},{"cityName":"Tiari","countryName":"New Caledonia"},{"cityName":"Tiare","countryName":"New Caledonia"},{"cityName":"Tiaou-Tiwaka","countryName":"New Caledonia"},{"cityName":"Tiaoue","countryName":"New Caledonia"},{"cityName":"Tiamou","countryName":"New Caledonia"},{"cityName":"Tiakana","countryName":"New Caledonia"},{"cityName":"Tiabet","countryName":"New Caledonia"},{"cityName":"Tia","countryName":"New Caledonia"},{"cityName":"Thum","countryName":"New Caledonia"},{"cityName":"Thuahaik","countryName":"New Caledonia"},{"cityName":"Thonon","countryName":"New Caledonia"},{"cityName":"Thogone","countryName":"New Caledonia"},{"cityName":"Thio","countryName":"New Caledonia"},{"cityName":"Teouta","countryName":"New Caledonia"},{"cityName":"Tenjai","countryName":"New Caledonia"},{"cityName":"Tenem","countryName":"New Caledonia"},{"cityName":"Tendo","countryName":"New Caledonia"},{"cityName":"Tenda","countryName":"New Caledonia"},{"cityName":"Tenane","countryName":"New Caledonia"},{"cityName":"Temeline","countryName":"New Caledonia"},{"cityName":"Temala","countryName":"New Caledonia"},{"cityName":"Teganpaik","countryName":"New Caledonia"},{"cityName":"Tchaule","countryName":"New Caledonia"},{"cityName":"Tchambouenne","countryName":"New Caledonia"},{"cityName":"Tchamba","countryName":"New Caledonia"},{"cityName":"Tawainedre","countryName":"New Caledonia"},{"cityName":"Tarbeville","countryName":"New Caledonia"},{"cityName":"Tarap","countryName":"New Caledonia"},{"cityName":"Taradi","countryName":"New Caledonia"},{"cityName":"Taom","countryName":"New Caledonia"},{"cityName":"Taode","countryName":"New Caledonia"},{"cityName":"Tao","countryName":"New Caledonia"},{"cityName":"Takedji","countryName":"New Caledonia"},{"cityName":"Taite","countryName":"New Caledonia"},{"cityName":"Tadine","countryName":"New Caledonia"},{"cityName":"Taanlo","countryName":"New Caledonia"},{"cityName":"Station Ouaneko","countryName":"New Caledonia"},{"cityName":"Station de Ta","countryName":"New Caledonia"},{"cityName":"Station de Mueo","countryName":"New Caledonia"},{"cityName":"Station de Beaupre","countryName":"New Caledonia"},{"cityName":"Station Castex","countryName":"New Caledonia"},{"cityName":"Siloam","countryName":"New Caledonia"},{"cityName":"Shuane","countryName":"New Caledonia"},{"cityName":"Shoup","countryName":"New Caledonia"},{"cityName":"Sarramea","countryName":"New Caledonia"},{"cityName":"Saint-Yves","countryName":"New Caledonia"},{"cityName":"Saint-Vincent","countryName":"New Caledonia"},{"cityName":"Saint-Thomas","countryName":"New Caledonia"},{"cityName":"Saint-Roch","countryName":"New Caledonia"},{"cityName":"Saint-Pierre","countryName":"New Caledonia"},{"cityName":"Saint-Philippe II","countryName":"New Caledonia"},{"cityName":"Saint-Philippe I","countryName":"New Caledonia"},{"cityName":"Saint-Paul","countryName":"New Caledonia"},{"cityName":"Saint-Michel","countryName":"New Caledonia"},{"cityName":"Saint-Louis","countryName":"New Caledonia"},{"cityName":"Saint-Leonard","countryName":"New Caledonia"},{"cityName":"Saint-Joseph","countryName":"New Caledonia"},{"cityName":"Saint-Joachim","countryName":"New Caledonia"},{"cityName":"Saint-Jean-Baptiste","countryName":"New Caledonia"},{"cityName":"Saint-Gabriel","countryName":"New Caledonia"},{"cityName":"Saint-Francois","countryName":"New Caledonia"},{"cityName":"Saint-Ferdinand","countryName":"New Caledonia"},{"cityName":"Sainte-Therese","countryName":"New Caledonia"},{"cityName":"Sainte-Marie","countryName":"New Caledonia"},{"cityName":"Sainte-Anne","countryName":"New Caledonia"},{"cityName":"Saint-Denis","countryName":"New Caledonia"},{"cityName":"Saint-Adolphe","countryName":"New Caledonia"},{"cityName":"Ruete","countryName":"New Caledonia"},{"cityName":"Roibahon","countryName":"New Caledonia"},{"cityName":"Roi","countryName":"New Caledonia"},{"cityName":"Rho","countryName":"New Caledonia"},{"cityName":"Rawa","countryName":"New Caledonia"},{"cityName":"Prony","countryName":"New Caledonia"},{"cityName":"Poya","countryName":"New Caledonia"},{"cityName":"Poum-Titch","countryName":"New Caledonia"},{"cityName":"Poum-Plage","countryName":"New Caledonia"},{"cityName":"Poum","countryName":"New Caledonia"},{"cityName":"Pouiou","countryName":"New Caledonia"},{"cityName":"Pouiembeng","countryName":"New Caledonia"},{"cityName":"Pouepai","countryName":"New Caledonia"},{"cityName":"Poueo","countryName":"New Caledonia"},{"cityName":"Pouene","countryName":"New Caledonia"},{"cityName":"Pouendiap","countryName":"New Caledonia"},{"cityName":"Pouembout","countryName":"New Caledonia"},{"cityName":"Poue Koue","countryName":"New Caledonia"},{"cityName":"Pouedjane Maladj","countryName":"New Caledonia"},{"cityName":"Pouebo","countryName":"New Caledonia"},{"cityName":"Pouebadou","countryName":"New Caledonia"},{"cityName":"Pothe","countryName":"New Caledonia"},{"cityName":"Port Said","countryName":"New Caledonia"},{"cityName":"Poro","countryName":"New Caledonia"},{"cityName":"Popidery","countryName":"New Caledonia"},{"cityName":"Pont des Francais","countryName":"New Caledonia"},{"cityName":"Ponibok","countryName":"New Caledonia"},{"cityName":"Ponerihouen","countryName":"New Caledonia"},{"cityName":"Pombei","countryName":"New Caledonia"},{"cityName":"Poindimie","countryName":"New Caledonia"},{"cityName":"Poinda","countryName":"New Caledonia"},{"cityName":"Poet","countryName":"New Caledonia"},{"cityName":"Pocquereux","countryName":"New Caledonia"},{"cityName":"Po","countryName":"New Caledonia"},{"cityName":"Plum","countryName":"New Caledonia"},{"cityName":"Plaine aux Cailloux","countryName":"New Caledonia"},{"cityName":"Pinjen","countryName":"New Caledonia"},{"cityName":"Pindache","countryName":"New Caledonia"},{"cityName":"Pilmango","countryName":"New Caledonia"},{"cityName":"Pierra","countryName":"New Caledonia"},{"cityName":"Peyece","countryName":"New Caledonia"},{"cityName":"Pewaete","countryName":"New Caledonia"},{"cityName":"Petit Mone","countryName":"New Caledonia"},{"cityName":"Petit Gouli","countryName":"New Caledonia"},{"cityName":"Petit-Borindi","countryName":"New Caledonia"},{"cityName":"Perlou","countryName":"New Caledonia"},{"cityName":"Peorawa","countryName":"New Caledonia"},{"cityName":"Penisi","countryName":"New Caledonia"},{"cityName":"Penelo","countryName":"New Caledonia"},{"cityName":"Pelaoui","countryName":"New Caledonia"},{"cityName":"Pede","countryName":"New Caledonia"},{"cityName":"Pave","countryName":"New Caledonia"},{"cityName":"Patho","countryName":"New Caledonia"},{"cityName":"Paraouye","countryName":"New Caledonia"},{"cityName":"Paraoua","countryName":"New Caledonia"},{"cityName":"Parahoui","countryName":"New Caledonia"},{"cityName":"Papale","countryName":"New Caledonia"},{"cityName":"Paouta","countryName":"New Caledonia"},{"cityName":"Paop","countryName":"New Caledonia"},{"cityName":"Paola","countryName":"New Caledonia"},{"cityName":"Panouma","countryName":"New Caledonia"},{"cityName":"Panie","countryName":"New Caledonia"},{"cityName":"Pangou","countryName":"New Caledonia"},{"cityName":"Panane","countryName":"New Caledonia"},{"cityName":"Panaki","countryName":"New Caledonia"},{"cityName":"Pambou","countryName":"New Caledonia"},{"cityName":"Pam","countryName":"New Caledonia"},{"cityName":"Paita","countryName":"New Caledonia"},{"cityName":"Pairome","countryName":"New Caledonia"},{"cityName":"Paimboas","countryName":"New Caledonia"},{"cityName":"Pagou","countryName":"New Caledonia"},{"cityName":"Pabou","countryName":"New Caledonia"},{"cityName":"Paama","countryName":"New Caledonia"},{"cityName":"Paalo","countryName":"New Caledonia"},{"cityName":"Paagoumene","countryName":"New Caledonia"},{"cityName":"Ouyaguette","countryName":"New Caledonia"},{"cityName":"Ouroue","countryName":"New Caledonia"},{"cityName":"Ouro","countryName":"New Caledonia"},{"cityName":"Ouo","countryName":"New Caledonia"},{"cityName":"Oundjo","countryName":"New Caledonia"},{"cityName":"Ounao","countryName":"New Caledonia"},{"cityName":"Oumbaina","countryName":"New Caledonia"},{"cityName":"Ouloup","countryName":"New Caledonia"},{"cityName":"Ouitchamba","countryName":"New Caledonia"},{"cityName":"Ouipouin","countryName":"New Caledonia"},{"cityName":"Ouingo","countryName":"New Caledonia"},{"cityName":"Ouindo","countryName":"New Caledonia"},{"cityName":"Ouinane","countryName":"New Caledonia"},{"cityName":"Ouessoin","countryName":"New Caledonia"},{"cityName":"Oueroupime","countryName":"New Caledonia"},{"cityName":"Ouenpoues","countryName":"New Caledonia"},{"cityName":"Ouenia","countryName":"New Caledonia"},{"cityName":"Ouenguip","countryName":"New Caledonia"},{"cityName":"Ouengo-Poueai","countryName":"New Caledonia"},{"cityName":"Ouene","countryName":"New Caledonia"},{"cityName":"Ouendji","countryName":"New Caledonia"},{"cityName":"Ouende","countryName":"New Caledonia"},{"cityName":"Ouena","countryName":"New Caledonia"},{"cityName":"Ouemou","countryName":"New Caledonia"},{"cityName":"Ouelis","countryName":"New Caledonia"},{"cityName":"Oueholle","countryName":"New Caledonia"},{"cityName":"Oue Hava","countryName":"New Caledonia"},{"cityName":"Ouegoa","countryName":"New Caledonia"},{"cityName":"Ouebia","countryName":"New Caledonia"},{"cityName":"Oubatche","countryName":"New Caledonia"},{"cityName":"Oua Tom","countryName":"New Caledonia"},{"cityName":"Ouate","countryName":"New Caledonia"},{"cityName":"Ouasse","countryName":"New Caledonia"},{"cityName":"Ouarenndi","countryName":"New Caledonia"},{"cityName":"Ouare","countryName":"New Caledonia"},{"cityName":"Ouarap","countryName":"New Caledonia"},{"cityName":"Ouara","countryName":"New Caledonia"},{"cityName":"Ouapan","countryName":"New Caledonia"},{"cityName":"Oua-Oue","countryName":"New Caledonia"},{"cityName":"Ouan Kout","countryName":"New Caledonia"},{"cityName":"Ouanap II","countryName":"New Caledonia"},{"cityName":"Ouanap I","countryName":"New Caledonia"},{"cityName":"Ouanane","countryName":"New Caledonia"},{"cityName":"Ouanache","countryName":"New Caledonia"},{"cityName":"Ouameo","countryName":"New Caledonia"},{"cityName":"Ouameni","countryName":"New Caledonia"},{"cityName":"Ouamba","countryName":"New Caledonia"},{"cityName":"Oualanga","countryName":"New Caledonia"},{"cityName":"Ouakaya","countryName":"New Caledonia"},{"cityName":"Ouaieme","countryName":"New Caledonia"},{"cityName":"Ouahat","countryName":"New Caledonia"},{"cityName":"Ouaene","countryName":"New Caledonia"},{"cityName":"Ouaco","countryName":"New Caledonia"},{"cityName":"Ono","countryName":"New Caledonia"},{"cityName":"Ometteux","countryName":"New Caledonia"},{"cityName":"Olane","countryName":"New Caledonia"},{"cityName":"Ogne","countryName":"New Caledonia"},{"cityName":"Ognat","countryName":"New Caledonia"},{"cityName":"Ognahu","countryName":"New Caledonia"},{"cityName":"Nouville","countryName":"New Caledonia"},{"cityName":"Noumea","countryName":"New Caledonia"},{"cityName":"Normandie","countryName":"New Caledonia"},{"cityName":"Nonhoue","countryName":"New Caledonia"},{"cityName":"Nomoudja","countryName":"New Caledonia"},{"cityName":"Noet","countryName":"New Caledonia"},{"cityName":"Noeli","countryName":"New Caledonia"},{"cityName":"Niri","countryName":"New Caledonia"},{"cityName":"Nindiah","countryName":"New Caledonia"},{"cityName":"Nimbaye","countryName":"New Caledonia"},{"cityName":"Nimaha","countryName":"New Caledonia"},{"cityName":"Nili","countryName":"New Caledonia"},{"cityName":"Niere","countryName":"New Caledonia"},{"cityName":"Nidenode","countryName":"New Caledonia"},{"cityName":"Ni","countryName":"New Caledonia"},{"cityName":"Neya","countryName":"New Caledonia"},{"cityName":"Nevaho","countryName":"New Caledonia"},{"cityName":"Netea","countryName":"New Caledonia"},{"cityName":"Netchaot","countryName":"New Caledonia"},{"cityName":"Nesson","countryName":"New Caledonia"},{"cityName":"Nessapoue","countryName":"New Caledonia"},{"cityName":"Nessa Kouya","countryName":"New Caledonia"},{"cityName":"Nessadiou","countryName":"New Caledonia"},{"cityName":"Nerin","countryName":"New Caledonia"},{"cityName":"Nera","countryName":"New Caledonia"},{"cityName":"Nepoui","countryName":"New Caledonia"},{"cityName":"Nepou","countryName":"New Caledonia"},{"cityName":"Neouta","countryName":"New Caledonia"},{"cityName":"Neouio","countryName":"New Caledonia"},{"cityName":"Neoua","countryName":"New Caledonia"},{"cityName":"Nemengui","countryName":"New Caledonia"},{"cityName":"Nemeara","countryName":"New Caledonia"},{"cityName":"Nekoue","countryName":"New Caledonia"},{"cityName":"Nekliai","countryName":"New Caledonia"},{"cityName":"Negropo","countryName":"New Caledonia"},{"cityName":"Nedivin","countryName":"New Caledonia"},{"cityName":"Nediouen","countryName":"New Caledonia"},{"cityName":"Netieh","countryName":"New Caledonia"},{"cityName":"Neboueba","countryName":"New Caledonia"},{"cityName":"Neavin","countryName":"New Caledonia"},{"cityName":"Nearia","countryName":"New Caledonia"},{"cityName":"Neaoua","countryName":"New Caledonia"},{"cityName":"Neami","countryName":"New Caledonia"},{"cityName":"Ndji","countryName":"New Caledonia"},{"cityName":"Nde","countryName":"New Caledonia"},{"cityName":"Nato","countryName":"New Caledonia"},{"cityName":"Nathalo","countryName":"New Caledonia"},{"cityName":"Natchaom","countryName":"New Caledonia"},{"cityName":"Natae","countryName":"New Caledonia"},{"cityName":"Nassirah","countryName":"New Caledonia"},{"cityName":"Nassandou","countryName":"New Caledonia"},{"cityName":"Napoemien","countryName":"New Caledonia"},{"cityName":"Nanon","countryName":"New Caledonia"},{"cityName":"Naniouni","countryName":"New Caledonia"},{"cityName":"Nang","countryName":"New Caledonia"},{"cityName":"Nanemuhata","countryName":"New Caledonia"},{"cityName":"Camp de Nandai","countryName":"New Caledonia"},{"cityName":"Nanawa","countryName":"New Caledonia"},{"cityName":"Namemehu","countryName":"New Caledonia"},{"cityName":"Namelagat","countryName":"New Caledonia"},{"cityName":"Namamate","countryName":"New Caledonia"},{"cityName":"Nakutakoin","countryName":"New Caledonia"},{"cityName":"Nakety","countryName":"New Caledonia"},{"cityName":"Naia","countryName":"New Caledonia"},{"cityName":"Mutchaweng","countryName":"New Caledonia"},{"cityName":"Mouly","countryName":"New Caledonia"},{"cityName":"Mouane","countryName":"New Caledonia"},{"cityName":"Mou","countryName":"New Caledonia"},{"cityName":"Montfaoue","countryName":"New Caledonia"},{"cityName":"Mont-Dore","countryName":"New Caledonia"},{"cityName":"Moneo","countryName":"New Caledonia"},{"cityName":"Momea","countryName":"New Caledonia"},{"cityName":"Moindou","countryName":"New Caledonia"},{"cityName":"Moindah","countryName":"New Caledonia"},{"cityName":"Miramas","countryName":"New Caledonia"},{"cityName":"Mia","countryName":"New Caledonia"},{"cityName":"Mevegon","countryName":"New Caledonia"},{"cityName":"Meoui","countryName":"New Caledonia"},{"cityName":"Meomo","countryName":"New Caledonia"},{"cityName":"Menereme","countryName":"New Caledonia"},{"cityName":"Menaku","countryName":"New Caledonia"},{"cityName":"Mehoue","countryName":"New Caledonia"},{"cityName":"Medu","countryName":"New Caledonia"},{"cityName":"Medaouya","countryName":"New Caledonia"},{"cityName":"Mechin","countryName":"New Caledonia"},{"cityName":"Mebuet","countryName":"New Caledonia"},{"cityName":"Meareu","countryName":"New Caledonia"},{"cityName":"Meare","countryName":"New Caledonia"},{"cityName":"Mea-Mebara","countryName":"New Caledonia"},{"cityName":"Me","countryName":"New Caledonia"},{"cityName":"Manguine","countryName":"New Caledonia"},{"cityName":"Mangou","countryName":"New Caledonia"},{"cityName":"Maneko","countryName":"New Caledonia"},{"cityName":"Mamie","countryName":"New Caledonia"},{"cityName":"Malhec","countryName":"New Caledonia"},{"cityName":"Malabou","countryName":"New Caledonia"},{"cityName":"Maina","countryName":"New Caledonia"},{"cityName":"Mahamate","countryName":"New Caledonia"},{"cityName":"Luengoni","countryName":"New Caledonia"},{"cityName":"Luecilla","countryName":"New Caledonia"},{"cityName":"Louneou","countryName":"New Caledonia"},{"cityName":"Lot","countryName":"New Caledonia"},{"cityName":"Lo","countryName":"New Caledonia"},{"cityName":"Lion","countryName":"New Caledonia"},{"cityName":"Linderalique","countryName":"New Caledonia"},{"cityName":"Limite","countryName":"New Caledonia"},{"cityName":"Les Pirogues","countryName":"New Caledonia"},{"cityName":"Les Charmes","countryName":"New Caledonia"},{"cityName":"Lekine","countryName":"New Caledonia"},{"cityName":"Le Gabe","countryName":"New Caledonia"},{"cityName":"Le Cresson","countryName":"New Caledonia"},{"cityName":"Le Caillou","countryName":"New Caledonia"},{"cityName":"La Tarodiere","countryName":"New Caledonia"},{"cityName":"La Roche","countryName":"New Caledonia"},{"cityName":"La Residence","countryName":"New Caledonia"},{"cityName":"La Medouya","countryName":"New Caledonia"},{"cityName":"La Foa","countryName":"New Caledonia"},{"cityName":"La Couvelee","countryName":"New Caledonia"},{"cityName":"La Coulee","countryName":"New Caledonia"},{"cityName":"La Bouverie","countryName":"New Caledonia"},{"cityName":"Kuto","countryName":"New Caledonia"},{"cityName":"Kurin","countryName":"New Caledonia"},{"cityName":"Kuine","countryName":"New Caledonia"},{"cityName":"Kuenthio","countryName":"New Caledonia"},{"cityName":"Koutio-Koueta","countryName":"New Caledonia"},{"cityName":"Koumo","countryName":"New Caledonia"},{"cityName":"Koumac","countryName":"New Caledonia"},{"cityName":"Koum","countryName":"New Caledonia"},{"cityName":"Koulnoue","countryName":"New Caledonia"},{"cityName":"Kouarga","countryName":"New Caledonia"},{"cityName":"Kouare","countryName":"New Caledonia"},{"cityName":"Kouaoua","countryName":"New Caledonia"},{"cityName":"Koua","countryName":"New Caledonia"},{"cityName":"Kopelia","countryName":"New Caledonia"},{"cityName":"Koout","countryName":"New Caledonia"},{"cityName":"Konoe-Chaoue","countryName":"New Caledonia"},{"cityName":"Konio","countryName":"New Caledonia"},{"cityName":"Koniambo","countryName":"New Caledonia"},{"cityName":"Kone","countryName":"New Caledonia"},{"cityName":"Koligoh-Gomen","countryName":"New Caledonia"},{"cityName":"Kokengone","countryName":"New Caledonia"},{"cityName":"Koinde","countryName":"New Caledonia"},{"cityName":"Koh","countryName":"New Caledonia"},{"cityName":"Koe","countryName":"New Caledonia"},{"cityName":"Kode","countryName":"New Caledonia"},{"cityName":"Kirinata","countryName":"New Caledonia"},{"cityName":"Kikoe","countryName":"New Caledonia"},{"cityName":"Keziene","countryName":"New Caledonia"},{"cityName":"Kere","countryName":"New Caledonia"},{"cityName":"Kenerou","countryName":"New Caledonia"},{"cityName":"Kedeigne","countryName":"New Caledonia"},{"cityName":"Kavatch","countryName":"New Caledonia"},{"cityName":"Katrikoin","countryName":"New Caledonia"},{"cityName":"Kasouri","countryName":"New Caledonia"},{"cityName":"Karenga","countryName":"New Caledonia"},{"cityName":"Karembe","countryName":"New Caledonia"},{"cityName":"Karagreu","countryName":"New Caledonia"},{"cityName":"Kapoue","countryName":"New Caledonia"},{"cityName":"Kaora","countryName":"New Caledonia"},{"cityName":"Kanono","countryName":"New Caledonia"},{"cityName":"Kamoui","countryName":"New Caledonia"},{"cityName":"Kame","countryName":"New Caledonia"},{"cityName":"Kalene","countryName":"New Caledonia"},{"cityName":"Kaledicta","countryName":"New Caledonia"},{"cityName":"Kako","countryName":"New Caledonia"},{"cityName":"Kaewatine","countryName":"New Caledonia"},{"cityName":"Kabeyourou","countryName":"New Caledonia"},{"cityName":"Kaala-Gomen","countryName":"New Caledonia"},{"cityName":"Juvenat Sainte-Therese","countryName":"New Caledonia"},{"cityName":"Inagod","countryName":"New Caledonia"},{"cityName":"Ina","countryName":"New Caledonia"},{"cityName":"Hunete","countryName":"New Caledonia"},{"cityName":"Houts","countryName":"New Caledonia"},{"cityName":"Houone","countryName":"New Caledonia"},{"cityName":"Houailou","countryName":"New Caledonia"},{"cityName":"Honem","countryName":"New Caledonia"},{"cityName":"Ho","countryName":"New Caledonia"},{"cityName":"Hnawayece","countryName":"New Caledonia"},{"cityName":"Hnasse","countryName":"New Caledonia"},{"cityName":"Hnapalou","countryName":"New Caledonia"},{"cityName":"Hnaeu","countryName":"New Caledonia"},{"cityName":"Hnaenede","countryName":"New Caledonia"},{"cityName":"Hnadid","countryName":"New Caledonia"},{"cityName":"Hmelek","countryName":"New Caledonia"},{"cityName":"Hienghene","countryName":"New Caledonia"},{"cityName":"Havila","countryName":"New Caledonia"},{"cityName":"Haute Tamoa","countryName":"New Caledonia"},{"cityName":"Haute Poueo","countryName":"New Caledonia"},{"cityName":"Haute Couvelee","countryName":"New Caledonia"},{"cityName":"Haut-Coulna","countryName":"New Caledonia"},{"cityName":"Hapetra","countryName":"New Caledonia"},{"cityName":"Haouli","countryName":"New Caledonia"},{"cityName":"Guehi","countryName":"New Caledonia"},{"cityName":"Grondu","countryName":"New Caledonia"},{"cityName":"Grombaou","countryName":"New Caledonia"},{"cityName":"Grochain","countryName":"New Caledonia"},{"cityName":"Grand Gouli","countryName":"New Caledonia"},{"cityName":"Grand-Borindi","countryName":"New Caledonia"},{"cityName":"Goyetta","countryName":"New Caledonia"},{"cityName":"Gouaro","countryName":"New Caledonia"},{"cityName":"Gouareu","countryName":"New Caledonia"},{"cityName":"Gouaraoui","countryName":"New Caledonia"},{"cityName":"Gossanat","countryName":"New Caledonia"},{"cityName":"Goro","countryName":"New Caledonia"},{"cityName":"Gondou","countryName":"New Caledonia"},{"cityName":"Gonde","countryName":"New Caledonia"},{"cityName":"Golone","countryName":"New Caledonia"},{"cityName":"Goipin","countryName":"New Caledonia"},{"cityName":"Gohapin","countryName":"New Caledonia"},{"cityName":"Goa","countryName":"New Caledonia"},{"cityName":"Gilles","countryName":"New Caledonia"},{"cityName":"Ghio","countryName":"New Caledonia"},{"cityName":"Gelima","countryName":"New Caledonia"},{"cityName":"Ganem","countryName":"New Caledonia"},{"cityName":"Gamai","countryName":"New Caledonia"},{"cityName":"Galilee","countryName":"New Caledonia"},{"cityName":"Galagaoui","countryName":"New Caledonia"},{"cityName":"Gala","countryName":"New Caledonia"},{"cityName":"Gadji","countryName":"New Caledonia"},{"cityName":"Foret Plate","countryName":"New Caledonia"},{"cityName":"Foret Noire","countryName":"New Caledonia"},{"cityName":"Fonwhary","countryName":"New Caledonia"},{"cityName":"Foaobanik","countryName":"New Caledonia"},{"cityName":"Fayawa","countryName":"New Caledonia"},{"cityName":"Fayaoue","countryName":"New Caledonia"},{"cityName":"Farino","countryName":"New Caledonia"},{"cityName":"Ethi","countryName":"New Caledonia"},{"cityName":"Ete","countryName":"New Caledonia"},{"cityName":"Eni","countryName":"New Caledonia"},{"cityName":"Enene","countryName":"New Caledonia"},{"cityName":"Ema","countryName":"New Caledonia"},{"cityName":"Eacho","countryName":"New Caledonia"},{"cityName":"Dumbea","countryName":"New Caledonia"},{"cityName":"Doueoulou","countryName":"New Caledonia"},{"cityName":"Dothio","countryName":"New Caledonia"},{"cityName":"Dosip","countryName":"New Caledonia"},{"cityName":"Doneva","countryName":"New Caledonia"},{"cityName":"Doking","countryName":"New Caledonia"},{"cityName":"Dogny","countryName":"New Caledonia"},{"cityName":"Diakana","countryName":"New Caledonia"},{"cityName":"Diahoue","countryName":"New Caledonia"},{"cityName":"Diahot-Paraoua","countryName":"New Caledonia"},{"cityName":"Cuadene","countryName":"New Caledonia"},{"cityName":"Cradji","countryName":"New Caledonia"},{"cityName":"Coula","countryName":"New Caledonia"},{"cityName":"Congouma","countryName":"New Caledonia"},{"cityName":"Conception","countryName":"New Caledonia"},{"cityName":"Colnett","countryName":"New Caledonia"},{"cityName":"Shepenehe","countryName":"New Caledonia"},{"cityName":"Chainon","countryName":"New Caledonia"},{"cityName":"Chagrin","countryName":"New Caledonia"},{"cityName":"Ceni","countryName":"New Caledonia"},{"cityName":"Cengeite","countryName":"New Caledonia"},{"cityName":"Canala","countryName":"New Caledonia"},{"cityName":"Caavatch","countryName":"New Caledonia"},{"cityName":"Bweo","countryName":"New Caledonia"},{"cityName":"Bui","countryName":"New Caledonia"},{"cityName":"Briqueterie","countryName":"New Caledonia"},{"cityName":"Boyen","countryName":"New Caledonia"},{"cityName":"Bourail","countryName":"New Caledonia"},{"cityName":"Bouloupari","countryName":"New Caledonia"},{"cityName":"Bouirou","countryName":"New Caledonia"},{"cityName":"Boueregaou","countryName":"New Caledonia"},{"cityName":"Bouerabat","countryName":"New Caledonia"},{"cityName":"Bouelas","countryName":"New Caledonia"},{"cityName":"Bouarou","countryName":"New Caledonia"},{"cityName":"Bouabondo","countryName":"New Caledonia"},{"cityName":"Boreare","countryName":"New Caledonia"},{"cityName":"Bopope","countryName":"New Caledonia"},{"cityName":"Bone","countryName":"New Caledonia"},{"cityName":"Bonde","countryName":"New Caledonia"},{"cityName":"Bogui","countryName":"New Caledonia"},{"cityName":"Boguen","countryName":"New Caledonia"},{"cityName":"Boeareu","countryName":"New Caledonia"},{"cityName":"Bobeitio","countryName":"New Caledonia"},{"cityName":"Boara","countryName":"New Caledonia"},{"cityName":"Boakaine","countryName":"New Caledonia"},{"cityName":"Blanchot","countryName":"New Caledonia"},{"cityName":"Betseda","countryName":"New Caledonia"},{"cityName":"Bernheim","countryName":"New Caledonia"},{"cityName":"Bayes","countryName":"New Caledonia"},{"cityName":"Basse-Poya","countryName":"New Caledonia"},{"cityName":"Bas-Coulna","countryName":"New Caledonia"},{"cityName":"Baoum","countryName":"New Caledonia"},{"cityName":"Baoui","countryName":"New Caledonia"},{"cityName":"Banout","countryName":"New Caledonia"},{"cityName":"Balaguet","countryName":"New Caledonia"},{"cityName":"Balagam","countryName":"New Caledonia"},{"cityName":"Balade","countryName":"New Caledonia"},{"cityName":"Balaba","countryName":"New Caledonia"},{"cityName":"Bakouya","countryName":"New Caledonia"},{"cityName":"Baco","countryName":"New Caledonia"},{"cityName":"Babouillat","countryName":"New Caledonia"},{"cityName":"Baaba","countryName":"New Caledonia"},{"cityName":"Ba","countryName":"New Caledonia"},{"cityName":"Azareu","countryName":"New Caledonia"},{"cityName":"Awi","countryName":"New Caledonia"},{"cityName":"Awe","countryName":"New Caledonia"},{"cityName":"Auteuil","countryName":"New Caledonia"},{"cityName":"Atha","countryName":"New Caledonia"},{"cityName":"Ateou","countryName":"New Caledonia"},{"cityName":"Arama","countryName":"New Caledonia"},{"cityName":"Aoumou","countryName":"New Caledonia"},{"cityName":"Anezitch","countryName":"New Caledonia"},{"cityName":"Aneo","countryName":"New Caledonia"},{"cityName":"Amouema","countryName":"New Caledonia"},{"cityName":"Amoa","countryName":"New Caledonia"},{"cityName":"Akaouane","countryName":"New Caledonia"},{"cityName":"Kana","countryName":"New Caledonia"},{"cityName":"Lotissement Axelle II","countryName":"New Caledonia"},{"cityName":"La Tontouta","countryName":"New Caledonia"}]