[{"cityName":"Zoze","countryName":"New Caledonia","localeCode":"en","districtName":""},{"cityName":"Yenghebane","countryName":"New Caledonia","localeCode":"en","districtName":""},{"cityName":"Yate-Village","countryName":"New Caledonia","localeCode":"en","districtName":""},{"cityName":"Yate-Barrage","countryName":"New Caledonia","localeCode":"en","districtName":""},{"cityName":"Yambe","countryName":"New Caledonia","localeCode":"en","districtName":""},{"cityName":"Yahoue","countryName":"New Caledonia","localeCode":"en","districtName":""},{"cityName":"Wiwatoul","countryName":"New Caledonia","localeCode":"en","districtName":""},{"cityName":"Winikuye","countryName":"New Caledonia","localeCode":"en","districtName":""},{"cityName":"Wenghe","countryName":"New Caledonia","localeCode":"en","districtName":""},{"cityName":"Weneki","countryName":"New Caledonia","localeCode":"en","districtName":""},{"cityName":"Wedoumel","countryName":"New Caledonia","localeCode":"en","districtName":""},{"cityName":"Wea","countryName":"New Caledonia","localeCode":"en","districtName":""},{"cityName":"We","countryName":"New Caledonia","localeCode":"en","districtName":""},{"cityName":"Watahu","countryName":"New Caledonia","localeCode":"en","districtName":""},{"cityName":"Wassagne","countryName":"New Caledonia","localeCode":"en","districtName":""},{"cityName":"Wassadieuhu","countryName":"New Caledonia","localeCode":"en","districtName":""},{"cityName":"Wara","countryName":"New Caledonia","localeCode":"en","districtName":""},{"cityName":"Wapan","countryName":"New Caledonia","localeCode":"en","districtName":""},{"cityName":"Wanap","countryName":"New Caledonia","localeCode":"en","districtName":""},{"cityName":"Wala","countryName":"New Caledonia","localeCode":"en","districtName":""},{"cityName":"Wakuarori","countryName":"New Caledonia","localeCode":"en","districtName":""},{"cityName":"Wakone","countryName":"New Caledonia","localeCode":"en","districtName":""},{"cityName":"Wakat","countryName":"New Caledonia","localeCode":"en","districtName":""},{"cityName":"Yate","countryName":"New Caledonia","localeCode":"en","districtName":""},{"cityName":"Wagap","countryName":"New Caledonia","localeCode":"en","districtName":""},{"cityName":"Wadrilla","countryName":"New Caledonia","localeCode":"en","districtName":""},{"cityName":"Wacamadra","countryName":"New Caledonia","localeCode":"en","districtName":""},{"cityName":"Wabao","countryName":"New Caledonia","localeCode":"en","districtName":""},{"cityName":"Voh","countryName":"New Caledonia","localeCode":"en","districtName":""},{"cityName":"Vieux-Touho","countryName":"New Caledonia","localeCode":"en","districtName":""},{"cityName":"Vao","countryName":"New Caledonia","localeCode":"en","districtName":""},{"cityName":"Vallee du Tir","countryName":"New Caledonia","localeCode":"en","districtName":""},{"cityName":"Vallee du Genie","countryName":"New Caledonia","localeCode":"en","districtName":""},{"cityName":"Vallee des Colons","countryName":"New Caledonia","localeCode":"en","districtName":""},{"cityName":"Tunney","countryName":"New Caledonia","localeCode":"en","districtName":""},{"cityName":"Tuho","countryName":"New Caledonia","localeCode":"en","districtName":""},{"cityName":"Tu","countryName":"New Caledonia","localeCode":"en","districtName":""},{"cityName":"Tsendia","countryName":"New Caledonia","localeCode":"en","districtName":""},{"cityName":"Troulala","countryName":"New Caledonia","localeCode":"en","districtName":""},{"cityName":"Tregon","countryName":"New Caledonia","localeCode":"en","districtName":""},{"cityName":"Trapour","countryName":"New Caledonia","localeCode":"en","districtName":""},{"cityName":"Toul","countryName":"New Caledonia","localeCode":"en","districtName":""},{"cityName":"Touho","countryName":"New Caledonia","localeCode":"en","districtName":""},{"cityName":"Touaourou","countryName":"New Caledonia","localeCode":"en","districtName":""},{"cityName":"Tonlon","countryName":"New Caledonia","localeCode":"en","districtName":""},{"cityName":"Tongouin","countryName":"New Caledonia","localeCode":"en","districtName":""},{"cityName":"Tonghoue","countryName":"New Caledonia","localeCode":"en","districtName":""},{"cityName":"Tonga","countryName":"New Caledonia","localeCode":"en","districtName":""},{"cityName":"Tomo","countryName":"New Caledonia","localeCode":"en","districtName":""},{"cityName":"Toen","countryName":"New Caledonia","localeCode":"en","districtName":""},{"cityName":"Tiwaka","countryName":"New Caledonia","localeCode":"en","districtName":""},{"cityName":"Tiponite","countryName":"New Caledonia","localeCode":"en","districtName":""},{"cityName":"Tipindje","countryName":"New Caledonia","localeCode":"en","districtName":""},{"cityName":"Tiouande","countryName":"New Caledonia","localeCode":"en","districtName":""},{"cityName":"Tiouamak","countryName":"New Caledonia","localeCode":"en","districtName":""},{"cityName":"Tiouae","countryName":"New Caledonia","localeCode":"en","districtName":""},{"cityName":"Tinip","countryName":"New Caledonia","localeCode":"en","districtName":""},{"cityName":"Tingeting","countryName":"New Caledonia","localeCode":"en","districtName":""},{"cityName":"Tindo","countryName":"New Caledonia","localeCode":"en","districtName":""},{"cityName":"Tindea","countryName":"New Caledonia","localeCode":"en","districtName":""},{"cityName":"Timothee","countryName":"New Caledonia","localeCode":"en","districtName":""},{"cityName":"Timbia","countryName":"New Caledonia","localeCode":"en","districtName":""},{"cityName":"Tilwit","countryName":"New Caledonia","localeCode":"en","districtName":""},{"cityName":"Tilougne","countryName":"New Caledonia","localeCode":"en","districtName":""},{"cityName":"Tieti","countryName":"New Caledonia","localeCode":"en","districtName":""},{"cityName":"Tieta","countryName":"New Caledonia","localeCode":"en","districtName":""},{"cityName":"Tiendanite","countryName":"New Caledonia","localeCode":"en","districtName":""},{"cityName":"Tiebaghi","countryName":"New Caledonia","localeCode":"en","districtName":""},{"cityName":"Tie","countryName":"New Caledonia","localeCode":"en","districtName":""},{"cityName":"Tibarama","countryName":"New Caledonia","localeCode":"en","districtName":""},{"cityName":"Tiari","countryName":"New Caledonia","localeCode":"en","districtName":""},{"cityName":"Tiare","countryName":"New Caledonia","localeCode":"en","districtName":""},{"cityName":"Tiaou-Tiwaka","countryName":"New Caledonia","localeCode":"en","districtName":""},{"cityName":"Tiaoue","countryName":"New Caledonia","localeCode":"en","districtName":""},{"cityName":"Tiamou","countryName":"New Caledonia","localeCode":"en","districtName":""},{"cityName":"Tiakana","countryName":"New Caledonia","localeCode":"en","districtName":""},{"cityName":"Tiabet","countryName":"New Caledonia","localeCode":"en","districtName":""},{"cityName":"Tia","countryName":"New Caledonia","localeCode":"en","districtName":""},{"cityName":"Thum","countryName":"New Caledonia","localeCode":"en","districtName":""},{"cityName":"Thuahaik","countryName":"New Caledonia","localeCode":"en","districtName":""},{"cityName":"Thonon","countryName":"New Caledonia","localeCode":"en","districtName":""},{"cityName":"Thogone","countryName":"New Caledonia","localeCode":"en","districtName":""},{"cityName":"Thio","countryName":"New Caledonia","localeCode":"en","districtName":""},{"cityName":"Teouta","countryName":"New Caledonia","localeCode":"en","districtName":""},{"cityName":"Tenjai","countryName":"New Caledonia","localeCode":"en","districtName":""},{"cityName":"Tenem","countryName":"New Caledonia","localeCode":"en","districtName":""},{"cityName":"Tendo","countryName":"New Caledonia","localeCode":"en","districtName":""},{"cityName":"Tenda","countryName":"New Caledonia","localeCode":"en","districtName":""},{"cityName":"Tenane","countryName":"New Caledonia","localeCode":"en","districtName":""},{"cityName":"Temeline","countryName":"New Caledonia","localeCode":"en","districtName":""},{"cityName":"Temala","countryName":"New Caledonia","localeCode":"en","districtName":""},{"cityName":"Teganpaik","countryName":"New Caledonia","localeCode":"en","districtName":""},{"cityName":"Tchaule","countryName":"New Caledonia","localeCode":"en","districtName":""},{"cityName":"Tchambouenne","countryName":"New Caledonia","localeCode":"en","districtName":""},{"cityName":"Tchamba","countryName":"New Caledonia","localeCode":"en","districtName":""},{"cityName":"Tawainedre","countryName":"New Caledonia","localeCode":"en","districtName":""},{"cityName":"Tarbeville","countryName":"New Caledonia","localeCode":"en","districtName":""},{"cityName":"Tarap","countryName":"New Caledonia","localeCode":"en","districtName":""},{"cityName":"Taradi","countryName":"New Caledonia","localeCode":"en","districtName":""},{"cityName":"Taom","countryName":"New Caledonia","localeCode":"en","districtName":""},{"cityName":"Taode","countryName":"New Caledonia","localeCode":"en","districtName":""},{"cityName":"Tao","countryName":"New Caledonia","localeCode":"en","districtName":""},{"cityName":"Takedji","countryName":"New Caledonia","localeCode":"en","districtName":""},{"cityName":"Taite","countryName":"New Caledonia","localeCode":"en","districtName":""},{"cityName":"Tadine","countryName":"New Caledonia","localeCode":"en","districtName":""},{"cityName":"Taanlo","countryName":"New Caledonia","localeCode":"en","districtName":""},{"cityName":"Station Ouaneko","countryName":"New Caledonia","localeCode":"en","districtName":""},{"cityName":"Station de Ta","countryName":"New Caledonia","localeCode":"en","districtName":""},{"cityName":"Station de Mueo","countryName":"New Caledonia","localeCode":"en","districtName":""},{"cityName":"Station de Beaupre","countryName":"New Caledonia","localeCode":"en","districtName":""},{"cityName":"Station Castex","countryName":"New Caledonia","localeCode":"en","districtName":""},{"cityName":"Siloam","countryName":"New Caledonia","localeCode":"en","districtName":""},{"cityName":"Shuane","countryName":"New Caledonia","localeCode":"en","districtName":""},{"cityName":"Shoup","countryName":"New Caledonia","localeCode":"en","districtName":""},{"cityName":"Sarramea","countryName":"New Caledonia","localeCode":"en","districtName":""},{"cityName":"Saint-Yves","countryName":"New Caledonia","localeCode":"en","districtName":""},{"cityName":"Saint-Vincent","countryName":"New Caledonia","localeCode":"en","districtName":""},{"cityName":"Saint-Thomas","countryName":"New Caledonia","localeCode":"en","districtName":""},{"cityName":"Saint-Roch","countryName":"New Caledonia","localeCode":"en","districtName":""},{"cityName":"Saint-Pierre","countryName":"New Caledonia","localeCode":"en","districtName":""},{"cityName":"Saint-Philippe II","countryName":"New Caledonia","localeCode":"en","districtName":""},{"cityName":"Saint-Philippe I","countryName":"New Caledonia","localeCode":"en","districtName":""},{"cityName":"Saint-Paul","countryName":"New Caledonia","localeCode":"en","districtName":""},{"cityName":"Saint-Michel","countryName":"New Caledonia","localeCode":"en","districtName":""},{"cityName":"Saint-Louis","countryName":"New Caledonia","localeCode":"en","districtName":""},{"cityName":"Saint-Leonard","countryName":"New Caledonia","localeCode":"en","districtName":""},{"cityName":"Saint-Joseph","countryName":"New Caledonia","localeCode":"en","districtName":""},{"cityName":"Saint-Joachim","countryName":"New Caledonia","localeCode":"en","districtName":""},{"cityName":"Saint-Jean-Baptiste","countryName":"New Caledonia","localeCode":"en","districtName":""},{"cityName":"Saint-Gabriel","countryName":"New Caledonia","localeCode":"en","districtName":""},{"cityName":"Saint-Francois","countryName":"New Caledonia","localeCode":"en","districtName":""},{"cityName":"Saint-Ferdinand","countryName":"New Caledonia","localeCode":"en","districtName":""},{"cityName":"Sainte-Therese","countryName":"New Caledonia","localeCode":"en","districtName":""},{"cityName":"Sainte-Marie","countryName":"New Caledonia","localeCode":"en","districtName":""},{"cityName":"Sainte-Anne","countryName":"New Caledonia","localeCode":"en","districtName":""},{"cityName":"Saint-Denis","countryName":"New Caledonia","localeCode":"en","districtName":""},{"cityName":"Saint-Adolphe","countryName":"New Caledonia","localeCode":"en","districtName":""},{"cityName":"Ruete","countryName":"New Caledonia","localeCode":"en","districtName":""},{"cityName":"Roibahon","countryName":"New Caledonia","localeCode":"en","districtName":""},{"cityName":"Roi","countryName":"New Caledonia","localeCode":"en","districtName":""},{"cityName":"Rho","countryName":"New Caledonia","localeCode":"en","districtName":""},{"cityName":"Rawa","countryName":"New Caledonia","localeCode":"en","districtName":""},{"cityName":"Prony","countryName":"New Caledonia","localeCode":"en","districtName":""},{"cityName":"Poya","countryName":"New Caledonia","localeCode":"en","districtName":""},{"cityName":"Poum-Titch","countryName":"New Caledonia","localeCode":"en","districtName":""},{"cityName":"Poum-Plage","countryName":"New Caledonia","localeCode":"en","districtName":""},{"cityName":"Poum","countryName":"New Caledonia","localeCode":"en","districtName":""},{"cityName":"Pouiou","countryName":"New Caledonia","localeCode":"en","districtName":""},{"cityName":"Pouiembeng","countryName":"New Caledonia","localeCode":"en","districtName":""},{"cityName":"Pouepai","countryName":"New Caledonia","localeCode":"en","districtName":""},{"cityName":"Poueo","countryName":"New Caledonia","localeCode":"en","districtName":""},{"cityName":"Pouene","countryName":"New Caledonia","localeCode":"en","districtName":""},{"cityName":"Pouendiap","countryName":"New Caledonia","localeCode":"en","districtName":""},{"cityName":"Pouembout","countryName":"New Caledonia","localeCode":"en","districtName":""},{"cityName":"Poue Koue","countryName":"New Caledonia","localeCode":"en","districtName":""},{"cityName":"Pouedjane Maladj","countryName":"New Caledonia","localeCode":"en","districtName":""},{"cityName":"Pouebo","countryName":"New Caledonia","localeCode":"en","districtName":""},{"cityName":"Pouebadou","countryName":"New Caledonia","localeCode":"en","districtName":""},{"cityName":"Pothe","countryName":"New Caledonia","localeCode":"en","districtName":""},{"cityName":"Port Said","countryName":"New Caledonia","localeCode":"en","districtName":""},{"cityName":"Poro","countryName":"New Caledonia","localeCode":"en","districtName":""},{"cityName":"Popidery","countryName":"New Caledonia","localeCode":"en","districtName":""},{"cityName":"Pont des Francais","countryName":"New Caledonia","localeCode":"en","districtName":""},{"cityName":"Ponibok","countryName":"New Caledonia","localeCode":"en","districtName":""},{"cityName":"Ponerihouen","countryName":"New Caledonia","localeCode":"en","districtName":""},{"cityName":"Pombei","countryName":"New Caledonia","localeCode":"en","districtName":""},{"cityName":"Poindimie","countryName":"New Caledonia","localeCode":"en","districtName":""},{"cityName":"Poinda","countryName":"New Caledonia","localeCode":"en","districtName":""},{"cityName":"Poet","countryName":"New Caledonia","localeCode":"en","districtName":""},{"cityName":"Pocquereux","countryName":"New Caledonia","localeCode":"en","districtName":""},{"cityName":"Po","countryName":"New Caledonia","localeCode":"en","districtName":""},{"cityName":"Plum","countryName":"New Caledonia","localeCode":"en","districtName":""},{"cityName":"Plaine aux Cailloux","countryName":"New Caledonia","localeCode":"en","districtName":""},{"cityName":"Pinjen","countryName":"New Caledonia","localeCode":"en","districtName":""},{"cityName":"Pindache","countryName":"New Caledonia","localeCode":"en","districtName":""},{"cityName":"Pilmango","countryName":"New Caledonia","localeCode":"en","districtName":""},{"cityName":"Pierra","countryName":"New Caledonia","localeCode":"en","districtName":""},{"cityName":"Peyece","countryName":"New Caledonia","localeCode":"en","districtName":""},{"cityName":"Pewaete","countryName":"New Caledonia","localeCode":"en","districtName":""},{"cityName":"Petit Mone","countryName":"New Caledonia","localeCode":"en","districtName":""},{"cityName":"Petit Gouli","countryName":"New Caledonia","localeCode":"en","districtName":""},{"cityName":"Petit-Borindi","countryName":"New Caledonia","localeCode":"en","districtName":""},{"cityName":"Perlou","countryName":"New Caledonia","localeCode":"en","districtName":""},{"cityName":"Peorawa","countryName":"New Caledonia","localeCode":"en","districtName":""},{"cityName":"Penisi","countryName":"New Caledonia","localeCode":"en","districtName":""},{"cityName":"Penelo","countryName":"New Caledonia","localeCode":"en","districtName":""},{"cityName":"Pelaoui","countryName":"New Caledonia","localeCode":"en","districtName":""},{"cityName":"Pede","countryName":"New Caledonia","localeCode":"en","districtName":""},{"cityName":"Pave","countryName":"New Caledonia","localeCode":"en","districtName":""},{"cityName":"Patho","countryName":"New Caledonia","localeCode":"en","districtName":""},{"cityName":"Paraouye","countryName":"New Caledonia","localeCode":"en","districtName":""},{"cityName":"Paraoua","countryName":"New Caledonia","localeCode":"en","districtName":""},{"cityName":"Parahoui","countryName":"New Caledonia","localeCode":"en","districtName":""},{"cityName":"Papale","countryName":"New Caledonia","localeCode":"en","districtName":""},{"cityName":"Paouta","countryName":"New Caledonia","localeCode":"en","districtName":""},{"cityName":"Paop","countryName":"New Caledonia","localeCode":"en","districtName":""},{"cityName":"Paola","countryName":"New Caledonia","localeCode":"en","districtName":""},{"cityName":"Panouma","countryName":"New Caledonia","localeCode":"en","districtName":""},{"cityName":"Panie","countryName":"New Caledonia","localeCode":"en","districtName":""},{"cityName":"Pangou","countryName":"New Caledonia","localeCode":"en","districtName":""},{"cityName":"Panane","countryName":"New Caledonia","localeCode":"en","districtName":""},{"cityName":"Panaki","countryName":"New Caledonia","localeCode":"en","districtName":""},{"cityName":"Pambou","countryName":"New Caledonia","localeCode":"en","districtName":""},{"cityName":"Pam","countryName":"New Caledonia","localeCode":"en","districtName":""},{"cityName":"Paita","countryName":"New Caledonia","localeCode":"en","districtName":""},{"cityName":"Pairome","countryName":"New Caledonia","localeCode":"en","districtName":""},{"cityName":"Paimboas","countryName":"New Caledonia","localeCode":"en","districtName":""},{"cityName":"Pagou","countryName":"New Caledonia","localeCode":"en","districtName":""},{"cityName":"Pabou","countryName":"New Caledonia","localeCode":"en","districtName":""},{"cityName":"Paama","countryName":"New Caledonia","localeCode":"en","districtName":""},{"cityName":"Paalo","countryName":"New Caledonia","localeCode":"en","districtName":""},{"cityName":"Paagoumene","countryName":"New Caledonia","localeCode":"en","districtName":""},{"cityName":"Ouyaguette","countryName":"New Caledonia","localeCode":"en","districtName":""},{"cityName":"Ouroue","countryName":"New Caledonia","localeCode":"en","districtName":""},{"cityName":"Ouro","countryName":"New Caledonia","localeCode":"en","districtName":""},{"cityName":"Ouo","countryName":"New Caledonia","localeCode":"en","districtName":""},{"cityName":"Oundjo","countryName":"New Caledonia","localeCode":"en","districtName":""},{"cityName":"Ounao","countryName":"New Caledonia","localeCode":"en","districtName":""},{"cityName":"Oumbaina","countryName":"New Caledonia","localeCode":"en","districtName":""},{"cityName":"Ouloup","countryName":"New Caledonia","localeCode":"en","districtName":""},{"cityName":"Ouitchamba","countryName":"New Caledonia","localeCode":"en","districtName":""},{"cityName":"Ouipouin","countryName":"New Caledonia","localeCode":"en","districtName":""},{"cityName":"Ouingo","countryName":"New Caledonia","localeCode":"en","districtName":""},{"cityName":"Ouindo","countryName":"New Caledonia","localeCode":"en","districtName":""},{"cityName":"Ouinane","countryName":"New Caledonia","localeCode":"en","districtName":""},{"cityName":"Ouessoin","countryName":"New Caledonia","localeCode":"en","districtName":""},{"cityName":"Oueroupime","countryName":"New Caledonia","localeCode":"en","districtName":""},{"cityName":"Ouenpoues","countryName":"New Caledonia","localeCode":"en","districtName":""},{"cityName":"Ouenia","countryName":"New Caledonia","localeCode":"en","districtName":""},{"cityName":"Ouenguip","countryName":"New Caledonia","localeCode":"en","districtName":""},{"cityName":"Ouengo-Poueai","countryName":"New Caledonia","localeCode":"en","districtName":""},{"cityName":"Ouene","countryName":"New Caledonia","localeCode":"en","districtName":""},{"cityName":"Ouendji","countryName":"New Caledonia","localeCode":"en","districtName":""},{"cityName":"Ouende","countryName":"New Caledonia","localeCode":"en","districtName":""},{"cityName":"Ouena","countryName":"New Caledonia","localeCode":"en","districtName":""},{"cityName":"Ouemou","countryName":"New Caledonia","localeCode":"en","districtName":""},{"cityName":"Ouelis","countryName":"New Caledonia","localeCode":"en","districtName":""},{"cityName":"Oueholle","countryName":"New Caledonia","localeCode":"en","districtName":""},{"cityName":"Oue Hava","countryName":"New Caledonia","localeCode":"en","districtName":""},{"cityName":"Ouegoa","countryName":"New Caledonia","localeCode":"en","districtName":""},{"cityName":"Ouebia","countryName":"New Caledonia","localeCode":"en","districtName":""},{"cityName":"Oubatche","countryName":"New Caledonia","localeCode":"en","districtName":""},{"cityName":"Oua Tom","countryName":"New Caledonia","localeCode":"en","districtName":""},{"cityName":"Ouate","countryName":"New Caledonia","localeCode":"en","districtName":""},{"cityName":"Ouasse","countryName":"New Caledonia","localeCode":"en","districtName":""},{"cityName":"Ouarenndi","countryName":"New Caledonia","localeCode":"en","districtName":""},{"cityName":"Ouare","countryName":"New Caledonia","localeCode":"en","districtName":""},{"cityName":"Ouarap","countryName":"New Caledonia","localeCode":"en","districtName":""},{"cityName":"Ouara","countryName":"New Caledonia","localeCode":"en","districtName":""},{"cityName":"Ouapan","countryName":"New Caledonia","localeCode":"en","districtName":""},{"cityName":"Oua-Oue","countryName":"New Caledonia","localeCode":"en","districtName":""},{"cityName":"Ouan Kout","countryName":"New Caledonia","localeCode":"en","districtName":""},{"cityName":"Ouanap II","countryName":"New Caledonia","localeCode":"en","districtName":""},{"cityName":"Ouanap I","countryName":"New Caledonia","localeCode":"en","districtName":""},{"cityName":"Ouanane","countryName":"New Caledonia","localeCode":"en","districtName":""},{"cityName":"Ouanache","countryName":"New Caledonia","localeCode":"en","districtName":""},{"cityName":"Ouameo","countryName":"New Caledonia","localeCode":"en","districtName":""},{"cityName":"Ouameni","countryName":"New Caledonia","localeCode":"en","districtName":""},{"cityName":"Ouamba","countryName":"New Caledonia","localeCode":"en","districtName":""},{"cityName":"Oualanga","countryName":"New Caledonia","localeCode":"en","districtName":""},{"cityName":"Ouakaya","countryName":"New Caledonia","localeCode":"en","districtName":""},{"cityName":"Ouaieme","countryName":"New Caledonia","localeCode":"en","districtName":""},{"cityName":"Ouahat","countryName":"New Caledonia","localeCode":"en","districtName":""},{"cityName":"Ouaene","countryName":"New Caledonia","localeCode":"en","districtName":""},{"cityName":"Ouaco","countryName":"New Caledonia","localeCode":"en","districtName":""},{"cityName":"Ono","countryName":"New Caledonia","localeCode":"en","districtName":""},{"cityName":"Ometteux","countryName":"New Caledonia","localeCode":"en","districtName":""},{"cityName":"Olane","countryName":"New Caledonia","localeCode":"en","districtName":""},{"cityName":"Ogne","countryName":"New Caledonia","localeCode":"en","districtName":""},{"cityName":"Ognat","countryName":"New Caledonia","localeCode":"en","districtName":""},{"cityName":"Ognahu","countryName":"New Caledonia","localeCode":"en","districtName":""},{"cityName":"Nouville","countryName":"New Caledonia","localeCode":"en","districtName":""},{"cityName":"Noumea","countryName":"New Caledonia","localeCode":"en","districtName":""},{"cityName":"Normandie","countryName":"New Caledonia","localeCode":"en","districtName":""},{"cityName":"Nonhoue","countryName":"New Caledonia","localeCode":"en","districtName":""},{"cityName":"Nomoudja","countryName":"New Caledonia","localeCode":"en","districtName":""},{"cityName":"Noet","countryName":"New Caledonia","localeCode":"en","districtName":""},{"cityName":"Noeli","countryName":"New Caledonia","localeCode":"en","districtName":""},{"cityName":"Niri","countryName":"New Caledonia","localeCode":"en","districtName":""},{"cityName":"Nindiah","countryName":"New Caledonia","localeCode":"en","districtName":""},{"cityName":"Nimbaye","countryName":"New Caledonia","localeCode":"en","districtName":""},{"cityName":"Nimaha","countryName":"New Caledonia","localeCode":"en","districtName":""},{"cityName":"Nili","countryName":"New Caledonia","localeCode":"en","districtName":""},{"cityName":"Niere","countryName":"New Caledonia","localeCode":"en","districtName":""},{"cityName":"Nidenode","countryName":"New Caledonia","localeCode":"en","districtName":""},{"cityName":"Ni","countryName":"New Caledonia","localeCode":"en","districtName":""},{"cityName":"Neya","countryName":"New Caledonia","localeCode":"en","districtName":""},{"cityName":"Nevaho","countryName":"New Caledonia","localeCode":"en","districtName":""},{"cityName":"Netea","countryName":"New Caledonia","localeCode":"en","districtName":""},{"cityName":"Netchaot","countryName":"New Caledonia","localeCode":"en","districtName":""},{"cityName":"Nesson","countryName":"New Caledonia","localeCode":"en","districtName":""},{"cityName":"Nessapoue","countryName":"New Caledonia","localeCode":"en","districtName":""},{"cityName":"Nessa Kouya","countryName":"New Caledonia","localeCode":"en","districtName":""},{"cityName":"Nessadiou","countryName":"New Caledonia","localeCode":"en","districtName":""},{"cityName":"Nerin","countryName":"New Caledonia","localeCode":"en","districtName":""},{"cityName":"Nera","countryName":"New Caledonia","localeCode":"en","districtName":""},{"cityName":"Nepoui","countryName":"New Caledonia","localeCode":"en","districtName":""},{"cityName":"Nepou","countryName":"New Caledonia","localeCode":"en","districtName":""},{"cityName":"Neouta","countryName":"New Caledonia","localeCode":"en","districtName":""},{"cityName":"Neouio","countryName":"New Caledonia","localeCode":"en","districtName":""},{"cityName":"Neoua","countryName":"New Caledonia","localeCode":"en","districtName":""},{"cityName":"Nemengui","countryName":"New Caledonia","localeCode":"en","districtName":""},{"cityName":"Nemeara","countryName":"New Caledonia","localeCode":"en","districtName":""},{"cityName":"Nekoue","countryName":"New Caledonia","localeCode":"en","districtName":""},{"cityName":"Nekliai","countryName":"New Caledonia","localeCode":"en","districtName":""},{"cityName":"Negropo","countryName":"New Caledonia","localeCode":"en","districtName":""},{"cityName":"Nedivin","countryName":"New Caledonia","localeCode":"en","districtName":""},{"cityName":"Nediouen","countryName":"New Caledonia","localeCode":"en","districtName":""},{"cityName":"Netieh","countryName":"New Caledonia","localeCode":"en","districtName":""},{"cityName":"Neboueba","countryName":"New Caledonia","localeCode":"en","districtName":""},{"cityName":"Neavin","countryName":"New Caledonia","localeCode":"en","districtName":""},{"cityName":"Nearia","countryName":"New Caledonia","localeCode":"en","districtName":""},{"cityName":"Neaoua","countryName":"New Caledonia","localeCode":"en","districtName":""},{"cityName":"Neami","countryName":"New Caledonia","localeCode":"en","districtName":""},{"cityName":"Ndji","countryName":"New Caledonia","localeCode":"en","districtName":""},{"cityName":"Nde","countryName":"New Caledonia","localeCode":"en","districtName":""},{"cityName":"Nato","countryName":"New Caledonia","localeCode":"en","districtName":""},{"cityName":"Nathalo","countryName":"New Caledonia","localeCode":"en","districtName":""},{"cityName":"Natchaom","countryName":"New Caledonia","localeCode":"en","districtName":""},{"cityName":"Natae","countryName":"New Caledonia","localeCode":"en","districtName":""},{"cityName":"Nassirah","countryName":"New Caledonia","localeCode":"en","districtName":""},{"cityName":"Nassandou","countryName":"New Caledonia","localeCode":"en","districtName":""},{"cityName":"Napoemien","countryName":"New Caledonia","localeCode":"en","districtName":""},{"cityName":"Nanon","countryName":"New Caledonia","localeCode":"en","districtName":""},{"cityName":"Naniouni","countryName":"New Caledonia","localeCode":"en","districtName":""},{"cityName":"Nang","countryName":"New Caledonia","localeCode":"en","districtName":""},{"cityName":"Nanemuhata","countryName":"New Caledonia","localeCode":"en","districtName":""},{"cityName":"Camp de Nandai","countryName":"New Caledonia","localeCode":"en","districtName":""},{"cityName":"Nanawa","countryName":"New Caledonia","localeCode":"en","districtName":""},{"cityName":"Namemehu","countryName":"New Caledonia","localeCode":"en","districtName":""},{"cityName":"Namelagat","countryName":"New Caledonia","localeCode":"en","districtName":""},{"cityName":"Namamate","countryName":"New Caledonia","localeCode":"en","districtName":""},{"cityName":"Nakutakoin","countryName":"New Caledonia","localeCode":"en","districtName":""},{"cityName":"Nakety","countryName":"New Caledonia","localeCode":"en","districtName":""},{"cityName":"Naia","countryName":"New Caledonia","localeCode":"en","districtName":""},{"cityName":"Mutchaweng","countryName":"New Caledonia","localeCode":"en","districtName":""},{"cityName":"Mouly","countryName":"New Caledonia","localeCode":"en","districtName":""},{"cityName":"Mouane","countryName":"New Caledonia","localeCode":"en","districtName":""},{"cityName":"Mou","countryName":"New Caledonia","localeCode":"en","districtName":""},{"cityName":"Montfaoue","countryName":"New Caledonia","localeCode":"en","districtName":""},{"cityName":"Mont-Dore","countryName":"New Caledonia","localeCode":"en","districtName":""},{"cityName":"Moneo","countryName":"New Caledonia","localeCode":"en","districtName":""},{"cityName":"Momea","countryName":"New Caledonia","localeCode":"en","districtName":""},{"cityName":"Moindou","countryName":"New Caledonia","localeCode":"en","districtName":""},{"cityName":"Moindah","countryName":"New Caledonia","localeCode":"en","districtName":""},{"cityName":"Miramas","countryName":"New Caledonia","localeCode":"en","districtName":""},{"cityName":"Mia","countryName":"New Caledonia","localeCode":"en","districtName":""},{"cityName":"Mevegon","countryName":"New Caledonia","localeCode":"en","districtName":""},{"cityName":"Meoui","countryName":"New Caledonia","localeCode":"en","districtName":""},{"cityName":"Meomo","countryName":"New Caledonia","localeCode":"en","districtName":""},{"cityName":"Menereme","countryName":"New Caledonia","localeCode":"en","districtName":""},{"cityName":"Menaku","countryName":"New Caledonia","localeCode":"en","districtName":""},{"cityName":"Mehoue","countryName":"New Caledonia","localeCode":"en","districtName":""},{"cityName":"Medu","countryName":"New Caledonia","localeCode":"en","districtName":""},{"cityName":"Medaouya","countryName":"New Caledonia","localeCode":"en","districtName":""},{"cityName":"Mechin","countryName":"New Caledonia","localeCode":"en","districtName":""},{"cityName":"Mebuet","countryName":"New Caledonia","localeCode":"en","districtName":""},{"cityName":"Meareu","countryName":"New Caledonia","localeCode":"en","districtName":""},{"cityName":"Meare","countryName":"New Caledonia","localeCode":"en","districtName":""},{"cityName":"Mea-Mebara","countryName":"New Caledonia","localeCode":"en","districtName":""},{"cityName":"Me","countryName":"New Caledonia","localeCode":"en","districtName":""},{"cityName":"Manguine","countryName":"New Caledonia","localeCode":"en","districtName":""},{"cityName":"Mangou","countryName":"New Caledonia","localeCode":"en","districtName":""},{"cityName":"Maneko","countryName":"New Caledonia","localeCode":"en","districtName":""},{"cityName":"Mamie","countryName":"New Caledonia","localeCode":"en","districtName":""},{"cityName":"Malhec","countryName":"New Caledonia","localeCode":"en","districtName":""},{"cityName":"Malabou","countryName":"New Caledonia","localeCode":"en","districtName":""},{"cityName":"Maina","countryName":"New Caledonia","localeCode":"en","districtName":""},{"cityName":"Mahamate","countryName":"New Caledonia","localeCode":"en","districtName":""},{"cityName":"Luengoni","countryName":"New Caledonia","localeCode":"en","districtName":""},{"cityName":"Luecilla","countryName":"New Caledonia","localeCode":"en","districtName":""},{"cityName":"Louneou","countryName":"New Caledonia","localeCode":"en","districtName":""},{"cityName":"Lot","countryName":"New Caledonia","localeCode":"en","districtName":""},{"cityName":"Lo","countryName":"New Caledonia","localeCode":"en","districtName":""},{"cityName":"Lion","countryName":"New Caledonia","localeCode":"en","districtName":""},{"cityName":"Linderalique","countryName":"New Caledonia","localeCode":"en","districtName":""},{"cityName":"Limite","countryName":"New Caledonia","localeCode":"en","districtName":""},{"cityName":"Les Pirogues","countryName":"New Caledonia","localeCode":"en","districtName":""},{"cityName":"Les Charmes","countryName":"New Caledonia","localeCode":"en","districtName":""},{"cityName":"Lekine","countryName":"New Caledonia","localeCode":"en","districtName":""},{"cityName":"Le Gabe","countryName":"New Caledonia","localeCode":"en","districtName":""},{"cityName":"Le Cresson","countryName":"New Caledonia","localeCode":"en","districtName":""},{"cityName":"Le Caillou","countryName":"New Caledonia","localeCode":"en","districtName":""},{"cityName":"La Tarodiere","countryName":"New Caledonia","localeCode":"en","districtName":""},{"cityName":"La Roche","countryName":"New Caledonia","localeCode":"en","districtName":""},{"cityName":"La Residence","countryName":"New Caledonia","localeCode":"en","districtName":""},{"cityName":"La Medouya","countryName":"New Caledonia","localeCode":"en","districtName":""},{"cityName":"La Foa","countryName":"New Caledonia","localeCode":"en","districtName":""},{"cityName":"La Couvelee","countryName":"New Caledonia","localeCode":"en","districtName":""},{"cityName":"La Coulee","countryName":"New Caledonia","localeCode":"en","districtName":""},{"cityName":"La Bouverie","countryName":"New Caledonia","localeCode":"en","districtName":""},{"cityName":"Kuto","countryName":"New Caledonia","localeCode":"en","districtName":""},{"cityName":"Kurin","countryName":"New Caledonia","localeCode":"en","districtName":""},{"cityName":"Kuine","countryName":"New Caledonia","localeCode":"en","districtName":""},{"cityName":"Kuenthio","countryName":"New Caledonia","localeCode":"en","districtName":""},{"cityName":"Koutio-Koueta","countryName":"New Caledonia","localeCode":"en","districtName":""},{"cityName":"Koumo","countryName":"New Caledonia","localeCode":"en","districtName":""},{"cityName":"Koumac","countryName":"New Caledonia","localeCode":"en","districtName":""},{"cityName":"Koum","countryName":"New Caledonia","localeCode":"en","districtName":""},{"cityName":"Koulnoue","countryName":"New Caledonia","localeCode":"en","districtName":""},{"cityName":"Kouarga","countryName":"New Caledonia","localeCode":"en","districtName":""},{"cityName":"Kouare","countryName":"New Caledonia","localeCode":"en","districtName":""},{"cityName":"Kouaoua","countryName":"New Caledonia","localeCode":"en","districtName":""},{"cityName":"Koua","countryName":"New Caledonia","localeCode":"en","districtName":""},{"cityName":"Kopelia","countryName":"New Caledonia","localeCode":"en","districtName":""},{"cityName":"Koout","countryName":"New Caledonia","localeCode":"en","districtName":""},{"cityName":"Konoe-Chaoue","countryName":"New Caledonia","localeCode":"en","districtName":""},{"cityName":"Konio","countryName":"New Caledonia","localeCode":"en","districtName":""},{"cityName":"Koniambo","countryName":"New Caledonia","localeCode":"en","districtName":""},{"cityName":"Kone","countryName":"New Caledonia","localeCode":"en","districtName":""},{"cityName":"Koligoh-Gomen","countryName":"New Caledonia","localeCode":"en","districtName":""},{"cityName":"Kokengone","countryName":"New Caledonia","localeCode":"en","districtName":""},{"cityName":"Koinde","countryName":"New Caledonia","localeCode":"en","districtName":""},{"cityName":"Koh","countryName":"New Caledonia","localeCode":"en","districtName":""},{"cityName":"Koe","countryName":"New Caledonia","localeCode":"en","districtName":""},{"cityName":"Kode","countryName":"New Caledonia","localeCode":"en","districtName":""},{"cityName":"Kirinata","countryName":"New Caledonia","localeCode":"en","districtName":""},{"cityName":"Kikoe","countryName":"New Caledonia","localeCode":"en","districtName":""},{"cityName":"Keziene","countryName":"New Caledonia","localeCode":"en","districtName":""},{"cityName":"Kere","countryName":"New Caledonia","localeCode":"en","districtName":""},{"cityName":"Kenerou","countryName":"New Caledonia","localeCode":"en","districtName":""},{"cityName":"Kedeigne","countryName":"New Caledonia","localeCode":"en","districtName":""},{"cityName":"Kavatch","countryName":"New Caledonia","localeCode":"en","districtName":""},{"cityName":"Katrikoin","countryName":"New Caledonia","localeCode":"en","districtName":""},{"cityName":"Kasouri","countryName":"New Caledonia","localeCode":"en","districtName":""},{"cityName":"Karenga","countryName":"New Caledonia","localeCode":"en","districtName":""},{"cityName":"Karembe","countryName":"New Caledonia","localeCode":"en","districtName":""},{"cityName":"Karagreu","countryName":"New Caledonia","localeCode":"en","districtName":""},{"cityName":"Kapoue","countryName":"New Caledonia","localeCode":"en","districtName":""},{"cityName":"Kaora","countryName":"New Caledonia","localeCode":"en","districtName":""},{"cityName":"Kanono","countryName":"New Caledonia","localeCode":"en","districtName":""},{"cityName":"Kamoui","countryName":"New Caledonia","localeCode":"en","districtName":""},{"cityName":"Kame","countryName":"New Caledonia","localeCode":"en","districtName":""},{"cityName":"Kalene","countryName":"New Caledonia","localeCode":"en","districtName":""},{"cityName":"Kaledicta","countryName":"New Caledonia","localeCode":"en","districtName":""},{"cityName":"Kako","countryName":"New Caledonia","localeCode":"en","districtName":""},{"cityName":"Kaewatine","countryName":"New Caledonia","localeCode":"en","districtName":""},{"cityName":"Kabeyourou","countryName":"New Caledonia","localeCode":"en","districtName":""},{"cityName":"Kaala-Gomen","countryName":"New Caledonia","localeCode":"en","districtName":""},{"cityName":"Juvenat Sainte-Therese","countryName":"New Caledonia","localeCode":"en","districtName":""},{"cityName":"Inagod","countryName":"New Caledonia","localeCode":"en","districtName":""},{"cityName":"Ina","countryName":"New Caledonia","localeCode":"en","districtName":""},{"cityName":"Hunete","countryName":"New Caledonia","localeCode":"en","districtName":""},{"cityName":"Houts","countryName":"New Caledonia","localeCode":"en","districtName":""},{"cityName":"Houone","countryName":"New Caledonia","localeCode":"en","districtName":""},{"cityName":"Houailou","countryName":"New Caledonia","localeCode":"en","districtName":""},{"cityName":"Honem","countryName":"New Caledonia","localeCode":"en","districtName":""},{"cityName":"Ho","countryName":"New Caledonia","localeCode":"en","districtName":""},{"cityName":"Hnawayece","countryName":"New Caledonia","localeCode":"en","districtName":""},{"cityName":"Hnasse","countryName":"New Caledonia","localeCode":"en","districtName":""},{"cityName":"Hnapalou","countryName":"New Caledonia","localeCode":"en","districtName":""},{"cityName":"Hnaeu","countryName":"New Caledonia","localeCode":"en","districtName":""},{"cityName":"Hnaenede","countryName":"New Caledonia","localeCode":"en","districtName":""},{"cityName":"Hnadid","countryName":"New Caledonia","localeCode":"en","districtName":""},{"cityName":"Hmelek","countryName":"New Caledonia","localeCode":"en","districtName":""},{"cityName":"Hienghene","countryName":"New Caledonia","localeCode":"en","districtName":""},{"cityName":"Havila","countryName":"New Caledonia","localeCode":"en","districtName":""},{"cityName":"Haute Tamoa","countryName":"New Caledonia","localeCode":"en","districtName":""},{"cityName":"Haute Poueo","countryName":"New Caledonia","localeCode":"en","districtName":""},{"cityName":"Haute Couvelee","countryName":"New Caledonia","localeCode":"en","districtName":""},{"cityName":"Haut-Coulna","countryName":"New Caledonia","localeCode":"en","districtName":""},{"cityName":"Hapetra","countryName":"New Caledonia","localeCode":"en","districtName":""},{"cityName":"Haouli","countryName":"New Caledonia","localeCode":"en","districtName":""},{"cityName":"Guehi","countryName":"New Caledonia","localeCode":"en","districtName":""},{"cityName":"Grondu","countryName":"New Caledonia","localeCode":"en","districtName":""},{"cityName":"Grombaou","countryName":"New Caledonia","localeCode":"en","districtName":""},{"cityName":"Grochain","countryName":"New Caledonia","localeCode":"en","districtName":""},{"cityName":"Grand Gouli","countryName":"New Caledonia","localeCode":"en","districtName":""},{"cityName":"Grand-Borindi","countryName":"New Caledonia","localeCode":"en","districtName":""},{"cityName":"Goyetta","countryName":"New Caledonia","localeCode":"en","districtName":""},{"cityName":"Gouaro","countryName":"New Caledonia","localeCode":"en","districtName":""},{"cityName":"Gouareu","countryName":"New Caledonia","localeCode":"en","districtName":""},{"cityName":"Gouaraoui","countryName":"New Caledonia","localeCode":"en","districtName":""},{"cityName":"Gossanat","countryName":"New Caledonia","localeCode":"en","districtName":""},{"cityName":"Goro","countryName":"New Caledonia","localeCode":"en","districtName":""},{"cityName":"Gondou","countryName":"New Caledonia","localeCode":"en","districtName":""},{"cityName":"Gonde","countryName":"New Caledonia","localeCode":"en","districtName":""},{"cityName":"Golone","countryName":"New Caledonia","localeCode":"en","districtName":""},{"cityName":"Goipin","countryName":"New Caledonia","localeCode":"en","districtName":""},{"cityName":"Gohapin","countryName":"New Caledonia","localeCode":"en","districtName":""},{"cityName":"Goa","countryName":"New Caledonia","localeCode":"en","districtName":""},{"cityName":"Gilles","countryName":"New Caledonia","localeCode":"en","districtName":""},{"cityName":"Ghio","countryName":"New Caledonia","localeCode":"en","districtName":""},{"cityName":"Gelima","countryName":"New Caledonia","localeCode":"en","districtName":""},{"cityName":"Ganem","countryName":"New Caledonia","localeCode":"en","districtName":""},{"cityName":"Gamai","countryName":"New Caledonia","localeCode":"en","districtName":""},{"cityName":"Galilee","countryName":"New Caledonia","localeCode":"en","districtName":""},{"cityName":"Galagaoui","countryName":"New Caledonia","localeCode":"en","districtName":""},{"cityName":"Gala","countryName":"New Caledonia","localeCode":"en","districtName":""},{"cityName":"Gadji","countryName":"New Caledonia","localeCode":"en","districtName":""},{"cityName":"Foret Plate","countryName":"New Caledonia","localeCode":"en","districtName":""},{"cityName":"Foret Noire","countryName":"New Caledonia","localeCode":"en","districtName":""},{"cityName":"Fonwhary","countryName":"New Caledonia","localeCode":"en","districtName":""},{"cityName":"Foaobanik","countryName":"New Caledonia","localeCode":"en","districtName":""},{"cityName":"Fayawa","countryName":"New Caledonia","localeCode":"en","districtName":""},{"cityName":"Fayaoue","countryName":"New Caledonia","localeCode":"en","districtName":""},{"cityName":"Farino","countryName":"New Caledonia","localeCode":"en","districtName":""},{"cityName":"Ethi","countryName":"New Caledonia","localeCode":"en","districtName":""},{"cityName":"Ete","countryName":"New Caledonia","localeCode":"en","districtName":""},{"cityName":"Eni","countryName":"New Caledonia","localeCode":"en","districtName":""},{"cityName":"Enene","countryName":"New Caledonia","localeCode":"en","districtName":""},{"cityName":"Ema","countryName":"New Caledonia","localeCode":"en","districtName":""},{"cityName":"Eacho","countryName":"New Caledonia","localeCode":"en","districtName":""},{"cityName":"Dumbea","countryName":"New Caledonia","localeCode":"en","districtName":""},{"cityName":"Doueoulou","countryName":"New Caledonia","localeCode":"en","districtName":""},{"cityName":"Dothio","countryName":"New Caledonia","localeCode":"en","districtName":""},{"cityName":"Dosip","countryName":"New Caledonia","localeCode":"en","districtName":""},{"cityName":"Doneva","countryName":"New Caledonia","localeCode":"en","districtName":""},{"cityName":"Doking","countryName":"New Caledonia","localeCode":"en","districtName":""},{"cityName":"Dogny","countryName":"New Caledonia","localeCode":"en","districtName":""},{"cityName":"Diakana","countryName":"New Caledonia","localeCode":"en","districtName":""},{"cityName":"Diahoue","countryName":"New Caledonia","localeCode":"en","districtName":""},{"cityName":"Diahot-Paraoua","countryName":"New Caledonia","localeCode":"en","districtName":""},{"cityName":"Cuadene","countryName":"New Caledonia","localeCode":"en","districtName":""},{"cityName":"Cradji","countryName":"New Caledonia","localeCode":"en","districtName":""},{"cityName":"Coula","countryName":"New Caledonia","localeCode":"en","districtName":""},{"cityName":"Congouma","countryName":"New Caledonia","localeCode":"en","districtName":""},{"cityName":"Conception","countryName":"New Caledonia","localeCode":"en","districtName":""},{"cityName":"Colnett","countryName":"New Caledonia","localeCode":"en","districtName":""},{"cityName":"Shepenehe","countryName":"New Caledonia","localeCode":"en","districtName":""},{"cityName":"Chainon","countryName":"New Caledonia","localeCode":"en","districtName":""},{"cityName":"Chagrin","countryName":"New Caledonia","localeCode":"en","districtName":""},{"cityName":"Ceni","countryName":"New Caledonia","localeCode":"en","districtName":""},{"cityName":"Cengeite","countryName":"New Caledonia","localeCode":"en","districtName":""},{"cityName":"Canala","countryName":"New Caledonia","localeCode":"en","districtName":""},{"cityName":"Caavatch","countryName":"New Caledonia","localeCode":"en","districtName":""},{"cityName":"Bweo","countryName":"New Caledonia","localeCode":"en","districtName":""},{"cityName":"Bui","countryName":"New Caledonia","localeCode":"en","districtName":""},{"cityName":"Briqueterie","countryName":"New Caledonia","localeCode":"en","districtName":""},{"cityName":"Boyen","countryName":"New Caledonia","localeCode":"en","districtName":""},{"cityName":"Bourail","countryName":"New Caledonia","localeCode":"en","districtName":""},{"cityName":"Bouloupari","countryName":"New Caledonia","localeCode":"en","districtName":""},{"cityName":"Bouirou","countryName":"New Caledonia","localeCode":"en","districtName":""},{"cityName":"Boueregaou","countryName":"New Caledonia","localeCode":"en","districtName":""},{"cityName":"Bouerabat","countryName":"New Caledonia","localeCode":"en","districtName":""},{"cityName":"Bouelas","countryName":"New Caledonia","localeCode":"en","districtName":""},{"cityName":"Bouarou","countryName":"New Caledonia","localeCode":"en","districtName":""},{"cityName":"Bouabondo","countryName":"New Caledonia","localeCode":"en","districtName":""},{"cityName":"Boreare","countryName":"New Caledonia","localeCode":"en","districtName":""},{"cityName":"Bopope","countryName":"New Caledonia","localeCode":"en","districtName":""},{"cityName":"Bone","countryName":"New Caledonia","localeCode":"en","districtName":""},{"cityName":"Bonde","countryName":"New Caledonia","localeCode":"en","districtName":""},{"cityName":"Bogui","countryName":"New Caledonia","localeCode":"en","districtName":""},{"cityName":"Boguen","countryName":"New Caledonia","localeCode":"en","districtName":""},{"cityName":"Boeareu","countryName":"New Caledonia","localeCode":"en","districtName":""},{"cityName":"Bobeitio","countryName":"New Caledonia","localeCode":"en","districtName":""},{"cityName":"Boara","countryName":"New Caledonia","localeCode":"en","districtName":""},{"cityName":"Boakaine","countryName":"New Caledonia","localeCode":"en","districtName":""},{"cityName":"Blanchot","countryName":"New Caledonia","localeCode":"en","districtName":""},{"cityName":"Betseda","countryName":"New Caledonia","localeCode":"en","districtName":""},{"cityName":"Bernheim","countryName":"New Caledonia","localeCode":"en","districtName":""},{"cityName":"Bayes","countryName":"New Caledonia","localeCode":"en","districtName":""},{"cityName":"Basse-Poya","countryName":"New Caledonia","localeCode":"en","districtName":""},{"cityName":"Bas-Coulna","countryName":"New Caledonia","localeCode":"en","districtName":""},{"cityName":"Baoum","countryName":"New Caledonia","localeCode":"en","districtName":""},{"cityName":"Baoui","countryName":"New Caledonia","localeCode":"en","districtName":""},{"cityName":"Banout","countryName":"New Caledonia","localeCode":"en","districtName":""},{"cityName":"Balaguet","countryName":"New Caledonia","localeCode":"en","districtName":""},{"cityName":"Balagam","countryName":"New Caledonia","localeCode":"en","districtName":""},{"cityName":"Balade","countryName":"New Caledonia","localeCode":"en","districtName":""},{"cityName":"Balaba","countryName":"New Caledonia","localeCode":"en","districtName":""},{"cityName":"Bakouya","countryName":"New Caledonia","localeCode":"en","districtName":""},{"cityName":"Baco","countryName":"New Caledonia","localeCode":"en","districtName":""},{"cityName":"Babouillat","countryName":"New Caledonia","localeCode":"en","districtName":""},{"cityName":"Baaba","countryName":"New Caledonia","localeCode":"en","districtName":""},{"cityName":"Ba","countryName":"New Caledonia","localeCode":"en","districtName":""},{"cityName":"Azareu","countryName":"New Caledonia","localeCode":"en","districtName":""},{"cityName":"Awi","countryName":"New Caledonia","localeCode":"en","districtName":""},{"cityName":"Awe","countryName":"New Caledonia","localeCode":"en","districtName":""},{"cityName":"Auteuil","countryName":"New Caledonia","localeCode":"en","districtName":""},{"cityName":"Atha","countryName":"New Caledonia","localeCode":"en","districtName":""},{"cityName":"Ateou","countryName":"New Caledonia","localeCode":"en","districtName":""},{"cityName":"Arama","countryName":"New Caledonia","localeCode":"en","districtName":""},{"cityName":"Aoumou","countryName":"New Caledonia","localeCode":"en","districtName":""},{"cityName":"Anezitch","countryName":"New Caledonia","localeCode":"en","districtName":""},{"cityName":"Aneo","countryName":"New Caledonia","localeCode":"en","districtName":""},{"cityName":"Amouema","countryName":"New Caledonia","localeCode":"en","districtName":""},{"cityName":"Amoa","countryName":"New Caledonia","localeCode":"en","districtName":""},{"cityName":"Akaouane","countryName":"New Caledonia","localeCode":"en","districtName":""},{"cityName":"Kana","countryName":"New Caledonia","localeCode":"en","districtName":""},{"cityName":"Lotissement Axelle II","countryName":"New Caledonia","localeCode":"en","districtName":""},{"cityName":"La Tontouta","countryName":"New Caledonia","localeCode":"en","districtName":""}]