[{"cityName":"Tuapa","countryName":"Niue","localeCode":"en","districtName":""},{"cityName":"Taoli","countryName":"Niue","localeCode":"en","districtName":""},{"cityName":"Mutalau","countryName":"Niue","localeCode":"en","districtName":""},{"cityName":"Matalave","countryName":"Niue","localeCode":"en","districtName":""},{"cityName":"Mamakula","countryName":"Niue","localeCode":"en","districtName":""},{"cityName":"Makefu","countryName":"Niue","localeCode":"en","districtName":""},{"cityName":"Liku","countryName":"Niue","localeCode":"en","districtName":""},{"cityName":"Liha","countryName":"Niue","localeCode":"en","districtName":""},{"cityName":"Lakepa","countryName":"Niue","localeCode":"en","districtName":""},{"cityName":"Huvalu","countryName":"Niue","localeCode":"en","districtName":""},{"cityName":"Hikutivake","countryName":"Niue","localeCode":"en","districtName":""},{"cityName":"Hakupu","countryName":"Niue","localeCode":"en","districtName":""},{"cityName":"Fatiau","countryName":"Niue","localeCode":"en","districtName":""},{"cityName":"Avatele","countryName":"Niue","localeCode":"en","districtName":""},{"cityName":"Alofi","countryName":"Niue","localeCode":"en","districtName":""}]