[{"cityName":"Tuapa","countryName":"Niue"},{"cityName":"Taoli","countryName":"Niue"},{"cityName":"Mutalau","countryName":"Niue"},{"cityName":"Matalave","countryName":"Niue"},{"cityName":"Mamakula","countryName":"Niue"},{"cityName":"Makefu","countryName":"Niue"},{"cityName":"Liku","countryName":"Niue"},{"cityName":"Liha","countryName":"Niue"},{"cityName":"Lakepa","countryName":"Niue"},{"cityName":"Huvalu","countryName":"Niue"},{"cityName":"Hikutivake","countryName":"Niue"},{"cityName":"Hakupu","countryName":"Niue"},{"cityName":"Fatiau","countryName":"Niue"},{"cityName":"Avatele","countryName":"Niue"},{"cityName":"Alofi","countryName":"Niue"}]