[{"cityName":"Chalan Kanoa Village","countryName":"Northern Mariana Islands","localeCode":"en","districtName":""},{"cityName":"Kagman I","countryName":"Northern Mariana Islands","localeCode":"en","districtName":""},{"cityName":"Koblerville Village","countryName":"Northern Mariana Islands","localeCode":"en","districtName":""},{"cityName":"Navy Hill Village","countryName":"Northern Mariana Islands","localeCode":"en","districtName":""},{"cityName":"Dugi Village","countryName":"Northern Mariana Islands","localeCode":"en","districtName":""},{"cityName":"JP Tinian Town pre-WW2","countryName":"Northern Mariana Islands","localeCode":"en","districtName":""},{"cityName":"San Roque Village","countryName":"Northern Mariana Islands","localeCode":"en","districtName":""},{"cityName":"San Vicente Village","countryName":"Northern Mariana Islands","localeCode":"en","districtName":""},{"cityName":"Pagan Village","countryName":"Northern Mariana Islands","localeCode":"en","districtName":""},{"cityName":"Sinapalo Village","countryName":"Northern Mariana Islands","localeCode":"en","districtName":""},{"cityName":"Songsong","countryName":"Northern Mariana Islands","localeCode":"en","districtName":""},{"cityName":"Tanapag Village","countryName":"Northern Mariana Islands","localeCode":"en","districtName":""},{"cityName":"Dandan Village","countryName":"Northern Mariana Islands","localeCode":"en","districtName":""},{"cityName":"Garapan Village","countryName":"Northern Mariana Islands","localeCode":"en","districtName":""},{"cityName":"Gualo Rai Village","countryName":"Northern Mariana Islands","localeCode":"en","districtName":""},{"cityName":"Kagman III","countryName":"Northern Mariana Islands","localeCode":"en","districtName":""},{"cityName":"San Antonio Village","countryName":"Northern Mariana Islands","localeCode":"en","districtName":""},{"cityName":"San Jose Village","countryName":"Northern Mariana Islands","localeCode":"en","districtName":""},{"cityName":"Susupe Village","countryName":"Northern Mariana Islands","localeCode":"en","districtName":""},{"cityName":"Historic Maug Settlement","countryName":"Northern Mariana Islands","localeCode":"en","districtName":""},{"cityName":"Intermittent Historic Settlements","countryName":"Northern Mariana Islands","localeCode":"en","districtName":""},{"cityName":"Agrihan Village","countryName":"Northern Mariana Islands","localeCode":"en","districtName":""},{"cityName":"Alamagan Village","countryName":"Northern Mariana Islands","localeCode":"en","districtName":""},{"cityName":"former Songsong Village","countryName":"Northern Mariana Islands","localeCode":"en","districtName":""},{"cityName":"Copra Workers Settlement pre-WW2","countryName":"Northern Mariana Islands","localeCode":"en","districtName":""},{"cityName":"Anatahan Village - abandoned since 1993","countryName":"Northern Mariana Islands","localeCode":"en","districtName":""},{"cityName":"Teneto Village","countryName":"Northern Mariana Islands","localeCode":"en","districtName":""},{"cityName":"Liyo Hamlet","countryName":"Northern Mariana Islands","localeCode":"en","districtName":""},{"cityName":"Carolinas Heights","countryName":"Northern Mariana Islands","localeCode":"en","districtName":""},{"cityName":"Marpo Heights Hamlet","countryName":"Northern Mariana Islands","localeCode":"en","districtName":""},{"cityName":"Kagman II","countryName":"Northern Mariana Islands","localeCode":"en","districtName":""},{"cityName":"Saipan","countryName":"Northern Mariana Islands","localeCode":"en","districtName":""},{"cityName":"Capitol Hill Village","countryName":"Northern Mariana Islands","localeCode":"en","districtName":""},{"cityName":"Kagman Village","countryName":"Northern Mariana Islands","localeCode":"en","districtName":""},{"cityName":"Garapan - JP Marianas Capital Village pre-WW2","countryName":"Northern Mariana Islands","localeCode":"en","districtName":""},{"cityName":"Puerto Rico Village","countryName":"Northern Mariana Islands","localeCode":"en","districtName":""},{"cityName":"Muchot","countryName":"Northern Mariana Islands","localeCode":"en","districtName":""},{"cityName":"Achugao Hamlet","countryName":"Northern Mariana Islands","localeCode":"en","districtName":""},{"cityName":"As Lito Hamlet","countryName":"Northern Mariana Islands","localeCode":"en","districtName":""},{"cityName":"As Perdido Hamlet","countryName":"Northern Mariana Islands","localeCode":"en","districtName":""},{"cityName":"Chalan Kiya Hamlet","countryName":"Northern Mariana Islands","localeCode":"en","districtName":""},{"cityName":"Fina Sisu Hamlet","countryName":"Northern Mariana Islands","localeCode":"en","districtName":""},{"cityName":"Matansa Hamlet","countryName":"Northern Mariana Islands","localeCode":"en","districtName":""},{"cityName":"Papago Hamlet","countryName":"Northern Mariana Islands","localeCode":"en","districtName":""}]