[{"cityName":"Chalan Kanoa Village","countryName":"Northern Mariana Islands"},{"cityName":"Kagman I","countryName":"Northern Mariana Islands"},{"cityName":"Koblerville Village","countryName":"Northern Mariana Islands"},{"cityName":"Navy Hill Village","countryName":"Northern Mariana Islands"},{"cityName":"Dugi Village","countryName":"Northern Mariana Islands"},{"cityName":"JP Tinian Town pre-WW2","countryName":"Northern Mariana Islands"},{"cityName":"San Roque Village","countryName":"Northern Mariana Islands"},{"cityName":"San Vicente Village","countryName":"Northern Mariana Islands"},{"cityName":"Pagan Village","countryName":"Northern Mariana Islands"},{"cityName":"Sinapalo Village","countryName":"Northern Mariana Islands"},{"cityName":"Songsong","countryName":"Northern Mariana Islands"},{"cityName":"Tanapag Village","countryName":"Northern Mariana Islands"},{"cityName":"Dandan Village","countryName":"Northern Mariana Islands"},{"cityName":"Garapan Village","countryName":"Northern Mariana Islands"},{"cityName":"Gualo Rai Village","countryName":"Northern Mariana Islands"},{"cityName":"Kagman III","countryName":"Northern Mariana Islands"},{"cityName":"San Antonio Village","countryName":"Northern Mariana Islands"},{"cityName":"San Jose Village","countryName":"Northern Mariana Islands"},{"cityName":"Susupe Village","countryName":"Northern Mariana Islands"},{"cityName":"Historic Maug Settlement","countryName":"Northern Mariana Islands"},{"cityName":"Intermittent Historic Settlements","countryName":"Northern Mariana Islands"},{"cityName":"Agrihan Village","countryName":"Northern Mariana Islands"},{"cityName":"Alamagan Village","countryName":"Northern Mariana Islands"},{"cityName":"former Songsong Village","countryName":"Northern Mariana Islands"},{"cityName":"Copra Workers Settlement pre-WW2","countryName":"Northern Mariana Islands"},{"cityName":"Anatahan Village - abandoned since 1993","countryName":"Northern Mariana Islands"},{"cityName":"Teneto Village","countryName":"Northern Mariana Islands"},{"cityName":"Liyo Hamlet","countryName":"Northern Mariana Islands"},{"cityName":"Carolinas Heights","countryName":"Northern Mariana Islands"},{"cityName":"Marpo Heights Hamlet","countryName":"Northern Mariana Islands"},{"cityName":"Kagman II","countryName":"Northern Mariana Islands"},{"cityName":"Saipan","countryName":"Northern Mariana Islands"},{"cityName":"Capitol Hill Village","countryName":"Northern Mariana Islands"},{"cityName":"Kagman Village","countryName":"Northern Mariana Islands"},{"cityName":"Garapan - JP Marianas Capital Village pre-WW2","countryName":"Northern Mariana Islands"},{"cityName":"Puerto Rico Village","countryName":"Northern Mariana Islands"},{"cityName":"Muchot","countryName":"Northern Mariana Islands"},{"cityName":"Achugao Hamlet","countryName":"Northern Mariana Islands"},{"cityName":"As Lito Hamlet","countryName":"Northern Mariana Islands"},{"cityName":"As Perdido Hamlet","countryName":"Northern Mariana Islands"},{"cityName":"Chalan Kiya Hamlet","countryName":"Northern Mariana Islands"},{"cityName":"Fina Sisu Hamlet","countryName":"Northern Mariana Islands"},{"cityName":"Matansa Hamlet","countryName":"Northern Mariana Islands"},{"cityName":"Papago Hamlet","countryName":"Northern Mariana Islands"}]