[{"cityName":"Zuwayhir","countryName":"Oman"},{"cityName":"Zukayt","countryName":"Oman"},{"cityName":"Ziyan","countryName":"Oman"},{"cityName":"Zilaft","countryName":"Oman"},{"cityName":"Zikt","countryName":"Oman"},{"cityName":"Zibarah","countryName":"Oman"},{"cityName":"Zaymi","countryName":"Oman"},{"cityName":"Zaybah","countryName":"Oman"},{"cityName":"Zawliyah","countryName":"Oman"},{"cityName":"Zawajah","countryName":"Oman"},{"cityName":"Zammah","countryName":"Oman"},{"cityName":"Zahr Sidrah","countryName":"Oman"},{"cityName":"Zahr","countryName":"Oman"},{"cityName":"Za`faran","countryName":"Oman"},{"cityName":"Zabyah","countryName":"Oman"},{"cityName":"Zab`in","countryName":"Oman"},{"cityName":"Zab","countryName":"Oman"},{"cityName":"Yiti","countryName":"Oman"},{"cityName":"Yika'","countryName":"Oman"},{"cityName":"Yawiyah","countryName":"Oman"},{"cityName":"Yahi Risakh","countryName":"Oman"},{"cityName":"Al Wutayyah","countryName":"Oman"},{"cityName":"Wukabah","countryName":"Oman"},{"cityName":"Wughlah","countryName":"Oman"},{"cityName":"Wudham `Alwa'","countryName":"Oman"},{"cityName":"Wishal","countryName":"Oman"},{"cityName":"Wihi al Murr","countryName":"Oman"},{"cityName":"Wayt","countryName":"Oman"},{"cityName":"Watif","countryName":"Oman"},{"cityName":"Wasit","countryName":"Oman"},{"cityName":"Washil","countryName":"Oman"},{"cityName":"Washihi","countryName":"Oman"},{"cityName":"Waqbah","countryName":"Oman"},{"cityName":"Waljah","countryName":"Oman"},{"cityName":"Wakan","countryName":"Oman"},{"cityName":"Wajmah","countryName":"Oman"},{"cityName":"Waghlah","countryName":"Oman"},{"cityName":"Wadiyah al `Ulya'","countryName":"Oman"},{"cityName":"Wadiyah al Hadriyah","countryName":"Oman"},{"cityName":"Al Wadiyat","countryName":"Oman"},{"cityName":"Wadi Shirs","countryName":"Oman"},{"cityName":"Wadi al Mayh","countryName":"Oman"},{"cityName":"Wadim","countryName":"Oman"},{"cityName":"Layh","countryName":"Oman"},{"cityName":"Wadi `Andam","countryName":"Oman"},{"cityName":"Wadd","countryName":"Oman"},{"cityName":"Wabal","countryName":"Oman"},{"cityName":"`Uyun","countryName":"Oman"},{"cityName":"`Uwaydat","countryName":"Oman"},{"cityName":"Urzuq","countryName":"Oman"},{"cityName":"`Urf","countryName":"Oman"},{"cityName":"`Uqdah","countryName":"Oman"},{"cityName":"Umm Rusays","countryName":"Oman"},{"cityName":"Umm al Ja`arif","countryName":"Oman"},{"cityName":"Umm al `Unnah","countryName":"Oman"},{"cityName":"Umm Adailan","countryName":"Oman"},{"cityName":"`Ulyah","countryName":"Oman"},{"cityName":"`Ulub","countryName":"Oman"},{"cityName":"Ukhaydir","countryName":"Oman"},{"cityName":"Al `Udhaybah ash Shamaliyah","countryName":"Oman"},{"cityName":"Tuwaybah","countryName":"Oman"},{"cityName":"Turayf","countryName":"Oman"},{"cityName":"Tunis","countryName":"Oman"},{"cityName":"Tumayt","countryName":"Oman"},{"cityName":"Tul","countryName":"Oman"},{"cityName":"Taywah","countryName":"Oman"},{"cityName":"Tikhah","countryName":"Oman"},{"cityName":"Tubbah","countryName":"Oman"},{"cityName":"Tibat","countryName":"Oman"},{"cityName":"Thumayd","countryName":"Oman"},{"cityName":"Thissor","countryName":"Oman"},{"cityName":"Thinqayr","countryName":"Oman"},{"cityName":"Tharmad","countryName":"Oman"},{"cityName":"Taqub","countryName":"Oman"},{"cityName":"Thamarit","countryName":"Oman"},{"cityName":"Dalqut","countryName":"Oman"},{"cityName":"Zaghi","countryName":"Oman"},{"cityName":"Thabiti","countryName":"Oman"},{"cityName":"Teetaan","countryName":"Oman"},{"cityName":"Tayyib","countryName":"Oman"},{"cityName":"Taymissah","countryName":"Oman"},{"cityName":"Tayma'","countryName":"Oman"},{"cityName":"Taww","countryName":"Oman"},{"cityName":"Tawiyan Yiti","countryName":"Oman"},{"cityName":"Tawiyah","countryName":"Oman"},{"cityName":"Tawi Sulaym","countryName":"Oman"},{"cityName":"Tawi Sih","countryName":"Oman"},{"cityName":"Tawi Sadh","countryName":"Oman"},{"cityName":"Tawi Nuss","countryName":"Oman"},{"cityName":"Tawi Kuraysh","countryName":"Oman"},{"cityName":"Tawi Bedi Guish","countryName":"Oman"},{"cityName":"Tawi al Hayl","countryName":"Oman"},{"cityName":"Tawi al Badu","countryName":"Oman"},{"cityName":"Tahwah","countryName":"Oman"},{"cityName":"Tasawir","countryName":"Oman"},{"cityName":"Tarif","countryName":"Oman"},{"cityName":"Taqah","countryName":"Oman"},{"cityName":"Tan`am","countryName":"Oman"},{"cityName":"Takham","countryName":"Oman"},{"cityName":"Tabaqah","countryName":"Oman"},{"cityName":"Suwayyah","countryName":"Oman"},{"cityName":"Suwaykimi","countryName":"Oman"},{"cityName":"Suwayhirah","countryName":"Oman"},{"cityName":"Suwayd","countryName":"Oman"},{"cityName":"Suwar","countryName":"Oman"},{"cityName":"Suwadi `Alwa","countryName":"Oman"},{"cityName":"Suwadi al Batha'","countryName":"Oman"},{"cityName":"Sur ash Shiyadi","countryName":"Oman"},{"cityName":"Sur Masirah","countryName":"Oman"},{"cityName":"Sur Ma`awil","countryName":"Oman"},{"cityName":"Sur Khusaybi","countryName":"Oman"},{"cityName":"Suri","countryName":"Oman"},{"cityName":"Sur Bani Khuzaymah","countryName":"Oman"},{"cityName":"Surayr","countryName":"Oman"},{"cityName":"Suraymah","countryName":"Oman"},{"cityName":"Sur al Mazari`","countryName":"Oman"},{"cityName":"Sur Yal Bu Rashid","countryName":"Oman"},{"cityName":"Sur Al Bu Khamis","countryName":"Oman"},{"cityName":"Sur Yal Hillal","countryName":"Oman"},{"cityName":"Sur al Balush","countryName":"Oman"},{"cityName":"Sur al `Abri","countryName":"Oman"},{"cityName":"Sur","countryName":"Oman"},{"cityName":"Sunub","countryName":"Oman"},{"cityName":"Sinni","countryName":"Oman"},{"cityName":"Sunnar","countryName":"Oman"},{"cityName":"Sunaysilah","countryName":"Oman"},{"cityName":"Sunaybah","countryName":"Oman"},{"cityName":"Sumut","countryName":"Oman"},{"cityName":"Sumayyah","countryName":"Oman"},{"cityName":"Sumaysim","countryName":"Oman"},{"cityName":"As Sumayni","countryName":"Oman"},{"cityName":"Sulawah","countryName":"Oman"},{"cityName":"Sulaymi","countryName":"Oman"},{"cityName":"Saqrah","countryName":"Oman"},{"cityName":"Sukaykira'","countryName":"Oman"},{"cityName":"Suhayrah","countryName":"Oman"},{"cityName":"Suhaylah","countryName":"Oman"},{"cityName":"Al Sohar","countryName":"Oman"},{"cityName":"Suhal","countryName":"Oman"},{"cityName":"Sufalat Sama'il","countryName":"Oman"},{"cityName":"Sudi","countryName":"Oman"},{"cityName":"Sudh","countryName":"Oman"},{"cityName":"Sudamah","countryName":"Oman"},{"cityName":"Subaykhah","countryName":"Oman"},{"cityName":"Subayb","countryName":"Oman"},{"cityName":"Subakh","countryName":"Oman"},{"cityName":"Siyyah","countryName":"Oman"},{"cityName":"Siyaq","countryName":"Oman"},{"cityName":"Siya'","countryName":"Oman"},{"cityName":"Siserun","countryName":"Oman"},{"cityName":"Sira'","countryName":"Oman"},{"cityName":"Sint","countryName":"Oman"},{"cityName":"Sikun Shikfainot","countryName":"Oman"},{"cityName":"Jadayrat","countryName":"Oman"},{"cityName":"Sihlat","countryName":"Oman"},{"cityName":"Sihah","countryName":"Oman"},{"cityName":"Sidab","countryName":"Oman"},{"cityName":"Sibi","countryName":"Oman"},{"cityName":"Shuwaymirah","countryName":"Oman"},{"cityName":"Ash Shuwayhah","countryName":"Oman"},{"cityName":"Shuway`i","countryName":"Oman"},{"cityName":"Sharjat Saqabah","countryName":"Oman"},{"cityName":"Shurayjat","countryName":"Oman"},{"cityName":"Shurayjah","countryName":"Oman"},{"cityName":"Shumayt","countryName":"Oman"},{"cityName":"Shuhayt","countryName":"Oman"},{"cityName":"Shufi","countryName":"Oman"},{"cityName":"Shubaykah","countryName":"Oman"},{"cityName":"Shu`aymiyah","countryName":"Oman"},{"cityName":"Shirs Yal Burayk","countryName":"Oman"},{"cityName":"Shiqqat al `Awd","countryName":"Oman"},{"cityName":"Shinas","countryName":"Oman"},{"cityName":"Qaryat Shi`inzi","countryName":"Oman"},{"cityName":"Shidah","countryName":"Oman"},{"cityName":"Shibith","countryName":"Oman"},{"cityName":"Shaww","countryName":"Oman"},{"cityName":"Shat","countryName":"Oman"},{"cityName":"Sharkh","countryName":"Oman"},{"cityName":"Sharjah","countryName":"Oman"},{"cityName":"Shariyah","countryName":"Oman"},{"cityName":"Shariq","countryName":"Oman"},{"cityName":"Sharbithat","countryName":"Oman"},{"cityName":"Shanut","countryName":"Oman"},{"cityName":"Shanitah","countryName":"Oman"},{"cityName":"Sham","countryName":"Oman"},{"cityName":"Shalim","countryName":"Oman"},{"cityName":"Shakhbut","countryName":"Oman"},{"cityName":"Shakhakhit","countryName":"Oman"},{"cityName":"Shahiq","countryName":"Oman"},{"cityName":"Shafya","countryName":"Oman"},{"cityName":"Shafi`","countryName":"Oman"},{"cityName":"Sehaff","countryName":"Oman"},{"cityName":"Sehab","countryName":"Oman"},{"cityName":"Sayyah","countryName":"Oman"},{"cityName":"Sayr","countryName":"Oman"},{"cityName":"Sayq","countryName":"Oman"},{"cityName":"Saynah","countryName":"Oman"},{"cityName":"Sayma'","countryName":"Oman"},{"cityName":"Sayjah","countryName":"Oman"},{"cityName":"Sayh al Malih","countryName":"Oman"},{"cityName":"Sayh","countryName":"Oman"},{"cityName":"Sayfam","countryName":"Oman"},{"cityName":"Saydah","countryName":"Oman"},{"cityName":"Saybah","countryName":"Oman"},{"cityName":"Sawt","countryName":"Oman"},{"cityName":"Sawqirah","countryName":"Oman"},{"cityName":"As Sawaqim","countryName":"Oman"},{"cityName":"Sarur","countryName":"Oman"},{"cityName":"Hayy as Saruj","countryName":"Oman"},{"cityName":"Sarkhar","countryName":"Oman"},{"cityName":"Sarfanah","countryName":"Oman"},{"cityName":"Sarbih","countryName":"Oman"},{"cityName":"Sarid","countryName":"Oman"},{"cityName":"Sanqar","countryName":"Oman"},{"cityName":"Sanhiyat","countryName":"Oman"},{"cityName":"Sanaw","countryName":"Oman"},{"cityName":"Sumrah","countryName":"Oman"},{"cityName":"Samhan","countryName":"Oman"},{"cityName":"Saman","countryName":"Oman"},{"cityName":"Sama'il","countryName":"Oman"},{"cityName":"Samad","countryName":"Oman"},{"cityName":"Salut","countryName":"Oman"},{"cityName":"Salmah","countryName":"Oman"},{"cityName":"Sallan","countryName":"Oman"},{"cityName":"Salifah","countryName":"Oman"},{"cityName":"Salh","countryName":"Oman"},{"cityName":"Salib","countryName":"Oman"},{"cityName":"Salam","countryName":"Oman"},{"cityName":"Salalah","countryName":"Oman"},{"cityName":"Sailal","countryName":"Oman"},{"cityName":"Sa`id Bin Sahran","countryName":"Oman"},{"cityName":"Sa`idah","countryName":"Oman"},{"cityName":"Sa`id","countryName":"Oman"},{"cityName":"Sahil Harmul","countryName":"Oman"},{"cityName":"Sahban","countryName":"Oman"},{"cityName":"Saham","countryName":"Oman"},{"cityName":"Sahalnawt","countryName":"Oman"},{"cityName":"Safwan","countryName":"Oman"},{"cityName":"Safqut","countryName":"Oman"},{"cityName":"Safil","countryName":"Oman"},{"cityName":"Safaij","countryName":"Oman"},{"cityName":"Safa'","countryName":"Oman"},{"cityName":"Sadah","countryName":"Oman"},{"cityName":"Sadan","countryName":"Oman"},{"cityName":"Sadam","countryName":"Oman"},{"cityName":"Sadadib","countryName":"Oman"},{"cityName":"Sad","countryName":"Oman"},{"cityName":"Sabt","countryName":"Oman"},{"cityName":"Sabakh","countryName":"Oman"},{"cityName":"Sa`al","countryName":"Oman"},{"cityName":"As Sa`adi","countryName":"Oman"},{"cityName":"Ruwi Gharbi","countryName":"Oman"},{"cityName":"Ruwi","countryName":"Oman"},{"cityName":"Ruwaylat Badw","countryName":"Oman"},{"cityName":"Ruwaylat az Za`ab","countryName":"Oman"},{"cityName":"Ruwaylah","countryName":"Oman"},{"cityName":"Ru'us","countryName":"Oman"},{"cityName":"Rushayd","countryName":"Oman"},{"cityName":"Rusayl","countryName":"Oman"},{"cityName":"Tawi Rumayih","countryName":"Oman"},{"cityName":"Rumays","countryName":"Oman"},{"cityName":"Rumaylah","countryName":"Oman"},{"cityName":"Rudha","countryName":"Oman"},{"cityName":"Ruddah","countryName":"Oman"},{"cityName":"Riyam","countryName":"Oman"},{"cityName":"Rissah","countryName":"Oman"},{"cityName":"Rism","countryName":"Oman"},{"cityName":"Riqqah","countryName":"Oman"},{"cityName":"Rimthah","countryName":"Oman"},{"cityName":"Rijlah","countryName":"Oman"},{"cityName":"Rija`","countryName":"Oman"},{"cityName":"Rihani","countryName":"Oman"},{"cityName":"Rida'","countryName":"Oman"},{"cityName":"Rayy","countryName":"Oman"},{"cityName":"Raysut","countryName":"Oman"},{"cityName":"Ar Rawdah","countryName":"Oman"},{"cityName":"Rawdah","countryName":"Oman"},{"cityName":"Rassier","countryName":"Oman"},{"cityName":"Rasis","countryName":"Oman"},{"cityName":"Ar Ru'ays","countryName":"Oman"},{"cityName":"Raqi","countryName":"Oman"},{"cityName":"Ramlah","countryName":"Oman"},{"cityName":"Rakzah","countryName":"Oman"},{"cityName":"Rakhyut","countryName":"Oman"},{"cityName":"Rakhbah","countryName":"Oman"},{"cityName":"Rakabi","countryName":"Oman"},{"cityName":"Ar Rajmi","countryName":"Oman"},{"cityName":"Rahn","countryName":"Oman"},{"cityName":"Rahab","countryName":"Oman"},{"cityName":"Rafsah","countryName":"Oman"},{"cityName":"Raf`ah","countryName":"Oman"},{"cityName":"Raddah","countryName":"Oman"},{"cityName":"Qurtah","countryName":"Oman"},{"cityName":"Qurta","countryName":"Oman"},{"cityName":"Qurm","countryName":"Oman"},{"cityName":"Qurayyih al Qata","countryName":"Oman"},{"cityName":"Qurayyat","countryName":"Oman"},{"cityName":"Qumayrah","countryName":"Oman"},{"cityName":"Qumaylah","countryName":"Oman"},{"cityName":"Qulayyah","countryName":"Oman"},{"cityName":"Qizmi","countryName":"Oman"},{"cityName":"Qadah","countryName":"Oman"},{"cityName":"Qayut","countryName":"Oman"},{"cityName":"Qaysad","countryName":"Oman"},{"cityName":"Qu`ayd","countryName":"Oman"},{"cityName":"Qata`ah","countryName":"Oman"},{"cityName":"Qashah","countryName":"Oman"},{"cityName":"Qasa`ah","countryName":"Oman"},{"cityName":"Qasabiyat Yal Burayk","countryName":"Oman"},{"cityName":"Qasabiyat az Za`ab","countryName":"Oman"},{"cityName":"Qasabiyat al Hawasinah","countryName":"Oman"},{"cityName":"Qasabiyat Al Bu Sa`id","countryName":"Oman"},{"cityName":"Qaryah","countryName":"Oman"},{"cityName":"Qarut as Sufla","countryName":"Oman"},{"cityName":"Qarut al `Ulya","countryName":"Oman"},{"cityName":"Qarthit","countryName":"Oman"},{"cityName":"Qarn Sawadiyah","countryName":"Oman"},{"cityName":"Qarn","countryName":"Oman"},{"cityName":"Qarat al Milh","countryName":"Oman"},{"cityName":"Al Karbi","countryName":"Oman"},{"cityName":"Qantab","countryName":"Oman"},{"cityName":"Qalhat","countryName":"Oman"},{"cityName":"Qal`at al `Awamir","countryName":"Oman"},{"cityName":"Qaftat","countryName":"Oman"},{"cityName":"Qafa","countryName":"Oman"},{"cityName":"Qadhait","countryName":"Oman"},{"cityName":"Qabil Yal Bu Sa`id","countryName":"Oman"},{"cityName":"Qa`b","countryName":"Oman"},{"cityName":"Nuway'","countryName":"Oman"},{"cityName":"Nujum","countryName":"Oman"},{"cityName":"Nizwa","countryName":"Oman"},{"cityName":"Nidab","countryName":"Oman"},{"cityName":"Nahdah","countryName":"Oman"},{"cityName":"Nazwa","countryName":"Oman"},{"cityName":"Nadhifi","countryName":"Oman"},{"cityName":"Nazab","countryName":"Oman"},{"cityName":"Nattalah","countryName":"Oman"},{"cityName":"Naqsi","countryName":"Oman"},{"cityName":"Nakhshah","countryName":"Oman"},{"cityName":"Nakhl","countryName":"Oman"},{"cityName":"Najd","countryName":"Oman"},{"cityName":"Nahur","countryName":"Oman"},{"cityName":"Nahiz","countryName":"Oman"},{"cityName":"Nafun","countryName":"Oman"},{"cityName":"Naf`ah","countryName":"Oman"},{"cityName":"Nabr","countryName":"Oman"},{"cityName":"Muwaffaq","countryName":"Oman"},{"cityName":"Muti","countryName":"Oman"},{"cityName":"Mutayrah","countryName":"Oman"},{"cityName":"Mutayli`","countryName":"Oman"},{"cityName":"Mu`tamar","countryName":"Oman"},{"cityName":"Muslimat","countryName":"Oman"},{"cityName":"Muslaf","countryName":"Oman"},{"cityName":"Mushayq","countryName":"Oman"},{"cityName":"Mushabbah","countryName":"Oman"},{"cityName":"Musayna`ah","countryName":"Oman"},{"cityName":"Musayfiyah","countryName":"Oman"},{"cityName":"Musayb","countryName":"Oman"},{"cityName":"Musalla","countryName":"Oman"},{"cityName":"Murri","countryName":"Oman"},{"cityName":"Murji","countryName":"Oman"},{"cityName":"Murihah","countryName":"Oman"},{"cityName":"Muraysi","countryName":"Oman"},{"cityName":"Murayrat","countryName":"Oman"},{"cityName":"Murayjat","countryName":"Oman"},{"cityName":"Murarah","countryName":"Oman"},{"cityName":"Muqshur","countryName":"Oman"},{"cityName":"Muqaz","countryName":"Oman"},{"cityName":"Muqaydan","countryName":"Oman"},{"cityName":"Muqal","countryName":"Oman"},{"cityName":"Muntayfah","countryName":"Oman"},{"cityName":"Munjarid","countryName":"Oman"},{"cityName":"Multaqa Hadriyah","countryName":"Oman"},{"cityName":"Multaqa `Alwiyah","countryName":"Oman"},{"cityName":"Mukhtari`","countryName":"Oman"},{"cityName":"Mukhi","countryName":"Oman"},{"cityName":"Mukhaylif","countryName":"Oman"},{"cityName":"Mukaysah","countryName":"Oman"},{"cityName":"Maqham","countryName":"Oman"},{"cityName":"Mughshin","countryName":"Oman"},{"cityName":"Mughsayl","countryName":"Oman"},{"cityName":"Mughrah","countryName":"Oman"},{"cityName":"Gharbah","countryName":"Oman"},{"cityName":"Mughbariyah","countryName":"Oman"},{"cityName":"Mudri","countryName":"Oman"},{"cityName":"Mudrah","countryName":"Oman"},{"cityName":"Mudayrah","countryName":"Oman"},{"cityName":"Mudaybi","countryName":"Oman"},{"cityName":"Mu`aydin","countryName":"Oman"},{"cityName":"Al Murtafa`ah","countryName":"Oman"},{"cityName":"Misfah","countryName":"Oman"},{"cityName":"Mizbar","countryName":"Oman"},{"cityName":"Mi`wal","countryName":"Oman"},{"cityName":"Miss","countryName":"Oman"},{"cityName":"Misin","countryName":"Oman"},{"cityName":"Misfah al Halfayn","countryName":"Oman"},{"cityName":"Misfah as Safil","countryName":"Oman"},{"cityName":"Misfah ash Shurayqiyin","countryName":"Oman"},{"cityName":"Misfah al `Ali","countryName":"Oman"},{"cityName":"Mirbat","countryName":"Oman"},{"cityName":"Al Minzifah","countryName":"Oman"},{"cityName":"Minthar","countryName":"Oman"},{"cityName":"Minabak","countryName":"Oman"},{"cityName":"Midah","countryName":"Oman"},{"cityName":"Mibam","countryName":"Oman"},{"cityName":"As Sumayr","countryName":"Oman"},{"cityName":"Mazra` Khusayyin","countryName":"Oman"},{"cityName":"Mazra` Ghulaylah","countryName":"Oman"},{"cityName":"Mazra` al Hadri","countryName":"Oman"},{"cityName":"Mazra` al Ghaf","countryName":"Oman"},{"cityName":"Mazra`","countryName":"Oman"},{"cityName":"Mazahit","countryName":"Oman"},{"cityName":"Maysar","countryName":"Oman"},{"cityName":"Mayhah","countryName":"Oman"},{"cityName":"Maydan","countryName":"Oman"},{"cityName":"Mawiyah","countryName":"Oman"},{"cityName":"Mawalih","countryName":"Oman"},{"cityName":"Mutrah","countryName":"Oman"},{"cityName":"Masrun","countryName":"Oman"},{"cityName":"Muscat","countryName":"Oman"},{"cityName":"Masqab","countryName":"Oman"},{"cityName":"Misliq","countryName":"Oman"},{"cityName":"Maskin","countryName":"Oman"},{"cityName":"Masirat Ruwajih","countryName":"Oman"},{"cityName":"Mashuq","countryName":"Oman"},{"cityName":"Mashin","countryName":"Oman"},{"cityName":"Masharub","countryName":"Oman"},{"cityName":"Masah","countryName":"Oman"},{"cityName":"Maqyubi","countryName":"Oman"},{"cityName":"Al Mutib Muqsad","countryName":"Oman"},{"cityName":"Maqniyat","countryName":"Oman"},{"cityName":"Maqammah","countryName":"Oman"},{"cityName":"Al Manzariyah","countryName":"Oman"},{"cityName":"Al Manumah","countryName":"Oman"},{"cityName":"Mansur","countryName":"Oman"},{"cityName":"Tawi Mansur","countryName":"Oman"},{"cityName":"Manazif","countryName":"Oman"},{"cityName":"Ma`murah","countryName":"Oman"},{"cityName":"Ma`mur","countryName":"Oman"},{"cityName":"Ma'mul","countryName":"Oman"},{"cityName":"Ma`mad","countryName":"Oman"},{"cityName":"Makhsain","countryName":"Oman"},{"cityName":"Majzi","countryName":"Oman"},{"cityName":"Majrirah","countryName":"Oman"},{"cityName":"Majaz as Sughra","countryName":"Oman"},{"cityName":"Majaz al Kubra","countryName":"Oman"},{"cityName":"Majis","countryName":"Oman"},{"cityName":"Majhal","countryName":"Oman"},{"cityName":"Majazah","countryName":"Oman"},{"cityName":"Maqa`isah","countryName":"Oman"},{"cityName":"Mahyul","countryName":"Oman"},{"cityName":"Mahram","countryName":"Oman"},{"cityName":"Mahmum","countryName":"Oman"},{"cityName":"Mahlah","countryName":"Oman"},{"cityName":"Mahdus","countryName":"Oman"},{"cityName":"Mahdah","countryName":"Oman"},{"cityName":"Mahbat","countryName":"Oman"},{"cityName":"Mahbab","countryName":"Oman"},{"cityName":"Mahatt","countryName":"Oman"},{"cityName":"Al Muhtariq","countryName":"Oman"},{"cityName":"Mahall","countryName":"Oman"},{"cityName":"Mahaliyah","countryName":"Oman"},{"cityName":"Mahalil","countryName":"Oman"},{"cityName":"`Ayn al Mahab","countryName":"Oman"},{"cityName":"Maghyuth","countryName":"Oman"},{"cityName":"Maghsil","countryName":"Oman"},{"cityName":"Maghdar","countryName":"Oman"},{"cityName":"Madruj","countryName":"Oman"},{"cityName":"Madinat al Haqq","countryName":"Oman"},{"cityName":"Madabbah","countryName":"Oman"},{"cityName":"Macula","countryName":"Oman"},{"cityName":"Mabrah","countryName":"Oman"},{"cityName":"Ma'bas","countryName":"Oman"},{"cityName":"Ma`amir","countryName":"Oman"},{"cityName":"Ma' al Mushash","countryName":"Oman"},{"cityName":"Al Mu`baylah ash Shamaliyah","countryName":"Oman"},{"cityName":"Luzugh","countryName":"Oman"},{"cityName":"Lushil","countryName":"Oman"},{"cityName":"Al Lawb","countryName":"Oman"},{"cityName":"Lizq","countryName":"Oman"},{"cityName":"Liqbi","countryName":"Oman"},{"cityName":"Al Ima","countryName":"Oman"},{"cityName":"Lihban","countryName":"Oman"},{"cityName":"Al Ansab","countryName":"Oman"},{"cityName":"Lakbah","countryName":"Oman"},{"cityName":"Al Khuwayrat","countryName":"Oman"},{"cityName":"Kusat","countryName":"Oman"},{"cityName":"Quri","countryName":"Oman"},{"cityName":"Kumzar","countryName":"Oman"},{"cityName":"Kubarah","countryName":"Oman"},{"cityName":"Kizetakhayf","countryName":"Oman"},{"cityName":"Kitnah","countryName":"Oman"},{"cityName":"Kitheort","countryName":"Oman"},{"cityName":"Kirshah","countryName":"Oman"},{"cityName":"Kinhat","countryName":"Oman"},{"cityName":"Kibrit","countryName":"Oman"},{"cityName":"Kibdiyah","countryName":"Oman"},{"cityName":"Tawi Khuzayriyah","countryName":"Oman"},{"cityName":"Khuwaylah","countryName":"Oman"},{"cityName":"Khudar","countryName":"Oman"},{"cityName":"Khubrah","countryName":"Oman"},{"cityName":"Khubaytah","countryName":"Oman"},{"cityName":"Khishdah","countryName":"Oman"},{"cityName":"Khidr Marghuth","countryName":"Oman"},{"cityName":"Khawr Zammah","countryName":"Oman"},{"cityName":"Khawr Siyabi","countryName":"Oman"},{"cityName":"Khawr Rawri","countryName":"Oman"},{"cityName":"Khawr Hulw","countryName":"Oman"},{"cityName":"Khawr Hammam","countryName":"Oman"},{"cityName":"Khawr al Milh","countryName":"Oman"},{"cityName":"Khawr al Asrah","countryName":"Oman"},{"cityName":"Khawbi","countryName":"Oman"},{"cityName":"Khatwah","countryName":"Oman"},{"cityName":"Khatum","countryName":"Oman"},{"cityName":"Khatmat Malahah","countryName":"Oman"},{"cityName":"Khasur","countryName":"Oman"},{"cityName":"Khashub","countryName":"Oman"},{"cityName":"Khasaf","countryName":"Oman"},{"cityName":"Khasab","countryName":"Oman"},{"cityName":"Kharma'","countryName":"Oman"},{"cityName":"Khaysat","countryName":"Oman"},{"cityName":"Al Khan","countryName":"Oman"},{"cityName":"Khaluf","countryName":"Oman"},{"cityName":"Khalli","countryName":"Oman"},{"cityName":"Khalil","countryName":"Oman"},{"cityName":"Khahil","countryName":"Oman"},{"cityName":"Khaftawt","countryName":"Oman"},{"cityName":"Khafifah","countryName":"Oman"},{"cityName":"Ghafdi","countryName":"Oman"},{"cityName":"Khadfier","countryName":"Oman"},{"cityName":"Khadra' Bin Daffa`","countryName":"Oman"},{"cityName":"Khadra' Yal Bu Rashid","countryName":"Oman"},{"cityName":"Khadra'","countryName":"Oman"},{"cityName":"Khadhil","countryName":"Oman"},{"cityName":"Khaburat Yanqul","countryName":"Oman"},{"cityName":"Khabt","countryName":"Oman"},{"cityName":"Khabbayn","countryName":"Oman"},{"cityName":"Khabbah","countryName":"Oman"},{"cityName":"Kartlayt","countryName":"Oman"},{"cityName":"Karshayt","countryName":"Oman"},{"cityName":"Karku","countryName":"Oman"},{"cityName":"Kanit","countryName":"Oman"},{"cityName":"Kamah","countryName":"Oman"},{"cityName":"Kalban","countryName":"Oman"},{"cityName":"Kahf al Humayr","countryName":"Oman"},{"cityName":"Kahanat","countryName":"Oman"},{"cityName":"Kahal","countryName":"Oman"},{"cityName":"Kabiyah","countryName":"Oman"},{"cityName":"Juraym","countryName":"Oman"},{"cityName":"Jurayd","countryName":"Oman"},{"cityName":"Junawl","countryName":"Oman"},{"cityName":"Jufayf","countryName":"Oman"},{"cityName":"Jinah","countryName":"Oman"},{"cityName":"Jimah","countryName":"Oman"},{"cityName":"Jill ar Raddah","countryName":"Oman"},{"cityName":"Jifar","countryName":"Oman"},{"cityName":"Jibjat","countryName":"Oman"},{"cityName":"Al Ghala`il","countryName":"Oman"},{"cityName":"Jawdah","countryName":"Oman"},{"cityName":"Jardum","countryName":"Oman"},{"cityName":"Jardamanah","countryName":"Oman"},{"cityName":"Jammah","countryName":"Oman"},{"cityName":"Ja`man","countryName":"Oman"},{"cityName":"Jalah","countryName":"Oman"},{"cityName":"Jal","countryName":"Oman"},{"cityName":"Jahlut","countryName":"Oman"},{"cityName":"Jahis","countryName":"Oman"},{"cityName":"Jahfiyah","countryName":"Oman"},{"cityName":"Jahaneen","countryName":"Oman"},{"cityName":"Jadid","countryName":"Oman"},{"cityName":"Jabrin","countryName":"Oman"},{"cityName":"Ja`arah","countryName":"Oman"},{"cityName":"Izki","countryName":"Oman"},{"cityName":"Ithaff","countryName":"Oman"},{"cityName":"Istal","countryName":"Oman"},{"cityName":"Insaid","countryName":"Oman"},{"cityName":"Indaf","countryName":"Oman"},{"cityName":"`Ibri","countryName":"Oman"},{"cityName":"Ibra'","countryName":"Oman"},{"cityName":"Huzayn","countryName":"Oman"},{"cityName":"Huwaylat","countryName":"Oman"},{"cityName":"Huwayl","countryName":"Oman"},{"cityName":"Huqayf","countryName":"Oman"},{"cityName":"Hamsi","countryName":"Oman"},{"cityName":"Humer","countryName":"Oman"},{"cityName":"Humayrah","countryName":"Oman"},{"cityName":"Humaydah","countryName":"Oman"},{"cityName":"Hulw","countryName":"Oman"},{"cityName":"Hulaylat","countryName":"Oman"},{"cityName":"Hulayhil","countryName":"Oman"},{"cityName":"Huffi","countryName":"Oman"},{"cityName":"Hubi","countryName":"Oman"},{"cityName":"Hubat","countryName":"Oman"},{"cityName":"Hisn Mazyad","countryName":"Oman"},{"cityName":"Hirmut","countryName":"Oman"},{"cityName":"Hindarut","countryName":"Oman"},{"cityName":"Hilm","countryName":"Oman"},{"cityName":"Al Makhamarah","countryName":"Oman"},{"cityName":"Hillat Burj","countryName":"Oman"},{"cityName":"Hillat ash Shaykh","countryName":"Oman"},{"cityName":"Hillat al Hisn","countryName":"Oman"},{"cityName":"Hillat al Balush","countryName":"Oman"},{"cityName":"Hijari","countryName":"Oman"},{"cityName":"Hijar","countryName":"Oman"},{"cityName":"Hifri al Batha'","countryName":"Oman"},{"cityName":"Hifri","countryName":"Oman"},{"cityName":"Hibra","countryName":"Oman"},{"cityName":"Hezar","countryName":"Oman"},{"cityName":"Hazm","countryName":"Oman"},{"cityName":"Hayzan","countryName":"Oman"},{"cityName":"Haymiliyah","countryName":"Oman"},{"cityName":"Hayma'","countryName":"Oman"},{"cityName":"Hayl Yaman","countryName":"Oman"},{"cityName":"Hayl Sulayman","countryName":"Oman"},{"cityName":"Hayl Manadhirah","countryName":"Oman"},{"cityName":"Hayl Juwari","countryName":"Oman"},{"cityName":"Hayl Hamiyah","countryName":"Oman"},{"cityName":"Hayl Bani Kathir","countryName":"Oman"},{"cityName":"Haylayn","countryName":"Oman"},{"cityName":"Haylat La'mia","countryName":"Oman"},{"cityName":"Haylat Harashif","countryName":"Oman"},{"cityName":"Haylat Bin `Aruq","countryName":"Oman"},{"cityName":"Haylat Bin `Anuz","countryName":"Oman"},{"cityName":"Shisar","countryName":"Oman"},{"cityName":"Haylat al Ghabarah","countryName":"Oman"},{"cityName":"Haylashi","countryName":"Oman"},{"cityName":"Haylar Rass","countryName":"Oman"},{"cityName":"Hayl Al `Umayr","countryName":"Oman"},{"cityName":"Hayl al Musakhkhar","countryName":"Oman"},{"cityName":"Hayl al Liwa'","countryName":"Oman"},{"cityName":"Hayl al Ghafar","countryName":"Oman"},{"cityName":"Hayl al Ghaf","countryName":"Oman"},{"cityName":"Hayl","countryName":"Oman"},{"cityName":"Hayjari","countryName":"Oman"},{"cityName":"Hayjar","countryName":"Oman"},{"cityName":"Haybi","countryName":"Oman"},{"cityName":"Hayawt","countryName":"Oman"},{"cityName":"Hawqayn","countryName":"Oman"},{"cityName":"Hawl","countryName":"Oman"},{"cityName":"Hawiyah","countryName":"Oman"},{"cityName":"Hat","countryName":"Oman"},{"cityName":"Ghassah","countryName":"Oman"},{"cityName":"Hasik","countryName":"Oman"},{"cityName":"Hasha","countryName":"Oman"},{"cityName":"Hasam","countryName":"Oman"},{"cityName":"Harrah","countryName":"Oman"},{"cityName":"Harmali","countryName":"Oman"},{"cityName":"Harimah","countryName":"Oman"},{"cityName":"Harim","countryName":"Oman"},{"cityName":"Ash Shizaw","countryName":"Oman"},{"cityName":"Harat Raha","countryName":"Oman"},{"cityName":"Al Hadd","countryName":"Oman"},{"cityName":"Harat Bidih","countryName":"Oman"},{"cityName":"Harat Bani `Isa","countryName":"Oman"},{"cityName":"As Subarah","countryName":"Oman"},{"cityName":"Harat al Qaramitah","countryName":"Oman"},{"cityName":"Harat al Qadi","countryName":"Oman"},{"cityName":"Harat al Marakah","countryName":"Oman"},{"cityName":"Harat al Ju`","countryName":"Oman"},{"cityName":"Haradi","countryName":"Oman"},{"cityName":"Hansi","countryName":"Oman"},{"cityName":"Hanfit","countryName":"Oman"},{"cityName":"Hana","countryName":"Oman"},{"cityName":"Hamrat ad Duru`","countryName":"Oman"},{"cityName":"Hammam al `Ali","countryName":"Oman"},{"cityName":"Hammam","countryName":"Oman"},{"cityName":"Hamma","countryName":"Oman"},{"cityName":"Hamizah","countryName":"Oman"},{"cityName":"Hamitah","countryName":"Oman"},{"cityName":"Hamim","countryName":"Oman"},{"cityName":"Hamasah","countryName":"Oman"},{"cityName":"Hamah","countryName":"Oman"},{"cityName":"Hamadiyin","countryName":"Oman"},{"cityName":"Hamad","countryName":"Oman"},{"cityName":"Haluf","countryName":"Oman"},{"cityName":"Halhal","countryName":"Oman"},{"cityName":"Halban","countryName":"Oman"},{"cityName":"Halahil","countryName":"Oman"},{"cityName":"Hakkan","countryName":"Oman"},{"cityName":"Hajlat Harad","countryName":"Oman"},{"cityName":"Hajlat al Yahi","countryName":"Oman"},{"cityName":"Hajirah","countryName":"Oman"},{"cityName":"Hajir","countryName":"Oman"},{"cityName":"Al Hajir","countryName":"Oman"},{"cityName":"Hafit","countryName":"Oman"},{"cityName":"Haffah","countryName":"Oman"},{"cityName":"Hadi Thabil","countryName":"Oman"},{"cityName":"Hadsh","countryName":"Oman"},{"cityName":"Hadirah","countryName":"Oman"},{"cityName":"Hadib","countryName":"Oman"},{"cityName":"Hadf","countryName":"Oman"},{"cityName":"Hadbaram","countryName":"Oman"},{"cityName":"Habus","countryName":"Oman"},{"cityName":"Habl Hadid","countryName":"Oman"},{"cityName":"Habl","countryName":"Oman"},{"cityName":"Habkayt","countryName":"Oman"},{"cityName":"Habkah","countryName":"Oman"},{"cityName":"Habdoomer","countryName":"Oman"},{"cityName":"Habarut","countryName":"Oman"},{"cityName":"Al Habalayn","countryName":"Oman"},{"cityName":"Glaet","countryName":"Oman"},{"cityName":"Ghuzayyil","countryName":"Oman"},{"cityName":"Ghuzayn","countryName":"Oman"},{"cityName":"Ghuwayfat al Habb","countryName":"Oman"},{"cityName":"Ghursheba","countryName":"Oman"},{"cityName":"Ghumrah","countryName":"Oman"},{"cityName":"Ghumar","countryName":"Oman"},{"cityName":"Ghulay","countryName":"Oman"},{"cityName":"Ghul","countryName":"Oman"},{"cityName":"Ghudayy","countryName":"Oman"},{"cityName":"Ghubrat Tanuf","countryName":"Oman"},{"cityName":"Ghubrat at Tam","countryName":"Oman"},{"cityName":"Ghubrah","countryName":"Oman"},{"cityName":"Ghubb `Ali","countryName":"Oman"},{"cityName":"Ghubaytah","countryName":"Oman"},{"cityName":"Ghubirah","countryName":"Oman"},{"cityName":"Ghubayrah","countryName":"Oman"},{"cityName":"Ghoff","countryName":"Oman"},{"cityName":"Ghiyazah","countryName":"Oman"},{"cityName":"Ghayyan","countryName":"Oman"},{"cityName":"Ghayl Shabul","countryName":"Oman"},{"cityName":"Ghayl Sarm","countryName":"Oman"},{"cityName":"Ash Shab","countryName":"Oman"},{"cityName":"Ghayl","countryName":"Oman"},{"cityName":"Ghurah","countryName":"Oman"},{"cityName":"Gharyan","countryName":"Oman"},{"cityName":"Gharwah","countryName":"Oman"},{"cityName":"Gharnut","countryName":"Oman"},{"cityName":"Gharnawt","countryName":"Oman"},{"cityName":"Ghar Milah","countryName":"Oman"},{"cityName":"Gharam","countryName":"Oman"},{"cityName":"Ghamsah","countryName":"Oman"},{"cityName":"Ghumda","countryName":"Oman"},{"cityName":"Ghala","countryName":"Oman"},{"cityName":"Ghalat","countryName":"Oman"},{"cityName":"Ghadw","countryName":"Oman"},{"cityName":"Ghadir Qadhrah","countryName":"Oman"},{"cityName":"Ghadir Bin Rakham","countryName":"Oman"},{"cityName":"Ghadfan","countryName":"Oman"},{"cityName":"Ghabarah","countryName":"Oman"},{"cityName":"Geamawt","countryName":"Oman"},{"cityName":"Furfar","countryName":"Oman"},{"cityName":"Fuluj Sayghah","countryName":"Oman"},{"cityName":"Fulayj al Masha'ikh","countryName":"Oman"},{"cityName":"Fulayj","countryName":"Oman"},{"cityName":"Fujayj","countryName":"Oman"},{"cityName":"Fizh","countryName":"Oman"},{"cityName":"Al Fayyad","countryName":"Oman"},{"cityName":"Fita'","countryName":"Oman"},{"cityName":"Firq","countryName":"Oman"},{"cityName":"Faljat","countryName":"Oman"},{"cityName":"Fiq","countryName":"Oman"},{"cityName":"Firam","countryName":"Oman"},{"cityName":"Fira`ah","countryName":"Oman"},{"cityName":"Fiqayn","countryName":"Oman"},{"cityName":"Fins","countryName":"Oman"},{"cityName":"Fill","countryName":"Oman"},{"cityName":"Filim","countryName":"Oman"},{"cityName":"Film","countryName":"Oman"},{"cityName":"Fijri","countryName":"Oman"},{"cityName":"Fida'","countryName":"Oman"},{"cityName":"Fayyah","countryName":"Oman"},{"cityName":"Fayyad","countryName":"Oman"},{"cityName":"Fathi","countryName":"Oman"},{"cityName":"Al Fath","countryName":"Oman"},{"cityName":"Fath","countryName":"Oman"},{"cityName":"Fasiqah","countryName":"Oman"},{"cityName":"Fashah","countryName":"Oman"},{"cityName":"Fasad","countryName":"Oman"},{"cityName":"Farfarah","countryName":"Oman"},{"cityName":"Farfar","countryName":"Oman"},{"cityName":"Fardah","countryName":"Oman"},{"cityName":"Far`","countryName":"Oman"},{"cityName":"Fanjah","countryName":"Oman"},{"cityName":"Falbirah","countryName":"Oman"},{"cityName":"Falara","countryName":"Oman"},{"cityName":"Falaj Wustah","countryName":"Oman"},{"cityName":"Falaj Shirah","countryName":"Oman"},{"cityName":"Falaj Milli","countryName":"Oman"},{"cityName":"Falaj Bani Rabi`ah","countryName":"Oman"},{"cityName":"Falaj Bani Khuzayr","countryName":"Oman"},{"cityName":"Falaj as Sudayriyin","countryName":"Oman"},{"cityName":"Falaj as Sa`idi","countryName":"Oman"},{"cityName":"Falaj ash Sham","countryName":"Oman"},{"cityName":"Falaj al Qaba'il","countryName":"Oman"},{"cityName":"Falaj al Khawr","countryName":"Oman"},{"cityName":"Falaj `Ali","countryName":"Oman"},{"cityName":"Falaj al Harth","countryName":"Oman"},{"cityName":"Al `Awhi","countryName":"Oman"},{"cityName":"Falaj","countryName":"Oman"},{"cityName":"Fadhi","countryName":"Oman"},{"cityName":"Fudgha","countryName":"Oman"},{"cityName":"Erqut Daham","countryName":"Oman"},{"cityName":"Erikob","countryName":"Oman"},{"cityName":"Erdit","countryName":"Oman"},{"cityName":"Eerdeent","countryName":"Oman"},{"cityName":"Duwaykhilah","countryName":"Oman"},{"cityName":"Dut","countryName":"Oman"},{"cityName":"Duqm","countryName":"Oman"},{"cityName":"Dumm","countryName":"Oman"},{"cityName":"Dubah","countryName":"Oman"},{"cityName":"Diyan Yal Bu Sa`id","countryName":"Oman"},{"cityName":"Diyan al Buwarah","countryName":"Oman"},{"cityName":"Distah","countryName":"Oman"},{"cityName":"Disli","countryName":"Oman"},{"cityName":"Diqal","countryName":"Oman"},{"cityName":"Dil Yal Burayk","countryName":"Oman"},{"cityName":"Dil Al `Abd as Salam","countryName":"Oman"},{"cityName":"Dihas","countryName":"Oman"},{"cityName":"Dihan Khanat","countryName":"Oman"},{"cityName":"Dihan","countryName":"Oman"},{"cityName":"Difa`","countryName":"Oman"},{"cityName":"Dib Dibba","countryName":"Oman"},{"cityName":"Dibab","countryName":"Oman"},{"cityName":"Dawwah","countryName":"Oman"},{"cityName":"Dhiqdah","countryName":"Oman"},{"cityName":"Dhayd Rasm","countryName":"Oman"},{"cityName":"Dhahib","countryName":"Oman"},{"cityName":"Dawkah","countryName":"Oman"},{"cityName":"Ad Dawaniq","countryName":"Oman"},{"cityName":"Dat Hayl","countryName":"Oman"},{"cityName":"Darsayt","countryName":"Oman"},{"cityName":"Daris","countryName":"Oman"},{"cityName":"Darbat","countryName":"Oman"},{"cityName":"Dar al Qal`ah","countryName":"Oman"},{"cityName":"Daquq Maghadhi","countryName":"Oman"},{"cityName":"Daqiq","countryName":"Oman"},{"cityName":"Dann","countryName":"Oman"},{"cityName":"Dank","countryName":"Oman"},{"cityName":"Dallah","countryName":"Oman"},{"cityName":"Dahr","countryName":"Oman"},{"cityName":"Dahiz","countryName":"Oman"},{"cityName":"Dahir","countryName":"Oman"},{"cityName":"Diriz","countryName":"Oman"},{"cityName":"Daghmar","countryName":"Oman"},{"cityName":"Dafiyat","countryName":"Oman"},{"cityName":"Dabbagh","countryName":"Oman"},{"cityName":"Camp","countryName":"Oman"},{"cityName":"Buyut Aram","countryName":"Oman"},{"cityName":"Buwayrik","countryName":"Oman"},{"cityName":"Buwayrid","countryName":"Oman"},{"cityName":"Buwah","countryName":"Oman"},{"cityName":"Busayr","countryName":"Oman"},{"cityName":"Busayliyat","countryName":"Oman"},{"cityName":"Bu Sayli","countryName":"Oman"},{"cityName":"Buri","countryName":"Oman"},{"cityName":"Bu Qal`ah","countryName":"Oman"},{"cityName":"Bulaytah","countryName":"Oman"},{"cityName":"Bulaydah","countryName":"Oman"},{"cityName":"Bakhabi","countryName":"Oman"},{"cityName":"Bukha","countryName":"Oman"},{"cityName":"Buday`ah","countryName":"Oman"},{"cityName":"Bu Baqarah","countryName":"Oman"},{"cityName":"Bu`ayq","countryName":"Oman"},{"cityName":"Bu`ayd","countryName":"Oman"},{"cityName":"Bu `Asim","countryName":"Oman"},{"cityName":"Bu `Abali","countryName":"Oman"},{"cityName":"Biyad","countryName":"Oman"},{"cityName":"Bisyah","countryName":"Oman"},{"cityName":"Bisaftir","countryName":"Oman"},{"cityName":"Birkat al Mawz","countryName":"Oman"},{"cityName":"Bi'r Bira'","countryName":"Oman"},{"cityName":"Bi'r Ajman","countryName":"Oman"},{"cityName":"Bin `Umran","countryName":"Oman"},{"cityName":"Bimmah","countryName":"Oman"},{"cityName":"Bilt","countryName":"Oman"},{"cityName":"Billah","countryName":"Oman"},{"cityName":"Bilad Sayt","countryName":"Oman"},{"cityName":"Bilad Manah","countryName":"Oman"},{"cityName":"Bilad Bani Bu Hasan","countryName":"Oman"},{"cityName":"Bilad Bani Bu `Ali","countryName":"Oman"},{"cityName":"Bilad as Sur","countryName":"Oman"},{"cityName":"Bilad `Aqabat al Hamra'","countryName":"Oman"},{"cityName":"Bidit","countryName":"Oman"},{"cityName":"Bidbid","countryName":"Oman"},{"cityName":"Biban","countryName":"Oman"},{"cityName":"Bayt Fiqayt","countryName":"Oman"},{"cityName":"Bayt al Falaj","countryName":"Oman"},{"cityName":"Bayha'","countryName":"Oman"},{"cityName":"Bayda'","countryName":"Oman"},{"cityName":"Diba al Bay`ah","countryName":"Oman"},{"cityName":"Bay`ah","countryName":"Oman"},{"cityName":"Bawshar","countryName":"Oman"},{"cityName":"Batin","countryName":"Oman"},{"cityName":"Batha'","countryName":"Oman"},{"cityName":"Batha' Jibah","countryName":"Oman"},{"cityName":"Bat","countryName":"Oman"},{"cityName":"Barzaman","countryName":"Oman"},{"cityName":"Barut","countryName":"Oman"},{"cityName":"Barsit","countryName":"Oman"},{"cityName":"Barka'","countryName":"Oman"},{"cityName":"Barik","countryName":"Oman"},{"cityName":"Bari","countryName":"Oman"},{"cityName":"Bani Ka`b","countryName":"Oman"},{"cityName":"Bani Habib","countryName":"Oman"},{"cityName":"Al Khiran","countryName":"Oman"},{"cityName":"Al Jissah","countryName":"Oman"},{"cityName":"Balad Shabus","countryName":"Oman"},{"cityName":"Bahla'","countryName":"Oman"},{"cityName":"Badiyah","countryName":"Oman"},{"cityName":"Badi`at `Ud","countryName":"Oman"},{"cityName":"Az Zuwayhir","countryName":"Oman"},{"cityName":"Az Zahir","countryName":"Oman"},{"cityName":"Azeyrenawt","countryName":"Oman"},{"cityName":"`Ayja","countryName":"Oman"},{"cityName":"`Ayniyah","countryName":"Oman"},{"cityName":"`Ayn `Amq","countryName":"Oman"},{"cityName":"`Awqad Bayt Marhun","countryName":"Oman"},{"cityName":"`Awqad Bayt Fadil","countryName":"Oman"},{"cityName":"`Awf","countryName":"Oman"},{"cityName":"`Awabi","countryName":"Oman"},{"cityName":"Awbi","countryName":"Oman"},{"cityName":"Ath Thuqbah","countryName":"Oman"},{"cityName":"Ath Thaybat","countryName":"Oman"},{"cityName":"Aswad","countryName":"Oman"},{"cityName":"As Suwayq","countryName":"Oman"},{"cityName":"As Suwayh","countryName":"Oman"},{"cityName":"As Suraymah","countryName":"Oman"},{"cityName":"Sunaynah","countryName":"Oman"},{"cityName":"As Sulayf","countryName":"Oman"},{"cityName":"As Sukhnah","countryName":"Oman"},{"cityName":"As Sudayrah","countryName":"Oman"},{"cityName":"As Subaykhi","countryName":"Oman"},{"cityName":"As Sifah","countryName":"Oman"},{"cityName":"As Sib al Jadidah","countryName":"Oman"},{"cityName":"As Saruwi","countryName":"Oman"},{"cityName":"As Sarm","countryName":"Oman"},{"cityName":"As Safiq","countryName":"Oman"},{"cityName":"As Sa`arah","countryName":"Oman"},{"cityName":"Asjudi","countryName":"Oman"},{"cityName":"Ash Shija'","countryName":"Oman"},{"cityName":"Shisah","countryName":"Oman"},{"cityName":"Ash Shirs","countryName":"Oman"},{"cityName":"Ash Shawr","countryName":"Oman"},{"cityName":"Ash Sharm","countryName":"Oman"},{"cityName":"Ashinhaib","countryName":"Oman"},{"cityName":"Asaqat Bilarb","countryName":"Oman"},{"cityName":"Asam","countryName":"Oman"},{"cityName":"Arzat","countryName":"Oman"},{"cityName":"Ar Rustaq","countryName":"Oman"},{"cityName":"Ar Rayhani","countryName":"Oman"},{"cityName":"Arraida","countryName":"Oman"},{"cityName":"Ar Rabi","countryName":"Oman"},{"cityName":"`Arqi","countryName":"Oman"},{"cityName":"Arkut","countryName":"Oman"},{"cityName":"Arja","countryName":"Oman"},{"cityName":"Arfit","countryName":"Oman"},{"cityName":"Araft","countryName":"Oman"},{"cityName":"`Aqr","countryName":"Oman"},{"cityName":"`Aqil","countryName":"Oman"},{"cityName":"`Aqbiyah","countryName":"Oman"},{"cityName":"Al `Aqabah","countryName":"Oman"},{"cityName":"Anzawr","countryName":"Oman"},{"cityName":"An Nujayd","countryName":"Oman"},{"cityName":"An Nid","countryName":"Oman"},{"cityName":"An Niba'","countryName":"Oman"},{"cityName":"Amqat","countryName":"Oman"},{"cityName":"Al `Umqah","countryName":"Oman"},{"cityName":"`Amqah","countryName":"Oman"},{"cityName":"`Amq","countryName":"Oman"},{"cityName":"Amnot","countryName":"Oman"},{"cityName":"Amlah","countryName":"Oman"},{"cityName":"Am Atafa","countryName":"Oman"},{"cityName":"Al Wasit","countryName":"Oman"},{"cityName":"Al Wasil","countryName":"Oman"},{"cityName":"Al Warr","countryName":"Oman"},{"cityName":"Al Wuqbah","countryName":"Oman"},{"cityName":"Al Wahrah","countryName":"Oman"},{"cityName":"Al Wafi","countryName":"Oman"},{"cityName":"Al `Uwaynat","countryName":"Oman"},{"cityName":"Al `Uwayd","countryName":"Oman"},{"cityName":"Al Uthrat","countryName":"Oman"},{"cityName":"Al Usaylah","countryName":"Oman"},{"cityName":"Al `Aqud","countryName":"Oman"},{"cityName":"Al `Uqmayrah","countryName":"Oman"},{"cityName":"Al `Ulya","countryName":"Oman"},{"cityName":"Al `Ubaylah","countryName":"Oman"},{"cityName":"Al Qusayr","countryName":"Oman"},{"cityName":"Al Qurt","countryName":"Oman"},{"cityName":"Al Qurti","countryName":"Oman"},{"cityName":"Al Qurayyat","countryName":"Oman"},{"cityName":"Al Qunnah","countryName":"Oman"},{"cityName":"Al Qubayyil","countryName":"Oman"},{"cityName":"Jaylah","countryName":"Oman"},{"cityName":"Al Qasmitayn","countryName":"Oman"},{"cityName":"Al Qasabiyat","countryName":"Oman"},{"cityName":"Al Qaryatayn","countryName":"Oman"},{"cityName":"Sidaq","countryName":"Oman"},{"cityName":"Al Qaryah","countryName":"Oman"},{"cityName":"Al Qarin","countryName":"Oman"},{"cityName":"Al Qarihah","countryName":"Oman"},{"cityName":"Al Qal`i","countryName":"Oman"},{"cityName":"Al Qal`ah","countryName":"Oman"},{"cityName":"Al Qala`","countryName":"Oman"},{"cityName":"Al Qahlah","countryName":"Oman"},{"cityName":"Al Qabil","countryName":"Oman"},{"cityName":"Al Musin","countryName":"Oman"},{"cityName":"Al Musayqah","countryName":"Oman"},{"cityName":"Al Murayr","countryName":"Oman"},{"cityName":"Al Mulayyanah","countryName":"Oman"},{"cityName":"Al Muladdah","countryName":"Oman"},{"cityName":"Al Mudayrib","countryName":"Oman"},{"cityName":"Al Musayh","countryName":"Oman"},{"cityName":"Al Mudaybi","countryName":"Oman"},{"cityName":"Al Misfah","countryName":"Oman"},{"cityName":"Al Mintirib","countryName":"Oman"},{"cityName":"Al Mibu","countryName":"Oman"},{"cityName":"Mazim","countryName":"Oman"},{"cityName":"Al Mays","countryName":"Oman"},{"cityName":"Al Masna`ah","countryName":"Oman"},{"cityName":"Al Ma`qul","countryName":"Oman"},{"cityName":"Al Malqamah","countryName":"Oman"},{"cityName":"Al Mahall","countryName":"Oman"},{"cityName":"Al Madinah","countryName":"Oman"},{"cityName":"Al Liwa'","countryName":"Oman"},{"cityName":"Al Khutaym","countryName":"Oman"},{"cityName":"Al Khulli","countryName":"Oman"},{"cityName":"Al Khufayqi","countryName":"Oman"},{"cityName":"Al Khudrah","countryName":"Oman"},{"cityName":"Al Khudayrah","countryName":"Oman"},{"cityName":"Al Khubayb","countryName":"Oman"},{"cityName":"Al Khaysah","countryName":"Oman"},{"cityName":"Al Khayr","countryName":"Oman"},{"cityName":"Al Khawd","countryName":"Oman"},{"cityName":"Al Khadrawayn","countryName":"Oman"},{"cityName":"Khadhra","countryName":"Oman"},{"cityName":"Al Khadra","countryName":"Oman"},{"cityName":"Al Khaddah","countryName":"Oman"},{"cityName":"Al Khaburah","countryName":"Oman"},{"cityName":"Al Karshah","countryName":"Oman"},{"cityName":"Al Kamil","countryName":"Oman"},{"cityName":"Al Kabirat Hayl al Ghaf","countryName":"Oman"},{"cityName":"Al Juwayf","countryName":"Oman"},{"cityName":"Al Jufar","countryName":"Oman"},{"cityName":"Al Jirri","countryName":"Oman"},{"cityName":"Al Jinah","countryName":"Oman"},{"cityName":"Al Jil","countryName":"Oman"},{"cityName":"Al Jibal","countryName":"Oman"},{"cityName":"Al Jawabi","countryName":"Oman"},{"cityName":"Al Jafnayn","countryName":"Oman"},{"cityName":"Al Jadi","countryName":"Oman"},{"cityName":"Al `Izz","countryName":"Oman"},{"cityName":"Al Islat","countryName":"Oman"},{"cityName":"Al Huyul","countryName":"Oman"},{"cityName":"Al Huwaylayn","countryName":"Oman"},{"cityName":"Al Huwayl","countryName":"Oman"},{"cityName":"Husayfin","countryName":"Oman"},{"cityName":"Al Hunaynah","countryName":"Oman"},{"cityName":"Al Humr","countryName":"Oman"},{"cityName":"Al Hujayrimat","countryName":"Oman"},{"cityName":"Al Hubi","countryName":"Oman"},{"cityName":"Al Hub","countryName":"Oman"},{"cityName":"Al Hiyal","countryName":"Oman"},{"cityName":"Al Hisn","countryName":"Oman"},{"cityName":"Al Hishmah","countryName":"Oman"},{"cityName":"Al Hilyah","countryName":"Oman"},{"cityName":"Al Hijrah","countryName":"Oman"},{"cityName":"Al Hijr","countryName":"Oman"},{"cityName":"Al Hijir","countryName":"Oman"},{"cityName":"Al Hijar","countryName":"Oman"},{"cityName":"Al Hijal","countryName":"Oman"},{"cityName":"Al Hazm","countryName":"Oman"},{"cityName":"Al Hayl","countryName":"Oman"},{"cityName":"Al Hawmaniyah","countryName":"Oman"},{"cityName":"Al Hasin","countryName":"Oman"},{"cityName":"Harmuzi","countryName":"Oman"},{"cityName":"Al Hillah","countryName":"Oman"},{"cityName":"Al Haqq","countryName":"Oman"},{"cityName":"Al Hamra'","countryName":"Oman"},{"cityName":"Al Haffah","countryName":"Oman"},{"cityName":"Al Habubiyah","countryName":"Oman"},{"cityName":"Al Ghuwayz","countryName":"Oman"},{"cityName":"Al Ghuwaysah","countryName":"Oman"},{"cityName":"Al Ghuzayfah","countryName":"Oman"},{"cityName":"Al Ghubar","countryName":"Oman"},{"cityName":"Al Ghayyah","countryName":"Oman"},{"cityName":"Al Ghafat","countryName":"Oman"},{"cityName":"Al Ghabbi","countryName":"Oman"},{"cityName":"Al Ghabah","countryName":"Oman"},{"cityName":"Al Fayy","countryName":"Oman"},{"cityName":"Al Farfarah","countryName":"Oman"},{"cityName":"Al Bustan","countryName":"Oman"},{"cityName":"Al Burj as Saliyah","countryName":"Oman"},{"cityName":"Al Burj","countryName":"Oman"},{"cityName":"Al Buraymi","countryName":"Oman"},{"cityName":"Al Bulaydah","countryName":"Oman"},{"cityName":"Al Buda`ah","countryName":"Oman"},{"cityName":"Al Bi'r","countryName":"Oman"},{"cityName":"Al Basatin","countryName":"Oman"},{"cityName":"Al Banah","countryName":"Oman"},{"cityName":"Al Bajriyah","countryName":"Oman"},{"cityName":"Al `Ayshah","countryName":"Oman"},{"cityName":"Al `Ayr","countryName":"Oman"},{"cityName":"Al `Aynayn","countryName":"Oman"},{"cityName":"Al `Ayn","countryName":"Oman"},{"cityName":"`Alayat Sama'il","countryName":"Oman"},{"cityName":"`Alayah","countryName":"Oman"},{"cityName":"Al Awiyah","countryName":"Oman"},{"cityName":"Asrar Bani `Umar","countryName":"Oman"},{"cityName":"Asrar Bani Sa`d","countryName":"Oman"},{"cityName":"Al Ashqar","countryName":"Oman"},{"cityName":"Al Ashkharah","countryName":"Oman"},{"cityName":"Al `Asansar","countryName":"Oman"},{"cityName":"Al `Arid","countryName":"Oman"},{"cityName":"Al `Araqi","countryName":"Oman"},{"cityName":"Al `Aqir","countryName":"Oman"},{"cityName":"Al `Amirah","countryName":"Oman"},{"cityName":"Al Ambah","countryName":"Oman"},{"cityName":"Al `Alayah","countryName":"Oman"},{"cityName":"Al `Ala","countryName":"Oman"},{"cityName":"Al Akhri","countryName":"Oman"},{"cityName":"Al Akhdar","countryName":"Oman"},{"cityName":"Al Ajal","countryName":"Oman"},{"cityName":"Al `Ajal","countryName":"Oman"},{"cityName":"Al Ahramiyah","countryName":"Oman"},{"cityName":"Al Ahmadi","countryName":"Oman"},{"cityName":"Al Ahjal","countryName":"Oman"},{"cityName":"Al `Adhfayn","countryName":"Oman"},{"cityName":"Abyad","countryName":"Oman"},{"cityName":"Al Abyad","countryName":"Oman"},{"cityName":"Al `Ablah","countryName":"Oman"},{"cityName":"Al `Abbasah","countryName":"Oman"},{"cityName":"`Akur","countryName":"Oman"},{"cityName":"Aktam","countryName":"Oman"},{"cityName":"Ajran","countryName":"Oman"},{"cityName":"`Ajib","countryName":"Oman"},{"cityName":"Aged","countryName":"Oman"},{"cityName":"Aflaj","countryName":"Oman"},{"cityName":"Afi","countryName":"Oman"},{"cityName":"Ad Duwaykah","countryName":"Oman"},{"cityName":"Ad Dariz","countryName":"Oman"},{"cityName":"Adanham","countryName":"Oman"},{"cityName":"Adam","countryName":"Oman"},{"cityName":"Abu `Ukayshah","countryName":"Oman"},{"cityName":"Abu Rumaylah","countryName":"Oman"},{"cityName":"Abu Nukhayl","countryName":"Oman"},{"cityName":"Abu Durus","countryName":"Oman"},{"cityName":"Abu al Hisn","countryName":"Oman"},{"cityName":"`Ablah","countryName":"Oman"},{"cityName":"`Abayah","countryName":"Oman"},{"cityName":"`Abat","countryName":"Oman"},{"cityName":"A`bal","countryName":"Oman"},{"cityName":"Siqattah","countryName":"Oman"},{"cityName":"Shi`b al Ghaf","countryName":"Oman"},{"cityName":"Qusaydat","countryName":"Oman"},{"cityName":"Madhah","countryName":"Oman"},{"cityName":"Gharbiyah","countryName":"Oman"},{"cityName":"Harf Ghabi","countryName":"Oman"},{"cityName":"Hil","countryName":"Oman"},{"cityName":"Yidah","countryName":"Oman"},{"cityName":"Fawfalah","countryName":"Oman"},{"cityName":"Sall Istam","countryName":"Oman"},{"cityName":"Maqaqah","countryName":"Oman"},{"cityName":"Ruhaybah","countryName":"Oman"},{"cityName":"Chashawfi","countryName":"Oman"},{"cityName":"Maydal","countryName":"Oman"},{"cityName":"Dabarayn","countryName":"Oman"},{"cityName":"Wa'a Bin Baraq","countryName":"Oman"},{"cityName":"Al Harat","countryName":"Oman"},{"cityName":"Rubiyah","countryName":"Oman"},{"cityName":"Taff ar Rakhm","countryName":"Oman"},{"cityName":"Wa`ab Mubarak","countryName":"Oman"},{"cityName":"Tawj","countryName":"Oman"},{"cityName":"Sahsaha","countryName":"Oman"},{"cityName":"`Ashub","countryName":"Oman"},{"cityName":"Hibb","countryName":"Oman"},{"cityName":"Ghubrat ar Ra's","countryName":"Oman"},{"cityName":"Qarat az Zunji","countryName":"Oman"},{"cityName":"Al `Uqaybah","countryName":"Oman"},{"cityName":"Ma'atib","countryName":"Oman"},{"cityName":"Rikab ash Shibb","countryName":"Oman"},{"cityName":"Al Harfiyah","countryName":"Oman"},{"cityName":"Wa`ab `Ali","countryName":"Oman"},{"cityName":"Ar Rumayh","countryName":"Oman"},{"cityName":"Ghabib","countryName":"Oman"},{"cityName":"Al Muhram","countryName":"Oman"},{"cityName":"Ghatt","countryName":"Oman"},{"cityName":"Harf ad Daghafilah","countryName":"Oman"},{"cityName":"Bayt al Buwaydh","countryName":"Oman"},{"cityName":"Az Zahrayn","countryName":"Oman"},{"cityName":"Taburah","countryName":"Oman"},{"cityName":"Al Qash`ah","countryName":"Oman"},{"cityName":"Ashtanah","countryName":"Oman"},{"cityName":"Haybah","countryName":"Oman"},{"cityName":"Lahayay","countryName":"Oman"},{"cityName":"Ash Shariyah","countryName":"Oman"},{"cityName":"Al Hubayl","countryName":"Oman"},{"cityName":"Lamehos","countryName":"Oman"},{"cityName":"Bayt ash Shaykh","countryName":"Oman"},{"cityName":"Al Buwayt","countryName":"Oman"},{"cityName":"Ar Raqq","countryName":"Oman"},{"cityName":"Al Qanfar","countryName":"Oman"},{"cityName":"Al Qanhah","countryName":"Oman"},{"cityName":"`Ayn as Si","countryName":"Oman"},{"cityName":"Hawshak","countryName":"Oman"},{"cityName":"Sulayb","countryName":"Oman"},{"cityName":"At Tawqah","countryName":"Oman"},{"cityName":"Dhinab Khant","countryName":"Oman"},{"cityName":"At Tab","countryName":"Oman"},{"cityName":"Al Juwar","countryName":"Oman"},{"cityName":"Al Salhaymis","countryName":"Oman"},{"cityName":"`Aqabat ar Ruhaybah","countryName":"Oman"},{"cityName":"Al Wasib","countryName":"Oman"},{"cityName":"Aini","countryName":"Oman"},{"cityName":"Ra's","countryName":"Oman"},{"cityName":"Magam","countryName":"Oman"},{"cityName":"Sidaqah","countryName":"Oman"},{"cityName":"Maserayn","countryName":"Oman"},{"cityName":"Dirhi","countryName":"Oman"},{"cityName":"Salil","countryName":"Oman"},{"cityName":"Kanamt","countryName":"Oman"},{"cityName":"Khatr","countryName":"Oman"},{"cityName":"Silhi","countryName":"Oman"},{"cityName":"Sahsahan","countryName":"Oman"},{"cityName":"Yimah","countryName":"Oman"},{"cityName":"Sall Malik","countryName":"Oman"},{"cityName":"Subtan","countryName":"Oman"},{"cityName":"Dalut","countryName":"Oman"},{"cityName":"Luwayb","countryName":"Oman"},{"cityName":"Al Hayr","countryName":"Oman"},{"cityName":"Sayhakil","countryName":"Oman"},{"cityName":"`Aqabat","countryName":"Oman"},{"cityName":"Mubayq","countryName":"Oman"},{"cityName":"Salhad","countryName":"Oman"},{"cityName":"Al Yalba","countryName":"Oman"},{"cityName":"Khamid","countryName":"Oman"},{"cityName":"Al Wasfiyah","countryName":"Oman"},{"cityName":"Al Mintarah","countryName":"Oman"},{"cityName":"Algema","countryName":"Oman"},{"cityName":"Mawrid Sidwi","countryName":"Oman"},{"cityName":"Din ar Rukayb","countryName":"Oman"},{"cityName":"Birkat al Nuss","countryName":"Oman"},{"cityName":"Hayr Khazinaw","countryName":"Oman"},{"cityName":"Al Haqt","countryName":"Oman"},{"cityName":"Taf al Qarha","countryName":"Oman"},{"cityName":"Ghubn Hamad","countryName":"Oman"},{"cityName":"Al Shuwara","countryName":"Oman"},{"cityName":"Khabr Hay","countryName":"Oman"},{"cityName":"Al Darai","countryName":"Oman"},{"cityName":"Al Masharta","countryName":"Oman"},{"cityName":"Al Mashati Shelbarak","countryName":"Oman"},{"cityName":"Sallat Ashaba","countryName":"Oman"},{"cityName":"Abu Qarayt","countryName":"Oman"},{"cityName":"Shufrah","countryName":"Oman"},{"cityName":"Harf Bani Hamud","countryName":"Oman"},{"cityName":"Nura","countryName":"Oman"},{"cityName":"Al Maqayaw","countryName":"Oman"},{"cityName":"Fanakhah","countryName":"Oman"},{"cityName":"Lekfayir","countryName":"Oman"},{"cityName":"Wab al Sebil","countryName":"Oman"},{"cityName":"Sima","countryName":"Oman"},{"cityName":"Ra's as Salam","countryName":"Oman"},{"cityName":"Al Fiduk","countryName":"Oman"},{"cityName":"Al Sahayn","countryName":"Oman"},{"cityName":"Birkat Khaldiyah","countryName":"Oman"},{"cityName":"Al Khatmah","countryName":"Oman"},{"cityName":"Qar Khul Qabal","countryName":"Oman"},{"cityName":"`Amis","countryName":"Oman"},{"cityName":"Suwayah","countryName":"Oman"},{"cityName":"`Ali Khamis","countryName":"Oman"},{"cityName":"Yidiyah al Bahr","countryName":"Oman"},{"cityName":"Nibah","countryName":"Oman"},{"cityName":"Yidiyah Safiyah","countryName":"Oman"},{"cityName":"Mayat","countryName":"Oman"},{"cityName":"Mansal","countryName":"Oman"},{"cityName":"Sall al A`la","countryName":"Oman"},{"cityName":"Limhas","countryName":"Oman"},{"cityName":"Sayh al Asfal","countryName":"Oman"},{"cityName":"Sharyat Ayqal","countryName":"Oman"},{"cityName":"Rubat","countryName":"Oman"},{"cityName":"Hayr Salam","countryName":"Oman"},{"cityName":"Niad","countryName":"Oman"},{"cityName":"Al Birak","countryName":"Oman"},{"cityName":"Al But","countryName":"Oman"},{"cityName":"Sahb an Nun","countryName":"Oman"},{"cityName":"Shawah","countryName":"Oman"},{"cityName":"Al Mabrak","countryName":"Oman"},{"cityName":"Dahful","countryName":"Oman"},{"cityName":"Ruways","countryName":"Oman"},{"cityName":"Huwayniyah","countryName":"Oman"},{"cityName":"Qanah","countryName":"Oman"},{"cityName":"Maqlab","countryName":"Oman"},{"cityName":"Shamm","countryName":"Oman"},{"cityName":"Ghubbat Qadimah","countryName":"Oman"},{"cityName":"Ghabina","countryName":"Oman"},{"cityName":"Al Frian","countryName":"Oman"},{"cityName":"Yiyailah","countryName":"Oman"},{"cityName":"Ghubbah","countryName":"Oman"},{"cityName":"Mintaf","countryName":"Oman"},{"cityName":"Al Sufayrat","countryName":"Oman"},{"cityName":"Al Bilad","countryName":"Oman"},{"cityName":"Sharyah","countryName":"Oman"},{"cityName":"Mina' Sitt","countryName":"Oman"},{"cityName":"Qabbah","countryName":"Oman"},{"cityName":"Hall Samasim","countryName":"Oman"},{"cityName":"Daw Sunni","countryName":"Oman"},{"cityName":"Tasah","countryName":"Oman"},{"cityName":"Dahit","countryName":"Oman"},{"cityName":"Marwani","countryName":"Oman"},{"cityName":"La'aqaybah","countryName":"Oman"},{"cityName":"Sall al Kabir","countryName":"Oman"},{"cityName":"Zahrayn","countryName":"Oman"},{"cityName":"`Arqabat","countryName":"Oman"},{"cityName":"Dansaf","countryName":"Oman"},{"cityName":"Al Bataykhi","countryName":"Oman"},{"cityName":"Bidi","countryName":"Oman"},{"cityName":"Bubadi","countryName":"Oman"},{"cityName":"Zghiu","countryName":"Oman"},{"cityName":"Musaydirah","countryName":"Oman"},{"cityName":"Tawi `Ubayd","countryName":"Oman"},{"cityName":"Tawi `Aqdah","countryName":"Oman"},{"cityName":"Wadiyayn","countryName":"Oman"},{"cityName":"Athabat","countryName":"Oman"},{"cityName":"Difan","countryName":"Oman"},{"cityName":"Sharmilah","countryName":"Oman"},{"cityName":"Silad","countryName":"Oman"},{"cityName":"Tafif","countryName":"Oman"},{"cityName":"Ad Da`nah","countryName":"Oman"},{"cityName":"An Nuqdah","countryName":"Oman"},{"cityName":"Shaghaf","countryName":"Oman"},{"cityName":"Qaryat as Samar","countryName":"Oman"},{"cityName":"Hilf","countryName":"Oman"},{"cityName":"Ra'siyah","countryName":"Oman"},{"cityName":"Qaryat Dafiyat","countryName":"Oman"},{"cityName":"Qaryat al `Ayjah","countryName":"Oman"},{"cityName":"Qaryat al Firay","countryName":"Oman"},{"cityName":"Al Hatm","countryName":"Oman"},{"cityName":"Naft","countryName":"Oman"},{"cityName":"Qaryat `Umq","countryName":"Oman"},{"cityName":"Qaryat Maghilah","countryName":"Oman"},{"cityName":"Sayh adh Dhabi","countryName":"Oman"},{"cityName":"Al Mahyul","countryName":"Oman"},{"cityName":"Fu'ad","countryName":"Oman"},{"cityName":"Muhaydith","countryName":"Oman"},{"cityName":"Hayfaz","countryName":"Oman"},{"cityName":"Madam","countryName":"Oman"},{"cityName":"Shukayli","countryName":"Oman"},{"cityName":"Samakt","countryName":"Oman"},{"cityName":"Mazra`at al Hatih","countryName":"Oman"},{"cityName":"Ba`i","countryName":"Oman"},{"cityName":"Dim","countryName":"Oman"},{"cityName":"Munayzif","countryName":"Oman"},{"cityName":"Al Mukhadah","countryName":"Oman"},{"cityName":"Sarin","countryName":"Oman"},{"cityName":"Salfi","countryName":"Oman"},{"cityName":"Kabkab","countryName":"Oman"},{"cityName":"Ma`ul","countryName":"Oman"},{"cityName":"Theb","countryName":"Oman"},{"cityName":"Mazra`at Qayd","countryName":"Oman"},{"cityName":"Qayd","countryName":"Oman"},{"cityName":"Badi`ah","countryName":"Oman"},{"cityName":"As Sabal","countryName":"Oman"},{"cityName":"Qarr","countryName":"Oman"},{"cityName":"Hida","countryName":"Oman"},{"cityName":"Mudbugha","countryName":"Oman"},{"cityName":"Uqdah","countryName":"Oman"},{"cityName":"Mazra` Zarka`","countryName":"Oman"},{"cityName":"Ajma`","countryName":"Oman"},{"cityName":"Hayl al Kabir","countryName":"Oman"},{"cityName":"Ar Rakakiyah","countryName":"Oman"},{"cityName":"As Sidafi","countryName":"Oman"},{"cityName":"Bayyid","countryName":"Oman"},{"cityName":"Al Ashkhar","countryName":"Oman"},{"cityName":"Sharyatayn","countryName":"Oman"},{"cityName":"`Aynayn","countryName":"Oman"},{"cityName":"Murrah","countryName":"Oman"},{"cityName":"Sahil","countryName":"Oman"},{"cityName":"Al Mu`walah","countryName":"Oman"},{"cityName":"Ash Shihbari","countryName":"Oman"},{"cityName":"Mukhaysirah","countryName":"Oman"},{"cityName":"Qarib","countryName":"Oman"},{"cityName":"Al Fala","countryName":"Oman"},{"cityName":"Al Luwayz","countryName":"Oman"},{"cityName":"Al Mahadin","countryName":"Oman"},{"cityName":"Bilad","countryName":"Oman"},{"cityName":"Jinnah","countryName":"Oman"},{"cityName":"Muhya","countryName":"Oman"},{"cityName":"Lasmu","countryName":"Oman"},{"cityName":"Asayh","countryName":"Oman"},{"cityName":"Al Mazari`","countryName":"Oman"},{"cityName":"Al Jazir","countryName":"Oman"},{"cityName":"Minsift","countryName":"Oman"},{"cityName":"Fara'","countryName":"Oman"},{"cityName":"Mithqub","countryName":"Oman"},{"cityName":"Al Ya'","countryName":"Oman"},{"cityName":"Silay","countryName":"Oman"},{"cityName":"Firq as Sa'diyan","countryName":"Oman"},{"cityName":"Qa'lat","countryName":"Oman"},{"cityName":"Firq az Zamiyan","countryName":"Oman"},{"cityName":"Wadi al `Arbiyin","countryName":"Oman"},{"cityName":"Suwayh","countryName":"Oman"},{"cityName":"Shijah","countryName":"Oman"},{"cityName":"Khawr al Jaramah","countryName":"Oman"},{"cityName":"Muqraymatayn","countryName":"Oman"},{"cityName":"Abu Qal`ah","countryName":"Oman"},{"cityName":"Shiya'","countryName":"Oman"},{"cityName":"Al Mahattah","countryName":"Oman"},{"cityName":"Junayz al Janubi","countryName":"Oman"},{"cityName":"Junayz ash Shamali","countryName":"Oman"},{"cityName":"Salmiyah","countryName":"Oman"},{"cityName":"Bu Fashiqah","countryName":"Oman"},{"cityName":"Al Khabbah","countryName":"Oman"},{"cityName":"Ad Daffah","countryName":"Oman"},{"cityName":"Ruwaydah","countryName":"Oman"},{"cityName":"Musawa","countryName":"Oman"},{"cityName":"Sal","countryName":"Oman"},{"cityName":"Bandah Jadidah","countryName":"Oman"},{"cityName":"As Sulayb","countryName":"Oman"},{"cityName":"Muqur","countryName":"Oman"},{"cityName":"Bilad Shahum","countryName":"Oman"},{"cityName":"Rassah","countryName":"Oman"},{"cityName":"Rayibah","countryName":"Oman"},{"cityName":"Masil","countryName":"Oman"},{"cityName":"Afranji","countryName":"Oman"},{"cityName":"Qa`idi","countryName":"Oman"},{"cityName":"Umm Salib","countryName":"Oman"},{"cityName":"Al Aqariyah","countryName":"Oman"},{"cityName":"Al `Uwayridi","countryName":"Oman"},{"cityName":"Mu` askar `Ibri","countryName":"Oman"},{"cityName":"Dubayshi","countryName":"Oman"},{"cityName":"Khuldah","countryName":"Oman"},{"cityName":"Musayni`iyah","countryName":"Oman"},{"cityName":"Al Jull","countryName":"Oman"},{"cityName":"Al Hashimi","countryName":"Oman"},{"cityName":"Hayl al Khanabish","countryName":"Oman"},{"cityName":"Al Qufays","countryName":"Oman"},{"cityName":"Al Ghadifah","countryName":"Oman"},{"cityName":"Al Khabat","countryName":"Oman"},{"cityName":"Hayl al Farfar","countryName":"Oman"},{"cityName":"Tawi Harim","countryName":"Oman"},{"cityName":"Hawil al Musayqah","countryName":"Oman"},{"cityName":"Sudamat al Khanabish","countryName":"Oman"},{"cityName":"Tawi Nawimiya","countryName":"Oman"},{"cityName":"Ghadhiya","countryName":"Oman"},{"cityName":"Muzaynah","countryName":"Oman"},{"cityName":"Mushir","countryName":"Oman"},{"cityName":"Masakin Shabiyah","countryName":"Oman"},{"cityName":"Sufalat Dank","countryName":"Oman"},{"cityName":"Mahaniyah","countryName":"Oman"},{"cityName":"Altaf","countryName":"Oman"},{"cityName":"`Alayat Dank","countryName":"Oman"},{"cityName":"Hardhi","countryName":"Oman"},{"cityName":"Harat al Hisn","countryName":"Oman"},{"cityName":"Harat al Nadd","countryName":"Oman"},{"cityName":"Tawi Muqayriyah","countryName":"Oman"},{"cityName":"Qarutah","countryName":"Oman"},{"cityName":"Harat al Khatwah","countryName":"Oman"},{"cityName":"Hijal","countryName":"Oman"},{"cityName":"Qubiyat","countryName":"Oman"},{"cityName":"Hajz","countryName":"Oman"},{"cityName":"Ruqqah","countryName":"Oman"},{"cityName":"Hayl Ra`sah","countryName":"Oman"},{"cityName":"Al Hajul","countryName":"Oman"},{"cityName":"Al Aqli","countryName":"Oman"},{"cityName":"Khulaybah","countryName":"Oman"},{"cityName":"Mahadat","countryName":"Oman"},{"cityName":"Al Ghushayn","countryName":"Oman"},{"cityName":"Al Hurah","countryName":"Oman"},{"cityName":"Hayl as Safil","countryName":"Oman"},{"cityName":"Matid","countryName":"Oman"},{"cityName":"Rahbah","countryName":"Oman"},{"cityName":"Yanqul","countryName":"Oman"},{"cityName":"Si`","countryName":"Oman"},{"cityName":"Sa`ab","countryName":"Oman"},{"cityName":"Matbat as Safil","countryName":"Oman"},{"cityName":"Dar Sawda'","countryName":"Oman"},{"cityName":"Kirub","countryName":"Oman"},{"cityName":"Talh","countryName":"Oman"},{"cityName":"Sa`ab Bani Khamis","countryName":"Oman"},{"cityName":"Nakhr","countryName":"Oman"},{"cityName":"Al Ghawr","countryName":"Oman"},{"cityName":"Al Burr","countryName":"Oman"},{"cityName":"Al Huwib","countryName":"Oman"},{"cityName":"Al Ghabirah","countryName":"Oman"},{"cityName":"Bimah","countryName":"Oman"},{"cityName":"Mazub","countryName":"Oman"},{"cityName":"Sant","countryName":"Oman"},{"cityName":"Masirat Nakhr","countryName":"Oman"},{"cityName":"Al Mazarah","countryName":"Oman"},{"cityName":"Al Jahliyah","countryName":"Oman"},{"cityName":"Jabal Qiqat as Safil","countryName":"Oman"},{"cityName":"Hillat al Quwita`","countryName":"Oman"},{"cityName":"Ghayl Wadi as Sayatin","countryName":"Oman"},{"cityName":"Waqif az Zabrah","countryName":"Oman"},{"cityName":"Nadan","countryName":"Oman"},{"cityName":"Saqilah","countryName":"Oman"},{"cityName":"Hassas","countryName":"Oman"},{"cityName":"Bayt Jabal","countryName":"Oman"},{"cityName":"Jubaylat","countryName":"Oman"},{"cityName":"Mahbub","countryName":"Oman"},{"cityName":"Madarah","countryName":"Oman"},{"cityName":"Murih","countryName":"Oman"},{"cityName":"Safah","countryName":"Oman"},{"cityName":"Ghayl ad Dakk","countryName":"Oman"},{"cityName":"`Uwaynah","countryName":"Oman"},{"cityName":"Rasibah","countryName":"Oman"},{"cityName":"Hajir Rakah","countryName":"Oman"},{"cityName":"Khubar","countryName":"Oman"},{"cityName":"Tawidah","countryName":"Oman"},{"cityName":"Badi","countryName":"Oman"},{"cityName":"Al Hin","countryName":"Oman"},{"cityName":"Thina'","countryName":"Oman"},{"cityName":"Dasir","countryName":"Oman"},{"cityName":"Musibit","countryName":"Oman"},{"cityName":"Mazra`at al Hilaylah","countryName":"Oman"},{"cityName":"Sayjani","countryName":"Oman"},{"cityName":"Sharik","countryName":"Oman"},{"cityName":"Sinsilah","countryName":"Oman"},{"cityName":"Mazra`at al Abyad","countryName":"Oman"},{"cityName":"Ghuzayfi","countryName":"Oman"},{"cityName":"Jahilah","countryName":"Oman"},{"cityName":"Bal Ghaylan","countryName":"Oman"},{"cityName":"Qibah","countryName":"Oman"},{"cityName":"Najid","countryName":"Oman"},{"cityName":"Dahiyah","countryName":"Oman"},{"cityName":"Bi'r","countryName":"Oman"},{"cityName":"Khush","countryName":"Oman"},{"cityName":"Khuzinah","countryName":"Oman"},{"cityName":"Manithirah","countryName":"Oman"},{"cityName":"Mirah","countryName":"Oman"},{"cityName":"Rubkah","countryName":"Oman"},{"cityName":"Muqayhfah","countryName":"Oman"},{"cityName":"Sabkhat","countryName":"Oman"},{"cityName":"Siyudin","countryName":"Oman"},{"cityName":"`Ayn","countryName":"Oman"},{"cityName":"Makhibiyah","countryName":"Oman"},{"cityName":"Al Ghayl","countryName":"Oman"},{"cityName":"Al Jaylah","countryName":"Oman"},{"cityName":"As Suwayr","countryName":"Oman"},{"cityName":"Al `Adan","countryName":"Oman"},{"cityName":"Al Bayd","countryName":"Oman"},{"cityName":"Ash Shu`iyah","countryName":"Oman"},{"cityName":"Hayi","countryName":"Oman"},{"cityName":"Hajar","countryName":"Oman"},{"cityName":"Al Mandur","countryName":"Oman"},{"cityName":"Al Barmiyah","countryName":"Oman"},{"cityName":"Mahani","countryName":"Oman"},{"cityName":"Al Mazra`ah","countryName":"Oman"},{"cityName":"At Toyan","countryName":"Oman"},{"cityName":"Zahur","countryName":"Oman"},{"cityName":"Layjah","countryName":"Oman"},{"cityName":"Bayt al `Awabi","countryName":"Oman"},{"cityName":"Min`a","countryName":"Oman"},{"cityName":"Ad Das","countryName":"Oman"},{"cityName":"Ar Rahbah","countryName":"Oman"},{"cityName":"Fujayrah","countryName":"Oman"},{"cityName":"Sultiyah","countryName":"Oman"},{"cityName":"Khadirah","countryName":"Oman"},{"cityName":"Khayfiyah","countryName":"Oman"},{"cityName":"Sib","countryName":"Oman"},{"cityName":"Shaq","countryName":"Oman"},{"cityName":"Hayli","countryName":"Oman"},{"cityName":"Sharqatayn","countryName":"Oman"},{"cityName":"Ja`fariyah","countryName":"Oman"},{"cityName":"Jumarah","countryName":"Oman"},{"cityName":"Bakhah","countryName":"Oman"},{"cityName":"Daghali","countryName":"Oman"},{"cityName":"As Suwayb","countryName":"Oman"},{"cityName":"Shuwah","countryName":"Oman"},{"cityName":"Thaqib","countryName":"Oman"},{"cityName":"Biddi","countryName":"Oman"},{"cityName":"At Tikhah","countryName":"Oman"},{"cityName":"Haddis","countryName":"Oman"},{"cityName":"Hudniyah","countryName":"Oman"},{"cityName":"Ra's al Qara`ah","countryName":"Oman"},{"cityName":"Musayrat Shurayqiyin","countryName":"Oman"},{"cityName":"Qarr Shamis","countryName":"Oman"},{"cityName":"Sirab","countryName":"Oman"},{"cityName":"Aqbut al Bayut","countryName":"Oman"},{"cityName":"Saqlah","countryName":"Oman"},{"cityName":"Hayl el Kahuf","countryName":"Oman"},{"cityName":"Muwaybin","countryName":"Oman"},{"cityName":"Al `Awaynat","countryName":"Oman"},{"cityName":"Amti","countryName":"Oman"},{"cityName":"Ad Dar","countryName":"Oman"},{"cityName":"Al `Ulyah","countryName":"Oman"},{"cityName":"As Sir","countryName":"Oman"},{"cityName":"Mukhayti","countryName":"Oman"},{"cityName":"Qurah","countryName":"Oman"},{"cityName":"Al Khadra'","countryName":"Oman"},{"cityName":"Al Bidayah","countryName":"Oman"},{"cityName":"Al Ghuf","countryName":"Oman"},{"cityName":"Al Khadirah","countryName":"Oman"},{"cityName":"Al Huwir","countryName":"Oman"},{"cityName":"Salaylah","countryName":"Oman"},{"cityName":"Lali Laynah","countryName":"Oman"},{"cityName":"Rukhdayn","countryName":"Oman"},{"cityName":"Al Gharir Sufalah","countryName":"Oman"},{"cityName":"Al Khutaymi","countryName":"Oman"},{"cityName":"Al Gharir `Alayah","countryName":"Oman"},{"cityName":"Saqah","countryName":"Oman"},{"cityName":"Al Khusayt","countryName":"Oman"},{"cityName":"Dann al Hamra'","countryName":"Oman"},{"cityName":"Qef Dann al Hamra'","countryName":"Oman"},{"cityName":"Al `Ala'","countryName":"Oman"},{"cityName":"Qurayyah","countryName":"Oman"},{"cityName":"Kamfarah","countryName":"Oman"},{"cityName":"Al Qashar","countryName":"Oman"},{"cityName":"Al `Aqar","countryName":"Oman"},{"cityName":"Dubiyah","countryName":"Oman"},{"cityName":"Sirqan","countryName":"Oman"},{"cityName":"Manakhir","countryName":"Oman"},{"cityName":"Al Ghaba","countryName":"Oman"},{"cityName":"Al Wahah","countryName":"Oman"},{"cityName":"Al Jabat","countryName":"Oman"},{"cityName":"Al Khur","countryName":"Oman"},{"cityName":"Jurakh","countryName":"Oman"},{"cityName":"Al Qawasim","countryName":"Oman"},{"cityName":"Al Hajar","countryName":"Oman"},{"cityName":"Al Mudirah","countryName":"Oman"},{"cityName":"Al `Ayinah","countryName":"Oman"},{"cityName":"Al Buwayza","countryName":"Oman"},{"cityName":"Rasin","countryName":"Oman"},{"cityName":"Al Ababah","countryName":"Oman"},{"cityName":"Ar Rudaydah","countryName":"Oman"},{"cityName":"Sur ad Dawahinah","countryName":"Oman"},{"cityName":"As Sarhat","countryName":"Oman"},{"cityName":"Harat al Balush","countryName":"Oman"},{"cityName":"Harat Rumran","countryName":"Oman"},{"cityName":"Mazra`at al Qasf","countryName":"Oman"},{"cityName":"Sur Laqtayt","countryName":"Oman"},{"cityName":"Al Muwaylihat","countryName":"Oman"},{"cityName":"Al Burayk","countryName":"Oman"},{"cityName":"`Abbasah","countryName":"Oman"},{"cityName":"Al Budayah","countryName":"Oman"},{"cityName":"Ghalil al Masa`id","countryName":"Oman"},{"cityName":"Ghalil al Hanadis","countryName":"Oman"},{"cityName":"Al Qarah","countryName":"Oman"},{"cityName":"Diyan","countryName":"Oman"},{"cityName":"Mazra`at al Khadra'","countryName":"Oman"},{"cityName":"Al Afrad","countryName":"Oman"},{"cityName":"Qasini","countryName":"Oman"},{"cityName":"Khadra' Al Sa`d","countryName":"Oman"},{"cityName":"Al Bid`ah","countryName":"Oman"},{"cityName":"Al Ghu","countryName":"Oman"},{"cityName":"Sur Maghabishah","countryName":"Oman"},{"cityName":"An Nabrah","countryName":"Oman"},{"cityName":"Al Ghulaylah","countryName":"Oman"},{"cityName":"As Sayrsah","countryName":"Oman"},{"cityName":"Mazra`at ar Raja'","countryName":"Oman"},{"cityName":"Baridah","countryName":"Oman"},{"cityName":"Gharba'","countryName":"Oman"},{"cityName":"Al Khurays","countryName":"Oman"},{"cityName":"Al Amarat","countryName":"Oman"},{"cityName":"Suraj","countryName":"Oman"},{"cityName":"Haramil","countryName":"Oman"},{"cityName":"Al Wadi al Kabir","countryName":"Oman"},{"cityName":"Tawiyan","countryName":"Oman"},{"cityName":"Kalbuh","countryName":"Oman"},{"cityName":"Ash Shutayfi","countryName":"Oman"},{"cityName":"Dikkah","countryName":"Oman"},{"cityName":"Al Hamriyah","countryName":"Oman"},{"cityName":"Al 'Amrat","countryName":"Oman"},{"cityName":"Yankit","countryName":"Oman"},{"cityName":"Al Batin","countryName":"Oman"},{"cityName":"Samud","countryName":"Oman"},{"cityName":"Yistin","countryName":"Oman"},{"cityName":"At Tawayb","countryName":"Oman"},{"cityName":"At Tayi","countryName":"Oman"},{"cityName":"Gharayfah","countryName":"Oman"},{"cityName":"Al Jiba`i","countryName":"Oman"},{"cityName":"Qasah","countryName":"Oman"},{"cityName":"Al Khutum","countryName":"Oman"},{"cityName":"Dumi","countryName":"Oman"},{"cityName":"Juwaybi","countryName":"Oman"},{"cityName":"Hulayfah","countryName":"Oman"},{"cityName":"`Ayun","countryName":"Oman"},{"cityName":"Al Qutaytirah","countryName":"Oman"},{"cityName":"`Umq ar Rabakh","countryName":"Oman"},{"cityName":"Munqas","countryName":"Oman"},{"cityName":"Ta`ab","countryName":"Oman"},{"cityName":"Jurayf","countryName":"Oman"},{"cityName":"Quff","countryName":"Oman"},{"cityName":"Ghamd","countryName":"Oman"},{"cityName":"`Umq Bi'r","countryName":"Oman"},{"cityName":"Jahl","countryName":"Oman"},{"cityName":"Al Ghomb","countryName":"Oman"},{"cityName":"Sufun","countryName":"Oman"},{"cityName":"Ash Shubaykah","countryName":"Oman"},{"cityName":"`Addah","countryName":"Oman"},{"cityName":"Sinaf","countryName":"Oman"},{"cityName":"Al Ghalilah","countryName":"Oman"},{"cityName":"At Tawiyan","countryName":"Oman"},{"cityName":"Halfah","countryName":"Oman"},{"cityName":"`Ayn ash Shadniyah","countryName":"Oman"},{"cityName":"Bid`ah","countryName":"Oman"},{"cityName":"Sharqi Hafit","countryName":"Oman"},{"cityName":"Gharbi Hafit","countryName":"Oman"},{"cityName":"Za`bah","countryName":"Oman"},{"cityName":"Tawi Khadaraq","countryName":"Oman"},{"cityName":"Shantut Saham","countryName":"Oman"},{"cityName":"Harf","countryName":"Oman"},{"cityName":"Arthaban","countryName":"Oman"},{"cityName":"Hall","countryName":"Oman"},{"cityName":"Al Haybah","countryName":"Oman"},{"cityName":"Khalaghal","countryName":"Oman"},{"cityName":"Salayah","countryName":"Oman"},{"cityName":"Sall Hamdan","countryName":"Oman"},{"cityName":"Lakayym","countryName":"Oman"},{"cityName":"Wa`b al Fahl","countryName":"Oman"},{"cityName":"Al Khatam","countryName":"Oman"},{"cityName":"Al `Arqub","countryName":"Oman"},{"cityName":"Nawah","countryName":"Oman"},{"cityName":"Khawr Ma`la","countryName":"Oman"},{"cityName":"`Aqabat `Asu","countryName":"Oman"},{"cityName":"Al Misar","countryName":"Oman"},{"cityName":"Sanat","countryName":"Oman"},{"cityName":"Ash Shays","countryName":"Oman"},{"cityName":"Ad Duss","countryName":"Oman"},{"cityName":"Sall Khawr","countryName":"Oman"},{"cityName":"`Addas","countryName":"Oman"},{"cityName":"Dayni","countryName":"Oman"},{"cityName":"Al Ghalil","countryName":"Oman"},{"cityName":"Khatm Kabir","countryName":"Oman"},{"cityName":"Ra's al `Aqq","countryName":"Oman"},{"cityName":"Al Mahalli","countryName":"Oman"},{"cityName":"Al Khawiyah","countryName":"Oman"},{"cityName":"Al Maksuriyah","countryName":"Oman"},{"cityName":"Mawi","countryName":"Oman"},{"cityName":"Bayt Khawr","countryName":"Oman"},{"cityName":"Al `Afifah","countryName":"Oman"},{"cityName":"An Naqdah","countryName":"Oman"},{"cityName":"Harat ash Shaykh","countryName":"Oman"},{"cityName":"Majan","countryName":"Oman"},{"cityName":"Al Khuwayriyah","countryName":"Oman"},{"cityName":"Al Mal`ab","countryName":"Oman"},{"cityName":"Khashishat al Milh","countryName":"Oman"},{"cityName":"Al Waqaybah","countryName":"Oman"},{"cityName":"Al Ghashbah","countryName":"Oman"},{"cityName":"Baynunah","countryName":"Oman"},{"cityName":"As Sayh","countryName":"Oman"},{"cityName":"Al Khaza'in","countryName":"Oman"},{"cityName":"Hillat ar Rawashid","countryName":"Oman"},{"cityName":"Murtafa`at Saham","countryName":"Oman"},{"cityName":"Al Qashi`","countryName":"Oman"},{"cityName":"As Samidah","countryName":"Oman"},{"cityName":"Tawi al Qarinat","countryName":"Oman"},{"cityName":"Aydawr","countryName":"Oman"},{"cityName":"Anthraytat","countryName":"Oman"},{"cityName":"Kerral","countryName":"Oman"},{"cityName":"Naid","countryName":"Oman"},{"cityName":"Dhanajir","countryName":"Oman"},{"cityName":"Dhaliaatat","countryName":"Oman"},{"cityName":"Ithi","countryName":"Oman"},{"cityName":"Adh`eet","countryName":"Oman"},{"cityName":"Fayraq","countryName":"Oman"},{"cityName":"Smoor","countryName":"Oman"},{"cityName":"Kizit","countryName":"Oman"},{"cityName":"Khlayhawr","countryName":"Oman"},{"cityName":"Ansham","countryName":"Oman"},{"cityName":"Aytin","countryName":"Oman"},{"cityName":"Irqat","countryName":"Oman"},{"cityName":"Qitqawt","countryName":"Oman"},{"cityName":"Firokht","countryName":"Oman"},{"cityName":"Erigfien","countryName":"Oman"},{"cityName":"A`tayr","countryName":"Oman"},{"cityName":"Al Hawz","countryName":"Oman"},{"cityName":"Ash Sharjah","countryName":"Oman"},{"cityName":"Al Majnab","countryName":"Oman"},{"cityName":"As Sudiyah","countryName":"Oman"},{"cityName":"Jabal Ghawil","countryName":"Oman"},{"cityName":"As Sa`af","countryName":"Oman"},{"cityName":"At Tuwayyah","countryName":"Oman"},{"cityName":"As Sifiyah","countryName":"Oman"},{"cityName":"Al Khalw","countryName":"Oman"},{"cityName":"Al Mudayli","countryName":"Oman"},{"cityName":"Al `Umani","countryName":"Oman"},{"cityName":"Al Hamiliyah","countryName":"Oman"},{"cityName":"Sur Bani Hammad","countryName":"Oman"},{"cityName":"Wa`ab al Lif","countryName":"Oman"},{"cityName":"Rukab ash Shabb","countryName":"Oman"},{"cityName":"Lawqaybawt","countryName":"Oman"},{"cityName":"Ar Ramyah","countryName":"Oman"},{"cityName":"Sumhuran","countryName":"Oman"},{"cityName":"Khorr","countryName":"Oman"},{"cityName":"Nigrit","countryName":"Oman"},{"cityName":"Aram","countryName":"Oman"},{"cityName":"Saitaw","countryName":"Oman"},{"cityName":"Irowk","countryName":"Oman"},{"cityName":"Haqabat Arokub","countryName":"Oman"},{"cityName":"Ahyawf","countryName":"Oman"},{"cityName":"Faiqaitha","countryName":"Oman"},{"cityName":"Ajrizi","countryName":"Oman"},{"cityName":"Raythathey","countryName":"Oman"},{"cityName":"Arajfiniti","countryName":"Oman"},{"cityName":"Akrunt","countryName":"Oman"},{"cityName":"Tharfait","countryName":"Oman"},{"cityName":"Anoothook","countryName":"Oman"},{"cityName":"Adhjoord","countryName":"Oman"},{"cityName":"Khejeen","countryName":"Oman"},{"cityName":"Allam","countryName":"Oman"},{"cityName":"Anthok","countryName":"Oman"},{"cityName":"Unkulth","countryName":"Oman"},{"cityName":"Jabal Khasbar","countryName":"Oman"},{"cityName":"Wadi Khasbar","countryName":"Oman"},{"cityName":"Allish","countryName":"Oman"},{"cityName":"Agyaan","countryName":"Oman"},{"cityName":"Arzayrot","countryName":"Oman"},{"cityName":"Thaloot","countryName":"Oman"},{"cityName":"Qandeen","countryName":"Oman"},{"cityName":"Enhorelah","countryName":"Oman"},{"cityName":"Erqoot Daham","countryName":"Oman"},{"cityName":"Bathar/Baithakoob","countryName":"Oman"},{"cityName":"Alfton","countryName":"Oman"},{"cityName":"Inkeyzeti","countryName":"Oman"},{"cityName":"Gilaal","countryName":"Oman"},{"cityName":"Eshto","countryName":"Oman"},{"cityName":"Arkam","countryName":"Oman"},{"cityName":"Hadsha`ab","countryName":"Oman"},{"cityName":"Shi`b Nahiz","countryName":"Oman"},{"cityName":"Khadrakoor","countryName":"Oman"},{"cityName":"Arryop","countryName":"Oman"},{"cityName":"Reoob","countryName":"Oman"},{"cityName":"Anthakak","countryName":"Oman"},{"cityName":"Adaakham","countryName":"Oman"},{"cityName":"Arzoom","countryName":"Oman"},{"cityName":"Antha Arr","countryName":"Oman"},{"cityName":"Dazzah","countryName":"Oman"},{"cityName":"Kebka","countryName":"Oman"},{"cityName":"Maart","countryName":"Oman"},{"cityName":"Bait Rathawt","countryName":"Oman"},{"cityName":"Ashinkhorr","countryName":"Oman"},{"cityName":"Werrsaar","countryName":"Oman"},{"cityName":"Easmome","countryName":"Oman"},{"cityName":"Dankor","countryName":"Oman"},{"cityName":"Inshaf","countryName":"Oman"},{"cityName":"Khedit","countryName":"Oman"},{"cityName":"Autuch","countryName":"Oman"},{"cityName":"Owtar","countryName":"Oman"},{"cityName":"Shibob","countryName":"Oman"},{"cityName":"Ar Radidah","countryName":"Oman"},{"cityName":"Aynayn","countryName":"Oman"},{"cityName":"Mushaqasah","countryName":"Oman"},{"cityName":"Manjurin","countryName":"Oman"},{"cityName":"Hayyal","countryName":"Oman"},{"cityName":"Khilah","countryName":"Oman"},{"cityName":"Al `Aliyah","countryName":"Oman"},{"cityName":"Suwiqah","countryName":"Oman"},{"cityName":"Al Mazra`","countryName":"Oman"},{"cityName":"Buba`irah","countryName":"Oman"},{"cityName":"Juwibiyat","countryName":"Oman"},{"cityName":"Khazar","countryName":"Oman"},{"cityName":"Shari`ah","countryName":"Oman"},{"cityName":"Mazra`at Shuway`i","countryName":"Oman"},{"cityName":"Sa`dah","countryName":"Oman"},{"cityName":"Sufalat Misfah","countryName":"Oman"},{"cityName":"Wariyah","countryName":"Oman"},{"cityName":"`Alayat Misfah","countryName":"Oman"},{"cityName":"Ma`idin","countryName":"Oman"},{"cityName":"Khashbah","countryName":"Oman"},{"cityName":"Buwaytin","countryName":"Oman"},{"cityName":"Milah","countryName":"Oman"},{"cityName":"Mintirib","countryName":"Oman"},{"cityName":"Zaydi","countryName":"Oman"},{"cityName":"Sahayli","countryName":"Oman"},{"cityName":"Multaqa Sharak","countryName":"Oman"},{"cityName":"Al Haju","countryName":"Oman"},{"cityName":"Qafis","countryName":"Oman"},{"cityName":"Maqta`ah","countryName":"Oman"},{"cityName":"Wasi","countryName":"Oman"},{"cityName":"Al Mu`tarid","countryName":"Oman"},{"cityName":"Qanatir","countryName":"Oman"},{"cityName":"Al Ahyl","countryName":"Oman"},{"cityName":"Al Khitaym","countryName":"Oman"},{"cityName":"Al Sawadi","countryName":"Oman"},{"cityName":"Nimr","countryName":"Oman"},{"cityName":"Salalah Al Gharbiyah","countryName":"Oman"},{"cityName":"As Salalah al Jadidah","countryName":"Oman"},{"cityName":"Awqad ash Shamaliyah","countryName":"Oman"},{"cityName":"Awqad al Janubiyah","countryName":"Oman"},{"cityName":"Al Wadi","countryName":"Oman"},{"cityName":"Salalah al Wusta","countryName":"Oman"},{"cityName":"Az Zawiyah","countryName":"Oman"},{"cityName":"Al Qawf","countryName":"Oman"},{"cityName":"Al Hasilah","countryName":"Oman"},{"cityName":"Ar Rubat","countryName":"Oman"},{"cityName":"Shamal ad Dahariz","countryName":"Oman"},{"cityName":"Janub Madinat as Saadah","countryName":"Oman"},{"cityName":"Nagur Jarziz","countryName":"Oman"},{"cityName":"Ayn Jarziz","countryName":"Oman"},{"cityName":"Ina","countryName":"Oman"},{"cityName":"Halut","countryName":"Oman"},{"cityName":"Shamal Madinat as Saadah","countryName":"Oman"},{"cityName":"Hayy ash Shati","countryName":"Oman"},{"cityName":"Janub ad Dahariz","countryName":"Oman"},{"cityName":"Mintaqat al Wadi al Kabir as Sina`iyah","countryName":"Oman"},{"cityName":"Madinat al I`lam","countryName":"Oman"},{"cityName":"Madinat as Sultan Qabus","countryName":"Oman"},{"cityName":"Al Khuwayr ash Shamaliyah","countryName":"Oman"},{"cityName":"Al Khuwayr al Janubiyah","countryName":"Oman"},{"cityName":"Ghala as Sina`iyah","countryName":"Oman"},{"cityName":"Murtafa`at al Matar","countryName":"Oman"},{"cityName":"Al `Udhaybah al Janubiyah","countryName":"Oman"},{"cityName":"Deema","countryName":"Oman"},{"cityName":"`Aybut","countryName":"Oman"},{"cityName":"Hayrun","countryName":"Oman"},{"cityName":"Hajarir","countryName":"Oman"},{"cityName":"Hanhawd","countryName":"Oman"},{"cityName":"Umbarawf","countryName":"Oman"},{"cityName":"Gharanaytay Burq","countryName":"Oman"},{"cityName":"Sakum","countryName":"Oman"},{"cityName":"`Aydum","countryName":"Oman"},{"cityName":"Sayfayr","countryName":"Oman"},{"cityName":"Difa","countryName":"Oman"},{"cityName":"Assitat","countryName":"Oman"},{"cityName":"Maqdawrawt","countryName":"Oman"},{"cityName":"`Arfit","countryName":"Oman"},{"cityName":"Qardayt","countryName":"Oman"},{"cityName":"Jalidah","countryName":"Oman"},{"cityName":"Al Hufrah","countryName":"Oman"},{"cityName":"Qitbit","countryName":"Oman"},{"cityName":"Jinan Bin Watash","countryName":"Oman"},{"cityName":"Rayda.h","countryName":"Oman"},{"cityName":"Qairoon Hairitti","countryName":"Oman"},{"cityName":"Salma.h","countryName":"Oman"},{"cityName":"Qatar","countryName":"Oman"},{"cityName":"Hayy az Zahir","countryName":"Oman"},{"cityName":"Fayq","countryName":"Oman"},{"cityName":"Al Fulayj","countryName":"Oman"},{"cityName":"Wadi al `Ayn","countryName":"Oman"},{"cityName":"At Turayf","countryName":"Oman"},{"cityName":"Falaj at Turayf","countryName":"Oman"},{"cityName":"Al Jirayfat","countryName":"Oman"},{"cityName":"Ad Dab`ani","countryName":"Oman"},{"cityName":"Al `Afyah","countryName":"Oman"},{"cityName":"As Sarrayn","countryName":"Oman"},{"cityName":"Ta`n","countryName":"Oman"},{"cityName":"Al Hishayyah","countryName":"Oman"},{"cityName":"Ash Sha`biyah","countryName":"Oman"},{"cityName":"Al Markaz","countryName":"Oman"},{"cityName":"Ar Ruju`","countryName":"Oman"},{"cityName":"Al Himdi","countryName":"Oman"},{"cityName":"At Tuwiyan","countryName":"Oman"},{"cityName":"Al Multaqa","countryName":"Oman"},{"cityName":"Sayh at Tamam","countryName":"Oman"},{"cityName":"Al `Atkiyah","countryName":"Oman"},{"cityName":"As Silil","countryName":"Oman"},{"cityName":"Gharb al Mahaj","countryName":"Oman"},{"cityName":"Sharq al Mahaj","countryName":"Oman"},{"cityName":"Wadi Hatat","countryName":"Oman"},{"cityName":"Gharb Sayh az Zaby","countryName":"Oman"},{"cityName":"Sharq Sayh az Zaby","countryName":"Oman"},{"cityName":"Al Jifaynah","countryName":"Oman"},{"cityName":"Al Birayn","countryName":"Oman"},{"cityName":"Madinat an Nahdah","countryName":"Oman"},{"cityName":"Ash Sharadi","countryName":"Oman"},{"cityName":"Sur Al Hadid","countryName":"Oman"},{"cityName":"Wadi al Lawami","countryName":"Oman"},{"cityName":"Al Hayl al Janubiyah","countryName":"Oman"},{"cityName":"Al Hayl ash Shamaliyah","countryName":"Oman"},{"cityName":"Al Mu`baylah al Janubiyah","countryName":"Oman"},{"cityName":"Rabiyat al Qurm","countryName":"Oman"},{"cityName":"Mintaqat al Qurm at Tijariyah","countryName":"Oman"},{"cityName":"Hayy as Sifarat","countryName":"Oman"},{"cityName":"Hayy al Wizarat","countryName":"Oman"},{"cityName":"Sayh Ramdah","countryName":"Oman"},{"cityName":"Mudayy","countryName":"Oman"},{"cityName":"Mina' al Fahl","countryName":"Oman"},{"cityName":"Awqad","countryName":"Oman"}]