[{"cityName":"Iebukel Hamlet","countryName":"Palau","localeCode":"en","districtName":""},{"cityName":"Ngermid Hamlet","countryName":"Palau","localeCode":"en","districtName":""},{"cityName":"Kloulklubed Hamlet","countryName":"Palau","localeCode":"en","districtName":""},{"cityName":"Tngeronger Hamlet","countryName":"Palau","localeCode":"en","districtName":""},{"cityName":"Ngchesechang Hamlet","countryName":"Palau","localeCode":"en","districtName":""},{"cityName":"Ngerbeched Hamlet","countryName":"Palau","localeCode":"en","districtName":""},{"cityName":"Oikull Hamlet","countryName":"Palau","localeCode":"en","districtName":""},{"cityName":"Echang Hamlet","countryName":"Palau","localeCode":"en","districtName":""},{"cityName":"Koror State","countryName":"Palau","localeCode":"en","districtName":""},{"cityName":"Ngermelech Hamlet","countryName":"Palau","localeCode":"en","districtName":""},{"cityName":"Ngchemiangel Hamlet","countryName":"Palau","localeCode":"en","districtName":""},{"cityName":"Echol Hamlet","countryName":"Palau","localeCode":"en","districtName":""},{"cityName":"Idid Hamlet","countryName":"Palau","localeCode":"en","districtName":""},{"cityName":"Ngerkeai Hamlet","countryName":"Palau","localeCode":"en","districtName":""},{"cityName":"Ngerchemai Hamlet","countryName":"Palau","localeCode":"en","districtName":""},{"cityName":"Ngetkib Hamlet","countryName":"Palau","localeCode":"en","districtName":""},{"cityName":"Urdmang Hamlet","countryName":"Palau","localeCode":"en","districtName":""},{"cityName":"Ulimang","countryName":"Palau","localeCode":"en","districtName":""},{"cityName":"Chollei Hamlet","countryName":"Palau","localeCode":"en","districtName":""},{"cityName":"Ngriil Hamlet","countryName":"Palau","localeCode":"en","districtName":""},{"cityName":"Ertong Hamlet","countryName":"Palau","localeCode":"en","districtName":""},{"cityName":"Ngetbong Hamlet","countryName":"Palau","localeCode":"en","districtName":""},{"cityName":"Ngeruikl Hamlet","countryName":"Palau","localeCode":"en","districtName":""},{"cityName":"Ngeruluobel Hamlet","countryName":"Palau","localeCode":"en","districtName":""},{"cityName":"Ngerngesang Hamlet","countryName":"Palau","localeCode":"en","districtName":""},{"cityName":"Ngermetengel Hamlet","countryName":"Palau","localeCode":"en","districtName":""},{"cityName":"Elechui Hamlet","countryName":"Palau","localeCode":"en","districtName":""},{"cityName":"Meketii Hamlet","countryName":"Palau","localeCode":"en","districtName":""},{"cityName":"Ngerekebesang Hamlet","countryName":"Palau","localeCode":"en","districtName":""},{"cityName":"Ngerkeai","countryName":"Palau","localeCode":"en","districtName":""},{"cityName":"Ngerbodel Hamlet","countryName":"Palau","localeCode":"en","districtName":""},{"cityName":"Ngerbau Hamlet","countryName":"Palau","localeCode":"en","districtName":""},{"cityName":"Ngeburch Hamlet","countryName":"Palau","localeCode":"en","districtName":""},{"cityName":"Ikelau Hamlet","countryName":"Palau","localeCode":"en","districtName":""},{"cityName":"Angaur","countryName":"Palau","localeCode":"en","districtName":""},{"cityName":"Meyungs Hamlet","countryName":"Palau","localeCode":"en","districtName":""},{"cityName":"Dilong Hamlet","countryName":"Palau","localeCode":"en","districtName":""},{"cityName":"Melekeok Village","countryName":"Palau","localeCode":"en","districtName":""},{"cityName":"Medorm Hamlet","countryName":"Palau","localeCode":"en","districtName":""},{"cityName":"Medalaii Hamlet","countryName":"Palau","localeCode":"en","districtName":""},{"cityName":"Ngereklmadel","countryName":"Palau","localeCode":"en","districtName":""},{"cityName":"Iyebukel Hamlet","countryName":"Palau","localeCode":"en","districtName":""},{"cityName":"Dimes Hamlet","countryName":"Palau","localeCode":"en","districtName":""},{"cityName":"Imeong Hamlet","countryName":"Palau","localeCode":"en","districtName":""},{"cityName":"Eimelik Hamlet","countryName":"Palau","localeCode":"en","districtName":""},{"cityName":"Chelab Hamlet","countryName":"Palau","localeCode":"en","districtName":""},{"cityName":"Airai Hamlet","countryName":"Palau","localeCode":"en","districtName":""},{"cityName":"Ngchesar Hamlet","countryName":"Palau","localeCode":"en","districtName":""},{"cityName":"Chol Hamlet","countryName":"Palau","localeCode":"en","districtName":""},{"cityName":"Elauesachel Hamlet","countryName":"Palau","localeCode":"en","districtName":""},{"cityName":"Ngerubesang Hamlet","countryName":"Palau","localeCode":"en","districtName":""},{"cityName":"Imelechol Hamlet","countryName":"Palau","localeCode":"en","districtName":""},{"cityName":"Mengellang","countryName":"Palau","localeCode":"en","districtName":""},{"cityName":"Ngebei Hamlet","countryName":"Palau","localeCode":"en","districtName":""},{"cityName":"Ngerkesou Hamlet","countryName":"Palau","localeCode":"en","districtName":""},{"cityName":"Ngerkeseuaol Hamlet","countryName":"Palau","localeCode":"en","districtName":""},{"cityName":"Ngersuul Hamlet","countryName":"Palau","localeCode":"en","districtName":""},{"cityName":"Ngersung Hamlet","countryName":"Palau","localeCode":"en","districtName":""},{"cityName":"Ngeruling Hamlet","countryName":"Palau","localeCode":"en","districtName":""},{"cityName":"Ngerusar Hamlet","countryName":"Palau","localeCode":"en","districtName":""},{"cityName":"Ngesang","countryName":"Palau","localeCode":"en","districtName":""},{"cityName":"Ngerutoi Hamlet","countryName":"Palau","localeCode":"en","districtName":""},{"cityName":"Ngkeklau Hamlet","countryName":"Palau","localeCode":"en","districtName":""},{"cityName":"Angaur State","countryName":"Palau","localeCode":"en","districtName":""},{"cityName":"Ngardmau Village","countryName":"Palau","localeCode":"en","districtName":""},{"cityName":"Yelch - New Village","countryName":"Palau","localeCode":"en","districtName":""},{"cityName":"Melekeok","countryName":"Palau","localeCode":"en","districtName":""},{"cityName":"former Eastern Village","countryName":"Palau","localeCode":"en","districtName":""},{"cityName":"Tobi Village","countryName":"Palau","localeCode":"en","districtName":""},{"cityName":"former Northern Village","countryName":"Palau","localeCode":"en","districtName":""},{"cityName":"Sonsorol Village","countryName":"Palau","localeCode":"en","districtName":""},{"cityName":"Pulo Anna Village","countryName":"Palau","localeCode":"en","districtName":""},{"cityName":"Kayangel","countryName":"Palau","localeCode":"en","districtName":""},{"cityName":"Kloulklubed","countryName":"Palau","localeCode":"en","districtName":""},{"cityName":"Ngebuked Hamlet","countryName":"Palau","localeCode":"en","districtName":""},{"cityName":"Ordomel Hamlet","countryName":"Palau","localeCode":"en","districtName":""},{"cityName":"Ngetkib","countryName":"Palau","localeCode":"en","districtName":""},{"cityName":"Ngchemiangel","countryName":"Palau","localeCode":"en","districtName":""},{"cityName":"Ngardmau","countryName":"Palau","localeCode":"en","districtName":""},{"cityName":"Ngeremecheluch Hamlet","countryName":"Palau","localeCode":"en","districtName":""},{"cityName":"Koror Town","countryName":"Palau","localeCode":"en","districtName":""},{"cityName":"Ngeraus Hamlet","countryName":"Palau","localeCode":"en","districtName":""},{"cityName":"Ngerulmud","countryName":"Palau","localeCode":"en","districtName":""}]