[{"cityName":"Iebukel Hamlet","countryName":"Palau"},{"cityName":"Ngermid Hamlet","countryName":"Palau"},{"cityName":"Kloulklubed Hamlet","countryName":"Palau"},{"cityName":"Tngeronger Hamlet","countryName":"Palau"},{"cityName":"Ngchesechang Hamlet","countryName":"Palau"},{"cityName":"Ngerbeched Hamlet","countryName":"Palau"},{"cityName":"Oikull Hamlet","countryName":"Palau"},{"cityName":"Echang Hamlet","countryName":"Palau"},{"cityName":"Koror State","countryName":"Palau"},{"cityName":"Ngermelech Hamlet","countryName":"Palau"},{"cityName":"Ngchemiangel Hamlet","countryName":"Palau"},{"cityName":"Echol Hamlet","countryName":"Palau"},{"cityName":"Idid Hamlet","countryName":"Palau"},{"cityName":"Ngerkeai Hamlet","countryName":"Palau"},{"cityName":"Ngerchemai Hamlet","countryName":"Palau"},{"cityName":"Ngetkib Hamlet","countryName":"Palau"},{"cityName":"Urdmang Hamlet","countryName":"Palau"},{"cityName":"Ulimang","countryName":"Palau"},{"cityName":"Chollei Hamlet","countryName":"Palau"},{"cityName":"Ngriil Hamlet","countryName":"Palau"},{"cityName":"Ertong Hamlet","countryName":"Palau"},{"cityName":"Ngetbong Hamlet","countryName":"Palau"},{"cityName":"Ngeruikl Hamlet","countryName":"Palau"},{"cityName":"Ngeruluobel Hamlet","countryName":"Palau"},{"cityName":"Ngerngesang Hamlet","countryName":"Palau"},{"cityName":"Ngermetengel Hamlet","countryName":"Palau"},{"cityName":"Elechui Hamlet","countryName":"Palau"},{"cityName":"Meketii Hamlet","countryName":"Palau"},{"cityName":"Ngerekebesang Hamlet","countryName":"Palau"},{"cityName":"Ngerkeai","countryName":"Palau"},{"cityName":"Ngerbodel Hamlet","countryName":"Palau"},{"cityName":"Ngerbau Hamlet","countryName":"Palau"},{"cityName":"Ngeburch Hamlet","countryName":"Palau"},{"cityName":"Ikelau Hamlet","countryName":"Palau"},{"cityName":"Angaur","countryName":"Palau"},{"cityName":"Meyungs Hamlet","countryName":"Palau"},{"cityName":"Dilong Hamlet","countryName":"Palau"},{"cityName":"Melekeok Village","countryName":"Palau"},{"cityName":"Medorm Hamlet","countryName":"Palau"},{"cityName":"Medalaii Hamlet","countryName":"Palau"},{"cityName":"Ngereklmadel","countryName":"Palau"},{"cityName":"Iyebukel Hamlet","countryName":"Palau"},{"cityName":"Dimes Hamlet","countryName":"Palau"},{"cityName":"Imeong Hamlet","countryName":"Palau"},{"cityName":"Eimelik Hamlet","countryName":"Palau"},{"cityName":"Chelab Hamlet","countryName":"Palau"},{"cityName":"Airai Hamlet","countryName":"Palau"},{"cityName":"Ngchesar Hamlet","countryName":"Palau"},{"cityName":"Chol Hamlet","countryName":"Palau"},{"cityName":"Elauesachel Hamlet","countryName":"Palau"},{"cityName":"Ngerubesang Hamlet","countryName":"Palau"},{"cityName":"Imelechol Hamlet","countryName":"Palau"},{"cityName":"Mengellang","countryName":"Palau"},{"cityName":"Ngebei Hamlet","countryName":"Palau"},{"cityName":"Ngerkesou Hamlet","countryName":"Palau"},{"cityName":"Ngerkeseuaol Hamlet","countryName":"Palau"},{"cityName":"Ngersuul Hamlet","countryName":"Palau"},{"cityName":"Ngersung Hamlet","countryName":"Palau"},{"cityName":"Ngeruling Hamlet","countryName":"Palau"},{"cityName":"Ngerusar Hamlet","countryName":"Palau"},{"cityName":"Ngesang","countryName":"Palau"},{"cityName":"Ngerutoi Hamlet","countryName":"Palau"},{"cityName":"Ngkeklau Hamlet","countryName":"Palau"},{"cityName":"Angaur State","countryName":"Palau"},{"cityName":"Ngardmau Village","countryName":"Palau"},{"cityName":"Yelch - New Village","countryName":"Palau"},{"cityName":"Melekeok","countryName":"Palau"},{"cityName":"former Eastern Village","countryName":"Palau"},{"cityName":"Tobi Village","countryName":"Palau"},{"cityName":"former Northern Village","countryName":"Palau"},{"cityName":"Sonsorol Village","countryName":"Palau"},{"cityName":"Pulo Anna Village","countryName":"Palau"},{"cityName":"Kayangel","countryName":"Palau"},{"cityName":"Kloulklubed","countryName":"Palau"},{"cityName":"Ngebuked Hamlet","countryName":"Palau"},{"cityName":"Ordomel Hamlet","countryName":"Palau"},{"cityName":"Ngetkib","countryName":"Palau"},{"cityName":"Ngchemiangel","countryName":"Palau"},{"cityName":"Ngardmau","countryName":"Palau"},{"cityName":"Ngeremecheluch Hamlet","countryName":"Palau"},{"cityName":"Koror Town","countryName":"Palau"},{"cityName":"Ngeraus Hamlet","countryName":"Palau"},{"cityName":"Ngerulmud","countryName":"Palau"}]