[{"cityName":"Umm Juwaydah","countryName":"Qatar"},{"cityName":"Zughayn al Bahth","countryName":"Qatar"},{"cityName":"`Unayzah","countryName":"Qatar"},{"cityName":"Umm `Ubayriyah","countryName":"Qatar"},{"cityName":"Umm Shamim","countryName":"Qatar"},{"cityName":"Umm Salal Muhammad","countryName":"Qatar"},{"cityName":"Umm Salal `Ali","countryName":"Qatar"},{"cityName":"Umm Sa`id","countryName":"Qatar"},{"cityName":"Umm Qayn","countryName":"Qatar"},{"cityName":"Umm Qarn","countryName":"Qatar"},{"cityName":"Umm Jurn","countryName":"Qatar"},{"cityName":"Umm Ju`ayd","countryName":"Qatar"},{"cityName":"Umm Ghuwaylinah","countryName":"Qatar"},{"cityName":"Umm Bab","countryName":"Qatar"},{"cityName":"Umm az Zubar","countryName":"Qatar"},{"cityName":"Umm Suwayjah","countryName":"Qatar"},{"cityName":"Umm as Suwab","countryName":"Qatar"},{"cityName":"Umm ash Shubrum","countryName":"Qatar"},{"cityName":"Umm al Quhab","countryName":"Qatar"},{"cityName":"Umm al Quhab `Abd Allah Bin Nasir","countryName":"Qatar"},{"cityName":"Umm al Qubur","countryName":"Qatar"},{"cityName":"Umm al Kharq","countryName":"Qatar"},{"cityName":"Umm al `Izam","countryName":"Qatar"},{"cityName":"Umm al `Amad","countryName":"Qatar"},{"cityName":"Umm al Afa`i","countryName":"Qatar"},{"cityName":"Umm al Abariq","countryName":"Qatar"},{"cityName":"Umm `Abiriyah","countryName":"Qatar"},{"cityName":"Sumaysimah","countryName":"Qatar"},{"cityName":"Sa`lukiyah","countryName":"Qatar"},{"cityName":"Ar Rumaylah","countryName":"Qatar"},{"cityName":"Ra's Abu Fintas","countryName":"Qatar"},{"cityName":"Qahahil","countryName":"Qatar"},{"cityName":"Nu`ayjah","countryName":"Qatar"},{"cityName":"Nabat al Usayl","countryName":"Qatar"},{"cityName":"Musaykah","countryName":"Qatar"},{"cityName":"Muraykh","countryName":"Qatar"},{"cityName":"Mu`aydhir Abu ad Dawm","countryName":"Qatar"},{"cityName":"Mu`askar as Sayliyah","countryName":"Qatar"},{"cityName":"Mu`askar al Busayyir","countryName":"Qatar"},{"cityName":"Mazra`at Turayna","countryName":"Qatar"},{"cityName":"Madinat Khalifah","countryName":"Qatar"},{"cityName":"Madinat ash Shamal","countryName":"Qatar"},{"cityName":"Madinat al Ka`ban","countryName":"Qatar"},{"cityName":"Lisha","countryName":"Qatar"},{"cityName":"Al Khursa`ah","countryName":"Qatar"},{"cityName":"Halwan","countryName":"Qatar"},{"cityName":"Fuhayhil","countryName":"Qatar"},{"cityName":"Fariq al Ghanim al Jadid","countryName":"Qatar"},{"cityName":"Dukhan","countryName":"Qatar"},{"cityName":"Bu Sidrah","countryName":"Qatar"},{"cityName":"Bi'r Zikrit","countryName":"Qatar"},{"cityName":"Bi'r al Husayn","countryName":"Qatar"},{"cityName":"Az Za`ayin","countryName":"Qatar"},{"cityName":"`Ayn Sinan","countryName":"Qatar"},{"cityName":"`Ayn Khalid","countryName":"Qatar"},{"cityName":"Ath Thaqab","countryName":"Qatar"},{"cityName":"As Suwayhiliyah","countryName":"Qatar"},{"cityName":"As Sun`","countryName":"Qatar"},{"cityName":"As Su`lukiyah","countryName":"Qatar"},{"cityName":"As Sulaymi Suhaym Bin Hamad","countryName":"Qatar"},{"cityName":"As Sulaymi Khalifah Bin Hamad","countryName":"Qatar"},{"cityName":"As Sulaymi Fahd Bin `Abd Allah","countryName":"Qatar"},{"cityName":"As Sidriyah","countryName":"Qatar"},{"cityName":"As Sidrah","countryName":"Qatar"},{"cityName":"As Samiriyah","countryName":"Qatar"},{"cityName":"Ash Shaqra'","countryName":"Qatar"},{"cityName":"Ash Shahaniyah","countryName":"Qatar"},{"cityName":"Ash Shafallahiyah","countryName":"Qatar"},{"cityName":"Ar Ru'ays","countryName":"Qatar"},{"cityName":"Ar Rufayq","countryName":"Qatar"},{"cityName":"Ar Rayyan","countryName":"Qatar"},{"cityName":"An Nuqay`ah","countryName":"Qatar"},{"cityName":"An Nu`man","countryName":"Qatar"},{"cityName":"Al Wusayl","countryName":"Qatar"},{"cityName":"Al Wukayr","countryName":"Qatar"},{"cityName":"Al Wakrah","countryName":"Qatar"},{"cityName":"Al Waqbah","countryName":"Qatar"},{"cityName":"Al Wabrah","countryName":"Qatar"},{"cityName":"Al Wa`b","countryName":"Qatar"},{"cityName":"Al `Uwaynah","countryName":"Qatar"},{"cityName":"Al Muraydah","countryName":"Qatar"},{"cityName":"Al Mashrab","countryName":"Qatar"},{"cityName":"Al Markhiyah","countryName":"Qatar"},{"cityName":"Al Maqran","countryName":"Qatar"},{"cityName":"Al Mafjar","countryName":"Qatar"},{"cityName":"Al Kir`anah","countryName":"Qatar"},{"cityName":"Al Khuwayr","countryName":"Qatar"},{"cityName":"Al Khuraytiyat","countryName":"Qatar"},{"cityName":"Al Khurayb","countryName":"Qatar"},{"cityName":"Al Khisah","countryName":"Qatar"},{"cityName":"Al Khawr","countryName":"Qatar"},{"cityName":"Al Khattiyah","countryName":"Qatar"},{"cityName":"Al Kharrarah","countryName":"Qatar"},{"cityName":"Al Kharitiyat","countryName":"Qatar"},{"cityName":"Al Ka`biyah","countryName":"Qatar"},{"cityName":"Al Ka`ban","countryName":"Qatar"},{"cityName":"Al Jumayliyah","countryName":"Qatar"},{"cityName":"Al Jumayl","countryName":"Qatar"},{"cityName":"Al Judhay`","countryName":"Qatar"},{"cityName":"Al Jubayl","countryName":"Qatar"},{"cityName":"Al Husayniyah","countryName":"Qatar"},{"cityName":"Al Ghuwayriyah","countryName":"Qatar"},{"cityName":"Al Ghashshamiyah","countryName":"Qatar"},{"cityName":"Al Gharrafah al Jadidah","countryName":"Qatar"},{"cityName":"Al Ghariyah","countryName":"Qatar"},{"cityName":"Al Busayyir","countryName":"Qatar"},{"cityName":"Al `Arish","countryName":"Qatar"},{"cityName":"Al `Adhbah","countryName":"Qatar"},{"cityName":"Rawdat al `Ajuz","countryName":"Qatar"},{"cityName":"Adh Dhakhirah","countryName":"Qatar"},{"cityName":"Doha","countryName":"Qatar"},{"cityName":"Abu Sidrah","countryName":"Qatar"},{"cityName":"Abu Husayyah","countryName":"Qatar"},{"cityName":"Abu Hamur","countryName":"Qatar"},{"cityName":"Abu az Zuluf","countryName":"Qatar"},{"cityName":"Zar` al `Atiyah","countryName":"Qatar"},{"cityName":"As Sayliyah","countryName":"Qatar"},{"cityName":"Umm Qurun","countryName":"Qatar"},{"cityName":"Wadi Jallal","countryName":"Qatar"},{"cityName":"Abu Samrah","countryName":"Qatar"},{"cityName":"Umm Sabbah","countryName":"Qatar"},{"cityName":"Zaghab","countryName":"Qatar"},{"cityName":"Ar Ruwaydah","countryName":"Qatar"},{"cityName":"`Asmiyah","countryName":"Qatar"},{"cityName":"Umm as Suf","countryName":"Qatar"},{"cityName":"Al Qa`abiyah","countryName":"Qatar"},{"cityName":"Ar Rakiyat","countryName":"Qatar"},{"cityName":"Sidriyat Makin","countryName":"Qatar"},{"cityName":"Ghaf Makin","countryName":"Qatar"},{"cityName":"Umm al Kilab","countryName":"Qatar"},{"cityName":"Umm al Hawa'ir","countryName":"Qatar"},{"cityName":"Umm al Ghaylam","countryName":"Qatar"},{"cityName":"Fuwayrit","countryName":"Qatar"},{"cityName":"As Salatah al Jadidah","countryName":"Qatar"},{"cityName":"Al Muntazah","countryName":"Qatar"},{"cityName":"`Abd al `Aziz","countryName":"Qatar"},{"cityName":"Ad Dawhah al Jadidah","countryName":"Qatar"},{"cityName":"Al Mansurah","countryName":"Qatar"},{"cityName":"An Najmah","countryName":"Qatar"},{"cityName":"Al Hilal al Gharbiyah","countryName":"Qatar"},{"cityName":"Al Hilal ash Sharqiyah","countryName":"Qatar"},{"cityName":"As Salatah","countryName":"Qatar"},{"cityName":"Al Hitmi","countryName":"Qatar"},{"cityName":"Al Khalifat","countryName":"Qatar"},{"cityName":"As Sawq","countryName":"Qatar"},{"cityName":"Al Ghanim","countryName":"Qatar"},{"cityName":"Al Jasrah","countryName":"Qatar"},{"cityName":"Al Bida` ash Sharqiyah","countryName":"Qatar"},{"cityName":"Al Bida` al Gharbiyah","countryName":"Qatar"},{"cityName":"Al Murqab","countryName":"Qatar"},{"cityName":"Mushayrib","countryName":"Qatar"},{"cityName":"Wadi as Sayl","countryName":"Qatar"},{"cityName":"Abu Sudayrah","countryName":"Qatar"},{"cityName":"As Sadd","countryName":"Qatar"},{"cityName":"Al Jabar","countryName":"Qatar"},{"cityName":"As Sulaymi Qasim Bin Hamad","countryName":"Qatar"},{"cityName":"As Sulaymi `Abd al Aziz Bin Khalifah","countryName":"Qatar"},{"cityName":"Muhayriqah","countryName":"Qatar"},{"cityName":"Al Ghafah","countryName":"Qatar"},{"cityName":"Al Huwaylah","countryName":"Qatar"},{"cityName":"Al Khurays","countryName":"Qatar"},{"cityName":"Al Majidah","countryName":"Qatar"},{"cityName":"Ad Da`udiyah","countryName":"Qatar"},{"cityName":"Simsimah","countryName":"Qatar"},{"cityName":"Umm Birkah","countryName":"Qatar"},{"cityName":"Al Qa`iyah","countryName":"Qatar"},{"cityName":"Abu Suwayy","countryName":"Qatar"},{"cityName":"Al `Uqdah","countryName":"Qatar"},{"cityName":"Al Ghaf","countryName":"Qatar"},{"cityName":"Tinbak","countryName":"Qatar"},{"cityName":"Abu Thaylah","countryName":"Qatar"},{"cityName":"An Nasraniyah","countryName":"Qatar"},{"cityName":"Al Gharrafah","countryName":"Qatar"},{"cityName":"Rawdat Rashid","countryName":"Qatar"},{"cityName":"Umm Wishah","countryName":"Qatar"},{"cityName":"As Sahlah","countryName":"Qatar"},{"cityName":"Mukaynis","countryName":"Qatar"},{"cityName":"Mu`aydhir","countryName":"Qatar"},{"cityName":"As Sani`","countryName":"Qatar"},{"cityName":"Abu Kharab","countryName":"Qatar"},{"cityName":"Khawzan","countryName":"Qatar"},{"cityName":"Ad Darb","countryName":"Qatar"},{"cityName":"Abu Qarn","countryName":"Qatar"},{"cityName":"Umm al Quhab al `Atiq","countryName":"Qatar"}]