[{"cityName":"Vue Belle","countryName":"Reunion"},{"cityName":"Vincendo","countryName":"Reunion"},{"cityName":"Village du Piton","countryName":"Reunion"},{"cityName":"Verger Hemery","countryName":"Reunion"},{"cityName":"Union","countryName":"Reunion"},{"cityName":"Trois Mares-les Hauts","countryName":"Reunion"},{"cityName":"Trois-Bassins","countryName":"Reunion"},{"cityName":"Trinite","countryName":"Reunion"},{"cityName":"Tremblet","countryName":"Reunion"},{"cityName":"Terre Sainte","countryName":"Reunion"},{"cityName":"Terre Rouge","countryName":"Reunion"},{"cityName":"Takamaka","countryName":"Reunion"},{"cityName":"Surprise","countryName":"Reunion"},{"cityName":"Stella Matutina","countryName":"Reunion"},{"cityName":"Sous les Bois Noirs","countryName":"Reunion"},{"cityName":"Savannah","countryName":"Reunion"},{"cityName":"Saline-les Hauts","countryName":"Reunion"},{"cityName":"Salazie","countryName":"Reunion"},{"cityName":"Saint-Pierre","countryName":"Reunion"},{"cityName":"Saint-Philippe","countryName":"Reunion"},{"cityName":"Saint-Paul","countryName":"Reunion"},{"cityName":"Saint-Louis","countryName":"Reunion"},{"cityName":"Saint-Leu","countryName":"Reunion"},{"cityName":"Saint-Joseph","countryName":"Reunion"},{"cityName":"Saint-Gilles-les Hauts","countryName":"Reunion"},{"cityName":"Saint-Gilles-les Bains","countryName":"Reunion"},{"cityName":"Saint-Francois","countryName":"Reunion"},{"cityName":"Sainte-Therese","countryName":"Reunion"},{"cityName":"Sainte-Suzanne","countryName":"Reunion"},{"cityName":"Sainte-Rose","countryName":"Reunion"},{"cityName":"Sainte-Marie","countryName":"Reunion"},{"cityName":"Sainte-Clotilde","countryName":"Reunion"},{"cityName":"Sainte-Anne-les Hauts","countryName":"Reunion"},{"cityName":"Sainte-Anne","countryName":"Reunion"},{"cityName":"Saint-Denis","countryName":"Reunion"},{"cityName":"Saint-Bernard","countryName":"Reunion"},{"cityName":"Saint-Benoit","countryName":"Reunion"},{"cityName":"Saint-Andre","countryName":"Reunion"},{"cityName":"Roche Maigre","countryName":"Reunion"},{"cityName":"Riviere Saint-Pierre","countryName":"Reunion"},{"cityName":"Riviere du Rempart","countryName":"Reunion"},{"cityName":"Riviere du Mat-les Hauts","countryName":"Reunion"},{"cityName":"Riviere du Mat-les Bas","countryName":"Reunion"},{"cityName":"Riviere de l'Est","countryName":"Reunion"},{"cityName":"Revolution","countryName":"Reunion"},{"cityName":"Reunion","countryName":"Reunion"},{"cityName":"Renaissance","countryName":"Reunion"},{"cityName":"Ravine Seche","countryName":"Reunion"},{"cityName":"Ravine Martin","countryName":"Reunion"},{"cityName":"Ravine Glissante","countryName":"Reunion"},{"cityName":"Ravine du Pont-les Bas","countryName":"Reunion"},{"cityName":"Ravine du Pont","countryName":"Reunion"},{"cityName":"Ravine des Chevres-les Hauts","countryName":"Reunion"},{"cityName":"Ravine des Chevres","countryName":"Reunion"},{"cityName":"Ravine des Cafres-les Hauts","countryName":"Reunion"},{"cityName":"Ravine des Cafres-les Bas","countryName":"Reunion"},{"cityName":"Ravine des Cabris","countryName":"Reunion"},{"cityName":"Ravine d'Ango","countryName":"Reunion"},{"cityName":"Ravine Creuse","countryName":"Reunion"},{"cityName":"Ravine Blanche","countryName":"Reunion"},{"cityName":"Ravine a Marquet","countryName":"Reunion"},{"cityName":"Ravine a Malheur","countryName":"Reunion"},{"cityName":"Quartier-Francais","countryName":"Reunion"},{"cityName":"Pont Dives","countryName":"Reunion"},{"cityName":"Plate","countryName":"Reunion"},{"cityName":"Plaine des Gregues","countryName":"Reunion"},{"cityName":"Piton Sainte-Rose","countryName":"Reunion"},{"cityName":"Piton","countryName":"Reunion"},{"cityName":"Pierrefonds","countryName":"Reunion"},{"cityName":"Pichete","countryName":"Reunion"},{"cityName":"Petit Serre","countryName":"Reunion"},{"cityName":"Petit Saint-Pierre","countryName":"Reunion"},{"cityName":"Petit Sable","countryName":"Reunion"},{"cityName":"Petite Ravine","countryName":"Reunion"},{"cityName":"Petite-Ile","countryName":"Reunion"},{"cityName":"Petit Bazar","countryName":"Reunion"},{"cityName":"Morange","countryName":"Reunion"},{"cityName":"Montvert-les Hauts","countryName":"Reunion"},{"cityName":"Montvert-les Bas","countryName":"Reunion"},{"cityName":"Monrepos","countryName":"Reunion"},{"cityName":"Mon Caprice","countryName":"Reunion"},{"cityName":"Moka","countryName":"Reunion"},{"cityName":"M. Lamotte","countryName":"Reunion"},{"cityName":"Menciol","countryName":"Reunion"},{"cityName":"Matouta","countryName":"Reunion"},{"cityName":"Marepine","countryName":"Reunion"},{"cityName":"Mare Longue","countryName":"Reunion"},{"cityName":"Mare a Vieille Place","countryName":"Reunion"},{"cityName":"Mare a Citrons","countryName":"Reunion"},{"cityName":"Ma Pensee","countryName":"Reunion"},{"cityName":"Manapany-les Hauts","countryName":"Reunion"},{"cityName":"Manapany-les Bains","countryName":"Reunion"},{"cityName":"Manapany","countryName":"Reunion"},{"cityName":"Makes","countryName":"Reunion"},{"cityName":"Maison Rouge","countryName":"Reunion"},{"cityName":"Maison Payet","countryName":"Reunion"},{"cityName":"Maison Moullan","countryName":"Reunion"},{"cityName":"Maison Leroux","countryName":"Reunion"},{"cityName":"Maison Lelievre","countryName":"Reunion"},{"cityName":"Maison James Biget","countryName":"Reunion"},{"cityName":"Maison Isautier","countryName":"Reunion"},{"cityName":"Maison Henou","countryName":"Reunion"},{"cityName":"Maison de l'Enfance","countryName":"Reunion"},{"cityName":"Mahavel","countryName":"Reunion"},{"cityName":"Mafatte","countryName":"Reunion"},{"cityName":"L'Oasis","countryName":"Reunion"},{"cityName":"L'Ilet aux Palmistes","countryName":"Reunion"},{"cityName":"L'Ilet","countryName":"Reunion"},{"cityName":"Ligne des Bambous","countryName":"Reunion"},{"cityName":"L'Hermitage-les Bas","countryName":"Reunion"},{"cityName":"L'Hermitage","countryName":"Reunion"},{"cityName":"Le Titan","countryName":"Reunion"},{"cityName":"Le Tevelave","countryName":"Reunion"},{"cityName":"L'Etang","countryName":"Reunion"},{"cityName":"Le Tampon","countryName":"Reunion"},{"cityName":"Les Vacoas","countryName":"Reunion"},{"cityName":"Les Trois Mares","countryName":"Reunion"},{"cityName":"Les Trois Freres","countryName":"Reunion"},{"cityName":"Les Six-Cents","countryName":"Reunion"},{"cityName":"Les Sables Blancs","countryName":"Reunion"},{"cityName":"Les Quatre-Cents","countryName":"Reunion"},{"cityName":"Les Orangers","countryName":"Reunion"},{"cityName":"Les Lianes","countryName":"Reunion"},{"cityName":"Les Jacques","countryName":"Reunion"},{"cityName":"Les Deux Bras","countryName":"Reunion"},{"cityName":"Les Colimacons","countryName":"Reunion"},{"cityName":"Les Cocos","countryName":"Reunion"},{"cityName":"Les Chicots","countryName":"Reunion"},{"cityName":"Les Canots","countryName":"Reunion"},{"cityName":"Les Camelias","countryName":"Reunion"},{"cityName":"L'Escalier","countryName":"Reunion"},{"cityName":"Les Avirons","countryName":"Reunion"},{"cityName":"Les Aigrettes","countryName":"Reunion"},{"cityName":"Le Ruisseau","countryName":"Reunion"},{"cityName":"Le Rond","countryName":"Reunion"},{"cityName":"Le Ramier","countryName":"Reunion"},{"cityName":"Le Quatorzieme","countryName":"Reunion"},{"cityName":"Le Pourpier","countryName":"Reunion"},{"cityName":"Le Portail","countryName":"Reunion"},{"cityName":"Le Port","countryName":"Reunion"},{"cityName":"Le Petit Tampon","countryName":"Reunion"},{"cityName":"Le Petit Brule","countryName":"Reunion"},{"cityName":"L'Eperon","countryName":"Reunion"},{"cityName":"Le Pavillon","countryName":"Reunion"},{"cityName":"Le Patelin","countryName":"Reunion"},{"cityName":"Le Ouaki","countryName":"Reunion"},{"cityName":"Le Onzieme","countryName":"Reunion"},{"cityName":"Le Maniron","countryName":"Reunion"},{"cityName":"Le Lambert","countryName":"Reunion"},{"cityName":"Le Guillaume","countryName":"Reunion"},{"cityName":"Le Fond de Maurice","countryName":"Reunion"},{"cityName":"Le Dix-Septieme","countryName":"Reunion"},{"cityName":"Le Dix-Neuvieme","countryName":"Reunion"},{"cityName":"Le Diore","countryName":"Reunion"},{"cityName":"Le Delice","countryName":"Reunion"},{"cityName":"Le Cratere","countryName":"Reunion"},{"cityName":"Le Colosse","countryName":"Reunion"},{"cityName":"Le Coeur Saignant","countryName":"Reunion"},{"cityName":"Le Chaudron","countryName":"Reunion"},{"cityName":"Le Cazabois","countryName":"Reunion"},{"cityName":"Le Cap-les Hauts","countryName":"Reunion"},{"cityName":"Le Cap","countryName":"Reunion"},{"cityName":"Le Butor","countryName":"Reunion"},{"cityName":"Le Brule","countryName":"Reunion"},{"cityName":"Le Bras Creux","countryName":"Reunion"},{"cityName":"Le Bois de Nefles","countryName":"Reunion"},{"cityName":"Le Besave","countryName":"Reunion"},{"cityName":"Le Belier","countryName":"Reunion"},{"cityName":"Le Barrage","countryName":"Reunion"},{"cityName":"La Vigne","countryName":"Reunion"},{"cityName":"La Vallee","countryName":"Reunion"},{"cityName":"La Saline-les Bas","countryName":"Reunion"},{"cityName":"La Saline","countryName":"Reunion"},{"cityName":"La Riviere des Roches","countryName":"Reunion"},{"cityName":"La Riviere des Pluies","countryName":"Reunion"},{"cityName":"La Riviere","countryName":"Reunion"},{"cityName":"La Ressource","countryName":"Reunion"},{"cityName":"La Renaissance","countryName":"Reunion"},{"cityName":"La Providence","countryName":"Reunion"},{"cityName":"La Possession","countryName":"Reunion"},{"cityName":"La Pointe","countryName":"Reunion"},{"cityName":"La Plaine-des-Palmistes","countryName":"Reunion"},{"cityName":"La Plaine des Cafres","countryName":"Reunion"},{"cityName":"La Plaine","countryName":"Reunion"},{"cityName":"La Petite Ile","countryName":"Reunion"},{"cityName":"La Passarelle","countryName":"Reunion"},{"cityName":"La Paix","countryName":"Reunion"},{"cityName":"La Nouvelle","countryName":"Reunion"},{"cityName":"Langevin","countryName":"Reunion"},{"cityName":"La Montagne","countryName":"Reunion"},{"cityName":"La Marine","countryName":"Reunion"},{"cityName":"La Mare","countryName":"Reunion"},{"cityName":"La Grande Montee","countryName":"Reunion"},{"cityName":"La Grande Chaloupe","countryName":"Reunion"},{"cityName":"La Goyave","countryName":"Reunion"},{"cityName":"La Fontaine-les Hauts","countryName":"Reunion"},{"cityName":"La Fontaine","countryName":"Reunion"},{"cityName":"La Croix","countryName":"Reunion"},{"cityName":"La Crete","countryName":"Reunion"},{"cityName":"La Chatoire","countryName":"Reunion"},{"cityName":"La Chaloupe Saint-Leu","countryName":"Reunion"},{"cityName":"La Caroline","countryName":"Reunion"},{"cityName":"La Butte","countryName":"Reunion"},{"cityName":"La Bretagne","countryName":"Reunion"},{"cityName":"Jean Petit-les Bas","countryName":"Reunion"},{"cityName":"Jean Petit","countryName":"Reunion"},{"cityName":"Jacques Payet","countryName":"Reunion"},{"cityName":"Ilet Tommic","countryName":"Reunion"},{"cityName":"Ilet Techer","countryName":"Reunion"},{"cityName":"Ilet Solitude","countryName":"Reunion"},{"cityName":"Ilet Ronde","countryName":"Reunion"},{"cityName":"Ilet Nourry","countryName":"Reunion"},{"cityName":"Ilet Morin","countryName":"Reunion"},{"cityName":"Ilet Marron","countryName":"Reunion"},{"cityName":"Ilet Flamand","countryName":"Reunion"},{"cityName":"Ilet du Peter-Boot","countryName":"Reunion"},{"cityName":"Ilet des Lataniers","countryName":"Reunion"},{"cityName":"Ilet de Roche Plate","countryName":"Reunion"},{"cityName":"Ilet Denise","countryName":"Reunion"},{"cityName":"Ilet Bois-Rouge","countryName":"Reunion"},{"cityName":"Ilet a Vidot","countryName":"Reunion"},{"cityName":"Ilet a Malheur","countryName":"Reunion"},{"cityName":"Ilet a Guillaume","countryName":"Reunion"},{"cityName":"Ilet a Dejeuner","countryName":"Reunion"},{"cityName":"Ilet a Cordes","countryName":"Reunion"},{"cityName":"Hell-Bourg","countryName":"Reunion"},{"cityName":"Harmonie","countryName":"Reunion"},{"cityName":"Halte-la","countryName":"Reunion"},{"cityName":"Grands Bois","countryName":"Reunion"},{"cityName":"Grand Ilet","countryName":"Reunion"},{"cityName":"Grand Galet","countryName":"Reunion"},{"cityName":"Grand Fond","countryName":"Reunion"},{"cityName":"Grande Ravine","countryName":"Reunion"},{"cityName":"Grande Place","countryName":"Reunion"},{"cityName":"Grande Anse","countryName":"Reunion"},{"cityName":"Grand Coude","countryName":"Reunion"},{"cityName":"Grand Bassin","countryName":"Reunion"},{"cityName":"Gol-le Haut","countryName":"Reunion"},{"cityName":"Gol","countryName":"Reunion"},{"cityName":"Girofle","countryName":"Reunion"},{"cityName":"Gillot","countryName":"Reunion"},{"cityName":"F. Sauger","countryName":"Reunion"},{"cityName":"Franche Terre","countryName":"Reunion"},{"cityName":"Fleurs Jaunes-les Hauts","countryName":"Reunion"},{"cityName":"Fleurimont","countryName":"Reunion"},{"cityName":"Flacourt","countryName":"Reunion"},{"cityName":"Filaos","countryName":"Reunion"},{"cityName":"Fiague","countryName":"Reunion"},{"cityName":"Etang-Sale les Bains","countryName":"Reunion"},{"cityName":"L'Etang-Sale","countryName":"Reunion"},{"cityName":"Etang-les Hauts","countryName":"Reunion"},{"cityName":"Etang","countryName":"Reunion"},{"cityName":"Esperance","countryName":"Reunion"},{"cityName":"L'Entre-Deux","countryName":"Reunion"},{"cityName":"Entre-Deux","countryName":"Reunion"},{"cityName":"Dos d'Ane","countryName":"Reunion"},{"cityName":"Domenjod","countryName":"Reunion"},{"cityName":"Dimitile","countryName":"Reunion"},{"cityName":"Desert","countryName":"Reunion"},{"cityName":"Desbassyns","countryName":"Reunion"},{"cityName":"Convenance","countryName":"Reunion"},{"cityName":"Confiance","countryName":"Reunion"},{"cityName":"Conde","countryName":"Reunion"},{"cityName":"Commune Carron","countryName":"Reunion"},{"cityName":"Commune Begue","countryName":"Reunion"},{"cityName":"Commune Ango","countryName":"Reunion"},{"cityName":"Cilaos","countryName":"Reunion"},{"cityName":"Chiendent","countryName":"Reunion"},{"cityName":"Chemin Cesar","countryName":"Reunion"},{"cityName":"Champ-Borne","countryName":"Reunion"},{"cityName":"Cascades","countryName":"Reunion"},{"cityName":"Casabona","countryName":"Reunion"},{"cityName":"Carosse","countryName":"Reunion"},{"cityName":"Cap Noir","countryName":"Reunion"},{"cityName":"Cap Blanc","countryName":"Reunion"},{"cityName":"Camp Jacquot","countryName":"Reunion"},{"cityName":"Camp de Pierrot","countryName":"Reunion"},{"cityName":"Cambuston","countryName":"Reunion"},{"cityName":"Cafrine","countryName":"Reunion"},{"cityName":"Bras-Panon","countryName":"Reunion"},{"cityName":"Bras Madeleine","countryName":"Reunion"},{"cityName":"Bras des Chevrettes","countryName":"Reunion"},{"cityName":"Bras des Calumets","countryName":"Reunion"},{"cityName":"Bras de Ponteau","countryName":"Reunion"},{"cityName":"Bras Canot","countryName":"Reunion"},{"cityName":"Bout de l'Etang","countryName":"Reunion"},{"cityName":"Bourbier","countryName":"Reunion"},{"cityName":"Boucan Canot","countryName":"Reunion"},{"cityName":"Bois-Rouge","countryName":"Reunion"},{"cityName":"Bois d'Olive","countryName":"Reunion"},{"cityName":"Bois de Nefles","countryName":"Reunion"},{"cityName":"Bois Court","countryName":"Reunion"},{"cityName":"Bois-Blanc","countryName":"Reunion"},{"cityName":"Bethleem","countryName":"Reunion"},{"cityName":"Bernica-les Bas","countryName":"Reunion"},{"cityName":"Berive-les Bas","countryName":"Reunion"},{"cityName":"Berive","countryName":"Reunion"},{"cityName":"Bellevue","countryName":"Reunion"},{"cityName":"Bellemene","countryName":"Reunion"},{"cityName":"Bel Air","countryName":"Reunion"},{"cityName":"Be Cabot","countryName":"Reunion"},{"cityName":"Bebour","countryName":"Reunion"},{"cityName":"Beauvallon","countryName":"Reunion"},{"cityName":"Beaumont","countryName":"Reunion"},{"cityName":"Beaulieu","countryName":"Reunion"},{"cityName":"Beaufonds","countryName":"Reunion"},{"cityName":"Beaufond","countryName":"Reunion"},{"cityName":"Bassin Martin","countryName":"Reunion"},{"cityName":"Basse Vallee","countryName":"Reunion"},{"cityName":"Baril","countryName":"Reunion"},{"cityName":"Bain","countryName":"Reunion"},{"cityName":"Bagatelle","countryName":"Reunion"},{"cityName":"Avenir","countryName":"Reunion"},{"cityName":"Aurere","countryName":"Reunion"},{"cityName":"Aurelien Dijoux","countryName":"Reunion"},{"cityName":"Anse-les Hauts","countryName":"Reunion"},{"cityName":"Anse-les Bas","countryName":"Reunion"},{"cityName":"Anse","countryName":"Reunion"},{"cityName":"Aloes","countryName":"Reunion"},{"cityName":"A. Dubuisson","countryName":"Reunion"},{"cityName":"Abondance","countryName":"Reunion"},{"cityName":"La Saline les Bains","countryName":"Reunion"},{"cityName":"Piton Saint-Leu","countryName":"Reunion"}]