[{"cityName":"Vigie","countryName":"Saint Lucia","localeCode":"en","districtName":""},{"cityName":"Vige","countryName":"Saint Lucia","localeCode":"en","districtName":""},{"cityName":"Vieux Sucreic","countryName":"Saint Lucia","localeCode":"en","districtName":""},{"cityName":"Vieux Fort","countryName":"Saint Lucia","localeCode":"en","districtName":""},{"cityName":"Vanard","countryName":"Saint Lucia","localeCode":"en","districtName":""},{"cityName":"Union Vale","countryName":"Saint Lucia","localeCode":"en","districtName":""},{"cityName":"Union","countryName":"Saint Lucia","localeCode":"en","districtName":""},{"cityName":"Troumasse","countryName":"Saint Lucia","localeCode":"en","districtName":""},{"cityName":"Theodorine","countryName":"Saint Lucia","localeCode":"en","districtName":""},{"cityName":"Soufriere","countryName":"Saint Lucia","localeCode":"en","districtName":""},{"cityName":"Soucis","countryName":"Saint Lucia","localeCode":"en","districtName":""},{"cityName":"Savannes Estate","countryName":"Saint Lucia","localeCode":"en","districtName":""},{"cityName":"Savannes","countryName":"Saint Lucia","localeCode":"en","districtName":""},{"cityName":"Sarot","countryName":"Saint Lucia","localeCode":"en","districtName":""},{"cityName":"Sapphire","countryName":"Saint Lucia","localeCode":"en","districtName":""},{"cityName":"Saltibus","countryName":"Saint Lucia","localeCode":"en","districtName":""},{"cityName":"Saint Urbain","countryName":"Saint Lucia","localeCode":"en","districtName":""},{"cityName":"Saint Phillip","countryName":"Saint Lucia","localeCode":"en","districtName":""},{"cityName":"Ruby","countryName":"Saint Lucia","localeCode":"en","districtName":""},{"cityName":"Rouarne","countryName":"Saint Lucia","localeCode":"en","districtName":""},{"cityName":"Roblot","countryName":"Saint Lucia","localeCode":"en","districtName":""},{"cityName":"River Doree","countryName":"Saint Lucia","localeCode":"en","districtName":""},{"cityName":"Riche Fond","countryName":"Saint Lucia","localeCode":"en","districtName":""},{"cityName":"Resinard","countryName":"Saint Lucia","localeCode":"en","districtName":""},{"cityName":"Reduit","countryName":"Saint Lucia","localeCode":"en","districtName":""},{"cityName":"Praslin","countryName":"Saint Lucia","localeCode":"en","districtName":""},{"cityName":"Pomme","countryName":"Saint Lucia","localeCode":"en","districtName":""},{"cityName":"Pointe Sable","countryName":"Saint Lucia","localeCode":"en","districtName":""},{"cityName":"Planard","countryName":"Saint Lucia","localeCode":"en","districtName":""},{"cityName":"Piaye","countryName":"Saint Lucia","localeCode":"en","districtName":""},{"cityName":"Perou","countryName":"Saint Lucia","localeCode":"en","districtName":""},{"cityName":"Patience","countryName":"Saint Lucia","localeCode":"en","districtName":""},{"cityName":"Palmiste","countryName":"Saint Lucia","localeCode":"en","districtName":""},{"cityName":"Old Settlement","countryName":"Saint Lucia","localeCode":"en","districtName":""},{"cityName":"Moule a Chique","countryName":"Saint Lucia","localeCode":"en","districtName":""},{"cityName":"Motete","countryName":"Saint Lucia","localeCode":"en","districtName":""},{"cityName":"Morne Sion","countryName":"Saint Lucia","localeCode":"en","districtName":""},{"cityName":"Morne Serpent","countryName":"Saint Lucia","localeCode":"en","districtName":""},{"cityName":"Morne Paul","countryName":"Saint Lucia","localeCode":"en","districtName":""},{"cityName":"Morne Panache","countryName":"Saint Lucia","localeCode":"en","districtName":""},{"cityName":"Morne Fortune","countryName":"Saint Lucia","localeCode":"en","districtName":""},{"cityName":"Morne Doudon","countryName":"Saint Lucia","localeCode":"en","districtName":""},{"cityName":"Morne d' Or","countryName":"Saint Lucia","localeCode":"en","districtName":""},{"cityName":"Morne Caillandre","countryName":"Saint Lucia","localeCode":"en","districtName":""},{"cityName":"Mon Repos","countryName":"Saint Lucia","localeCode":"en","districtName":""},{"cityName":"Monier","countryName":"Saint Lucia","localeCode":"en","districtName":""},{"cityName":"Mongouge","countryName":"Saint Lucia","localeCode":"en","districtName":""},{"cityName":"Mongiraud","countryName":"Saint Lucia","localeCode":"en","districtName":""},{"cityName":"Mondesir","countryName":"Saint Lucia","localeCode":"en","districtName":""},{"cityName":"Monchy","countryName":"Saint Lucia","localeCode":"en","districtName":""},{"cityName":"Millet","countryName":"Saint Lucia","localeCode":"en","districtName":""},{"cityName":"Migny","countryName":"Saint Lucia","localeCode":"en","districtName":""},{"cityName":"Micoud","countryName":"Saint Lucia","localeCode":"en","districtName":""},{"cityName":"Massacre","countryName":"Saint Lucia","localeCode":"en","districtName":""},{"cityName":"Marquis","countryName":"Saint Lucia","localeCode":"en","districtName":""},{"cityName":"Marisule Estate","countryName":"Saint Lucia","localeCode":"en","districtName":""},{"cityName":"Marigot Bay","countryName":"Saint Lucia","localeCode":"en","districtName":""},{"cityName":"Marigot","countryName":"Saint Lucia","localeCode":"en","districtName":""},{"cityName":"Marc Marc","countryName":"Saint Lucia","localeCode":"en","districtName":""},{"cityName":"Marchand","countryName":"Saint Lucia","localeCode":"en","districtName":""},{"cityName":"Mamin","countryName":"Saint Lucia","localeCode":"en","districtName":""},{"cityName":"Malgretoute","countryName":"Saint Lucia","localeCode":"en","districtName":""},{"cityName":"Mahaut","countryName":"Saint Lucia","localeCode":"en","districtName":""},{"cityName":"Lumiere","countryName":"Saint Lucia","localeCode":"en","districtName":""},{"cityName":"L'Orangerie","countryName":"Saint Lucia","localeCode":"en","districtName":""},{"cityName":"Londonderry","countryName":"Saint Lucia","localeCode":"en","districtName":""},{"cityName":"L'Ivrogne","countryName":"Saint Lucia","localeCode":"en","districtName":""},{"cityName":"L'Hermitage","countryName":"Saint Lucia","localeCode":"en","districtName":""},{"cityName":"La Tourney","countryName":"Saint Lucia","localeCode":"en","districtName":""},{"cityName":"La Retraite","countryName":"Saint Lucia","localeCode":"en","districtName":""},{"cityName":"La Ressource","countryName":"Saint Lucia","localeCode":"en","districtName":""},{"cityName":"La Resource","countryName":"Saint Lucia","localeCode":"en","districtName":""},{"cityName":"La Pointe","countryName":"Saint Lucia","localeCode":"en","districtName":""},{"cityName":"La Point","countryName":"Saint Lucia","localeCode":"en","districtName":""},{"cityName":"La Pearle","countryName":"Saint Lucia","localeCode":"en","districtName":""},{"cityName":"La Haut","countryName":"Saint Lucia","localeCode":"en","districtName":""},{"cityName":"La Feuillet","countryName":"Saint Lucia","localeCode":"en","districtName":""},{"cityName":"La Fargue","countryName":"Saint Lucia","localeCode":"en","districtName":""},{"cityName":"La Croix Maingot","countryName":"Saint Lucia","localeCode":"en","districtName":""},{"cityName":"La Cour Ville","countryName":"Saint Lucia","localeCode":"en","districtName":""},{"cityName":"La Borne","countryName":"Saint Lucia","localeCode":"en","districtName":""},{"cityName":"Laborie","countryName":"Saint Lucia","localeCode":"en","districtName":""},{"cityName":"L'Abbayee","countryName":"Saint Lucia","localeCode":"en","districtName":""},{"cityName":"Jean Baptiste","countryName":"Saint Lucia","localeCode":"en","districtName":""},{"cityName":"Jalousie","countryName":"Saint Lucia","localeCode":"en","districtName":""},{"cityName":"Incommode","countryName":"Saint Lucia","localeCode":"en","districtName":""},{"cityName":"H'Erelle","countryName":"Saint Lucia","localeCode":"en","districtName":""},{"cityName":"Hellene","countryName":"Saint Lucia","localeCode":"en","districtName":""},{"cityName":"Guesneau","countryName":"Saint Lucia","localeCode":"en","districtName":""},{"cityName":"Gros Islet","countryName":"Saint Lucia","localeCode":"en","districtName":""},{"cityName":"Grande Riviere","countryName":"Saint Lucia","localeCode":"en","districtName":""},{"cityName":"Grande Ravine","countryName":"Saint Lucia","localeCode":"en","districtName":""},{"cityName":"Grand Anse","countryName":"Saint Lucia","localeCode":"en","districtName":""},{"cityName":"Grace","countryName":"Saint Lucia","localeCode":"en","districtName":""},{"cityName":"Girard","countryName":"Saint Lucia","localeCode":"en","districtName":""},{"cityName":"Gentil","countryName":"Saint Lucia","localeCode":"en","districtName":""},{"cityName":"Garrand","countryName":"Saint Lucia","localeCode":"en","districtName":""},{"cityName":"Forestiere","countryName":"Saint Lucia","localeCode":"en","districtName":""},{"cityName":"Fond Saint Jacques","countryName":"Saint Lucia","localeCode":"en","districtName":""},{"cityName":"Fond Doux","countryName":"Saint Lucia","localeCode":"en","districtName":""},{"cityName":"Fond d'Or","countryName":"Saint Lucia","localeCode":"en","districtName":""},{"cityName":"Fond Devaux","countryName":"Saint Lucia","localeCode":"en","districtName":""},{"cityName":"Fond Assor","countryName":"Saint Lucia","localeCode":"en","districtName":""},{"cityName":"Floissac","countryName":"Saint Lucia","localeCode":"en","districtName":""},{"cityName":"Fiette","countryName":"Saint Lucia","localeCode":"en","districtName":""},{"cityName":"Ferrand","countryName":"Saint Lucia","localeCode":"en","districtName":""},{"cityName":"Eau Piquant","countryName":"Saint Lucia","localeCode":"en","districtName":""},{"cityName":"Durandeau","countryName":"Saint Lucia","localeCode":"en","districtName":""},{"cityName":"Dugard","countryName":"Saint Lucia","localeCode":"en","districtName":""},{"cityName":"Diamond","countryName":"Saint Lucia","localeCode":"en","districtName":""},{"cityName":"Desruisseaux","countryName":"Saint Lucia","localeCode":"en","districtName":""},{"cityName":"Despinoze","countryName":"Saint Lucia","localeCode":"en","districtName":""},{"cityName":"Descatieres","countryName":"Saint Lucia","localeCode":"en","districtName":""},{"cityName":"Desbarra","countryName":"Saint Lucia","localeCode":"en","districtName":""},{"cityName":"Derriere Morne","countryName":"Saint Lucia","localeCode":"en","districtName":""},{"cityName":"Derriere Lagoon","countryName":"Saint Lucia","localeCode":"en","districtName":""},{"cityName":"Derniere Riviere","countryName":"Saint Lucia","localeCode":"en","districtName":""},{"cityName":"Dennery","countryName":"Saint Lucia","localeCode":"en","districtName":""},{"cityName":"De Mailly","countryName":"Saint Lucia","localeCode":"en","districtName":""},{"cityName":"Delcer","countryName":"Saint Lucia","localeCode":"en","districtName":""},{"cityName":"Deglos","countryName":"Saint Lucia","localeCode":"en","districtName":""},{"cityName":"Debreuil","countryName":"Saint Lucia","localeCode":"en","districtName":""},{"cityName":"Dauphin","countryName":"Saint Lucia","localeCode":"en","districtName":""},{"cityName":"D'Aubaigon","countryName":"Saint Lucia","localeCode":"en","districtName":""},{"cityName":"Dame de Traversay","countryName":"Saint Lucia","localeCode":"en","districtName":""},{"cityName":"Crown Lands","countryName":"Saint Lucia","localeCode":"en","districtName":""},{"cityName":"Corinthe","countryName":"Saint Lucia","localeCode":"en","districtName":""},{"cityName":"Colombette","countryName":"Saint Lucia","localeCode":"en","districtName":""},{"cityName":"Ciceron","countryName":"Saint Lucia","localeCode":"en","districtName":""},{"cityName":"Choiseul","countryName":"Saint Lucia","localeCode":"en","districtName":""},{"cityName":"Choc","countryName":"Saint Lucia","localeCode":"en","districtName":""},{"cityName":"Chateau Belair","countryName":"Saint Lucia","localeCode":"en","districtName":""},{"cityName":"Chassin","countryName":"Saint Lucia","localeCode":"en","districtName":""},{"cityName":"Charlotte","countryName":"Saint Lucia","localeCode":"en","districtName":""},{"cityName":"Castries","countryName":"Saint Lucia","localeCode":"en","districtName":""},{"cityName":"Carriee","countryName":"Saint Lucia","localeCode":"en","districtName":""},{"cityName":"Cap Estate","countryName":"Saint Lucia","localeCode":"en","districtName":""},{"cityName":"Cantonement","countryName":"Saint Lucia","localeCode":"en","districtName":""},{"cityName":"Canaries","countryName":"Saint Lucia","localeCode":"en","districtName":""},{"cityName":"Cafeiere","countryName":"Saint Lucia","localeCode":"en","districtName":""},{"cityName":"Cabiche","countryName":"Saint Lucia","localeCode":"en","districtName":""},{"cityName":"Bouton","countryName":"Saint Lucia","localeCode":"en","districtName":""},{"cityName":"Bosquet d'Or","countryName":"Saint Lucia","localeCode":"en","districtName":""},{"cityName":"Bongalo","countryName":"Saint Lucia","localeCode":"en","districtName":""},{"cityName":"Bon Air","countryName":"Saint Lucia","localeCode":"en","districtName":""},{"cityName":"Bois Joli","countryName":"Saint Lucia","localeCode":"en","districtName":""},{"cityName":"Bois d'Orange","countryName":"Saint Lucia","localeCode":"en","districtName":""},{"cityName":"Blanchard","countryName":"Saint Lucia","localeCode":"en","districtName":""},{"cityName":"Black Bay","countryName":"Saint Lucia","localeCode":"en","districtName":""},{"cityName":"Bisee","countryName":"Saint Lucia","localeCode":"en","districtName":""},{"cityName":"Bexon","countryName":"Saint Lucia","localeCode":"en","districtName":""},{"cityName":"Berre Denis","countryName":"Saint Lucia","localeCode":"en","districtName":""},{"cityName":"Belvedere","countryName":"Saint Lucia","localeCode":"en","districtName":""},{"cityName":"Belmont","countryName":"Saint Lucia","localeCode":"en","districtName":""},{"cityName":"Belle Vue","countryName":"Saint Lucia","localeCode":"en","districtName":""},{"cityName":"Belle Plaine","countryName":"Saint Lucia","localeCode":"en","districtName":""},{"cityName":"Belair","countryName":"Saint Lucia","localeCode":"en","districtName":""},{"cityName":"Beausejour","countryName":"Saint Lucia","localeCode":"en","districtName":""},{"cityName":"Beauchamp","countryName":"Saint Lucia","localeCode":"en","districtName":""},{"cityName":"Banse","countryName":"Saint Lucia","localeCode":"en","districtName":""},{"cityName":"Balembouche","countryName":"Saint Lucia","localeCode":"en","districtName":""},{"cityName":"Balca","countryName":"Saint Lucia","localeCode":"en","districtName":""},{"cityName":"Balata","countryName":"Saint Lucia","localeCode":"en","districtName":""},{"cityName":"Babonneau","countryName":"Saint Lucia","localeCode":"en","districtName":""},{"cityName":"Au Tabor","countryName":"Saint Lucia","localeCode":"en","districtName":""},{"cityName":"Augier","countryName":"Saint Lucia","localeCode":"en","districtName":""},{"cityName":"Anse Noir","countryName":"Saint Lucia","localeCode":"en","districtName":""},{"cityName":"Anse La Verdure","countryName":"Saint Lucia","localeCode":"en","districtName":""},{"cityName":"Anse La Raye","countryName":"Saint Lucia","localeCode":"en","districtName":""},{"cityName":"Anse Ger","countryName":"Saint Lucia","localeCode":"en","districtName":""},{"cityName":"Anse Canot","countryName":"Saint Lucia","localeCode":"en","districtName":""},{"cityName":"Annus","countryName":"Saint Lucia","localeCode":"en","districtName":""},{"cityName":"Angere","countryName":"Saint Lucia","localeCode":"en","districtName":""},{"cityName":"Anbre","countryName":"Saint Lucia","localeCode":"en","districtName":""},{"cityName":"Santa Lucia di Roverbella","countryName":"Saint Lucia","localeCode":"en","districtName":""},{"cityName":"Ravine Poisson","countryName":"Saint Lucia","localeCode":"en","districtName":""},{"cityName":"Jacmel","countryName":"Saint Lucia","localeCode":"en","districtName":""},{"cityName":"Cresslands","countryName":"Saint Lucia","localeCode":"en","districtName":""},{"cityName":"Sans Souci","countryName":"Saint Lucia","localeCode":"en","districtName":""}]