[{"cityName":"Waterloo","countryName":"Saint Vincent and the Grenadines","localeCode":"en","districtName":""},{"cityName":"Wallibou","countryName":"Saint Vincent and the Grenadines","localeCode":"en","districtName":""},{"cityName":"Vermont","countryName":"Saint Vincent and the Grenadines","localeCode":"en","districtName":""},{"cityName":"Union","countryName":"Saint Vincent and the Grenadines","localeCode":"en","districtName":""},{"cityName":"Turema","countryName":"Saint Vincent and the Grenadines","localeCode":"en","districtName":""},{"cityName":"Troumaka","countryName":"Saint Vincent and the Grenadines","localeCode":"en","districtName":""},{"cityName":"Stubbs","countryName":"Saint Vincent and the Grenadines","localeCode":"en","districtName":""},{"cityName":"Spring Village","countryName":"Saint Vincent and the Grenadines","localeCode":"en","districtName":""},{"cityName":"South Rivers","countryName":"Saint Vincent and the Grenadines","localeCode":"en","districtName":""},{"cityName":"Sans Souci","countryName":"Saint Vincent and the Grenadines","localeCode":"en","districtName":""},{"cityName":"Rutland Vale","countryName":"Saint Vincent and the Grenadines","localeCode":"en","districtName":""},{"cityName":"Rosehall","countryName":"Saint Vincent and the Grenadines","localeCode":"en","districtName":""},{"cityName":"Richmond Vale","countryName":"Saint Vincent and the Grenadines","localeCode":"en","districtName":""},{"cityName":"Richmond","countryName":"Saint Vincent and the Grenadines","localeCode":"en","districtName":""},{"cityName":"Richland Park","countryName":"Saint Vincent and the Grenadines","localeCode":"en","districtName":""},{"cityName":"Ribishi","countryName":"Saint Vincent and the Grenadines","localeCode":"en","districtName":""},{"cityName":"Rabaka","countryName":"Saint Vincent and the Grenadines","localeCode":"en","districtName":""},{"cityName":"Questelles","countryName":"Saint Vincent and the Grenadines","localeCode":"en","districtName":""},{"cityName":"Port Elizabeth","countryName":"Saint Vincent and the Grenadines","localeCode":"en","districtName":""},{"cityName":"Peruvian Vale","countryName":"Saint Vincent and the Grenadines","localeCode":"en","districtName":""},{"cityName":"Pembroke","countryName":"Saint Vincent and the Grenadines","localeCode":"en","districtName":""},{"cityName":"Paget Farm","countryName":"Saint Vincent and the Grenadines","localeCode":"en","districtName":""},{"cityName":"Orange Hill","countryName":"Saint Vincent and the Grenadines","localeCode":"en","districtName":""},{"cityName":"Old Wall","countryName":"Saint Vincent and the Grenadines","localeCode":"en","districtName":""},{"cityName":"O'Briens","countryName":"Saint Vincent and the Grenadines","localeCode":"en","districtName":""},{"cityName":"North Union","countryName":"Saint Vincent and the Grenadines","localeCode":"en","districtName":""},{"cityName":"New Sandy Bay Village","countryName":"Saint Vincent and the Grenadines","localeCode":"en","districtName":""},{"cityName":"Montrose","countryName":"Saint Vincent and the Grenadines","localeCode":"en","districtName":""},{"cityName":"Mesopotamia","countryName":"Saint Vincent and the Grenadines","localeCode":"en","districtName":""},{"cityName":"Lovell Village","countryName":"Saint Vincent and the Grenadines","localeCode":"en","districtName":""},{"cityName":"Layou","countryName":"Saint Vincent and the Grenadines","localeCode":"en","districtName":""},{"cityName":"Kingstown","countryName":"Saint Vincent and the Grenadines","localeCode":"en","districtName":""},{"cityName":"Hermitage","countryName":"Saint Vincent and the Grenadines","localeCode":"en","districtName":""},{"cityName":"Greiggs","countryName":"Saint Vincent and the Grenadines","localeCode":"en","districtName":""},{"cityName":"Georgetown","countryName":"Saint Vincent and the Grenadines","localeCode":"en","districtName":""},{"cityName":"Friendship","countryName":"Saint Vincent and the Grenadines","localeCode":"en","districtName":""},{"cityName":"Friendly","countryName":"Saint Vincent and the Grenadines","localeCode":"en","districtName":""},{"cityName":"Francois","countryName":"Saint Vincent and the Grenadines","localeCode":"en","districtName":""},{"cityName":"Fancy","countryName":"Saint Vincent and the Grenadines","localeCode":"en","districtName":""},{"cityName":"Dubois","countryName":"Saint Vincent and the Grenadines","localeCode":"en","districtName":""},{"cityName":"Dovers","countryName":"Saint Vincent and the Grenadines","localeCode":"en","districtName":""},{"cityName":"Derrick","countryName":"Saint Vincent and the Grenadines","localeCode":"en","districtName":""},{"cityName":"Colonarie","countryName":"Saint Vincent and the Grenadines","localeCode":"en","districtName":""},{"cityName":"Clifton","countryName":"Saint Vincent and the Grenadines","localeCode":"en","districtName":""},{"cityName":"Clare Valley","countryName":"Saint Vincent and the Grenadines","localeCode":"en","districtName":""},{"cityName":"Cheltenham","countryName":"Saint Vincent and the Grenadines","localeCode":"en","districtName":""},{"cityName":"Chauncey","countryName":"Saint Vincent and the Grenadines","localeCode":"en","districtName":""},{"cityName":"Chateaubelair","countryName":"Saint Vincent and the Grenadines","localeCode":"en","districtName":""},{"cityName":"Charlestown","countryName":"Saint Vincent and the Grenadines","localeCode":"en","districtName":""},{"cityName":"Chapmans","countryName":"Saint Vincent and the Grenadines","localeCode":"en","districtName":""},{"cityName":"Camden Park","countryName":"Saint Vincent and the Grenadines","localeCode":"en","districtName":""},{"cityName":"Calliaqua","countryName":"Saint Vincent and the Grenadines","localeCode":"en","districtName":""},{"cityName":"Byera Village","countryName":"Saint Vincent and the Grenadines","localeCode":"en","districtName":""},{"cityName":"Brighton Village","countryName":"Saint Vincent and the Grenadines","localeCode":"en","districtName":""},{"cityName":"Biabou","countryName":"Saint Vincent and the Grenadines","localeCode":"en","districtName":""},{"cityName":"Bequia","countryName":"Saint Vincent and the Grenadines","localeCode":"en","districtName":""},{"cityName":"Belmont","countryName":"Saint Vincent and the Grenadines","localeCode":"en","districtName":""},{"cityName":"Bednoe","countryName":"Saint Vincent and the Grenadines","localeCode":"en","districtName":""},{"cityName":"Barrouallie","countryName":"Saint Vincent and the Grenadines","localeCode":"en","districtName":""},{"cityName":"Ashton","countryName":"Saint Vincent and the Grenadines","localeCode":"en","districtName":""},{"cityName":"Arnos Vale","countryName":"Saint Vincent and the Grenadines","localeCode":"en","districtName":""},{"cityName":"Adelphi","countryName":"Saint Vincent and the Grenadines","localeCode":"en","districtName":""},{"cityName":"Edinboro","countryName":"Saint Vincent and the Grenadines","localeCode":"en","districtName":""},{"cityName":"Liberty Lodge","countryName":"Saint Vincent and the Grenadines","localeCode":"en","districtName":""},{"cityName":"Redemption","countryName":"Saint Vincent and the Grenadines","localeCode":"en","districtName":""},{"cityName":"Kingstown Park","countryName":"Saint Vincent and the Grenadines","localeCode":"en","districtName":""},{"cityName":"Greathead","countryName":"Saint Vincent and the Grenadines","localeCode":"en","districtName":""},{"cityName":"Rose Bank","countryName":"Saint Vincent and the Grenadines","localeCode":"en","districtName":""}]