[{"cityName":"Waterloo","countryName":"Saint Vincent and the Grenadines"},{"cityName":"Wallibou","countryName":"Saint Vincent and the Grenadines"},{"cityName":"Vermont","countryName":"Saint Vincent and the Grenadines"},{"cityName":"Union","countryName":"Saint Vincent and the Grenadines"},{"cityName":"Turema","countryName":"Saint Vincent and the Grenadines"},{"cityName":"Troumaka","countryName":"Saint Vincent and the Grenadines"},{"cityName":"Stubbs","countryName":"Saint Vincent and the Grenadines"},{"cityName":"Spring Village","countryName":"Saint Vincent and the Grenadines"},{"cityName":"South Rivers","countryName":"Saint Vincent and the Grenadines"},{"cityName":"Sans Souci","countryName":"Saint Vincent and the Grenadines"},{"cityName":"Rutland Vale","countryName":"Saint Vincent and the Grenadines"},{"cityName":"Rosehall","countryName":"Saint Vincent and the Grenadines"},{"cityName":"Richmond Vale","countryName":"Saint Vincent and the Grenadines"},{"cityName":"Richmond","countryName":"Saint Vincent and the Grenadines"},{"cityName":"Richland Park","countryName":"Saint Vincent and the Grenadines"},{"cityName":"Ribishi","countryName":"Saint Vincent and the Grenadines"},{"cityName":"Rabaka","countryName":"Saint Vincent and the Grenadines"},{"cityName":"Questelles","countryName":"Saint Vincent and the Grenadines"},{"cityName":"Port Elizabeth","countryName":"Saint Vincent and the Grenadines"},{"cityName":"Peruvian Vale","countryName":"Saint Vincent and the Grenadines"},{"cityName":"Pembroke","countryName":"Saint Vincent and the Grenadines"},{"cityName":"Paget Farm","countryName":"Saint Vincent and the Grenadines"},{"cityName":"Orange Hill","countryName":"Saint Vincent and the Grenadines"},{"cityName":"Old Wall","countryName":"Saint Vincent and the Grenadines"},{"cityName":"O'Briens","countryName":"Saint Vincent and the Grenadines"},{"cityName":"North Union","countryName":"Saint Vincent and the Grenadines"},{"cityName":"New Sandy Bay Village","countryName":"Saint Vincent and the Grenadines"},{"cityName":"Montrose","countryName":"Saint Vincent and the Grenadines"},{"cityName":"Mesopotamia","countryName":"Saint Vincent and the Grenadines"},{"cityName":"Lovell Village","countryName":"Saint Vincent and the Grenadines"},{"cityName":"Layou","countryName":"Saint Vincent and the Grenadines"},{"cityName":"Kingstown","countryName":"Saint Vincent and the Grenadines"},{"cityName":"Hermitage","countryName":"Saint Vincent and the Grenadines"},{"cityName":"Greiggs","countryName":"Saint Vincent and the Grenadines"},{"cityName":"Georgetown","countryName":"Saint Vincent and the Grenadines"},{"cityName":"Friendship","countryName":"Saint Vincent and the Grenadines"},{"cityName":"Friendly","countryName":"Saint Vincent and the Grenadines"},{"cityName":"Francois","countryName":"Saint Vincent and the Grenadines"},{"cityName":"Fancy","countryName":"Saint Vincent and the Grenadines"},{"cityName":"Dubois","countryName":"Saint Vincent and the Grenadines"},{"cityName":"Dovers","countryName":"Saint Vincent and the Grenadines"},{"cityName":"Derrick","countryName":"Saint Vincent and the Grenadines"},{"cityName":"Colonarie","countryName":"Saint Vincent and the Grenadines"},{"cityName":"Clifton","countryName":"Saint Vincent and the Grenadines"},{"cityName":"Clare Valley","countryName":"Saint Vincent and the Grenadines"},{"cityName":"Cheltenham","countryName":"Saint Vincent and the Grenadines"},{"cityName":"Chauncey","countryName":"Saint Vincent and the Grenadines"},{"cityName":"Chateaubelair","countryName":"Saint Vincent and the Grenadines"},{"cityName":"Charlestown","countryName":"Saint Vincent and the Grenadines"},{"cityName":"Chapmans","countryName":"Saint Vincent and the Grenadines"},{"cityName":"Camden Park","countryName":"Saint Vincent and the Grenadines"},{"cityName":"Calliaqua","countryName":"Saint Vincent and the Grenadines"},{"cityName":"Byera Village","countryName":"Saint Vincent and the Grenadines"},{"cityName":"Brighton Village","countryName":"Saint Vincent and the Grenadines"},{"cityName":"Biabou","countryName":"Saint Vincent and the Grenadines"},{"cityName":"Bequia","countryName":"Saint Vincent and the Grenadines"},{"cityName":"Belmont","countryName":"Saint Vincent and the Grenadines"},{"cityName":"Bednoe","countryName":"Saint Vincent and the Grenadines"},{"cityName":"Barrouallie","countryName":"Saint Vincent and the Grenadines"},{"cityName":"Ashton","countryName":"Saint Vincent and the Grenadines"},{"cityName":"Arnos Vale","countryName":"Saint Vincent and the Grenadines"},{"cityName":"Adelphi","countryName":"Saint Vincent and the Grenadines"},{"cityName":"Edinboro","countryName":"Saint Vincent and the Grenadines"},{"cityName":"Liberty Lodge","countryName":"Saint Vincent and the Grenadines"},{"cityName":"Redemption","countryName":"Saint Vincent and the Grenadines"},{"cityName":"Kingstown Park","countryName":"Saint Vincent and the Grenadines"},{"cityName":"Greathead","countryName":"Saint Vincent and the Grenadines"},{"cityName":"Rose Bank","countryName":"Saint Vincent and the Grenadines"}]