[{"cityName":"Zion","countryName":"Saint Kitts and Nevis","localeCode":"en","districtName":""},{"cityName":"Zetlands","countryName":"Saint Kitts and Nevis","localeCode":"en","districtName":""},{"cityName":"Wingfield Manor","countryName":"Saint Kitts and Nevis","localeCode":"en","districtName":""},{"cityName":"Whitehall","countryName":"Saint Kitts and Nevis","localeCode":"en","districtName":""},{"cityName":"Whitegate","countryName":"Saint Kitts and Nevis","localeCode":"en","districtName":""},{"cityName":"Westbury","countryName":"Saint Kitts and Nevis","localeCode":"en","districtName":""},{"cityName":"Webb's Ground","countryName":"Saint Kitts and Nevis","localeCode":"en","districtName":""},{"cityName":"Vaughans","countryName":"Saint Kitts and Nevis","localeCode":"en","districtName":""},{"cityName":"Upper Conaree","countryName":"Saint Kitts and Nevis","localeCode":"en","districtName":""},{"cityName":"Trinity","countryName":"Saint Kitts and Nevis","localeCode":"en","districtName":""},{"cityName":"Trants","countryName":"Saint Kitts and Nevis","localeCode":"en","districtName":""},{"cityName":"Taylors Pasture","countryName":"Saint Kitts and Nevis","localeCode":"en","districtName":""},{"cityName":"Tabernacle","countryName":"Saint Kitts and Nevis","localeCode":"en","districtName":""},{"cityName":"Stonyhill","countryName":"Saint Kitts and Nevis","localeCode":"en","districtName":""},{"cityName":"Stapleton","countryName":"Saint Kitts and Nevis","localeCode":"en","districtName":""},{"cityName":"Sherriffs","countryName":"Saint Kitts and Nevis","localeCode":"en","districtName":""},{"cityName":"Scarborough","countryName":"Saint Kitts and Nevis","localeCode":"en","districtName":""},{"cityName":"Sandy Point Town","countryName":"Saint Kitts and Nevis","localeCode":"en","districtName":""},{"cityName":"Saint Peter's","countryName":"Saint Kitts and Nevis","localeCode":"en","districtName":""},{"cityName":"Saint Paul's","countryName":"Saint Kitts and Nevis","localeCode":"en","districtName":""},{"cityName":"Sadlers","countryName":"Saint Kitts and Nevis","localeCode":"en","districtName":""},{"cityName":"Romneys","countryName":"Saint Kitts and Nevis","localeCode":"en","districtName":""},{"cityName":"Rices","countryName":"Saint Kitts and Nevis","localeCode":"en","districtName":""},{"cityName":"Rawlins","countryName":"Saint Kitts and Nevis","localeCode":"en","districtName":""},{"cityName":"Pond Hill","countryName":"Saint Kitts and Nevis","localeCode":"en","districtName":""},{"cityName":"Phillips","countryName":"Saint Kitts and Nevis","localeCode":"en","districtName":""},{"cityName":"Pembroke","countryName":"Saint Kitts and Nevis","localeCode":"en","districtName":""},{"cityName":"Parson's Ground","countryName":"Saint Kitts and Nevis","localeCode":"en","districtName":""},{"cityName":"Parry's","countryName":"Saint Kitts and Nevis","localeCode":"en","districtName":""},{"cityName":"Ottley's","countryName":"Saint Kitts and Nevis","localeCode":"en","districtName":""},{"cityName":"Ortons","countryName":"Saint Kitts and Nevis","localeCode":"en","districtName":""},{"cityName":"Old Road Town","countryName":"Saint Kitts and Nevis","localeCode":"en","districtName":""},{"cityName":"Ogee's","countryName":"Saint Kitts and Nevis","localeCode":"en","districtName":""},{"cityName":"Nicola Town","countryName":"Saint Kitts and Nevis","localeCode":"en","districtName":""},{"cityName":"Newton Ground","countryName":"Saint Kitts and Nevis","localeCode":"en","districtName":""},{"cityName":"New River","countryName":"Saint Kitts and Nevis","localeCode":"en","districtName":""},{"cityName":"Newcastle","countryName":"Saint Kitts and Nevis","localeCode":"en","districtName":""},{"cityName":"Mount Lily","countryName":"Saint Kitts and Nevis","localeCode":"en","districtName":""},{"cityName":"Montpelier","countryName":"Saint Kitts and Nevis","localeCode":"en","districtName":""},{"cityName":"Monkey Hill","countryName":"Saint Kitts and Nevis","localeCode":"en","districtName":""},{"cityName":"Molineaux","countryName":"Saint Kitts and Nevis","localeCode":"en","districtName":""},{"cityName":"Middle Island","countryName":"Saint Kitts and Nevis","localeCode":"en","districtName":""},{"cityName":"Maynards Ground","countryName":"Saint Kitts and Nevis","localeCode":"en","districtName":""},{"cityName":"Market Shop","countryName":"Saint Kitts and Nevis","localeCode":"en","districtName":""},{"cityName":"Mardenbrough","countryName":"Saint Kitts and Nevis","localeCode":"en","districtName":""},{"cityName":"Mansion","countryName":"Saint Kitts and Nevis","localeCode":"en","districtName":""},{"cityName":"Mannings","countryName":"Saint Kitts and Nevis","localeCode":"en","districtName":""},{"cityName":"Maddens","countryName":"Saint Kitts and Nevis","localeCode":"en","districtName":""},{"cityName":"Lucas","countryName":"Saint Kitts and Nevis","localeCode":"en","districtName":""},{"cityName":"Lodge","countryName":"Saint Kitts and Nevis","localeCode":"en","districtName":""},{"cityName":"Limekiln","countryName":"Saint Kitts and Nevis","localeCode":"en","districtName":""},{"cityName":"La Guerite","countryName":"Saint Kitts and Nevis","localeCode":"en","districtName":""},{"cityName":"Kittitian Village","countryName":"Saint Kitts and Nevis","localeCode":"en","districtName":""},{"cityName":"Kit Stoddart's","countryName":"Saint Kitts and Nevis","localeCode":"en","districtName":""},{"cityName":"Key","countryName":"Saint Kitts and Nevis","localeCode":"en","districtName":""},{"cityName":"John England Village","countryName":"Saint Kitts and Nevis","localeCode":"en","districtName":""},{"cityName":"Jessup","countryName":"Saint Kitts and Nevis","localeCode":"en","districtName":""},{"cityName":"Jack in the Box","countryName":"Saint Kitts and Nevis","localeCode":"en","districtName":""},{"cityName":"Hull Ground","countryName":"Saint Kitts and Nevis","localeCode":"en","districtName":""},{"cityName":"Houstons","countryName":"Saint Kitts and Nevis","localeCode":"en","districtName":""},{"cityName":"Holmes Hill","countryName":"Saint Kitts and Nevis","localeCode":"en","districtName":""},{"cityName":"Hick's","countryName":"Saint Kitts and Nevis","localeCode":"en","districtName":""},{"cityName":"Hichmans","countryName":"Saint Kitts and Nevis","localeCode":"en","districtName":""},{"cityName":"Hermitage","countryName":"Saint Kitts and Nevis","localeCode":"en","districtName":""},{"cityName":"Heldens","countryName":"Saint Kitts and Nevis","localeCode":"en","districtName":""},{"cityName":"Harris","countryName":"Saint Kitts and Nevis","localeCode":"en","districtName":""},{"cityName":"Hardtimes","countryName":"Saint Kitts and Nevis","localeCode":"en","districtName":""},{"cityName":"Half Way Tree","countryName":"Saint Kitts and Nevis","localeCode":"en","districtName":""},{"cityName":"Greatheeds","countryName":"Saint Kitts and Nevis","localeCode":"en","districtName":""},{"cityName":"Golden Rock","countryName":"Saint Kitts and Nevis","localeCode":"en","districtName":""},{"cityName":"Gingerland","countryName":"Saint Kitts and Nevis","localeCode":"en","districtName":""},{"cityName":"Geagans","countryName":"Saint Kitts and Nevis","localeCode":"en","districtName":""},{"cityName":"Fountain","countryName":"Saint Kitts and Nevis","localeCode":"en","districtName":""},{"cityName":"Fothergill","countryName":"Saint Kitts and Nevis","localeCode":"en","districtName":""},{"cityName":"Fig Tree","countryName":"Saint Kitts and Nevis","localeCode":"en","districtName":""},{"cityName":"Fenton Hill","countryName":"Saint Kitts and Nevis","localeCode":"en","districtName":""},{"cityName":"Douglas","countryName":"Saint Kitts and Nevis","localeCode":"en","districtName":""},{"cityName":"Dieppe Bay Town","countryName":"Saint Kitts and Nevis","localeCode":"en","districtName":""},{"cityName":"Dalzells","countryName":"Saint Kitts and Nevis","localeCode":"en","districtName":""},{"cityName":"Crook's Ground","countryName":"Saint Kitts and Nevis","localeCode":"en","districtName":""},{"cityName":"Craddocks","countryName":"Saint Kitts and Nevis","localeCode":"en","districtName":""},{"cityName":"Cox","countryName":"Saint Kitts and Nevis","localeCode":"en","districtName":""},{"cityName":"Cotton Ground","countryName":"Saint Kitts and Nevis","localeCode":"en","districtName":""},{"cityName":"Cole Hill","countryName":"Saint Kitts and Nevis","localeCode":"en","districtName":""},{"cityName":"Cliftons","countryName":"Saint Kitts and Nevis","localeCode":"en","districtName":""},{"cityName":"Church Ground","countryName":"Saint Kitts and Nevis","localeCode":"en","districtName":""},{"cityName":"Chicken Stone","countryName":"Saint Kitts and Nevis","localeCode":"en","districtName":""},{"cityName":"Charlestown","countryName":"Saint Kitts and Nevis","localeCode":"en","districtName":""},{"cityName":"Challengers","countryName":"Saint Kitts and Nevis","localeCode":"en","districtName":""},{"cityName":"Cayon","countryName":"Saint Kitts and Nevis","localeCode":"en","districtName":""},{"cityName":"Canada","countryName":"Saint Kitts and Nevis","localeCode":"en","districtName":""},{"cityName":"Camps","countryName":"Saint Kitts and Nevis","localeCode":"en","districtName":""},{"cityName":"Butlers","countryName":"Saint Kitts and Nevis","localeCode":"en","districtName":""},{"cityName":"Burts","countryName":"Saint Kitts and Nevis","localeCode":"en","districtName":""},{"cityName":"Burnaby","countryName":"Saint Kitts and Nevis","localeCode":"en","districtName":""},{"cityName":"Buck's Hill","countryName":"Saint Kitts and Nevis","localeCode":"en","districtName":""},{"cityName":"Brumaire","countryName":"Saint Kitts and Nevis","localeCode":"en","districtName":""},{"cityName":"Brown Pasture","countryName":"Saint Kitts and Nevis","localeCode":"en","districtName":""},{"cityName":"Brown Hill","countryName":"Saint Kitts and Nevis","localeCode":"en","districtName":""},{"cityName":"Brownes","countryName":"Saint Kitts and Nevis","localeCode":"en","districtName":""},{"cityName":"Brick Kiln","countryName":"Saint Kitts and Nevis","localeCode":"en","districtName":""},{"cityName":"Brambles","countryName":"Saint Kitts and Nevis","localeCode":"en","districtName":""},{"cityName":"Boyd's","countryName":"Saint Kitts and Nevis","localeCode":"en","districtName":""},{"cityName":"Bourryau","countryName":"Saint Kitts and Nevis","localeCode":"en","districtName":""},{"cityName":"Belle Vue","countryName":"Saint Kitts and Nevis","localeCode":"en","districtName":""},{"cityName":"Beaumont","countryName":"Saint Kitts and Nevis","localeCode":"en","districtName":""},{"cityName":"Bayford's","countryName":"Saint Kitts and Nevis","localeCode":"en","districtName":""},{"cityName":"Bath","countryName":"Saint Kitts and Nevis","localeCode":"en","districtName":""},{"cityName":"Basseterre","countryName":"Saint Kitts and Nevis","localeCode":"en","districtName":""},{"cityName":"Barnes Ghaut","countryName":"Saint Kitts and Nevis","localeCode":"en","districtName":""},{"cityName":"Barnabys Village","countryName":"Saint Kitts and Nevis","localeCode":"en","districtName":""},{"cityName":"Bachelors Hall","countryName":"Saint Kitts and Nevis","localeCode":"en","districtName":""}]