[{"cityName":"Vigie","countryName":"Saint Lucia"},{"cityName":"Vige","countryName":"Saint Lucia"},{"cityName":"Vieux Sucreic","countryName":"Saint Lucia"},{"cityName":"Vieux Fort","countryName":"Saint Lucia"},{"cityName":"Vanard","countryName":"Saint Lucia"},{"cityName":"Union Vale","countryName":"Saint Lucia"},{"cityName":"Union","countryName":"Saint Lucia"},{"cityName":"Troumasse","countryName":"Saint Lucia"},{"cityName":"Theodorine","countryName":"Saint Lucia"},{"cityName":"Soufriere","countryName":"Saint Lucia"},{"cityName":"Soucis","countryName":"Saint Lucia"},{"cityName":"Savannes Estate","countryName":"Saint Lucia"},{"cityName":"Savannes","countryName":"Saint Lucia"},{"cityName":"Sarot","countryName":"Saint Lucia"},{"cityName":"Sapphire","countryName":"Saint Lucia"},{"cityName":"Saltibus","countryName":"Saint Lucia"},{"cityName":"Saint Urbain","countryName":"Saint Lucia"},{"cityName":"Saint Phillip","countryName":"Saint Lucia"},{"cityName":"Ruby","countryName":"Saint Lucia"},{"cityName":"Rouarne","countryName":"Saint Lucia"},{"cityName":"Roblot","countryName":"Saint Lucia"},{"cityName":"River Doree","countryName":"Saint Lucia"},{"cityName":"Riche Fond","countryName":"Saint Lucia"},{"cityName":"Resinard","countryName":"Saint Lucia"},{"cityName":"Reduit","countryName":"Saint Lucia"},{"cityName":"Praslin","countryName":"Saint Lucia"},{"cityName":"Pomme","countryName":"Saint Lucia"},{"cityName":"Pointe Sable","countryName":"Saint Lucia"},{"cityName":"Planard","countryName":"Saint Lucia"},{"cityName":"Piaye","countryName":"Saint Lucia"},{"cityName":"Perou","countryName":"Saint Lucia"},{"cityName":"Patience","countryName":"Saint Lucia"},{"cityName":"Palmiste","countryName":"Saint Lucia"},{"cityName":"Old Settlement","countryName":"Saint Lucia"},{"cityName":"Moule a Chique","countryName":"Saint Lucia"},{"cityName":"Motete","countryName":"Saint Lucia"},{"cityName":"Morne Sion","countryName":"Saint Lucia"},{"cityName":"Morne Serpent","countryName":"Saint Lucia"},{"cityName":"Morne Paul","countryName":"Saint Lucia"},{"cityName":"Morne Panache","countryName":"Saint Lucia"},{"cityName":"Morne Fortune","countryName":"Saint Lucia"},{"cityName":"Morne Doudon","countryName":"Saint Lucia"},{"cityName":"Morne d' Or","countryName":"Saint Lucia"},{"cityName":"Morne Caillandre","countryName":"Saint Lucia"},{"cityName":"Mon Repos","countryName":"Saint Lucia"},{"cityName":"Monier","countryName":"Saint Lucia"},{"cityName":"Mongouge","countryName":"Saint Lucia"},{"cityName":"Mongiraud","countryName":"Saint Lucia"},{"cityName":"Mondesir","countryName":"Saint Lucia"},{"cityName":"Monchy","countryName":"Saint Lucia"},{"cityName":"Millet","countryName":"Saint Lucia"},{"cityName":"Migny","countryName":"Saint Lucia"},{"cityName":"Micoud","countryName":"Saint Lucia"},{"cityName":"Massacre","countryName":"Saint Lucia"},{"cityName":"Marquis","countryName":"Saint Lucia"},{"cityName":"Marisule Estate","countryName":"Saint Lucia"},{"cityName":"Marigot Bay","countryName":"Saint Lucia"},{"cityName":"Marigot","countryName":"Saint Lucia"},{"cityName":"Marc Marc","countryName":"Saint Lucia"},{"cityName":"Marchand","countryName":"Saint Lucia"},{"cityName":"Mamin","countryName":"Saint Lucia"},{"cityName":"Malgretoute","countryName":"Saint Lucia"},{"cityName":"Mahaut","countryName":"Saint Lucia"},{"cityName":"Lumiere","countryName":"Saint Lucia"},{"cityName":"L'Orangerie","countryName":"Saint Lucia"},{"cityName":"Londonderry","countryName":"Saint Lucia"},{"cityName":"L'Ivrogne","countryName":"Saint Lucia"},{"cityName":"L'Hermitage","countryName":"Saint Lucia"},{"cityName":"La Tourney","countryName":"Saint Lucia"},{"cityName":"La Retraite","countryName":"Saint Lucia"},{"cityName":"La Ressource","countryName":"Saint Lucia"},{"cityName":"La Resource","countryName":"Saint Lucia"},{"cityName":"La Pointe","countryName":"Saint Lucia"},{"cityName":"La Point","countryName":"Saint Lucia"},{"cityName":"La Pearle","countryName":"Saint Lucia"},{"cityName":"La Haut","countryName":"Saint Lucia"},{"cityName":"La Feuillet","countryName":"Saint Lucia"},{"cityName":"La Fargue","countryName":"Saint Lucia"},{"cityName":"La Croix Maingot","countryName":"Saint Lucia"},{"cityName":"La Cour Ville","countryName":"Saint Lucia"},{"cityName":"La Borne","countryName":"Saint Lucia"},{"cityName":"Laborie","countryName":"Saint Lucia"},{"cityName":"L'Abbayee","countryName":"Saint Lucia"},{"cityName":"Jean Baptiste","countryName":"Saint Lucia"},{"cityName":"Jalousie","countryName":"Saint Lucia"},{"cityName":"Incommode","countryName":"Saint Lucia"},{"cityName":"H'Erelle","countryName":"Saint Lucia"},{"cityName":"Hellene","countryName":"Saint Lucia"},{"cityName":"Guesneau","countryName":"Saint Lucia"},{"cityName":"Gros Islet","countryName":"Saint Lucia"},{"cityName":"Grande Riviere","countryName":"Saint Lucia"},{"cityName":"Grande Ravine","countryName":"Saint Lucia"},{"cityName":"Grand Anse","countryName":"Saint Lucia"},{"cityName":"Grace","countryName":"Saint Lucia"},{"cityName":"Girard","countryName":"Saint Lucia"},{"cityName":"Gentil","countryName":"Saint Lucia"},{"cityName":"Garrand","countryName":"Saint Lucia"},{"cityName":"Forestiere","countryName":"Saint Lucia"},{"cityName":"Fond Saint Jacques","countryName":"Saint Lucia"},{"cityName":"Fond Doux","countryName":"Saint Lucia"},{"cityName":"Fond d'Or","countryName":"Saint Lucia"},{"cityName":"Fond Devaux","countryName":"Saint Lucia"},{"cityName":"Fond Assor","countryName":"Saint Lucia"},{"cityName":"Floissac","countryName":"Saint Lucia"},{"cityName":"Fiette","countryName":"Saint Lucia"},{"cityName":"Ferrand","countryName":"Saint Lucia"},{"cityName":"Eau Piquant","countryName":"Saint Lucia"},{"cityName":"Durandeau","countryName":"Saint Lucia"},{"cityName":"Dugard","countryName":"Saint Lucia"},{"cityName":"Diamond","countryName":"Saint Lucia"},{"cityName":"Desruisseaux","countryName":"Saint Lucia"},{"cityName":"Despinoze","countryName":"Saint Lucia"},{"cityName":"Descatieres","countryName":"Saint Lucia"},{"cityName":"Desbarra","countryName":"Saint Lucia"},{"cityName":"Derriere Morne","countryName":"Saint Lucia"},{"cityName":"Derriere Lagoon","countryName":"Saint Lucia"},{"cityName":"Derniere Riviere","countryName":"Saint Lucia"},{"cityName":"Dennery","countryName":"Saint Lucia"},{"cityName":"De Mailly","countryName":"Saint Lucia"},{"cityName":"Delcer","countryName":"Saint Lucia"},{"cityName":"Deglos","countryName":"Saint Lucia"},{"cityName":"Debreuil","countryName":"Saint Lucia"},{"cityName":"Dauphin","countryName":"Saint Lucia"},{"cityName":"D'Aubaigon","countryName":"Saint Lucia"},{"cityName":"Dame de Traversay","countryName":"Saint Lucia"},{"cityName":"Crown Lands","countryName":"Saint Lucia"},{"cityName":"Corinthe","countryName":"Saint Lucia"},{"cityName":"Colombette","countryName":"Saint Lucia"},{"cityName":"Ciceron","countryName":"Saint Lucia"},{"cityName":"Choiseul","countryName":"Saint Lucia"},{"cityName":"Choc","countryName":"Saint Lucia"},{"cityName":"Chateau Belair","countryName":"Saint Lucia"},{"cityName":"Chassin","countryName":"Saint Lucia"},{"cityName":"Charlotte","countryName":"Saint Lucia"},{"cityName":"Castries","countryName":"Saint Lucia"},{"cityName":"Carriee","countryName":"Saint Lucia"},{"cityName":"Cap Estate","countryName":"Saint Lucia"},{"cityName":"Cantonement","countryName":"Saint Lucia"},{"cityName":"Canaries","countryName":"Saint Lucia"},{"cityName":"Cafeiere","countryName":"Saint Lucia"},{"cityName":"Cabiche","countryName":"Saint Lucia"},{"cityName":"Bouton","countryName":"Saint Lucia"},{"cityName":"Bosquet d'Or","countryName":"Saint Lucia"},{"cityName":"Bongalo","countryName":"Saint Lucia"},{"cityName":"Bon Air","countryName":"Saint Lucia"},{"cityName":"Bois Joli","countryName":"Saint Lucia"},{"cityName":"Bois d'Orange","countryName":"Saint Lucia"},{"cityName":"Blanchard","countryName":"Saint Lucia"},{"cityName":"Black Bay","countryName":"Saint Lucia"},{"cityName":"Bisee","countryName":"Saint Lucia"},{"cityName":"Bexon","countryName":"Saint Lucia"},{"cityName":"Berre Denis","countryName":"Saint Lucia"},{"cityName":"Belvedere","countryName":"Saint Lucia"},{"cityName":"Belmont","countryName":"Saint Lucia"},{"cityName":"Belle Vue","countryName":"Saint Lucia"},{"cityName":"Belle Plaine","countryName":"Saint Lucia"},{"cityName":"Belair","countryName":"Saint Lucia"},{"cityName":"Beausejour","countryName":"Saint Lucia"},{"cityName":"Beauchamp","countryName":"Saint Lucia"},{"cityName":"Banse","countryName":"Saint Lucia"},{"cityName":"Balembouche","countryName":"Saint Lucia"},{"cityName":"Balca","countryName":"Saint Lucia"},{"cityName":"Balata","countryName":"Saint Lucia"},{"cityName":"Babonneau","countryName":"Saint Lucia"},{"cityName":"Au Tabor","countryName":"Saint Lucia"},{"cityName":"Augier","countryName":"Saint Lucia"},{"cityName":"Anse Noir","countryName":"Saint Lucia"},{"cityName":"Anse La Verdure","countryName":"Saint Lucia"},{"cityName":"Anse La Raye","countryName":"Saint Lucia"},{"cityName":"Anse Ger","countryName":"Saint Lucia"},{"cityName":"Anse Canot","countryName":"Saint Lucia"},{"cityName":"Annus","countryName":"Saint Lucia"},{"cityName":"Angere","countryName":"Saint Lucia"},{"cityName":"Anbre","countryName":"Saint Lucia"},{"cityName":"Santa Lucia di Roverbella","countryName":"Saint Lucia"},{"cityName":"Ravine Poisson","countryName":"Saint Lucia"},{"cityName":"Jacmel","countryName":"Saint Lucia"},{"cityName":"Cresslands","countryName":"Saint Lucia"},{"cityName":"Sans Souci","countryName":"Saint Lucia"}]