[{"cityName":"Saint-James","countryName":"Saint Martin"},{"cityName":"Rambaud","countryName":"Saint Martin"},{"cityName":"Colombier","countryName":"Saint Martin"},{"cityName":"Quartier d'Orleans","countryName":"Saint Martin"},{"cityName":"Quartier de Grand' Case","countryName":"Saint Martin"},{"cityName":"Marigot","countryName":"Saint Martin"},{"cityName":"Hameau du Pont","countryName":"Saint Martin"},{"cityName":"Grand-Case","countryName":"Saint Martin"},{"cityName":"Cul de Sac","countryName":"Saint Martin"},{"cityName":"Orient Bay","countryName":"Saint Martin"},{"cityName":"Terres Basses","countryName":"Saint Martin"},{"cityName":"Baie Nettle","countryName":"Saint Martin"},{"cityName":"Sandy Ground","countryName":"Saint Martin"},{"cityName":"Bellevue","countryName":"Saint Martin"},{"cityName":"Saint Jean","countryName":"Saint Martin"},{"cityName":"La Colombe","countryName":"Saint Martin"},{"cityName":"Concordia","countryName":"Saint Martin"},{"cityName":"Les Village de St. Martin","countryName":"Saint Martin"},{"cityName":"Galisbay","countryName":"Saint Martin"},{"cityName":"Agrement","countryName":"Saint Martin"},{"cityName":"Valois","countryName":"Saint Martin"},{"cityName":"Morne Valois","countryName":"Saint Martin"},{"cityName":"Helligard","countryName":"Saint Martin"},{"cityName":"Cripple Gate","countryName":"Saint Martin"},{"cityName":"Bienvenue","countryName":"Saint Martin"},{"cityName":"La Batterie","countryName":"Saint Martin"},{"cityName":"Saint Louis","countryName":"Saint Martin"},{"cityName":"Friar's Bay","countryName":"Saint Martin"},{"cityName":"Morne Emile","countryName":"Saint Martin"},{"cityName":"Jardin des Dains","countryName":"Saint Martin"},{"cityName":"La Savane","countryName":"Saint Martin"},{"cityName":"Paradis","countryName":"Saint Martin"},{"cityName":"Belle Hill","countryName":"Saint Martin"},{"cityName":"Industrie","countryName":"Saint Martin"},{"cityName":"Anse Marcel","countryName":"Saint Martin"},{"cityName":"Cocksies","countryName":"Saint Martin"},{"cityName":"Esperance","countryName":"Saint Martin"},{"cityName":"Mont Vernon","countryName":"Saint Martin"},{"cityName":"Hope Hill","countryName":"Saint Martin"},{"cityName":"Les Jardins D'Orient Bay","countryName":"Saint Martin"},{"cityName":"Griselle","countryName":"Saint Martin"},{"cityName":"Parc de la Baie Orientale","countryName":"Saint Martin"},{"cityName":"Quartier D'Orleans Ouest","countryName":"Saint Martin"},{"cityName":"Quartier D'Orleans Sud","countryName":"Saint Martin"},{"cityName":"Quartier D'Orleans Est","countryName":"Saint Martin"},{"cityName":"Spring","countryName":"Saint Martin"},{"cityName":"Fond Mahaut","countryName":"Saint Martin"},{"cityName":"Grand Fond Nord","countryName":"Saint Martin"},{"cityName":"Grand Fond","countryName":"Saint Martin"},{"cityName":"Bloomingdale","countryName":"Saint Martin"},{"cityName":"Mont Saline","countryName":"Saint Martin"},{"cityName":"Embouchure","countryName":"Saint Martin"},{"cityName":"Belle Plaine","countryName":"Saint Martin"},{"cityName":"Flagstaff","countryName":"Saint Martin"}]