[{"cityName":"Toamua","countryName":"Samoa"},{"cityName":"Vavau","countryName":"Samoa"},{"cityName":"Vaovai","countryName":"Samoa"},{"cityName":"Vaivase","countryName":"Samoa"},{"cityName":"Vaiusu","countryName":"Samoa"},{"cityName":"Vai'ula","countryName":"Samoa"},{"cityName":"Vaotupua","countryName":"Samoa"},{"cityName":"Vaitele","countryName":"Samoa"},{"cityName":"Vaisala","countryName":"Samoa"},{"cityName":"Vaipu'a","countryName":"Samoa"},{"cityName":"Vaipouli","countryName":"Samoa"},{"cityName":"Vaimoso","countryName":"Samoa"},{"cityName":"Vaimoa","countryName":"Samoa"},{"cityName":"Vaimauga","countryName":"Samoa"},{"cityName":"Vailu`utai","countryName":"Samoa"},{"cityName":"Vailoa","countryName":"Samoa"},{"cityName":"Vailima","countryName":"Samoa"},{"cityName":"Vaie'e","countryName":"Samoa"},{"cityName":"Vaigalu","countryName":"Samoa"},{"cityName":"Vaigaga","countryName":"Samoa"},{"cityName":"Vaifoa","countryName":"Samoa"},{"cityName":"Vaialua","countryName":"Samoa"},{"cityName":"Vaiala","countryName":"Samoa"},{"cityName":"Utuloa","countryName":"Samoa"},{"cityName":"Utulaelae","countryName":"Samoa"},{"cityName":"Utufa'alalafa","countryName":"Samoa"},{"cityName":"Utuali`i","countryName":"Samoa"},{"cityName":"Ulutogia","countryName":"Samoa"},{"cityName":"Ulutauvalu","countryName":"Samoa"},{"cityName":"Uliamoa","countryName":"Samoa"},{"cityName":"Uafato","countryName":"Samoa"},{"cityName":"Tulivae","countryName":"Samoa"},{"cityName":"Tulaele","countryName":"Samoa"},{"cityName":"Tufutafoe","countryName":"Samoa"},{"cityName":"Tufulele","countryName":"Samoa"},{"cityName":"Tufu","countryName":"Samoa"},{"cityName":"Tuasivi","countryName":"Samoa"},{"cityName":"Tuana`i","countryName":"Samoa"},{"cityName":"Tiavi","countryName":"Samoa"},{"cityName":"Tiapapata","countryName":"Samoa"},{"cityName":"Taumuafa","countryName":"Samoa"},{"cityName":"Tapueleele","countryName":"Samoa"},{"cityName":"Tanuoa","countryName":"Samoa"},{"cityName":"Tanugamanono","countryName":"Samoa"},{"cityName":"Taga","countryName":"Samoa"},{"cityName":"Tafua","countryName":"Samoa"},{"cityName":"Tafitoala","countryName":"Samoa"},{"cityName":"Tafatafa","countryName":"Samoa"},{"cityName":"Tafagamanu","countryName":"Samoa"},{"cityName":"Taelefaga","countryName":"Samoa"},{"cityName":"Suga","countryName":"Samoa"},{"cityName":"Solosolo","countryName":"Samoa"},{"cityName":"Solomea","countryName":"Samoa"},{"cityName":"Solaua","countryName":"Samoa"},{"cityName":"Sogi","countryName":"Samoa"},{"cityName":"Siuvao","countryName":"Samoa"},{"cityName":"Siutu","countryName":"Samoa"},{"cityName":"Siusega","countryName":"Samoa"},{"cityName":"Si'upapa","countryName":"Samoa"},{"cityName":"Si'uniu","countryName":"Samoa"},{"cityName":"Si'umu","countryName":"Samoa"},{"cityName":"Siu'faga","countryName":"Samoa"},{"cityName":"Sili","countryName":"Samoa"},{"cityName":"Savalalo","countryName":"Samoa"},{"cityName":"Savaia","countryName":"Samoa"},{"cityName":"Sauniatu","countryName":"Samoa"},{"cityName":"Saumaga","countryName":"Samoa"},{"cityName":"Sauago","countryName":"Samoa"},{"cityName":"Satupaitea","countryName":"Samoa"},{"cityName":"Satuimalufilufi","countryName":"Samoa"},{"cityName":"Satuiatua","countryName":"Samoa"},{"cityName":"Satui","countryName":"Samoa"},{"cityName":"Satufia","countryName":"Samoa"},{"cityName":"Sato'alepai","countryName":"Samoa"},{"cityName":"Satitoa","countryName":"Samoa"},{"cityName":"Satavae","countryName":"Samoa"},{"cityName":"Sataua","countryName":"Samoa"},{"cityName":"Sataputu","countryName":"Samoa"},{"cityName":"Satapuala","countryName":"Samoa"},{"cityName":"Sataoa","countryName":"Samoa"},{"cityName":"Satalo","countryName":"Samoa"},{"cityName":"Sasina","countryName":"Samoa"},{"cityName":"Sapunaoa","countryName":"Samoa"},{"cityName":"Sapulu","countryName":"Samoa"},{"cityName":"Sapo'e","countryName":"Samoa"},{"cityName":"Sapapali'i","countryName":"Samoa"},{"cityName":"Samusu","countryName":"Samoa"},{"cityName":"Samea","countryName":"Samoa"},{"cityName":"Samauga","countryName":"Samoa"},{"cityName":"Samatau","countryName":"Samoa"},{"cityName":"Samataitai","countryName":"Samoa"},{"cityName":"Samamea","countryName":"Samoa"},{"cityName":"Samalaeulu","countryName":"Samoa"},{"cityName":"Sama`i","countryName":"Samoa"},{"cityName":"Saluafata","countryName":"Samoa"},{"cityName":"Salimu","countryName":"Samoa"},{"cityName":"Salesulumua","countryName":"Samoa"},{"cityName":"Salesatele","countryName":"Samoa"},{"cityName":"Saletele","countryName":"Samoa"},{"cityName":"Salepou`a`e","countryName":"Samoa"},{"cityName":"Salelologa","countryName":"Samoa"},{"cityName":"Salelesi","countryName":"Samoa"},{"cityName":"Salelavalu-uta","countryName":"Samoa"},{"cityName":"Sale'imoa","countryName":"Samoa"},{"cityName":"Saleilua","countryName":"Samoa"},{"cityName":"Salei'a","countryName":"Samoa"},{"cityName":"Sale'aula","countryName":"Samoa"},{"cityName":"Saleapaga","countryName":"Samoa"},{"cityName":"Sale'a'aumua","countryName":"Samoa"},{"cityName":"Salani","countryName":"Samoa"},{"cityName":"Salamumu","countryName":"Samoa"},{"cityName":"Sala'ilua","countryName":"Samoa"},{"cityName":"Saipipi","countryName":"Samoa"},{"cityName":"Saina","countryName":"Samoa"},{"cityName":"Sagone","countryName":"Samoa"},{"cityName":"Safune","countryName":"Samoa"},{"cityName":"Safotulafai","countryName":"Samoa"},{"cityName":"Safotu","countryName":"Samoa"},{"cityName":"Safa'atoa","countryName":"Samoa"},{"cityName":"Safa'i","countryName":"Samoa"},{"cityName":"Sa'asa'ai","countryName":"Samoa"},{"cityName":"Sa'anapu","countryName":"Samoa"},{"cityName":"Sa'aga","countryName":"Samoa"},{"cityName":"Puleia","countryName":"Samoa"},{"cityName":"Puipa'a","countryName":"Samoa"},{"cityName":"Pu'apu'a","countryName":"Samoa"},{"cityName":"Poutasi","countryName":"Samoa"},{"cityName":"Piula","countryName":"Samoa"},{"cityName":"Piu","countryName":"Samoa"},{"cityName":"Patamea","countryName":"Samoa"},{"cityName":"Pata","countryName":"Samoa"},{"cityName":"Papase'ea","countryName":"Samoa"},{"cityName":"Papaloloa","countryName":"Samoa"},{"cityName":"Papa","countryName":"Samoa"},{"cityName":"Palauli","countryName":"Samoa"},{"cityName":"Paia","countryName":"Samoa"},{"cityName":"Niusuatia","countryName":"Samoa"},{"cityName":"Nuu","countryName":"Samoa"},{"cityName":"Nofoali`i","countryName":"Samoa"},{"cityName":"Neiafu","countryName":"Samoa"},{"cityName":"Nefunefu","countryName":"Samoa"},{"cityName":"Namoa","countryName":"Samoa"},{"cityName":"Mutiatele","countryName":"Samoa"},{"cityName":"Musumusu","countryName":"Samoa"},{"cityName":"Mulivai","countryName":"Samoa"},{"cityName":"Mulinu'u","countryName":"Samoa"},{"cityName":"Mulifanua","countryName":"Samoa"},{"cityName":"Moto`otua","countryName":"Samoa"},{"cityName":"Moata`a","countryName":"Samoa"},{"cityName":"Moamoa","countryName":"Samoa"},{"cityName":"Matavai","countryName":"Samoa"},{"cityName":"Matautu","countryName":"Samoa"},{"cityName":"Matatufu","countryName":"Samoa"},{"cityName":"Matapunga","countryName":"Samoa"},{"cityName":"Matanofo","countryName":"Samoa"},{"cityName":"Matailiili","countryName":"Samoa"},{"cityName":"Matafele","countryName":"Samoa"},{"cityName":"Matafagatele","countryName":"Samoa"},{"cityName":"Manunu","countryName":"Samoa"},{"cityName":"Maninoa","countryName":"Samoa"},{"cityName":"Manase","countryName":"Samoa"},{"cityName":"Malua","countryName":"Samoa"},{"cityName":"Malololelei","countryName":"Samoa"},{"cityName":"Malie","countryName":"Samoa"},{"cityName":"Maalauli","countryName":"Samoa"},{"cityName":"Malaetele","countryName":"Samoa"},{"cityName":"Malaemalu","countryName":"Samoa"},{"cityName":"Magiagi","countryName":"Samoa"},{"cityName":"Magia","countryName":"Samoa"},{"cityName":"Maasina","countryName":"Samoa"},{"cityName":"Lufilufi","countryName":"Samoa"},{"cityName":"Luatuanu`u","countryName":"Samoa"},{"cityName":"Lotofaga","countryName":"Samoa"},{"cityName":"Lona","countryName":"Samoa"},{"cityName":"Levi","countryName":"Samoa"},{"cityName":"Leusoali'i","countryName":"Samoa"},{"cityName":"Leulumoega","countryName":"Samoa"},{"cityName":"Letui","countryName":"Samoa"},{"cityName":"Letogo","countryName":"Samoa"},{"cityName":"Leatupe","countryName":"Samoa"},{"cityName":"Lepea","countryName":"Samoa"},{"cityName":"Lepa","countryName":"Samoa"},{"cityName":"Lelepa","countryName":"Samoa"},{"cityName":"Lefaga","countryName":"Samoa"},{"cityName":"Leauva`a","countryName":"Samoa"},{"cityName":"Lealaalii","countryName":"Samoa"},{"cityName":"Leagiagi","countryName":"Samoa"},{"cityName":"Lauli'i","countryName":"Samoa"},{"cityName":"Lata","countryName":"Samoa"},{"cityName":"Lara Lafa","countryName":"Samoa"},{"cityName":"Lano","countryName":"Samoa"},{"cityName":"Lanafala","countryName":"Samoa"},{"cityName":"Lalovi","countryName":"Samoa"},{"cityName":"Lalomauga","countryName":"Samoa"},{"cityName":"Lalomanu","countryName":"Samoa"},{"cityName":"Lalomalava","countryName":"Samoa"},{"cityName":"Iva","countryName":"Samoa"},{"cityName":"Ili'ili","countryName":"Samoa"},{"cityName":"Gautavai","countryName":"Samoa"},{"cityName":"Gataivai","countryName":"Samoa"},{"cityName":"Gagaemalae","countryName":"Samoa"},{"cityName":"Fusi","countryName":"Samoa"},{"cityName":"Fuailolo`o","countryName":"Samoa"},{"cityName":"Fogatuli","countryName":"Samoa"},{"cityName":"Fogasavai'i","countryName":"Samoa"},{"cityName":"Foailuga","countryName":"Samoa"},{"cityName":"Foailalo","countryName":"Samoa"},{"cityName":"Fausaga","countryName":"Samoa"},{"cityName":"Fatuvalu","countryName":"Samoa"},{"cityName":"Fasito`outa","countryName":"Samoa"},{"cityName":"Fasito`otai","countryName":"Samoa"},{"cityName":"Falevao","countryName":"Samoa"},{"cityName":"Falevai","countryName":"Samoa"},{"cityName":"Fetaulaiga","countryName":"Samoa"},{"cityName":"Faleula","countryName":"Samoa"},{"cityName":"Faleu","countryName":"Samoa"},{"cityName":"Faleapuna","countryName":"Samoa"},{"cityName":"Falepouma`a","countryName":"Samoa"},{"cityName":"Faleolo","countryName":"Samoa"},{"cityName":"Falelima","countryName":"Samoa"},{"cityName":"Falelatai","countryName":"Samoa"},{"cityName":"Falefa","countryName":"Samoa"},{"cityName":"Faleatiu","countryName":"Samoa"},{"cityName":"Faleata","countryName":"Samoa"},{"cityName":"Faleasi`u","countryName":"Samoa"},{"cityName":"Faleaseela","countryName":"Samoa"},{"cityName":"Falealupo","countryName":"Samoa"},{"cityName":"Fai'a'ai","countryName":"Samoa"},{"cityName":"Fagamalo","countryName":"Samoa"},{"cityName":"Fagali`i","countryName":"Samoa"},{"cityName":"Fagafau","countryName":"Samoa"},{"cityName":"Faga","countryName":"Samoa"},{"cityName":"Eva","countryName":"Samoa"},{"cityName":"Etemuli","countryName":"Samoa"},{"cityName":"Avata","countryName":"Samoa"},{"cityName":"Avao","countryName":"Samoa"},{"cityName":"A`ufaga","countryName":"Samoa"},{"cityName":"Auala","countryName":"Samoa"},{"cityName":"Asaga","countryName":"Samoa"},{"cityName":"Apia","countryName":"Samoa"},{"cityName":"A'opo","countryName":"Samoa"},{"cityName":"Amaile","countryName":"Samoa"},{"cityName":"Ma'agao","countryName":"Samoa"},{"cityName":"Ahners","countryName":"Samoa"},{"cityName":"Aganoa","countryName":"Samoa"},{"cityName":"Afiamalu","countryName":"Samoa"},{"cityName":"Afenga","countryName":"Samoa"},{"cityName":"Kosena","countryName":"Samoa"},{"cityName":"Mount Vaipu","countryName":"Samoa"},{"cityName":"Ti'avea","countryName":"Samoa"},{"cityName":"Sasita","countryName":"Samoa"},{"cityName":"To-le-sua","countryName":"Samoa"},{"cityName":"To-sua","countryName":"Samoa"},{"cityName":"Toloavatu","countryName":"Samoa"},{"cityName":"Pinipini","countryName":"Samoa"},{"cityName":"Malaela","countryName":"Samoa"},{"cityName":"Vaipu","countryName":"Samoa"},{"cityName":"Togitogiga","countryName":"Samoa"},{"cityName":"Apolimafou","countryName":"Samoa"},{"cityName":"Manono-uta","countryName":"Samoa"},{"cityName":"Vailavea","countryName":"Samoa"},{"cityName":"Gagaifoolevao","countryName":"Samoa"},{"cityName":"Utumalama Point","countryName":"Samoa"},{"cityName":"Sataoauta","countryName":"Samoa"},{"cityName":"Lotofagauta","countryName":"Samoa"},{"cityName":"Sa'agafou","countryName":"Samoa"},{"cityName":"Samusu-uta","countryName":"Samoa"},{"cityName":"Paepae`ala","countryName":"Samoa"},{"cityName":"Afia","countryName":"Samoa"},{"cityName":"Sina","countryName":"Samoa"},{"cityName":"Tafue","countryName":"Samoa"},{"cityName":"A'elefou","countryName":"Samoa"},{"cityName":"A'ele","countryName":"Samoa"},{"cityName":"Vaipoto","countryName":"Samoa"},{"cityName":"Petesa-fou","countryName":"Samoa"},{"cityName":"Vaitele-uta","countryName":"Samoa"},{"cityName":"Olosega","countryName":"Samoa"},{"cityName":"Lafi","countryName":"Samoa"},{"cityName":"Tafa'igata","countryName":"Samoa"},{"cityName":"Faleauniu","countryName":"Samoa"},{"cityName":"Tanumapua","countryName":"Samoa"},{"cityName":"Ululoloa","countryName":"Samoa"},{"cityName":"Se'ese'e","countryName":"Samoa"},{"cityName":"Tua`efu","countryName":"Samoa"},{"cityName":"Tapatapao","countryName":"Samoa"},{"cityName":"Leaupuni","countryName":"Samoa"},{"cityName":"Falemauga","countryName":"Samoa"},{"cityName":"Laloanea","countryName":"Samoa"},{"cityName":"Alafua","countryName":"Samoa"},{"cityName":"Lotopa","countryName":"Samoa"},{"cityName":"Talimatau","countryName":"Samoa"},{"cityName":"Pesega","countryName":"Samoa"},{"cityName":"Vaitoloa","countryName":"Samoa"},{"cityName":"Alamagoto","countryName":"Samoa"},{"cityName":"Sinamoga","countryName":"Samoa"},{"cityName":"Leufisa","countryName":"Samoa"},{"cityName":"Lalovaea","countryName":"Samoa"},{"cityName":"Leone","countryName":"Samoa"},{"cityName":"Faatoia","countryName":"Samoa"},{"cityName":"Vaipuna","countryName":"Samoa"},{"cityName":"Vaivase-uta","countryName":"Samoa"},{"cityName":"Avele","countryName":"Samoa"},{"cityName":"Vaoala","countryName":"Samoa"},{"cityName":"Letava","countryName":"Samoa"},{"cityName":"Fasafasa","countryName":"Samoa"},{"cityName":"Papaoga","countryName":"Samoa"},{"cityName":"Papapapaitai","countryName":"Samoa"},{"cityName":"Lepuia'i","countryName":"Samoa"},{"cityName":"Apai","countryName":"Samoa"},{"cityName":"Falemoa","countryName":"Samoa"},{"cityName":"Satuilagi","countryName":"Samoa"},{"cityName":"Salua","countryName":"Samoa"},{"cityName":"Pagai","countryName":"Samoa"},{"cityName":"Satoi","countryName":"Samoa"},{"cityName":"Faaala","countryName":"Samoa"},{"cityName":"Vaito`omuli","countryName":"Samoa"},{"cityName":"Nu'ualofa","countryName":"Samoa"},{"cityName":"Mosula","countryName":"Samoa"},{"cityName":"Pitonuu","countryName":"Samoa"},{"cityName":"Vaega","countryName":"Samoa"},{"cityName":"Vaegauta","countryName":"Samoa"},{"cityName":"Satufiauta","countryName":"Samoa"},{"cityName":"Nofoa","countryName":"Samoa"},{"cityName":"Siuniu","countryName":"Samoa"},{"cityName":"Masalaolao","countryName":"Samoa"},{"cityName":"Tamasaga","countryName":"Samoa"},{"cityName":"Falealia","countryName":"Samoa"},{"cityName":"Maota","countryName":"Samoa"},{"cityName":"Foua","countryName":"Samoa"},{"cityName":"Salelavalu-tai","countryName":"Samoa"},{"cityName":"Vai'afai","countryName":"Samoa"},{"cityName":"Safua","countryName":"Samoa"},{"cityName":"Fatausi","countryName":"Samoa"},{"cityName":"Fogapoa","countryName":"Samoa"},{"cityName":"Vai'a'ata","countryName":"Samoa"},{"cityName":"Nuuuta","countryName":"Samoa"},{"cityName":"Le'eka","countryName":"Samoa"},{"cityName":"Palapala","countryName":"Samoa"},{"cityName":"Tanoaalea","countryName":"Samoa"},{"cityName":"Samataiuta","countryName":"Samoa"},{"cityName":"Falealupo-uta","countryName":"Samoa"},{"cityName":"Fagasa","countryName":"Samoa"},{"cityName":"Fagae'e","countryName":"Samoa"},{"cityName":"Faletagaloa","countryName":"Samoa"},{"cityName":"Lefagaoali'i","countryName":"Samoa"},{"cityName":"Vailolo","countryName":"Samoa"},{"cityName":"Le Piu Uta","countryName":"Samoa"},{"cityName":"Le Piu Tai","countryName":"Samoa"},{"cityName":"Safe'e","countryName":"Samoa"},{"cityName":"Mumea","countryName":"Samoa"},{"cityName":"Sologa","countryName":"Samoa"},{"cityName":"Mauga","countryName":"Samoa"},{"cityName":"Papalaulelei","countryName":"Samoa"},{"cityName":"Pugaoa","countryName":"Samoa"},{"cityName":"Malae","countryName":"Samoa"},{"cityName":"Lu'ua","countryName":"Samoa"},{"cityName":"Sapini","countryName":"Samoa"},{"cityName":"Oloiti","countryName":"Samoa"},{"cityName":"Punaiseesee","countryName":"Samoa"},{"cityName":"Poutoga","countryName":"Samoa"},{"cityName":"Leavaa-uta","countryName":"Samoa"},{"cityName":"Aleisa","countryName":"Samoa"},{"cityName":"Fiaga","countryName":"Samoa"},{"cityName":"Lepale","countryName":"Samoa"},{"cityName":"Vaipapa","countryName":"Samoa"},{"cityName":"Matega","countryName":"Samoa"},{"cityName":"Asau","countryName":"Samoa"},{"cityName":"Matafa`a","countryName":"Samoa"},{"cityName":"Leaoa","countryName":"Samoa"},{"cityName":"Vailele","countryName":"Samoa"},{"cityName":"Vaiaumoe","countryName":"Samoa"},{"cityName":"Tanumalala","countryName":"Samoa"},{"cityName":"Casala","countryName":"Samoa"},{"cityName":"Nafanua","countryName":"Samoa"},{"cityName":"Olo","countryName":"Samoa"},{"cityName":"Apolimatuai","countryName":"Samoa"},{"cityName":"Salalologa New Township","countryName":"Samoa"},{"cityName":"Saletagaloa","countryName":"Samoa"},{"cityName":"Vaiola","countryName":"Samoa"},{"cityName":"Le Aisa","countryName":"Samoa"},{"cityName":"Togafuafua","countryName":"Samoa"},{"cityName":"Le'auva'a","countryName":"Samoa"},{"cityName":"Fasito'o Uta","countryName":"Samoa"},{"cityName":"Fagali'i","countryName":"Samoa"},{"cityName":"Lelata","countryName":"Samoa"},{"cityName":"Fugalei","countryName":"Samoa"}]