[{"cityName":"Victoria","countryName":"Seychelles"},{"cityName":"Takamaka","countryName":"Seychelles"},{"cityName":"Port Glaud","countryName":"Seychelles"},{"cityName":"Misere","countryName":"Seychelles"},{"cityName":"Mahe","countryName":"Seychelles"},{"cityName":"Machabee","countryName":"Seychelles"},{"cityName":"L'Esperance","countryName":"Seychelles"},{"cityName":"La Reunion","countryName":"Seychelles"},{"cityName":"De Quincey Village","countryName":"Seychelles"},{"cityName":"Cascade","countryName":"Seychelles"},{"cityName":"Bel Ombre","countryName":"Seychelles"},{"cityName":"Beau Vallon","countryName":"Seychelles"},{"cityName":"Anse Volbert Village","countryName":"Seychelles"},{"cityName":"Anse Royale","countryName":"Seychelles"},{"cityName":"Anse Boileau","countryName":"Seychelles"},{"cityName":"Cote d'Or","countryName":"Seychelles"},{"cityName":"Anse Kerlan","countryName":"Seychelles"}]