[{"cityName":"Victoria","countryName":"Seychelles","localeCode":"en","districtName":""},{"cityName":"Takamaka","countryName":"Seychelles","localeCode":"en","districtName":""},{"cityName":"Port Glaud","countryName":"Seychelles","localeCode":"en","districtName":""},{"cityName":"Misere","countryName":"Seychelles","localeCode":"en","districtName":""},{"cityName":"Mahe","countryName":"Seychelles","localeCode":"en","districtName":""},{"cityName":"Machabee","countryName":"Seychelles","localeCode":"en","districtName":""},{"cityName":"L'Esperance","countryName":"Seychelles","localeCode":"en","districtName":""},{"cityName":"La Reunion","countryName":"Seychelles","localeCode":"en","districtName":""},{"cityName":"De Quincey Village","countryName":"Seychelles","localeCode":"en","districtName":""},{"cityName":"Cascade","countryName":"Seychelles","localeCode":"en","districtName":""},{"cityName":"Bel Ombre","countryName":"Seychelles","localeCode":"en","districtName":""},{"cityName":"Beau Vallon","countryName":"Seychelles","localeCode":"en","districtName":""},{"cityName":"Anse Volbert Village","countryName":"Seychelles","localeCode":"en","districtName":""},{"cityName":"Anse Royale","countryName":"Seychelles","localeCode":"en","districtName":""},{"cityName":"Anse Boileau","countryName":"Seychelles","localeCode":"en","districtName":""},{"cityName":"Cote d'Or","countryName":"Seychelles","localeCode":"en","districtName":""},{"cityName":"Anse Kerlan","countryName":"Seychelles","localeCode":"en","districtName":""}]