[{"cityName":"Tanjong Pagar","countryName":"Singapore","localeCode":"en","districtName":""},{"cityName":"Yio Chu Kang Estate","countryName":"Singapore","localeCode":"en","districtName":""},{"cityName":"Yio Chu Kang","countryName":"Singapore","localeCode":"en","districtName":""},{"cityName":"Yew Tee","countryName":"Singapore","localeCode":"en","districtName":""},{"cityName":"Yan Kit","countryName":"Singapore","localeCode":"en","districtName":""},{"cityName":"Woollerton Park","countryName":"Singapore","localeCode":"en","districtName":""},{"cityName":"Woodleigh Park","countryName":"Singapore","localeCode":"en","districtName":""},{"cityName":"Windsor Park Estate","countryName":"Singapore","localeCode":"en","districtName":""},{"cityName":"West Coast Village","countryName":"Singapore","localeCode":"en","districtName":""},{"cityName":"Wessex Estate","countryName":"Singapore","localeCode":"en","districtName":""},{"cityName":"Watten Park","countryName":"Singapore","localeCode":"en","districtName":""},{"cityName":"Victoria Park","countryName":"Singapore","localeCode":"en","districtName":""},{"cityName":"Mount Vernon","countryName":"Singapore","localeCode":"en","districtName":""},{"cityName":"Ulu Bedok","countryName":"Singapore","localeCode":"en","districtName":""},{"cityName":"Tyersall Park","countryName":"Singapore","localeCode":"en","districtName":""},{"cityName":"Tuas","countryName":"Singapore","localeCode":"en","districtName":""},{"cityName":"Tua Kang Lye","countryName":"Singapore","localeCode":"en","districtName":""},{"cityName":"Toa Payoh New Town","countryName":"Singapore","localeCode":"en","districtName":""},{"cityName":"Tiong Bahru Estate","countryName":"Singapore","localeCode":"en","districtName":""},{"cityName":"Thong Hoe Village","countryName":"Singapore","localeCode":"en","districtName":""},{"cityName":"Thomson","countryName":"Singapore","localeCode":"en","districtName":""},{"cityName":"Teck Hock","countryName":"Singapore","localeCode":"en","districtName":""},{"cityName":"Teck Chong Estate","countryName":"Singapore","localeCode":"en","districtName":""},{"cityName":"Tay Keng Loon Estate","countryName":"Singapore","localeCode":"en","districtName":""},{"cityName":"Tan Hua Gek Estate","countryName":"Singapore","localeCode":"en","districtName":""},{"cityName":"Tanglin Hill","countryName":"Singapore","localeCode":"en","districtName":""},{"cityName":"Tanglin","countryName":"Singapore","localeCode":"en","districtName":""},{"cityName":"Tampines Estate","countryName":"Singapore","localeCode":"en","districtName":""},{"cityName":"Tai Seng","countryName":"Singapore","localeCode":"en","districtName":""},{"cityName":"Swiss Cottage Estate","countryName":"Singapore","localeCode":"en","districtName":""},{"cityName":"Sungai Unum Estate","countryName":"Singapore","localeCode":"en","districtName":""},{"cityName":"Sungai Simpang","countryName":"Singapore","localeCode":"en","districtName":""},{"cityName":"Spring Park Estate","countryName":"Singapore","localeCode":"en","districtName":""},{"cityName":"Song Hah Estate","countryName":"Singapore","localeCode":"en","districtName":""},{"cityName":"Somapah Serangoon","countryName":"Singapore","localeCode":"en","districtName":""},{"cityName":"Somapah Changi","countryName":"Singapore","localeCode":"en","districtName":""},{"cityName":"Sin Watt Estate","countryName":"Singapore","localeCode":"en","districtName":""},{"cityName":"Singapore United Plantation","countryName":"Singapore","localeCode":"en","districtName":""},{"cityName":"Singapore","countryName":"Singapore","localeCode":"en","districtName":""},{"cityName":"Simpang Bedok Village","countryName":"Singapore","localeCode":"en","districtName":""},{"cityName":"Serangoon Garden Estate","countryName":"Singapore","localeCode":"en","districtName":""},{"cityName":"Serangoon","countryName":"Singapore","localeCode":"en","districtName":""},{"cityName":"Sennett Estate","countryName":"Singapore","localeCode":"en","districtName":""},{"cityName":"Sembawang Hills Estate","countryName":"Singapore","localeCode":"en","districtName":""},{"cityName":"Sembawang Estate","countryName":"Singapore","localeCode":"en","districtName":""},{"cityName":"Seletar Hills Estate","countryName":"Singapore","localeCode":"en","districtName":""},{"cityName":"Seletar","countryName":"Singapore","localeCode":"en","districtName":""},{"cityName":"Sea View Estate","countryName":"Singapore","localeCode":"en","districtName":""},{"cityName":"Sarang Rimau","countryName":"Singapore","localeCode":"en","districtName":""},{"cityName":"Sam Heng Estate","countryName":"Singapore","localeCode":"en","districtName":""},{"cityName":"Saga","countryName":"Singapore","localeCode":"en","districtName":""},{"cityName":"Mount Rosie","countryName":"Singapore","localeCode":"en","districtName":""},{"cityName":"Rochester Park","countryName":"Singapore","localeCode":"en","districtName":""},{"cityName":"Raffles Park","countryName":"Singapore","localeCode":"en","districtName":""},{"cityName":"Race Course Village","countryName":"Singapore","localeCode":"en","districtName":""},{"cityName":"Queen Astrid Park","countryName":"Singapore","localeCode":"en","districtName":""},{"cityName":"Punggol","countryName":"Singapore","localeCode":"en","districtName":""},{"cityName":"Pulau Ubin Village","countryName":"Singapore","localeCode":"en","districtName":""},{"cityName":"Pulau Minyak","countryName":"Singapore","localeCode":"en","districtName":""},{"cityName":"Princess Elizabeth Estate","countryName":"Singapore","localeCode":"en","districtName":""},{"cityName":"Prince Edward Point","countryName":"Singapore","localeCode":"en","districtName":""},{"cityName":"Prince Edward Park","countryName":"Singapore","localeCode":"en","districtName":""},{"cityName":"Mount Pleasant","countryName":"Singapore","localeCode":"en","districtName":""},{"cityName":"Playfair Estate","countryName":"Singapore","localeCode":"en","districtName":""},{"cityName":"Phoenix Park","countryName":"Singapore","localeCode":"en","districtName":""},{"cityName":"Perseverance Estate","countryName":"Singapore","localeCode":"en","districtName":""},{"cityName":"Paya Lebar","countryName":"Singapore","localeCode":"en","districtName":""},{"cityName":"Pasir Panjang","countryName":"Singapore","localeCode":"en","districtName":""},{"cityName":"Opera Estate","countryName":"Singapore","localeCode":"en","districtName":""},{"cityName":"Ong Lee","countryName":"Singapore","localeCode":"en","districtName":""},{"cityName":"Old Kallang Airport Estate","countryName":"Singapore","localeCode":"en","districtName":""},{"cityName":"Oei Tiong Ham Park","countryName":"Singapore","localeCode":"en","districtName":""},{"cityName":"Ng Kay Boon Estate","countryName":"Singapore","localeCode":"en","districtName":""},{"cityName":"Nepal Park","countryName":"Singapore","localeCode":"en","districtName":""},{"cityName":"Nee Soon Estate","countryName":"Singapore","localeCode":"en","districtName":""},{"cityName":"Namazie Estate","countryName":"Singapore","localeCode":"en","districtName":""},{"cityName":"Mok Peng Hiang Estate","countryName":"Singapore","localeCode":"en","districtName":""},{"cityName":"Medway Park","countryName":"Singapore","localeCode":"en","districtName":""},{"cityName":"McMahon Park","countryName":"Singapore","localeCode":"en","districtName":""},{"cityName":"Matilda Estate","countryName":"Singapore","localeCode":"en","districtName":""},{"cityName":"Mata Ikan","countryName":"Singapore","localeCode":"en","districtName":""},{"cityName":"Maryland Estate","countryName":"Singapore","localeCode":"en","districtName":""},{"cityName":"Marsiling Estate","countryName":"Singapore","localeCode":"en","districtName":""},{"cityName":"Marsiling","countryName":"Singapore","localeCode":"en","districtName":""},{"cityName":"Lorong Tiga Estate","countryName":"Singapore","localeCode":"en","districtName":""},{"cityName":"Lokyang","countryName":"Singapore","localeCode":"en","districtName":""},{"cityName":"Lim Chu Kang Estate","countryName":"Singapore","localeCode":"en","districtName":""},{"cityName":"Leedon Park","countryName":"Singapore","localeCode":"en","districtName":""},{"cityName":"Lam San Village","countryName":"Singapore","localeCode":"en","districtName":""},{"cityName":"Lam Kiong Estate","countryName":"Singapore","localeCode":"en","districtName":""},{"cityName":"Kingsmead Hall","countryName":"Singapore","localeCode":"en","districtName":""},{"cityName":"King Albert Park","countryName":"Singapore","localeCode":"en","districtName":""},{"cityName":"Kilburn Estate","countryName":"Singapore","localeCode":"en","districtName":""},{"cityName":"Kian Teck San Estate","countryName":"Singapore","localeCode":"en","districtName":""},{"cityName":"Kian Hong Estate","countryName":"Singapore","localeCode":"en","districtName":""},{"cityName":"Kent Ridge","countryName":"Singapore","localeCode":"en","districtName":""},{"cityName":"Keat Hong Village","countryName":"Singapore","localeCode":"en","districtName":""},{"cityName":"Kampong Woodleigh","countryName":"Singapore","localeCode":"en","districtName":""},{"cityName":"Kampong Wak Tanjong","countryName":"Singapore","localeCode":"en","districtName":""},{"cityName":"Kampong Wak Sekak","countryName":"Singapore","localeCode":"en","districtName":""},{"cityName":"Kampong Wak Hassan","countryName":"Singapore","localeCode":"en","districtName":""},{"cityName":"Kampong Wak Dulah","countryName":"Singapore","localeCode":"en","districtName":""},{"cityName":"Kampong Wak Bechik","countryName":"Singapore","localeCode":"en","districtName":""},{"cityName":"Kampong Unum","countryName":"Singapore","localeCode":"en","districtName":""},{"cityName":"Kampong Ulu Pandan","countryName":"Singapore","localeCode":"en","districtName":""},{"cityName":"Kampong Ulu Jurong","countryName":"Singapore","localeCode":"en","districtName":""},{"cityName":"Kampong Ubi","countryName":"Singapore","localeCode":"en","districtName":""},{"cityName":"Kampong Tulloch","countryName":"Singapore","localeCode":"en","districtName":""},{"cityName":"Kampong Tongkang Pechah","countryName":"Singapore","localeCode":"en","districtName":""},{"cityName":"Kampong Todak","countryName":"Singapore","localeCode":"en","districtName":""},{"cityName":"Tengah","countryName":"Singapore","localeCode":"en","districtName":""},{"cityName":"Kampong Telok","countryName":"Singapore","localeCode":"en","districtName":""},{"cityName":"Kampong Tebing Terjun","countryName":"Singapore","localeCode":"en","districtName":""},{"cityName":"Kampong Teban","countryName":"Singapore","localeCode":"en","districtName":""},{"cityName":"Kampong Tanjong Penjuru","countryName":"Singapore","localeCode":"en","districtName":""},{"cityName":"Kampong Tanjong Irau","countryName":"Singapore","localeCode":"en","districtName":""},{"cityName":"Kampong Tanah Merah","countryName":"Singapore","localeCode":"en","districtName":""},{"cityName":"Kampong Tampines","countryName":"Singapore","localeCode":"en","districtName":""},{"cityName":"Kampong Sungai Tengah","countryName":"Singapore","localeCode":"en","districtName":""},{"cityName":"Kampong Sungai Pandan","countryName":"Singapore","localeCode":"en","districtName":""},{"cityName":"Kampong Sungai Jurong","countryName":"Singapore","localeCode":"en","districtName":""},{"cityName":"Kampong Sungai Blukar","countryName":"Singapore","localeCode":"en","districtName":""},{"cityName":"Kampong Sungai Belang","countryName":"Singapore","localeCode":"en","districtName":""},{"cityName":"Kampong Sultan","countryName":"Singapore","localeCode":"en","districtName":""},{"cityName":"Kampong Sudong","countryName":"Singapore","localeCode":"en","districtName":""},{"cityName":"Kampong Soopoo","countryName":"Singapore","localeCode":"en","districtName":""},{"cityName":"Kampong Sireh","countryName":"Singapore","localeCode":"en","districtName":""},{"cityName":"Kampong Seraya","countryName":"Singapore","localeCode":"en","districtName":""},{"cityName":"Kampong Serangoon Kechil","countryName":"Singapore","localeCode":"en","districtName":""},{"cityName":"Kampong Seminei","countryName":"Singapore","localeCode":"en","districtName":""},{"cityName":"Kampong Sanyonkong Parit","countryName":"Singapore","localeCode":"en","districtName":""},{"cityName":"Kampong Sanyongkong","countryName":"Singapore","localeCode":"en","districtName":""},{"cityName":"Kampong San Teng","countryName":"Singapore","localeCode":"en","districtName":""},{"cityName":"Kampong Salabin","countryName":"Singapore","localeCode":"en","districtName":""},{"cityName":"Kampong Saigon","countryName":"Singapore","localeCode":"en","districtName":""},{"cityName":"Kampong Reteh","countryName":"Singapore","localeCode":"en","districtName":""},{"cityName":"Radin Mas","countryName":"Singapore","localeCode":"en","districtName":""},{"cityName":"Kampong Punggol","countryName":"Singapore","localeCode":"en","districtName":""},{"cityName":"Kampong Pulau Kechil","countryName":"Singapore","localeCode":"en","districtName":""},{"cityName":"Kampong Potong Pasir","countryName":"Singapore","localeCode":"en","districtName":""},{"cityName":"Kampong Pinang","countryName":"Singapore","localeCode":"en","districtName":""},{"cityName":"Kampong Pesek","countryName":"Singapore","localeCode":"en","districtName":""},{"cityName":"Kampong Permatang","countryName":"Singapore","localeCode":"en","districtName":""},{"cityName":"Kampong Perigi Piau","countryName":"Singapore","localeCode":"en","districtName":""},{"cityName":"Kampong Pengkalan Petai","countryName":"Singapore","localeCode":"en","districtName":""},{"cityName":"Kampong Pengkalan Pakau","countryName":"Singapore","localeCode":"en","districtName":""},{"cityName":"Kampong Pengkalan Kundor","countryName":"Singapore","localeCode":"en","districtName":""},{"cityName":"Kampong Pasir Ris","countryName":"Singapore","localeCode":"en","districtName":""},{"cityName":"Kampong Pasir Merah","countryName":"Singapore","localeCode":"en","districtName":""},{"cityName":"Kampong Pasir","countryName":"Singapore","localeCode":"en","districtName":""},{"cityName":"Kampong Pahang","countryName":"Singapore","localeCode":"en","districtName":""},{"cityName":"Kampong Padang Terbakar","countryName":"Singapore","localeCode":"en","districtName":""},{"cityName":"Kampong Pachitan","countryName":"Singapore","localeCode":"en","districtName":""},{"cityName":"Kampong O'Carroll Scott","countryName":"Singapore","localeCode":"en","districtName":""},{"cityName":"Kampong Noordin","countryName":"Singapore","localeCode":"en","districtName":""},{"cityName":"Kampong Melayu","countryName":"Singapore","localeCode":"en","districtName":""},{"cityName":"Kampong Mandai Kechil","countryName":"Singapore","localeCode":"en","districtName":""},{"cityName":"Kampong Mamam","countryName":"Singapore","localeCode":"en","districtName":""},{"cityName":"Kampong Mak Baok","countryName":"Singapore","localeCode":"en","districtName":""},{"cityName":"Kampong Loyang","countryName":"Singapore","localeCode":"en","districtName":""},{"cityName":"Kampong Lew Lian","countryName":"Singapore","localeCode":"en","districtName":""},{"cityName":"Kampong Ladang","countryName":"Singapore","localeCode":"en","districtName":""},{"cityName":"Kampong Kuchai","countryName":"Singapore","localeCode":"en","districtName":""},{"cityName":"Kampong Kranji","countryName":"Singapore","localeCode":"en","districtName":""},{"cityName":"Kampong Kopit","countryName":"Singapore","localeCode":"en","districtName":""},{"cityName":"Kampong Kitin","countryName":"Singapore","localeCode":"en","districtName":""},{"cityName":"Kembangan","countryName":"Singapore","localeCode":"en","districtName":""},{"cityName":"Kampong Kebun Baharu","countryName":"Singapore","localeCode":"en","districtName":""},{"cityName":"Kampong Jelutong","countryName":"Singapore","localeCode":"en","districtName":""},{"cityName":"Kampong Java Teban","countryName":"Singapore","localeCode":"en","districtName":""},{"cityName":"Kampong Jagoh","countryName":"Singapore","localeCode":"en","districtName":""},{"cityName":"Kampong Hock Soon","countryName":"Singapore","localeCode":"en","districtName":""},{"cityName":"Kampong Eunos","countryName":"Singapore","localeCode":"en","districtName":""},{"cityName":"Kampong Cutforth","countryName":"Singapore","localeCode":"en","districtName":""},{"cityName":"Kampong Che Jevah","countryName":"Singapore","localeCode":"en","districtName":""},{"cityName":"Kampong Chantek Baharu","countryName":"Singapore","localeCode":"en","districtName":""},{"cityName":"Kampong Changi","countryName":"Singapore","localeCode":"en","districtName":""},{"cityName":"Kampong Chai Chee","countryName":"Singapore","localeCode":"en","districtName":""},{"cityName":"Kampong Bukit Panjang","countryName":"Singapore","localeCode":"en","districtName":""},{"cityName":"Kampong Bugis","countryName":"Singapore","localeCode":"en","districtName":""},{"cityName":"Kampong Blukang","countryName":"Singapore","localeCode":"en","districtName":""},{"cityName":"Kampong Beremban","countryName":"Singapore","localeCode":"en","districtName":""},{"cityName":"Kampong Bereh","countryName":"Singapore","localeCode":"en","districtName":""},{"cityName":"Kampong Belimbing","countryName":"Singapore","localeCode":"en","districtName":""},{"cityName":"Kampong Batu Koyok","countryName":"Singapore","localeCode":"en","districtName":""},{"cityName":"Kampong Bahru","countryName":"Singapore","localeCode":"en","districtName":""},{"cityName":"Kampong Baharu","countryName":"Singapore","localeCode":"en","districtName":""},{"cityName":"Kampong Ayer Samak Darat","countryName":"Singapore","localeCode":"en","districtName":""},{"cityName":"Kampong Ayer Samak","countryName":"Singapore","localeCode":"en","districtName":""},{"cityName":"Kampong Ayer Merbau","countryName":"Singapore","localeCode":"en","districtName":""},{"cityName":"Kampong Ayer Limau","countryName":"Singapore","localeCode":"en","districtName":""},{"cityName":"Kampong Ayer Gemuruh","countryName":"Singapore","localeCode":"en","districtName":""},{"cityName":"Kampong Ayer Bajau","countryName":"Singapore","localeCode":"en","districtName":""},{"cityName":"Kampong Amoy Quee","countryName":"Singapore","localeCode":"en","districtName":""},{"cityName":"Kampong Amber","countryName":"Singapore","localeCode":"en","districtName":""},{"cityName":"Kalang","countryName":"Singapore","localeCode":"en","districtName":""},{"cityName":"Jalan Kayu","countryName":"Singapore","localeCode":"en","districtName":""},{"cityName":"Island View Estate","countryName":"Singapore","localeCode":"en","districtName":""},{"cityName":"Hun Yeang","countryName":"Singapore","localeCode":"en","districtName":""},{"cityName":"Hume Heights","countryName":"Singapore","localeCode":"en","districtName":""},{"cityName":"Huat Choe","countryName":"Singapore","localeCode":"en","districtName":""},{"cityName":"Hong Kong Park","countryName":"Singapore","localeCode":"en","districtName":""},{"cityName":"Hong Kah","countryName":"Singapore","localeCode":"en","districtName":""},{"cityName":"Holland Village","countryName":"Singapore","localeCode":"en","districtName":""},{"cityName":"Holland Grove Park","countryName":"Singapore","localeCode":"en","districtName":""},{"cityName":"Heap Guan Village","countryName":"Singapore","localeCode":"en","districtName":""},{"cityName":"Geylang","countryName":"Singapore","localeCode":"en","districtName":""},{"cityName":"Fuyong Estate","countryName":"Singapore","localeCode":"en","districtName":""},{"cityName":"Frankel Estate","countryName":"Singapore","localeCode":"en","districtName":""},{"cityName":"Ewart Park","countryName":"Singapore","localeCode":"en","districtName":""},{"cityName":"Eden Park","countryName":"Singapore","localeCode":"en","districtName":""},{"cityName":"Eden Hall","countryName":"Singapore","localeCode":"en","districtName":""},{"cityName":"Dunearn Estate","countryName":"Singapore","localeCode":"en","districtName":""},{"cityName":"Chye Kay","countryName":"Singapore","localeCode":"en","districtName":""},{"cityName":"Chong Pang","countryName":"Singapore","localeCode":"en","districtName":""},{"cityName":"Chia Tong Quah Estate","countryName":"Singapore","localeCode":"en","districtName":""},{"cityName":"Chia Keng","countryName":"Singapore","localeCode":"en","districtName":""},{"cityName":"Changi Village","countryName":"Singapore","localeCode":"en","districtName":""},{"cityName":"Camden Park","countryName":"Singapore","localeCode":"en","districtName":""},{"cityName":"Caldecott Hill Estate","countryName":"Singapore","localeCode":"en","districtName":""},{"cityName":"Buona Vista","countryName":"Singapore","localeCode":"en","districtName":""},{"cityName":"Bulim","countryName":"Singapore","localeCode":"en","districtName":""},{"cityName":"Bukit Timah Estate","countryName":"Singapore","localeCode":"en","districtName":""},{"cityName":"Bukit Sembawang Estate","countryName":"Singapore","localeCode":"en","districtName":""},{"cityName":"Bukit Merah Estate","countryName":"Singapore","localeCode":"en","districtName":""},{"cityName":"Bukit Mandai Village","countryName":"Singapore","localeCode":"en","districtName":""},{"cityName":"Bright Hill Crescent","countryName":"Singapore","localeCode":"en","districtName":""},{"cityName":"Brickworks Estate","countryName":"Singapore","localeCode":"en","districtName":""},{"cityName":"Braddell Heights Estate","countryName":"Singapore","localeCode":"en","districtName":""},{"cityName":"Boon Lay","countryName":"Singapore","localeCode":"en","districtName":""},{"cityName":"Bin Tong Park","countryName":"Singapore","localeCode":"en","districtName":""},{"cityName":"Banta Tengeh","countryName":"Singapore","localeCode":"en","districtName":""},{"cityName":"Bajau Estate","countryName":"Singapore","localeCode":"en","districtName":""},{"cityName":"Ardmore Flats","countryName":"Singapore","localeCode":"en","districtName":""},{"cityName":"Ama Keng","countryName":"Singapore","localeCode":"en","districtName":""},{"cityName":"Alexandra Estate","countryName":"Singapore","localeCode":"en","districtName":""},{"cityName":"Aik Hong and Aik Chiang Estate","countryName":"Singapore","localeCode":"en","districtName":""},{"cityName":"Adelphi Park Estate","countryName":"Singapore","localeCode":"en","districtName":""},{"cityName":"Adam Park","countryName":"Singapore","localeCode":"en","districtName":""},{"cityName":"Ayer Raja New Town","countryName":"Singapore","localeCode":"en","districtName":""},{"cityName":"Bishan New Town","countryName":"Singapore","localeCode":"en","districtName":""},{"cityName":"Bukit Batok New Town","countryName":"Singapore","localeCode":"en","districtName":""},{"cityName":"Bukit Ho Swee Estate","countryName":"Singapore","localeCode":"en","districtName":""},{"cityName":"Henderson Estate","countryName":"Singapore","localeCode":"en","districtName":""},{"cityName":"Hougang New Town","countryName":"Singapore","localeCode":"en","districtName":""},{"cityName":"Jurong East New Town","countryName":"Singapore","localeCode":"en","districtName":""},{"cityName":"Jurong Town","countryName":"Singapore","localeCode":"en","districtName":""},{"cityName":"Jurong West New Town","countryName":"Singapore","localeCode":"en","districtName":""},{"cityName":"Kaki Bukit Estate","countryName":"Singapore","localeCode":"en","districtName":""},{"cityName":"MacPherson","countryName":"Singapore","localeCode":"en","districtName":""},{"cityName":"Outram Park","countryName":"Singapore","localeCode":"en","districtName":""},{"cityName":"Serangoon New Town","countryName":"Singapore","localeCode":"en","districtName":""},{"cityName":"Simei New Town","countryName":"Singapore","localeCode":"en","districtName":""},{"cityName":"Saint Michael's Estate","countryName":"Singapore","localeCode":"en","districtName":""},{"cityName":"Tampines New Town","countryName":"Singapore","localeCode":"en","districtName":""},{"cityName":"Tanglin Halt","countryName":"Singapore","localeCode":"en","districtName":""},{"cityName":"Xilin Estate","countryName":"Singapore","localeCode":"en","districtName":""},{"cityName":"Yishun New Town","countryName":"Singapore","localeCode":"en","districtName":""},{"cityName":"Lim Chu Kang","countryName":"Singapore","localeCode":"en","districtName":""},{"cityName":"Woodlands New Town","countryName":"Singapore","localeCode":"en","districtName":""},{"cityName":"Sungai Mandai Village","countryName":"Singapore","localeCode":"en","districtName":""},{"cityName":"Bukit Panjang Estate","countryName":"Singapore","localeCode":"en","districtName":""},{"cityName":"Springleaf Park","countryName":"Singapore","localeCode":"en","districtName":""},{"cityName":"Teacher's Housing Estate","countryName":"Singapore","localeCode":"en","districtName":""},{"cityName":"Kangkar","countryName":"Singapore","localeCode":"en","districtName":""},{"cityName":"Boon Lay Resettlement Area","countryName":"Singapore","localeCode":"en","districtName":""},{"cityName":"Bamboo Grove Park","countryName":"Singapore","localeCode":"en","districtName":""},{"cityName":"Soo Chow Garden","countryName":"Singapore","localeCode":"en","districtName":""},{"cityName":"Thomson Garden Estate","countryName":"Singapore","localeCode":"en","districtName":""},{"cityName":"Mayflower Estate","countryName":"Singapore","localeCode":"en","districtName":""},{"cityName":"Thomson Ridge Estate","countryName":"Singapore","localeCode":"en","districtName":""},{"cityName":"Thomson Park","countryName":"Singapore","localeCode":"en","districtName":""},{"cityName":"Tai Hwan Gardens","countryName":"Singapore","localeCode":"en","districtName":""},{"cityName":"Goldhill Gardens","countryName":"Singapore","localeCode":"en","districtName":""},{"cityName":"Watten Estate","countryName":"Singapore","localeCode":"en","districtName":""},{"cityName":"Hillcrest Park","countryName":"Singapore","localeCode":"en","districtName":""},{"cityName":"Lucky Park","countryName":"Singapore","localeCode":"en","districtName":""},{"cityName":"Brizay Park","countryName":"Singapore","localeCode":"en","districtName":""},{"cityName":"Ban Guan Park","countryName":"Singapore","localeCode":"en","districtName":""},{"cityName":"Shamrock Park","countryName":"Singapore","localeCode":"en","districtName":""},{"cityName":"Coronation Gardens","countryName":"Singapore","localeCode":"en","districtName":""},{"cityName":"Rebecca Park","countryName":"Singapore","localeCode":"en","districtName":""},{"cityName":"Pandan Valley","countryName":"Singapore","localeCode":"en","districtName":""},{"cityName":"Eng Khong Gardens","countryName":"Singapore","localeCode":"en","districtName":""},{"cityName":"Hong Leong Garden","countryName":"Singapore","localeCode":"en","districtName":""},{"cityName":"Faber Hills","countryName":"Singapore","localeCode":"en","districtName":""},{"cityName":"Sussex Estate","countryName":"Singapore","localeCode":"en","districtName":""},{"cityName":"Ghim Moh","countryName":"Singapore","localeCode":"en","districtName":""},{"cityName":"Chinese Gardens","countryName":"Singapore","localeCode":"en","districtName":""},{"cityName":"Chip Hock Garden","countryName":"Singapore","localeCode":"en","districtName":""},{"cityName":"Sommerville Estate","countryName":"Singapore","localeCode":"en","districtName":""},{"cityName":"Kimlin Park","countryName":"Singapore","localeCode":"en","districtName":""},{"cityName":"Dragon View Park","countryName":"Singapore","localeCode":"en","districtName":""},{"cityName":"Delta Estate","countryName":"Singapore","localeCode":"en","districtName":""},{"cityName":"York Hill Estate","countryName":"Singapore","localeCode":"en","districtName":""},{"cityName":"Kampong Silat Estate","countryName":"Singapore","localeCode":"en","districtName":""},{"cityName":"Mount Emily Park","countryName":"Singapore","localeCode":"en","districtName":""},{"cityName":"People's Park","countryName":"Singapore","localeCode":"en","districtName":""},{"cityName":"Charlton Park","countryName":"Singapore","localeCode":"en","districtName":""},{"cityName":"Kampong Siren","countryName":"Singapore","localeCode":"en","districtName":""},{"cityName":"Peoples Garden","countryName":"Singapore","localeCode":"en","districtName":""},{"cityName":"Hai Sing Park","countryName":"Singapore","localeCode":"en","districtName":""},{"cityName":"Fish Farming Estate","countryName":"Singapore","localeCode":"en","districtName":""},{"cityName":"Punggol Estate","countryName":"Singapore","localeCode":"en","districtName":""},{"cityName":"Bena Park","countryName":"Singapore","localeCode":"en","districtName":""},{"cityName":"Kampong Wing Loong","countryName":"Singapore","localeCode":"en","districtName":""},{"cityName":"Kampong Darat Nanas","countryName":"Singapore","localeCode":"en","districtName":""},{"cityName":"East View Garden","countryName":"Singapore","localeCode":"en","districtName":""},{"cityName":"Kampong Harvey","countryName":"Singapore","localeCode":"en","districtName":""},{"cityName":"Kim Chuan","countryName":"Singapore","localeCode":"en","districtName":""},{"cityName":"Tai Kheng Gardens","countryName":"Singapore","localeCode":"en","districtName":""},{"cityName":"Ah Soo Garden","countryName":"Singapore","localeCode":"en","districtName":""},{"cityName":"Raya Garden","countryName":"Singapore","localeCode":"en","districtName":""},{"cityName":"Quemoy Park","countryName":"Singapore","localeCode":"en","districtName":""},{"cityName":"Happy Gardens","countryName":"Singapore","localeCode":"en","districtName":""},{"cityName":"Chai Chee Estate","countryName":"Singapore","localeCode":"en","districtName":""},{"cityName":"Siew Lim Park","countryName":"Singapore","localeCode":"en","districtName":""},{"cityName":"Bedok Village","countryName":"Singapore","localeCode":"en","districtName":""},{"cityName":"Bedok Garden","countryName":"Singapore","localeCode":"en","districtName":""},{"cityName":"Kampong Tanah Merah Kechil","countryName":"Singapore","localeCode":"en","districtName":""},{"cityName":"Lucky Hills","countryName":"Singapore","localeCode":"en","districtName":""},{"cityName":"Kampong Sek Lim","countryName":"Singapore","localeCode":"en","districtName":""},{"cityName":"Eastern Gardens","countryName":"Singapore","localeCode":"en","districtName":""},{"cityName":"Marine Parade","countryName":"Singapore","localeCode":"en","districtName":""},{"cityName":"Rose Garden","countryName":"Singapore","localeCode":"en","districtName":""},{"cityName":"Gay World Park","countryName":"Singapore","localeCode":"en","districtName":""},{"cityName":"Kampong Sakeng","countryName":"Singapore","localeCode":"en","districtName":""},{"cityName":"Fernhill Gardens","countryName":"Singapore","localeCode":"en","districtName":""},{"cityName":"Tian Guan Estate","countryName":"Singapore","localeCode":"en","districtName":""},{"cityName":"Tiong Guan Estate","countryName":"Singapore","localeCode":"en","districtName":""},{"cityName":"Ang Mo Kio New Town","countryName":"Singapore","localeCode":"en","districtName":""},{"cityName":"Bukit Panjang New Town","countryName":"Singapore","localeCode":"en","districtName":""},{"cityName":"Bedok New Town","countryName":"Singapore","localeCode":"en","districtName":""},{"cityName":"Clementi New Town","countryName":"Singapore","localeCode":"en","districtName":""},{"cityName":"Pasir Ris New Town","countryName":"Singapore","localeCode":"en","districtName":""},{"cityName":"Queenstown Estate","countryName":"Singapore","localeCode":"en","districtName":""},{"cityName":"Telok Blangah New Town","countryName":"Singapore","localeCode":"en","districtName":""},{"cityName":"Choa Chu Kang New Town","countryName":"Singapore","localeCode":"en","districtName":""},{"cityName":"Bedok Ville","countryName":"Singapore","localeCode":"en","districtName":""},{"cityName":"Faber Garden","countryName":"Singapore","localeCode":"en","districtName":""},{"cityName":"Kam Wak Hassan","countryName":"Singapore","localeCode":"en","districtName":""},{"cityName":"Gamat-eMas Network (Singapore) Blk 34, Whampoa West","countryName":"Singapore","localeCode":"en","districtName":""},{"cityName":"Blk 822 Jurong West Street 81","countryName":"Singapore","localeCode":"en","districtName":""},{"cityName":"Johor","countryName":"Singapore","localeCode":"en","districtName":""},{"cityName":"Night Safari","countryName":"Singapore","localeCode":"en","districtName":""},{"cityName":"Novena","countryName":"Singapore","localeCode":"en","districtName":""},{"cityName":"Eunos","countryName":"Singapore","localeCode":"en","districtName":""},{"cityName":"Bugis","countryName":"Singapore","localeCode":"en","districtName":""},{"cityName":"Admiralty","countryName":"Singapore","localeCode":"en","districtName":""},{"cityName":"Orchard","countryName":"Singapore","localeCode":"en","districtName":""},{"cityName":"Bukit Timah","countryName":"Singapore","localeCode":"en","districtName":""},{"cityName":"Lavender","countryName":"Singapore","localeCode":"en","districtName":""},{"cityName":"Newton","countryName":"Singapore","localeCode":"en","districtName":""},{"cityName":"Raffles Place","countryName":"Singapore","localeCode":"en","districtName":""},{"cityName":"Sengkang New Town","countryName":"Singapore","localeCode":"en","districtName":""},{"cityName":"HarbourFront","countryName":"Singapore","localeCode":"en","districtName":""},{"cityName":"Delta Road","countryName":"Singapore","localeCode":"en","districtName":""},{"cityName":"Lower Delta Road","countryName":"Singapore","localeCode":"en","districtName":""},{"cityName":"Marina Bay","countryName":"Singapore","localeCode":"en","districtName":""}]