[{"cityName":"Zorgvliet","countryName":"Suriname"},{"cityName":"Zorg en Hoop","countryName":"Suriname"},{"cityName":"Zoewatta","countryName":"Suriname"},{"cityName":"Zoelen","countryName":"Suriname"},{"cityName":"Zanderij II","countryName":"Suriname"},{"cityName":"Zanderij","countryName":"Suriname"},{"cityName":"Wonoredjo","countryName":"Suriname"},{"cityName":"Wittikamba","countryName":"Suriname"},{"cityName":"Wittiehede Ston","countryName":"Suriname"},{"cityName":"Wijngaardekondre","countryName":"Suriname"},{"cityName":"Wiesawinie","countryName":"Suriname"},{"cityName":"Watervliet","countryName":"Suriname"},{"cityName":"Waterloo","countryName":"Suriname"},{"cityName":"Waterland","countryName":"Suriname"},{"cityName":"Wasjabo","countryName":"Suriname"},{"cityName":"Warnakomoponafaja","countryName":"Suriname"},{"cityName":"Wanhatti","countryName":"Suriname"},{"cityName":"Waktibasoe","countryName":"Suriname"},{"cityName":"Wageningen","countryName":"Suriname"},{"cityName":"Voetoekaba","countryName":"Suriname"},{"cityName":"Visserszorg","countryName":"Suriname"},{"cityName":"Vier Kinderen","countryName":"Suriname"},{"cityName":"Vertrouwen","countryName":"Suriname"},{"cityName":"Veer","countryName":"Suriname"},{"cityName":"Utrecht","countryName":"Suriname"},{"cityName":"Uitkijk","countryName":"Suriname"},{"cityName":"Tulpenburg","countryName":"Suriname"},{"cityName":"Tourtonne","countryName":"Suriname"},{"cityName":"Totness","countryName":"Suriname"},{"cityName":"Totikamp","countryName":"Suriname"},{"cityName":"Topibo","countryName":"Suriname"},{"cityName":"Tomemoene","countryName":"Suriname"},{"cityName":"Tojakondre","countryName":"Suriname"},{"cityName":"Toemaripa","countryName":"Suriname"},{"cityName":"Toekoppie","countryName":"Suriname"},{"cityName":"Toeboeka","countryName":"Suriname"},{"cityName":"Toanke","countryName":"Suriname"},{"cityName":"Tjakkatjakka Ston","countryName":"Suriname"},{"cityName":"Tioboto","countryName":"Suriname"},{"cityName":"Tapontekampoe","countryName":"Suriname"},{"cityName":"Tapoeripa","countryName":"Suriname"},{"cityName":"Tapahoekoe","countryName":"Suriname"},{"cityName":"Tambaredjo","countryName":"Suriname"},{"cityName":"Tamarin","countryName":"Suriname"},{"cityName":"Tamanredjo","countryName":"Suriname"},{"cityName":"Tabrikiekondre","countryName":"Suriname"},{"cityName":"Swampoekondre","countryName":"Suriname"},{"cityName":"Suzannasdaal","countryName":"Suriname"},{"cityName":"Suhoza","countryName":"Suriname"},{"cityName":"Stonkoe","countryName":"Suriname"},{"cityName":"Stonkampoe","countryName":"Suriname"},{"cityName":"Stonehoekoe","countryName":"Suriname"},{"cityName":"Stoepenveer","countryName":"Suriname"},{"cityName":"Stoelmanseiland","countryName":"Suriname"},{"cityName":"Spieringshoek","countryName":"Suriname"},{"cityName":"Sonnakampoe","countryName":"Suriname"},{"cityName":"Sola","countryName":"Suriname"},{"cityName":"Soekroewatra","countryName":"Suriname"},{"cityName":"Soekibaka","countryName":"Suriname"},{"cityName":"Smithfield","countryName":"Suriname"},{"cityName":"Smalkalden","countryName":"Suriname"},{"cityName":"Slootwijk","countryName":"Suriname"},{"cityName":"Slee","countryName":"Suriname"},{"cityName":"Sikakamp","countryName":"Suriname"},{"cityName":"Sidoredjo","countryName":"Suriname"},{"cityName":"Sidodadi","countryName":"Suriname"},{"cityName":"Sesebiase","countryName":"Suriname"},{"cityName":"Semoisi","countryName":"Suriname"},{"cityName":"Sectie Oost","countryName":"Suriname"},{"cityName":"Seboewatra","countryName":"Suriname"},{"cityName":"Saye","countryName":"Suriname"},{"cityName":"Sara Maria","countryName":"Suriname"},{"cityName":"Sarah","countryName":"Suriname"},{"cityName":"Sapende","countryName":"Suriname"},{"cityName":"Santigron","countryName":"Suriname"},{"cityName":"Saniki","countryName":"Suriname"},{"cityName":"Sangsimasoesa","countryName":"Suriname"},{"cityName":"Sanbendoemie","countryName":"Suriname"},{"cityName":"Samargini","countryName":"Suriname"},{"cityName":"Salinkondre","countryName":"Suriname"},{"cityName":"Saje","countryName":"Suriname"},{"cityName":"Sabaroe","countryName":"Suriname"},{"cityName":"Sabanpassie","countryName":"Suriname"},{"cityName":"Sabana","countryName":"Suriname"},{"cityName":"Sabakoe","countryName":"Suriname"},{"cityName":"Rosebel","countryName":"Suriname"},{"cityName":"Rorac","countryName":"Suriname"},{"cityName":"Ricanau Moffo","countryName":"Suriname"},{"cityName":"Ricanau","countryName":"Suriname"},{"cityName":"Reynsdorp","countryName":"Suriname"},{"cityName":"Republiek","countryName":"Suriname"},{"cityName":"Remontcourt","countryName":"Suriname"},{"cityName":"Reinsdorp","countryName":"Suriname"},{"cityName":"Rama","countryName":"Suriname"},{"cityName":"Rainville","countryName":"Suriname"},{"cityName":"Prodokaba","countryName":"Suriname"},{"cityName":"Prassara Kondre","countryName":"Suriname"},{"cityName":"Powakka","countryName":"Suriname"},{"cityName":"Potribo","countryName":"Suriname"},{"cityName":"Post Leyden","countryName":"Suriname"},{"cityName":"Portorico","countryName":"Suriname"},{"cityName":"Pontoetoe","countryName":"Suriname"},{"cityName":"Pomona","countryName":"Suriname"},{"cityName":"Pokigron","countryName":"Suriname"},{"cityName":"Poitehede","countryName":"Suriname"},{"cityName":"Poigron","countryName":"Suriname"},{"cityName":"Poesoegroenoe","countryName":"Suriname"},{"cityName":"Poelwijk","countryName":"Suriname"},{"cityName":"Poeloegoedoe","countryName":"Suriname"},{"cityName":"Poeketi","countryName":"Suriname"},{"cityName":"Pleike","countryName":"Suriname"},{"cityName":"Pisori","countryName":"Suriname"},{"cityName":"Pisjang","countryName":"Suriname"},{"cityName":"Pisiemoengo","countryName":"Suriname"},{"cityName":"Pinatjarimi","countryName":"Suriname"},{"cityName":"Pilgrimkondre","countryName":"Suriname"},{"cityName":"Pikien Santi","countryName":"Suriname"},{"cityName":"Pikienkondre","countryName":"Suriname"},{"cityName":"Pieterszorg","countryName":"Suriname"},{"cityName":"Phedra","countryName":"Suriname"},{"cityName":"Pepejoe","countryName":"Suriname"},{"cityName":"Pempe","countryName":"Suriname"},{"cityName":"Pauwie","countryName":"Suriname"},{"cityName":"Paubasoe","countryName":"Suriname"},{"cityName":"Passikondre","countryName":"Suriname"},{"cityName":"Paranam","countryName":"Suriname"},{"cityName":"Paramaribo","countryName":"Suriname"},{"cityName":"Paradise","countryName":"Suriname"},{"cityName":"Paradijs","countryName":"Suriname"},{"cityName":"Papatam Kondre","countryName":"Suriname"},{"cityName":"Panapi","countryName":"Suriname"},{"cityName":"Pakka-Pakka","countryName":"Suriname"},{"cityName":"Pakira Kondre","countryName":"Suriname"},{"cityName":"Pada","countryName":"Suriname"},{"cityName":"Oxford","countryName":"Suriname"},{"cityName":"Ovilonholloi","countryName":"Suriname"},{"cityName":"Overtoom","countryName":"Suriname"},{"cityName":"Oposeilangahoekoe","countryName":"Suriname"},{"cityName":"Oplanie","countryName":"Suriname"},{"cityName":"Onverwacht","countryName":"Suriname"},{"cityName":"Onverdacht","countryName":"Suriname"},{"cityName":"Onoribo","countryName":"Suriname"},{"cityName":"Onikaikondre","countryName":"Suriname"},{"cityName":"Oemansanti","countryName":"Suriname"},{"cityName":"Oemakondre","countryName":"Suriname"},{"cityName":"Nooitgedacht","countryName":"Suriname"},{"cityName":"Njoeng Jacobkondre","countryName":"Suriname"},{"cityName":"Nieuw Nickerie","countryName":"Suriname"},{"cityName":"Nieuw Mocha","countryName":"Suriname"},{"cityName":"Nieuw Meerzorg","countryName":"Suriname"},{"cityName":"Nieuw Lombe","countryName":"Suriname"},{"cityName":"Nieuw Amsterdam","countryName":"Suriname"},{"cityName":"Nason","countryName":"Suriname"},{"cityName":"Mungo","countryName":"Suriname"},{"cityName":"Moy","countryName":"Suriname"},{"cityName":"Morgenstond","countryName":"Suriname"},{"cityName":"Mooitakie","countryName":"Suriname"},{"cityName":"Mon Tresor","countryName":"Suriname"},{"cityName":"Mon Souci","countryName":"Suriname"},{"cityName":"Mon Plaisir","countryName":"Suriname"},{"cityName":"Mongotapoe","countryName":"Suriname"},{"cityName":"Moisimoisikondre","countryName":"Suriname"},{"cityName":"Mofina","countryName":"Suriname"},{"cityName":"Moetoetoetabriki","countryName":"Suriname"},{"cityName":"Moengo","countryName":"Suriname"},{"cityName":"Moelakondre","countryName":"Suriname"},{"cityName":"Moederzorg","countryName":"Suriname"},{"cityName":"Misalibiekondre","countryName":"Suriname"},{"cityName":"Meerzorg","countryName":"Suriname"},{"cityName":"Mattawaribo","countryName":"Suriname"},{"cityName":"Matta","countryName":"Suriname"},{"cityName":"Matappi","countryName":"Suriname"},{"cityName":"Mason Kondre","countryName":"Suriname"},{"cityName":"Mary's Hope","countryName":"Suriname"},{"cityName":"Maripaondre","countryName":"Suriname"},{"cityName":"Marienburg","countryName":"Suriname"},{"cityName":"Marias Lust","countryName":"Suriname"},{"cityName":"Mariashoop","countryName":"Suriname"},{"cityName":"Marechalskriki","countryName":"Suriname"},{"cityName":"Marechalskondre","countryName":"Suriname"},{"cityName":"Mansi","countryName":"Suriname"},{"cityName":"Manlobi","countryName":"Suriname"},{"cityName":"Manjaboomkondre","countryName":"Suriname"},{"cityName":"Manillakondre","countryName":"Suriname"},{"cityName":"Manchester","countryName":"Suriname"},{"cityName":"Malrosee-Kondre","countryName":"Suriname"},{"cityName":"Malobbi","countryName":"Suriname"},{"cityName":"Malaitawa","countryName":"Suriname"},{"cityName":"Makkakriki","countryName":"Suriname"},{"cityName":"Makampe","countryName":"Suriname"},{"cityName":"Makami","countryName":"Suriname"},{"cityName":"Makajapingo","countryName":"Suriname"},{"cityName":"Majoli Twee","countryName":"Suriname"},{"cityName":"Magdatien","countryName":"Suriname"},{"cityName":"Maboga","countryName":"Suriname"},{"cityName":"Mabo Een","countryName":"Suriname"},{"cityName":"Mabo B","countryName":"Suriname"},{"cityName":"Maasstroom","countryName":"Suriname"},{"cityName":"Lombe","countryName":"Suriname"},{"cityName":"Loksie Hatti","countryName":"Suriname"},{"cityName":"Livorno","countryName":"Suriname"},{"cityName":"Leonsberg","countryName":"Suriname"},{"cityName":"Lemmiki","countryName":"Suriname"},{"cityName":"Lelydorp","countryName":"Suriname"},{"cityName":"Leliendaal","countryName":"Suriname"},{"cityName":"Leasowes","countryName":"Suriname"},{"cityName":"La Tour","countryName":"Suriname"},{"cityName":"La Simplicite","countryName":"Suriname"},{"cityName":"La Ressource","countryName":"Suriname"},{"cityName":"La Providence","countryName":"Suriname"},{"cityName":"La Poule","countryName":"Suriname"},{"cityName":"Lantiwei","countryName":"Suriname"},{"cityName":"Langatabbetje","countryName":"Suriname"},{"cityName":"Langamankondre","countryName":"Suriname"},{"cityName":"Langa Hoekoe","countryName":"Suriname"},{"cityName":"Landsboerderij","countryName":"Suriname"},{"cityName":"Ladoewanie","countryName":"Suriname"},{"cityName":"Laarwijk","countryName":"Suriname"},{"cityName":"Kwattahede","countryName":"Suriname"},{"cityName":"Kwamalasamutu","countryName":"Suriname"},{"cityName":"Kwakoegron","countryName":"Suriname"},{"cityName":"Kronenburg","countryName":"Suriname"},{"cityName":"Krikie","countryName":"Suriname"},{"cityName":"Kraka","countryName":"Suriname"},{"cityName":"Kopi Ondroo","countryName":"Suriname"},{"cityName":"Kontina","countryName":"Suriname"},{"cityName":"Koffiekamp","countryName":"Suriname"},{"cityName":"Koemboe","countryName":"Suriname"},{"cityName":"Klokondre","countryName":"Suriname"},{"cityName":"Klein Poika","countryName":"Suriname"},{"cityName":"Klein Chatillon","countryName":"Suriname"},{"cityName":"Klaverblad","countryName":"Suriname"},{"cityName":"Katwijk","countryName":"Suriname"},{"cityName":"Kapoesanti","countryName":"Suriname"},{"cityName":"Kapasie Kree","countryName":"Suriname"},{"cityName":"Kampong Baroe","countryName":"Suriname"},{"cityName":"Kamaloea","countryName":"Suriname"},{"cityName":"Kalfoekondre","countryName":"Suriname"},{"cityName":"Kalebas Kreek","countryName":"Suriname"},{"cityName":"Kadjoe","countryName":"Suriname"},{"cityName":"Kabelstation","countryName":"Suriname"},{"cityName":"Kabelpont","countryName":"Suriname"},{"cityName":"Kaaimanston","countryName":"Suriname"},{"cityName":"Johannesburg","countryName":"Suriname"},{"cityName":"Johanna-Margaretha","countryName":"Suriname"},{"cityName":"Jodensavanne","countryName":"Suriname"},{"cityName":"Jenny","countryName":"Suriname"},{"cityName":"Java","countryName":"Suriname"},{"cityName":"Janemale","countryName":"Suriname"},{"cityName":"Jaimeskondre","countryName":"Suriname"},{"cityName":"Jagtlust","countryName":"Suriname"},{"cityName":"Jacobkondre","countryName":"Suriname"},{"cityName":"Intelwakondre","countryName":"Suriname"},{"cityName":"Ingipoe","countryName":"Suriname"},{"cityName":"Ingikondre","countryName":"Suriname"},{"cityName":"Huwelijkszorg","countryName":"Suriname"},{"cityName":"Hoofdkamp","countryName":"Suriname"},{"cityName":"Hildesheim","countryName":"Suriname"},{"cityName":"Herstelling","countryName":"Suriname"},{"cityName":"Herminadorp","countryName":"Suriname"},{"cityName":"Heidoti","countryName":"Suriname"},{"cityName":"Hecht en Sterk","countryName":"Suriname"},{"cityName":"Hanover","countryName":"Suriname"},{"cityName":"Hampton Court","countryName":"Suriname"},{"cityName":"Hamilton","countryName":"Suriname"},{"cityName":"Hamburg","countryName":"Suriname"},{"cityName":"Haarlem","countryName":"Suriname"},{"cityName":"Gwegwefoetoe","countryName":"Suriname"},{"cityName":"Guyanagoudplacer","countryName":"Suriname"},{"cityName":"Gros","countryName":"Suriname"},{"cityName":"Groot Poika","countryName":"Suriname"},{"cityName":"Groot Henarpolder","countryName":"Suriname"},{"cityName":"Groot Chatillon","countryName":"Suriname"},{"cityName":"Groningen","countryName":"Suriname"},{"cityName":"Groenkreek","countryName":"Suriname"},{"cityName":"Gran Slee","countryName":"Suriname"},{"cityName":"Granmankondre","countryName":"Suriname"},{"cityName":"Grankopi","countryName":"Suriname"},{"cityName":"Grandam","countryName":"Suriname"},{"cityName":"Granbori","countryName":"Suriname"},{"cityName":"Gonoe","countryName":"Suriname"},{"cityName":"Goejaba","countryName":"Suriname"},{"cityName":"Godowatra","countryName":"Suriname"},{"cityName":"Goddodrai","countryName":"Suriname"},{"cityName":"Goddo","countryName":"Suriname"},{"cityName":"Gloria","countryName":"Suriname"},{"cityName":"Glasgow","countryName":"Suriname"},{"cityName":"Geyersvlijt","countryName":"Suriname"},{"cityName":"George Kondre","countryName":"Suriname"},{"cityName":"Gelderland","countryName":"Suriname"},{"cityName":"Gege","countryName":"Suriname"},{"cityName":"Geertruidenberg","countryName":"Suriname"},{"cityName":"Gansee","countryName":"Suriname"},{"cityName":"Ganiakondre","countryName":"Suriname"},{"cityName":"Galibi","countryName":"Suriname"},{"cityName":"Gakaba","countryName":"Suriname"},{"cityName":"Friendship","countryName":"Suriname"},{"cityName":"Fransman Landing","countryName":"Suriname"},{"cityName":"Fossi Bergi","countryName":"Suriname"},{"cityName":"Flora","countryName":"Suriname"},{"cityName":"Fijetti","countryName":"Suriname"},{"cityName":"Esthers Lust","countryName":"Suriname"},{"cityName":"Ephrata","countryName":"Suriname"},{"cityName":"Elisabeth's Hoop","countryName":"Suriname"},{"cityName":"Elisabethshof","countryName":"Suriname"},{"cityName":"Einde Rust","countryName":"Suriname"},{"cityName":"Eduardkondre","countryName":"Suriname"},{"cityName":"Drietabbetje","countryName":"Suriname"},{"cityName":"Draai","countryName":"Suriname"},{"cityName":"Dotti Bergi","countryName":"Suriname"},{"cityName":"Donderkamp","countryName":"Suriname"},{"cityName":"Domburg","countryName":"Suriname"},{"cityName":"Dombaai","countryName":"Suriname"},{"cityName":"Djoemoe","countryName":"Suriname"},{"cityName":"Dissiong","countryName":"Suriname"},{"cityName":"Dirkshoop","countryName":"Suriname"},{"cityName":"De Vrede","countryName":"Suriname"},{"cityName":"Destombesburg","countryName":"Suriname"},{"cityName":"Dekweh","countryName":"Suriname"},{"cityName":"De Jong Zuid","countryName":"Suriname"},{"cityName":"De Jong Noord","countryName":"Suriname"},{"cityName":"Dehan","countryName":"Suriname"},{"cityName":"De Goede Hoop","countryName":"Suriname"},{"cityName":"De Drie Gebroeders","countryName":"Suriname"},{"cityName":"Deboe","countryName":"Suriname"},{"cityName":"Dankbaarheid","countryName":"Suriname"},{"cityName":"Dang","countryName":"Suriname"},{"cityName":"Dampoentoeng","countryName":"Suriname"},{"cityName":"Dam Parra","countryName":"Suriname"},{"cityName":"Dam","countryName":"Suriname"},{"cityName":"Dahomey","countryName":"Suriname"},{"cityName":"Dablasiekondre","countryName":"Suriname"},{"cityName":"Cupido","countryName":"Suriname"},{"cityName":"Crappahoek","countryName":"Suriname"},{"cityName":"Cottica","countryName":"Suriname"},{"cityName":"Corneliskondre","countryName":"Suriname"},{"cityName":"Coppenamepunt","countryName":"Suriname"},{"cityName":"Copie","countryName":"Suriname"},{"cityName":"Copaivagogo","countryName":"Suriname"},{"cityName":"Constantia","countryName":"Suriname"},{"cityName":"Commissaris Kondre","countryName":"Suriname"},{"cityName":"Clevia","countryName":"Suriname"},{"cityName":"Clementie","countryName":"Suriname"},{"cityName":"Christiaankondre","countryName":"Suriname"},{"cityName":"Charlottenburg","countryName":"Suriname"},{"cityName":"Catharina Sophia","countryName":"Suriname"},{"cityName":"Cassipora","countryName":"Suriname"},{"cityName":"Cassabeondre","countryName":"Suriname"},{"cityName":"Carolina","countryName":"Suriname"},{"cityName":"Carl Francois","countryName":"Suriname"},{"cityName":"Caledonia","countryName":"Suriname"},{"cityName":"Calcutta","countryName":"Suriname"},{"cityName":"Calbo","countryName":"Suriname"},{"cityName":"Cajana","countryName":"Suriname"},{"cityName":"Burnside","countryName":"Suriname"},{"cityName":"Brownsweg","countryName":"Suriname"},{"cityName":"Brokopondo","countryName":"Suriname"},{"cityName":"Brokolonko Placer","countryName":"Suriname"},{"cityName":"Brokolonko","countryName":"Suriname"},{"cityName":"Broederschap","countryName":"Suriname"},{"cityName":"Boxel","countryName":"Suriname"},{"cityName":"Bottriekoe Santi","countryName":"Suriname"},{"cityName":"Botopasi","countryName":"Suriname"},{"cityName":"Boston","countryName":"Suriname"},{"cityName":"Boslanti","countryName":"Suriname"},{"cityName":"Bosland","countryName":"Suriname"},{"cityName":"Bombay","countryName":"Suriname"},{"cityName":"Bofe","countryName":"Suriname"},{"cityName":"Bloferie","countryName":"Suriname"},{"cityName":"Blauwgrond","countryName":"Suriname"},{"cityName":"Blakawatra","countryName":"Suriname"},{"cityName":"Bitagron","countryName":"Suriname"},{"cityName":"Birihoedoematoe","countryName":"Suriname"},{"cityName":"Bilawatra","countryName":"Suriname"},{"cityName":"Bigiston","countryName":"Suriname"},{"cityName":"Biakronie","countryName":"Suriname"},{"cityName":"Bethania","countryName":"Suriname"},{"cityName":"Berlijn","countryName":"Suriname"},{"cityName":"Bergen op Zoom","countryName":"Suriname"},{"cityName":"Berg en Dal","countryName":"Suriname"},{"cityName":"Berendslust","countryName":"Suriname"},{"cityName":"Berceba","countryName":"Suriname"},{"cityName":"Benzdorp","countryName":"Suriname"},{"cityName":"Belwaarde","countryName":"Suriname"},{"cityName":"Begoeba","countryName":"Suriname"},{"cityName":"Beerdoti","countryName":"Suriname"},{"cityName":"Batavia","countryName":"Suriname"},{"cityName":"Basiakampoe","countryName":"Suriname"},{"cityName":"Bamboesi","countryName":"Suriname"},{"cityName":"Baloemadam","countryName":"Suriname"},{"cityName":"Balin","countryName":"Suriname"},{"cityName":"Bakra Opposton","countryName":"Suriname"},{"cityName":"Bakrakondre","countryName":"Suriname"},{"cityName":"Baikoetoe","countryName":"Suriname"},{"cityName":"Awadam","countryName":"Suriname"},{"cityName":"Aurora","countryName":"Suriname"},{"cityName":"Auca","countryName":"Suriname"},{"cityName":"Atipakondre","countryName":"Suriname"},{"cityName":"Atereboto","countryName":"Suriname"},{"cityName":"Asognekondre","countryName":"Suriname"},{"cityName":"Asoenoebo","countryName":"Suriname"},{"cityName":"Asidonkondre","countryName":"Suriname"},{"cityName":"Asidonhopo","countryName":"Suriname"},{"cityName":"Asafiri Kondre","countryName":"Suriname"},{"cityName":"Arakoniekondre","countryName":"Suriname"},{"cityName":"Appikalo","countryName":"Suriname"},{"cityName":"Apotheki","countryName":"Suriname"},{"cityName":"Apoera","countryName":"Suriname"},{"cityName":"Apoekakondre","countryName":"Suriname"},{"cityName":"Apetina","countryName":"Suriname"},{"cityName":"Antonigron","countryName":"Suriname"},{"cityName":"Anna Maria","countryName":"Suriname"},{"cityName":"Aneewakondre","countryName":"Suriname"},{"cityName":"Anapi","countryName":"Suriname"},{"cityName":"Anapaike","countryName":"Suriname"},{"cityName":"Alopi","countryName":"Suriname"},{"cityName":"Aloepi Twee","countryName":"Suriname"},{"cityName":"Aloepi Een","countryName":"Suriname"},{"cityName":"Alliance","countryName":"Suriname"},{"cityName":"Alkmaar","countryName":"Suriname"},{"cityName":"Albina","countryName":"Suriname"},{"cityName":"Alalapadu","countryName":"Suriname"},{"cityName":"Akroikondre","countryName":"Suriname"},{"cityName":"Akoelitatajeprati","countryName":"Suriname"},{"cityName":"Akalikondre","countryName":"Suriname"},{"cityName":"Ajokojokondre","countryName":"Suriname"},{"cityName":"Agossa","countryName":"Suriname"},{"cityName":"Agitriondre","countryName":"Suriname"},{"cityName":"Agamakriki","countryName":"Suriname"},{"cityName":"Afobaka","countryName":"Suriname"},{"cityName":"Affivisiti","countryName":"Suriname"},{"cityName":"Adjoemakondre","countryName":"Suriname"},{"cityName":"Adjama","countryName":"Suriname"},{"cityName":"Adawai","countryName":"Suriname"},{"cityName":"Acote","countryName":"Suriname"},{"cityName":"Abontjeman","countryName":"Suriname"},{"cityName":"Abetwakondre","countryName":"Suriname"},{"cityName":"Abenekokondre","countryName":"Suriname"},{"cityName":"Abendanon","countryName":"Suriname"},{"cityName":"Abenaston","countryName":"Suriname"},{"cityName":"Abanna Kondre","countryName":"Suriname"},{"cityName":"Benzdorp (Monte Hermon)","countryName":"Suriname"},{"cityName":"Kabana-vo","countryName":"Suriname"},{"cityName":"Bernie's Projekt","countryName":"Suriname"},{"cityName":"Bernie's Park","countryName":"Suriname"},{"cityName":"De Boer Buiten","countryName":"Suriname"},{"cityName":"Stolk Buiten","countryName":"Suriname"},{"cityName":"Munder Buiten","countryName":"Suriname"},{"cityName":"Janki","countryName":"Suriname"},{"cityName":"Stolk","countryName":"Suriname"},{"cityName":"Van Dijk II","countryName":"Suriname"},{"cityName":"Polanen","countryName":"Suriname"},{"cityName":"Van Dijk I","countryName":"Suriname"},{"cityName":"Shaw","countryName":"Suriname"},{"cityName":"Zweers","countryName":"Suriname"},{"cityName":"Belair","countryName":"Suriname"},{"cityName":"Rosenberg","countryName":"Suriname"},{"cityName":"Tammenga","countryName":"Suriname"},{"cityName":"Via Bella","countryName":"Suriname"},{"cityName":"Volkswoning Projekt L'Hermitage","countryName":"Suriname"},{"cityName":"Half Flora","countryName":"Suriname"},{"cityName":"Bams","countryName":"Suriname"},{"cityName":"Duisburg en Onverwacht","countryName":"Suriname"},{"cityName":"Saron Zuid","countryName":"Suriname"},{"cityName":"Land Van Dijk","countryName":"Suriname"},{"cityName":"L'Hermitage","countryName":"Suriname"},{"cityName":"Poelepantje","countryName":"Suriname"},{"cityName":"Abrabrokie","countryName":"Suriname"},{"cityName":"Ondrobon","countryName":"Suriname"},{"cityName":"Bronsplein","countryName":"Suriname"},{"cityName":"Doerga","countryName":"Suriname"},{"cityName":"Van Kesselpark","countryName":"Suriname"},{"cityName":"Balona Park","countryName":"Suriname"},{"cityName":"Flamboyant","countryName":"Suriname"},{"cityName":"Kalpoe","countryName":"Suriname"},{"cityName":"Ramdjan","countryName":"Suriname"},{"cityName":"Politiebond","countryName":"Suriname"},{"cityName":"Welgelegen","countryName":"Suriname"},{"cityName":"Naipal","countryName":"Suriname"},{"cityName":"Militar","countryName":"Suriname"},{"cityName":"Peu et Content","countryName":"Suriname"},{"cityName":"Combe","countryName":"Suriname"},{"cityName":"Ma Retraite III","countryName":"Suriname"},{"cityName":"Ma Retraite II","countryName":"Suriname"},{"cityName":"Flamingo Park","countryName":"Suriname"},{"cityName":"Twee Kinderen","countryName":"Suriname"},{"cityName":"Nawa","countryName":"Suriname"},{"cityName":"Beekhuizen","countryName":"Suriname"},{"cityName":"Koeldipsing","countryName":"Suriname"},{"cityName":"Binda","countryName":"Suriname"},{"cityName":"Saron Noord","countryName":"Suriname"},{"cityName":"Ephraimszegen","countryName":"Suriname"},{"cityName":"Maikoe","countryName":"Suriname"},{"cityName":"Vogeiwijjk","countryName":"Suriname"},{"cityName":"Leonsburg","countryName":"Suriname"}]