[{"cityName":"Zorgvliet","countryName":"Suriname","localeCode":"en","districtName":""},{"cityName":"Zorg en Hoop","countryName":"Suriname","localeCode":"en","districtName":""},{"cityName":"Zoewatta","countryName":"Suriname","localeCode":"en","districtName":""},{"cityName":"Zoelen","countryName":"Suriname","localeCode":"en","districtName":""},{"cityName":"Zanderij II","countryName":"Suriname","localeCode":"en","districtName":""},{"cityName":"Zanderij","countryName":"Suriname","localeCode":"en","districtName":""},{"cityName":"Wonoredjo","countryName":"Suriname","localeCode":"en","districtName":""},{"cityName":"Wittikamba","countryName":"Suriname","localeCode":"en","districtName":""},{"cityName":"Wittiehede Ston","countryName":"Suriname","localeCode":"en","districtName":""},{"cityName":"Wijngaardekondre","countryName":"Suriname","localeCode":"en","districtName":""},{"cityName":"Wiesawinie","countryName":"Suriname","localeCode":"en","districtName":""},{"cityName":"Watervliet","countryName":"Suriname","localeCode":"en","districtName":""},{"cityName":"Waterloo","countryName":"Suriname","localeCode":"en","districtName":""},{"cityName":"Waterland","countryName":"Suriname","localeCode":"en","districtName":""},{"cityName":"Wasjabo","countryName":"Suriname","localeCode":"en","districtName":""},{"cityName":"Warnakomoponafaja","countryName":"Suriname","localeCode":"en","districtName":""},{"cityName":"Wanhatti","countryName":"Suriname","localeCode":"en","districtName":""},{"cityName":"Waktibasoe","countryName":"Suriname","localeCode":"en","districtName":""},{"cityName":"Wageningen","countryName":"Suriname","localeCode":"en","districtName":""},{"cityName":"Voetoekaba","countryName":"Suriname","localeCode":"en","districtName":""},{"cityName":"Visserszorg","countryName":"Suriname","localeCode":"en","districtName":""},{"cityName":"Vier Kinderen","countryName":"Suriname","localeCode":"en","districtName":""},{"cityName":"Vertrouwen","countryName":"Suriname","localeCode":"en","districtName":""},{"cityName":"Veer","countryName":"Suriname","localeCode":"en","districtName":""},{"cityName":"Utrecht","countryName":"Suriname","localeCode":"en","districtName":""},{"cityName":"Uitkijk","countryName":"Suriname","localeCode":"en","districtName":""},{"cityName":"Tulpenburg","countryName":"Suriname","localeCode":"en","districtName":""},{"cityName":"Tourtonne","countryName":"Suriname","localeCode":"en","districtName":""},{"cityName":"Totness","countryName":"Suriname","localeCode":"en","districtName":""},{"cityName":"Totikamp","countryName":"Suriname","localeCode":"en","districtName":""},{"cityName":"Topibo","countryName":"Suriname","localeCode":"en","districtName":""},{"cityName":"Tomemoene","countryName":"Suriname","localeCode":"en","districtName":""},{"cityName":"Tojakondre","countryName":"Suriname","localeCode":"en","districtName":""},{"cityName":"Toemaripa","countryName":"Suriname","localeCode":"en","districtName":""},{"cityName":"Toekoppie","countryName":"Suriname","localeCode":"en","districtName":""},{"cityName":"Toeboeka","countryName":"Suriname","localeCode":"en","districtName":""},{"cityName":"Toanke","countryName":"Suriname","localeCode":"en","districtName":""},{"cityName":"Tjakkatjakka Ston","countryName":"Suriname","localeCode":"en","districtName":""},{"cityName":"Tioboto","countryName":"Suriname","localeCode":"en","districtName":""},{"cityName":"Tapontekampoe","countryName":"Suriname","localeCode":"en","districtName":""},{"cityName":"Tapoeripa","countryName":"Suriname","localeCode":"en","districtName":""},{"cityName":"Tapahoekoe","countryName":"Suriname","localeCode":"en","districtName":""},{"cityName":"Tambaredjo","countryName":"Suriname","localeCode":"en","districtName":""},{"cityName":"Tamarin","countryName":"Suriname","localeCode":"en","districtName":""},{"cityName":"Tamanredjo","countryName":"Suriname","localeCode":"en","districtName":""},{"cityName":"Tabrikiekondre","countryName":"Suriname","localeCode":"en","districtName":""},{"cityName":"Swampoekondre","countryName":"Suriname","localeCode":"en","districtName":""},{"cityName":"Suzannasdaal","countryName":"Suriname","localeCode":"en","districtName":""},{"cityName":"Suhoza","countryName":"Suriname","localeCode":"en","districtName":""},{"cityName":"Stonkoe","countryName":"Suriname","localeCode":"en","districtName":""},{"cityName":"Stonkampoe","countryName":"Suriname","localeCode":"en","districtName":""},{"cityName":"Stonehoekoe","countryName":"Suriname","localeCode":"en","districtName":""},{"cityName":"Stoepenveer","countryName":"Suriname","localeCode":"en","districtName":""},{"cityName":"Stoelmanseiland","countryName":"Suriname","localeCode":"en","districtName":""},{"cityName":"Spieringshoek","countryName":"Suriname","localeCode":"en","districtName":""},{"cityName":"Sonnakampoe","countryName":"Suriname","localeCode":"en","districtName":""},{"cityName":"Sola","countryName":"Suriname","localeCode":"en","districtName":""},{"cityName":"Soekroewatra","countryName":"Suriname","localeCode":"en","districtName":""},{"cityName":"Soekibaka","countryName":"Suriname","localeCode":"en","districtName":""},{"cityName":"Smithfield","countryName":"Suriname","localeCode":"en","districtName":""},{"cityName":"Smalkalden","countryName":"Suriname","localeCode":"en","districtName":""},{"cityName":"Slootwijk","countryName":"Suriname","localeCode":"en","districtName":""},{"cityName":"Slee","countryName":"Suriname","localeCode":"en","districtName":""},{"cityName":"Sikakamp","countryName":"Suriname","localeCode":"en","districtName":""},{"cityName":"Sidoredjo","countryName":"Suriname","localeCode":"en","districtName":""},{"cityName":"Sidodadi","countryName":"Suriname","localeCode":"en","districtName":""},{"cityName":"Sesebiase","countryName":"Suriname","localeCode":"en","districtName":""},{"cityName":"Semoisi","countryName":"Suriname","localeCode":"en","districtName":""},{"cityName":"Sectie Oost","countryName":"Suriname","localeCode":"en","districtName":""},{"cityName":"Seboewatra","countryName":"Suriname","localeCode":"en","districtName":""},{"cityName":"Saye","countryName":"Suriname","localeCode":"en","districtName":""},{"cityName":"Sara Maria","countryName":"Suriname","localeCode":"en","districtName":""},{"cityName":"Sarah","countryName":"Suriname","localeCode":"en","districtName":""},{"cityName":"Sapende","countryName":"Suriname","localeCode":"en","districtName":""},{"cityName":"Santigron","countryName":"Suriname","localeCode":"en","districtName":""},{"cityName":"Saniki","countryName":"Suriname","localeCode":"en","districtName":""},{"cityName":"Sangsimasoesa","countryName":"Suriname","localeCode":"en","districtName":""},{"cityName":"Sanbendoemie","countryName":"Suriname","localeCode":"en","districtName":""},{"cityName":"Samargini","countryName":"Suriname","localeCode":"en","districtName":""},{"cityName":"Salinkondre","countryName":"Suriname","localeCode":"en","districtName":""},{"cityName":"Saje","countryName":"Suriname","localeCode":"en","districtName":""},{"cityName":"Sabaroe","countryName":"Suriname","localeCode":"en","districtName":""},{"cityName":"Sabanpassie","countryName":"Suriname","localeCode":"en","districtName":""},{"cityName":"Sabana","countryName":"Suriname","localeCode":"en","districtName":""},{"cityName":"Sabakoe","countryName":"Suriname","localeCode":"en","districtName":""},{"cityName":"Rosebel","countryName":"Suriname","localeCode":"en","districtName":""},{"cityName":"Rorac","countryName":"Suriname","localeCode":"en","districtName":""},{"cityName":"Ricanau Moffo","countryName":"Suriname","localeCode":"en","districtName":""},{"cityName":"Ricanau","countryName":"Suriname","localeCode":"en","districtName":""},{"cityName":"Reynsdorp","countryName":"Suriname","localeCode":"en","districtName":""},{"cityName":"Republiek","countryName":"Suriname","localeCode":"en","districtName":""},{"cityName":"Remontcourt","countryName":"Suriname","localeCode":"en","districtName":""},{"cityName":"Reinsdorp","countryName":"Suriname","localeCode":"en","districtName":""},{"cityName":"Rama","countryName":"Suriname","localeCode":"en","districtName":""},{"cityName":"Rainville","countryName":"Suriname","localeCode":"en","districtName":""},{"cityName":"Prodokaba","countryName":"Suriname","localeCode":"en","districtName":""},{"cityName":"Prassara Kondre","countryName":"Suriname","localeCode":"en","districtName":""},{"cityName":"Powakka","countryName":"Suriname","localeCode":"en","districtName":""},{"cityName":"Potribo","countryName":"Suriname","localeCode":"en","districtName":""},{"cityName":"Post Leyden","countryName":"Suriname","localeCode":"en","districtName":""},{"cityName":"Portorico","countryName":"Suriname","localeCode":"en","districtName":""},{"cityName":"Pontoetoe","countryName":"Suriname","localeCode":"en","districtName":""},{"cityName":"Pomona","countryName":"Suriname","localeCode":"en","districtName":""},{"cityName":"Pokigron","countryName":"Suriname","localeCode":"en","districtName":""},{"cityName":"Poitehede","countryName":"Suriname","localeCode":"en","districtName":""},{"cityName":"Poigron","countryName":"Suriname","localeCode":"en","districtName":""},{"cityName":"Poesoegroenoe","countryName":"Suriname","localeCode":"en","districtName":""},{"cityName":"Poelwijk","countryName":"Suriname","localeCode":"en","districtName":""},{"cityName":"Poeloegoedoe","countryName":"Suriname","localeCode":"en","districtName":""},{"cityName":"Poeketi","countryName":"Suriname","localeCode":"en","districtName":""},{"cityName":"Pleike","countryName":"Suriname","localeCode":"en","districtName":""},{"cityName":"Pisori","countryName":"Suriname","localeCode":"en","districtName":""},{"cityName":"Pisjang","countryName":"Suriname","localeCode":"en","districtName":""},{"cityName":"Pisiemoengo","countryName":"Suriname","localeCode":"en","districtName":""},{"cityName":"Pinatjarimi","countryName":"Suriname","localeCode":"en","districtName":""},{"cityName":"Pilgrimkondre","countryName":"Suriname","localeCode":"en","districtName":""},{"cityName":"Pikien Santi","countryName":"Suriname","localeCode":"en","districtName":""},{"cityName":"Pikienkondre","countryName":"Suriname","localeCode":"en","districtName":""},{"cityName":"Pieterszorg","countryName":"Suriname","localeCode":"en","districtName":""},{"cityName":"Phedra","countryName":"Suriname","localeCode":"en","districtName":""},{"cityName":"Pepejoe","countryName":"Suriname","localeCode":"en","districtName":""},{"cityName":"Pempe","countryName":"Suriname","localeCode":"en","districtName":""},{"cityName":"Pauwie","countryName":"Suriname","localeCode":"en","districtName":""},{"cityName":"Paubasoe","countryName":"Suriname","localeCode":"en","districtName":""},{"cityName":"Passikondre","countryName":"Suriname","localeCode":"en","districtName":""},{"cityName":"Paranam","countryName":"Suriname","localeCode":"en","districtName":""},{"cityName":"Paramaribo","countryName":"Suriname","localeCode":"en","districtName":""},{"cityName":"Paradise","countryName":"Suriname","localeCode":"en","districtName":""},{"cityName":"Paradijs","countryName":"Suriname","localeCode":"en","districtName":""},{"cityName":"Papatam Kondre","countryName":"Suriname","localeCode":"en","districtName":""},{"cityName":"Panapi","countryName":"Suriname","localeCode":"en","districtName":""},{"cityName":"Pakka-Pakka","countryName":"Suriname","localeCode":"en","districtName":""},{"cityName":"Pakira Kondre","countryName":"Suriname","localeCode":"en","districtName":""},{"cityName":"Pada","countryName":"Suriname","localeCode":"en","districtName":""},{"cityName":"Oxford","countryName":"Suriname","localeCode":"en","districtName":""},{"cityName":"Ovilonholloi","countryName":"Suriname","localeCode":"en","districtName":""},{"cityName":"Overtoom","countryName":"Suriname","localeCode":"en","districtName":""},{"cityName":"Oposeilangahoekoe","countryName":"Suriname","localeCode":"en","districtName":""},{"cityName":"Oplanie","countryName":"Suriname","localeCode":"en","districtName":""},{"cityName":"Onverwacht","countryName":"Suriname","localeCode":"en","districtName":""},{"cityName":"Onverdacht","countryName":"Suriname","localeCode":"en","districtName":""},{"cityName":"Onoribo","countryName":"Suriname","localeCode":"en","districtName":""},{"cityName":"Onikaikondre","countryName":"Suriname","localeCode":"en","districtName":""},{"cityName":"Oemansanti","countryName":"Suriname","localeCode":"en","districtName":""},{"cityName":"Oemakondre","countryName":"Suriname","localeCode":"en","districtName":""},{"cityName":"Nooitgedacht","countryName":"Suriname","localeCode":"en","districtName":""},{"cityName":"Njoeng Jacobkondre","countryName":"Suriname","localeCode":"en","districtName":""},{"cityName":"Nieuw Nickerie","countryName":"Suriname","localeCode":"en","districtName":""},{"cityName":"Nieuw Mocha","countryName":"Suriname","localeCode":"en","districtName":""},{"cityName":"Nieuw Meerzorg","countryName":"Suriname","localeCode":"en","districtName":""},{"cityName":"Nieuw Lombe","countryName":"Suriname","localeCode":"en","districtName":""},{"cityName":"Nieuw Amsterdam","countryName":"Suriname","localeCode":"en","districtName":""},{"cityName":"Nason","countryName":"Suriname","localeCode":"en","districtName":""},{"cityName":"Mungo","countryName":"Suriname","localeCode":"en","districtName":""},{"cityName":"Moy","countryName":"Suriname","localeCode":"en","districtName":""},{"cityName":"Morgenstond","countryName":"Suriname","localeCode":"en","districtName":""},{"cityName":"Mooitakie","countryName":"Suriname","localeCode":"en","districtName":""},{"cityName":"Mon Tresor","countryName":"Suriname","localeCode":"en","districtName":""},{"cityName":"Mon Souci","countryName":"Suriname","localeCode":"en","districtName":""},{"cityName":"Mon Plaisir","countryName":"Suriname","localeCode":"en","districtName":""},{"cityName":"Mongotapoe","countryName":"Suriname","localeCode":"en","districtName":""},{"cityName":"Moisimoisikondre","countryName":"Suriname","localeCode":"en","districtName":""},{"cityName":"Mofina","countryName":"Suriname","localeCode":"en","districtName":""},{"cityName":"Moetoetoetabriki","countryName":"Suriname","localeCode":"en","districtName":""},{"cityName":"Moengo","countryName":"Suriname","localeCode":"en","districtName":""},{"cityName":"Moelakondre","countryName":"Suriname","localeCode":"en","districtName":""},{"cityName":"Moederzorg","countryName":"Suriname","localeCode":"en","districtName":""},{"cityName":"Misalibiekondre","countryName":"Suriname","localeCode":"en","districtName":""},{"cityName":"Meerzorg","countryName":"Suriname","localeCode":"en","districtName":""},{"cityName":"Mattawaribo","countryName":"Suriname","localeCode":"en","districtName":""},{"cityName":"Matta","countryName":"Suriname","localeCode":"en","districtName":""},{"cityName":"Matappi","countryName":"Suriname","localeCode":"en","districtName":""},{"cityName":"Mason Kondre","countryName":"Suriname","localeCode":"en","districtName":""},{"cityName":"Mary's Hope","countryName":"Suriname","localeCode":"en","districtName":""},{"cityName":"Maripaondre","countryName":"Suriname","localeCode":"en","districtName":""},{"cityName":"Marienburg","countryName":"Suriname","localeCode":"en","districtName":""},{"cityName":"Marias Lust","countryName":"Suriname","localeCode":"en","districtName":""},{"cityName":"Mariashoop","countryName":"Suriname","localeCode":"en","districtName":""},{"cityName":"Marechalskriki","countryName":"Suriname","localeCode":"en","districtName":""},{"cityName":"Marechalskondre","countryName":"Suriname","localeCode":"en","districtName":""},{"cityName":"Mansi","countryName":"Suriname","localeCode":"en","districtName":""},{"cityName":"Manlobi","countryName":"Suriname","localeCode":"en","districtName":""},{"cityName":"Manjaboomkondre","countryName":"Suriname","localeCode":"en","districtName":""},{"cityName":"Manillakondre","countryName":"Suriname","localeCode":"en","districtName":""},{"cityName":"Manchester","countryName":"Suriname","localeCode":"en","districtName":""},{"cityName":"Malrosee-Kondre","countryName":"Suriname","localeCode":"en","districtName":""},{"cityName":"Malobbi","countryName":"Suriname","localeCode":"en","districtName":""},{"cityName":"Malaitawa","countryName":"Suriname","localeCode":"en","districtName":""},{"cityName":"Makkakriki","countryName":"Suriname","localeCode":"en","districtName":""},{"cityName":"Makampe","countryName":"Suriname","localeCode":"en","districtName":""},{"cityName":"Makami","countryName":"Suriname","localeCode":"en","districtName":""},{"cityName":"Makajapingo","countryName":"Suriname","localeCode":"en","districtName":""},{"cityName":"Majoli Twee","countryName":"Suriname","localeCode":"en","districtName":""},{"cityName":"Magdatien","countryName":"Suriname","localeCode":"en","districtName":""},{"cityName":"Maboga","countryName":"Suriname","localeCode":"en","districtName":""},{"cityName":"Mabo Een","countryName":"Suriname","localeCode":"en","districtName":""},{"cityName":"Mabo B","countryName":"Suriname","localeCode":"en","districtName":""},{"cityName":"Maasstroom","countryName":"Suriname","localeCode":"en","districtName":""},{"cityName":"Lombe","countryName":"Suriname","localeCode":"en","districtName":""},{"cityName":"Loksie Hatti","countryName":"Suriname","localeCode":"en","districtName":""},{"cityName":"Livorno","countryName":"Suriname","localeCode":"en","districtName":""},{"cityName":"Leonsberg","countryName":"Suriname","localeCode":"en","districtName":""},{"cityName":"Lemmiki","countryName":"Suriname","localeCode":"en","districtName":""},{"cityName":"Lelydorp","countryName":"Suriname","localeCode":"en","districtName":""},{"cityName":"Leliendaal","countryName":"Suriname","localeCode":"en","districtName":""},{"cityName":"Leasowes","countryName":"Suriname","localeCode":"en","districtName":""},{"cityName":"La Tour","countryName":"Suriname","localeCode":"en","districtName":""},{"cityName":"La Simplicite","countryName":"Suriname","localeCode":"en","districtName":""},{"cityName":"La Ressource","countryName":"Suriname","localeCode":"en","districtName":""},{"cityName":"La Providence","countryName":"Suriname","localeCode":"en","districtName":""},{"cityName":"La Poule","countryName":"Suriname","localeCode":"en","districtName":""},{"cityName":"Lantiwei","countryName":"Suriname","localeCode":"en","districtName":""},{"cityName":"Langatabbetje","countryName":"Suriname","localeCode":"en","districtName":""},{"cityName":"Langamankondre","countryName":"Suriname","localeCode":"en","districtName":""},{"cityName":"Langa Hoekoe","countryName":"Suriname","localeCode":"en","districtName":""},{"cityName":"Landsboerderij","countryName":"Suriname","localeCode":"en","districtName":""},{"cityName":"Ladoewanie","countryName":"Suriname","localeCode":"en","districtName":""},{"cityName":"Laarwijk","countryName":"Suriname","localeCode":"en","districtName":""},{"cityName":"Kwattahede","countryName":"Suriname","localeCode":"en","districtName":""},{"cityName":"Kwamalasamutu","countryName":"Suriname","localeCode":"en","districtName":""},{"cityName":"Kwakoegron","countryName":"Suriname","localeCode":"en","districtName":""},{"cityName":"Kronenburg","countryName":"Suriname","localeCode":"en","districtName":""},{"cityName":"Krikie","countryName":"Suriname","localeCode":"en","districtName":""},{"cityName":"Kraka","countryName":"Suriname","localeCode":"en","districtName":""},{"cityName":"Kopi Ondroo","countryName":"Suriname","localeCode":"en","districtName":""},{"cityName":"Kontina","countryName":"Suriname","localeCode":"en","districtName":""},{"cityName":"Koffiekamp","countryName":"Suriname","localeCode":"en","districtName":""},{"cityName":"Koemboe","countryName":"Suriname","localeCode":"en","districtName":""},{"cityName":"Klokondre","countryName":"Suriname","localeCode":"en","districtName":""},{"cityName":"Klein Poika","countryName":"Suriname","localeCode":"en","districtName":""},{"cityName":"Klein Chatillon","countryName":"Suriname","localeCode":"en","districtName":""},{"cityName":"Klaverblad","countryName":"Suriname","localeCode":"en","districtName":""},{"cityName":"Katwijk","countryName":"Suriname","localeCode":"en","districtName":""},{"cityName":"Kapoesanti","countryName":"Suriname","localeCode":"en","districtName":""},{"cityName":"Kapasie Kree","countryName":"Suriname","localeCode":"en","districtName":""},{"cityName":"Kampong Baroe","countryName":"Suriname","localeCode":"en","districtName":""},{"cityName":"Kamaloea","countryName":"Suriname","localeCode":"en","districtName":""},{"cityName":"Kalfoekondre","countryName":"Suriname","localeCode":"en","districtName":""},{"cityName":"Kalebas Kreek","countryName":"Suriname","localeCode":"en","districtName":""},{"cityName":"Kadjoe","countryName":"Suriname","localeCode":"en","districtName":""},{"cityName":"Kabelstation","countryName":"Suriname","localeCode":"en","districtName":""},{"cityName":"Kabelpont","countryName":"Suriname","localeCode":"en","districtName":""},{"cityName":"Kaaimanston","countryName":"Suriname","localeCode":"en","districtName":""},{"cityName":"Johannesburg","countryName":"Suriname","localeCode":"en","districtName":""},{"cityName":"Johanna-Margaretha","countryName":"Suriname","localeCode":"en","districtName":""},{"cityName":"Jodensavanne","countryName":"Suriname","localeCode":"en","districtName":""},{"cityName":"Jenny","countryName":"Suriname","localeCode":"en","districtName":""},{"cityName":"Java","countryName":"Suriname","localeCode":"en","districtName":""},{"cityName":"Janemale","countryName":"Suriname","localeCode":"en","districtName":""},{"cityName":"Jaimeskondre","countryName":"Suriname","localeCode":"en","districtName":""},{"cityName":"Jagtlust","countryName":"Suriname","localeCode":"en","districtName":""},{"cityName":"Jacobkondre","countryName":"Suriname","localeCode":"en","districtName":""},{"cityName":"Intelwakondre","countryName":"Suriname","localeCode":"en","districtName":""},{"cityName":"Ingipoe","countryName":"Suriname","localeCode":"en","districtName":""},{"cityName":"Ingikondre","countryName":"Suriname","localeCode":"en","districtName":""},{"cityName":"Huwelijkszorg","countryName":"Suriname","localeCode":"en","districtName":""},{"cityName":"Hoofdkamp","countryName":"Suriname","localeCode":"en","districtName":""},{"cityName":"Hildesheim","countryName":"Suriname","localeCode":"en","districtName":""},{"cityName":"Herstelling","countryName":"Suriname","localeCode":"en","districtName":""},{"cityName":"Herminadorp","countryName":"Suriname","localeCode":"en","districtName":""},{"cityName":"Heidoti","countryName":"Suriname","localeCode":"en","districtName":""},{"cityName":"Hecht en Sterk","countryName":"Suriname","localeCode":"en","districtName":""},{"cityName":"Hanover","countryName":"Suriname","localeCode":"en","districtName":""},{"cityName":"Hampton Court","countryName":"Suriname","localeCode":"en","districtName":""},{"cityName":"Hamilton","countryName":"Suriname","localeCode":"en","districtName":""},{"cityName":"Hamburg","countryName":"Suriname","localeCode":"en","districtName":""},{"cityName":"Haarlem","countryName":"Suriname","localeCode":"en","districtName":""},{"cityName":"Gwegwefoetoe","countryName":"Suriname","localeCode":"en","districtName":""},{"cityName":"Guyanagoudplacer","countryName":"Suriname","localeCode":"en","districtName":""},{"cityName":"Gros","countryName":"Suriname","localeCode":"en","districtName":""},{"cityName":"Groot Poika","countryName":"Suriname","localeCode":"en","districtName":""},{"cityName":"Groot Henarpolder","countryName":"Suriname","localeCode":"en","districtName":""},{"cityName":"Groot Chatillon","countryName":"Suriname","localeCode":"en","districtName":""},{"cityName":"Groningen","countryName":"Suriname","localeCode":"en","districtName":""},{"cityName":"Groenkreek","countryName":"Suriname","localeCode":"en","districtName":""},{"cityName":"Gran Slee","countryName":"Suriname","localeCode":"en","districtName":""},{"cityName":"Granmankondre","countryName":"Suriname","localeCode":"en","districtName":""},{"cityName":"Grankopi","countryName":"Suriname","localeCode":"en","districtName":""},{"cityName":"Grandam","countryName":"Suriname","localeCode":"en","districtName":""},{"cityName":"Granbori","countryName":"Suriname","localeCode":"en","districtName":""},{"cityName":"Gonoe","countryName":"Suriname","localeCode":"en","districtName":""},{"cityName":"Goejaba","countryName":"Suriname","localeCode":"en","districtName":""},{"cityName":"Godowatra","countryName":"Suriname","localeCode":"en","districtName":""},{"cityName":"Goddodrai","countryName":"Suriname","localeCode":"en","districtName":""},{"cityName":"Goddo","countryName":"Suriname","localeCode":"en","districtName":""},{"cityName":"Gloria","countryName":"Suriname","localeCode":"en","districtName":""},{"cityName":"Glasgow","countryName":"Suriname","localeCode":"en","districtName":""},{"cityName":"Geyersvlijt","countryName":"Suriname","localeCode":"en","districtName":""},{"cityName":"George Kondre","countryName":"Suriname","localeCode":"en","districtName":""},{"cityName":"Gelderland","countryName":"Suriname","localeCode":"en","districtName":""},{"cityName":"Gege","countryName":"Suriname","localeCode":"en","districtName":""},{"cityName":"Geertruidenberg","countryName":"Suriname","localeCode":"en","districtName":""},{"cityName":"Gansee","countryName":"Suriname","localeCode":"en","districtName":""},{"cityName":"Ganiakondre","countryName":"Suriname","localeCode":"en","districtName":""},{"cityName":"Galibi","countryName":"Suriname","localeCode":"en","districtName":""},{"cityName":"Gakaba","countryName":"Suriname","localeCode":"en","districtName":""},{"cityName":"Friendship","countryName":"Suriname","localeCode":"en","districtName":""},{"cityName":"Fransman Landing","countryName":"Suriname","localeCode":"en","districtName":""},{"cityName":"Fossi Bergi","countryName":"Suriname","localeCode":"en","districtName":""},{"cityName":"Flora","countryName":"Suriname","localeCode":"en","districtName":""},{"cityName":"Fijetti","countryName":"Suriname","localeCode":"en","districtName":""},{"cityName":"Esthers Lust","countryName":"Suriname","localeCode":"en","districtName":""},{"cityName":"Ephrata","countryName":"Suriname","localeCode":"en","districtName":""},{"cityName":"Elisabeth's Hoop","countryName":"Suriname","localeCode":"en","districtName":""},{"cityName":"Elisabethshof","countryName":"Suriname","localeCode":"en","districtName":""},{"cityName":"Einde Rust","countryName":"Suriname","localeCode":"en","districtName":""},{"cityName":"Eduardkondre","countryName":"Suriname","localeCode":"en","districtName":""},{"cityName":"Drietabbetje","countryName":"Suriname","localeCode":"en","districtName":""},{"cityName":"Draai","countryName":"Suriname","localeCode":"en","districtName":""},{"cityName":"Dotti Bergi","countryName":"Suriname","localeCode":"en","districtName":""},{"cityName":"Donderkamp","countryName":"Suriname","localeCode":"en","districtName":""},{"cityName":"Domburg","countryName":"Suriname","localeCode":"en","districtName":""},{"cityName":"Dombaai","countryName":"Suriname","localeCode":"en","districtName":""},{"cityName":"Djoemoe","countryName":"Suriname","localeCode":"en","districtName":""},{"cityName":"Dissiong","countryName":"Suriname","localeCode":"en","districtName":""},{"cityName":"Dirkshoop","countryName":"Suriname","localeCode":"en","districtName":""},{"cityName":"De Vrede","countryName":"Suriname","localeCode":"en","districtName":""},{"cityName":"Destombesburg","countryName":"Suriname","localeCode":"en","districtName":""},{"cityName":"Dekweh","countryName":"Suriname","localeCode":"en","districtName":""},{"cityName":"De Jong Zuid","countryName":"Suriname","localeCode":"en","districtName":""},{"cityName":"De Jong Noord","countryName":"Suriname","localeCode":"en","districtName":""},{"cityName":"Dehan","countryName":"Suriname","localeCode":"en","districtName":""},{"cityName":"De Goede Hoop","countryName":"Suriname","localeCode":"en","districtName":""},{"cityName":"De Drie Gebroeders","countryName":"Suriname","localeCode":"en","districtName":""},{"cityName":"Deboe","countryName":"Suriname","localeCode":"en","districtName":""},{"cityName":"Dankbaarheid","countryName":"Suriname","localeCode":"en","districtName":""},{"cityName":"Dang","countryName":"Suriname","localeCode":"en","districtName":""},{"cityName":"Dampoentoeng","countryName":"Suriname","localeCode":"en","districtName":""},{"cityName":"Dam Parra","countryName":"Suriname","localeCode":"en","districtName":""},{"cityName":"Dam","countryName":"Suriname","localeCode":"en","districtName":""},{"cityName":"Dahomey","countryName":"Suriname","localeCode":"en","districtName":""},{"cityName":"Dablasiekondre","countryName":"Suriname","localeCode":"en","districtName":""},{"cityName":"Cupido","countryName":"Suriname","localeCode":"en","districtName":""},{"cityName":"Crappahoek","countryName":"Suriname","localeCode":"en","districtName":""},{"cityName":"Cottica","countryName":"Suriname","localeCode":"en","districtName":""},{"cityName":"Corneliskondre","countryName":"Suriname","localeCode":"en","districtName":""},{"cityName":"Coppenamepunt","countryName":"Suriname","localeCode":"en","districtName":""},{"cityName":"Copie","countryName":"Suriname","localeCode":"en","districtName":""},{"cityName":"Copaivagogo","countryName":"Suriname","localeCode":"en","districtName":""},{"cityName":"Constantia","countryName":"Suriname","localeCode":"en","districtName":""},{"cityName":"Commissaris Kondre","countryName":"Suriname","localeCode":"en","districtName":""},{"cityName":"Clevia","countryName":"Suriname","localeCode":"en","districtName":""},{"cityName":"Clementie","countryName":"Suriname","localeCode":"en","districtName":""},{"cityName":"Christiaankondre","countryName":"Suriname","localeCode":"en","districtName":""},{"cityName":"Charlottenburg","countryName":"Suriname","localeCode":"en","districtName":""},{"cityName":"Catharina Sophia","countryName":"Suriname","localeCode":"en","districtName":""},{"cityName":"Cassipora","countryName":"Suriname","localeCode":"en","districtName":""},{"cityName":"Cassabeondre","countryName":"Suriname","localeCode":"en","districtName":""},{"cityName":"Carolina","countryName":"Suriname","localeCode":"en","districtName":""},{"cityName":"Carl Francois","countryName":"Suriname","localeCode":"en","districtName":""},{"cityName":"Caledonia","countryName":"Suriname","localeCode":"en","districtName":""},{"cityName":"Calcutta","countryName":"Suriname","localeCode":"en","districtName":""},{"cityName":"Calbo","countryName":"Suriname","localeCode":"en","districtName":""},{"cityName":"Cajana","countryName":"Suriname","localeCode":"en","districtName":""},{"cityName":"Burnside","countryName":"Suriname","localeCode":"en","districtName":""},{"cityName":"Brownsweg","countryName":"Suriname","localeCode":"en","districtName":""},{"cityName":"Brokopondo","countryName":"Suriname","localeCode":"en","districtName":""},{"cityName":"Brokolonko Placer","countryName":"Suriname","localeCode":"en","districtName":""},{"cityName":"Brokolonko","countryName":"Suriname","localeCode":"en","districtName":""},{"cityName":"Broederschap","countryName":"Suriname","localeCode":"en","districtName":""},{"cityName":"Boxel","countryName":"Suriname","localeCode":"en","districtName":""},{"cityName":"Bottriekoe Santi","countryName":"Suriname","localeCode":"en","districtName":""},{"cityName":"Botopasi","countryName":"Suriname","localeCode":"en","districtName":""},{"cityName":"Boston","countryName":"Suriname","localeCode":"en","districtName":""},{"cityName":"Boslanti","countryName":"Suriname","localeCode":"en","districtName":""},{"cityName":"Bosland","countryName":"Suriname","localeCode":"en","districtName":""},{"cityName":"Bombay","countryName":"Suriname","localeCode":"en","districtName":""},{"cityName":"Bofe","countryName":"Suriname","localeCode":"en","districtName":""},{"cityName":"Bloferie","countryName":"Suriname","localeCode":"en","districtName":""},{"cityName":"Blauwgrond","countryName":"Suriname","localeCode":"en","districtName":""},{"cityName":"Blakawatra","countryName":"Suriname","localeCode":"en","districtName":""},{"cityName":"Bitagron","countryName":"Suriname","localeCode":"en","districtName":""},{"cityName":"Birihoedoematoe","countryName":"Suriname","localeCode":"en","districtName":""},{"cityName":"Bilawatra","countryName":"Suriname","localeCode":"en","districtName":""},{"cityName":"Bigiston","countryName":"Suriname","localeCode":"en","districtName":""},{"cityName":"Biakronie","countryName":"Suriname","localeCode":"en","districtName":""},{"cityName":"Bethania","countryName":"Suriname","localeCode":"en","districtName":""},{"cityName":"Berlijn","countryName":"Suriname","localeCode":"en","districtName":""},{"cityName":"Bergen op Zoom","countryName":"Suriname","localeCode":"en","districtName":""},{"cityName":"Berg en Dal","countryName":"Suriname","localeCode":"en","districtName":""},{"cityName":"Berendslust","countryName":"Suriname","localeCode":"en","districtName":""},{"cityName":"Berceba","countryName":"Suriname","localeCode":"en","districtName":""},{"cityName":"Benzdorp","countryName":"Suriname","localeCode":"en","districtName":""},{"cityName":"Belwaarde","countryName":"Suriname","localeCode":"en","districtName":""},{"cityName":"Begoeba","countryName":"Suriname","localeCode":"en","districtName":""},{"cityName":"Beerdoti","countryName":"Suriname","localeCode":"en","districtName":""},{"cityName":"Batavia","countryName":"Suriname","localeCode":"en","districtName":""},{"cityName":"Basiakampoe","countryName":"Suriname","localeCode":"en","districtName":""},{"cityName":"Bamboesi","countryName":"Suriname","localeCode":"en","districtName":""},{"cityName":"Baloemadam","countryName":"Suriname","localeCode":"en","districtName":""},{"cityName":"Balin","countryName":"Suriname","localeCode":"en","districtName":""},{"cityName":"Bakra Opposton","countryName":"Suriname","localeCode":"en","districtName":""},{"cityName":"Bakrakondre","countryName":"Suriname","localeCode":"en","districtName":""},{"cityName":"Baikoetoe","countryName":"Suriname","localeCode":"en","districtName":""},{"cityName":"Awadam","countryName":"Suriname","localeCode":"en","districtName":""},{"cityName":"Aurora","countryName":"Suriname","localeCode":"en","districtName":""},{"cityName":"Auca","countryName":"Suriname","localeCode":"en","districtName":""},{"cityName":"Atipakondre","countryName":"Suriname","localeCode":"en","districtName":""},{"cityName":"Atereboto","countryName":"Suriname","localeCode":"en","districtName":""},{"cityName":"Asognekondre","countryName":"Suriname","localeCode":"en","districtName":""},{"cityName":"Asoenoebo","countryName":"Suriname","localeCode":"en","districtName":""},{"cityName":"Asidonkondre","countryName":"Suriname","localeCode":"en","districtName":""},{"cityName":"Asidonhopo","countryName":"Suriname","localeCode":"en","districtName":""},{"cityName":"Asafiri Kondre","countryName":"Suriname","localeCode":"en","districtName":""},{"cityName":"Arakoniekondre","countryName":"Suriname","localeCode":"en","districtName":""},{"cityName":"Appikalo","countryName":"Suriname","localeCode":"en","districtName":""},{"cityName":"Apotheki","countryName":"Suriname","localeCode":"en","districtName":""},{"cityName":"Apoera","countryName":"Suriname","localeCode":"en","districtName":""},{"cityName":"Apoekakondre","countryName":"Suriname","localeCode":"en","districtName":""},{"cityName":"Apetina","countryName":"Suriname","localeCode":"en","districtName":""},{"cityName":"Antonigron","countryName":"Suriname","localeCode":"en","districtName":""},{"cityName":"Anna Maria","countryName":"Suriname","localeCode":"en","districtName":""},{"cityName":"Aneewakondre","countryName":"Suriname","localeCode":"en","districtName":""},{"cityName":"Anapi","countryName":"Suriname","localeCode":"en","districtName":""},{"cityName":"Anapaike","countryName":"Suriname","localeCode":"en","districtName":""},{"cityName":"Alopi","countryName":"Suriname","localeCode":"en","districtName":""},{"cityName":"Aloepi Twee","countryName":"Suriname","localeCode":"en","districtName":""},{"cityName":"Aloepi Een","countryName":"Suriname","localeCode":"en","districtName":""},{"cityName":"Alliance","countryName":"Suriname","localeCode":"en","districtName":""},{"cityName":"Alkmaar","countryName":"Suriname","localeCode":"en","districtName":""},{"cityName":"Albina","countryName":"Suriname","localeCode":"en","districtName":""},{"cityName":"Alalapadu","countryName":"Suriname","localeCode":"en","districtName":""},{"cityName":"Akroikondre","countryName":"Suriname","localeCode":"en","districtName":""},{"cityName":"Akoelitatajeprati","countryName":"Suriname","localeCode":"en","districtName":""},{"cityName":"Akalikondre","countryName":"Suriname","localeCode":"en","districtName":""},{"cityName":"Ajokojokondre","countryName":"Suriname","localeCode":"en","districtName":""},{"cityName":"Agossa","countryName":"Suriname","localeCode":"en","districtName":""},{"cityName":"Agitriondre","countryName":"Suriname","localeCode":"en","districtName":""},{"cityName":"Agamakriki","countryName":"Suriname","localeCode":"en","districtName":""},{"cityName":"Afobaka","countryName":"Suriname","localeCode":"en","districtName":""},{"cityName":"Affivisiti","countryName":"Suriname","localeCode":"en","districtName":""},{"cityName":"Adjoemakondre","countryName":"Suriname","localeCode":"en","districtName":""},{"cityName":"Adjama","countryName":"Suriname","localeCode":"en","districtName":""},{"cityName":"Adawai","countryName":"Suriname","localeCode":"en","districtName":""},{"cityName":"Acote","countryName":"Suriname","localeCode":"en","districtName":""},{"cityName":"Abontjeman","countryName":"Suriname","localeCode":"en","districtName":""},{"cityName":"Abetwakondre","countryName":"Suriname","localeCode":"en","districtName":""},{"cityName":"Abenekokondre","countryName":"Suriname","localeCode":"en","districtName":""},{"cityName":"Abendanon","countryName":"Suriname","localeCode":"en","districtName":""},{"cityName":"Abenaston","countryName":"Suriname","localeCode":"en","districtName":""},{"cityName":"Abanna Kondre","countryName":"Suriname","localeCode":"en","districtName":""},{"cityName":"Benzdorp (Monte Hermon)","countryName":"Suriname","localeCode":"en","districtName":""},{"cityName":"Kabana-vo","countryName":"Suriname","localeCode":"en","districtName":""},{"cityName":"Bernie's Projekt","countryName":"Suriname","localeCode":"en","districtName":""},{"cityName":"Bernie's Park","countryName":"Suriname","localeCode":"en","districtName":""},{"cityName":"De Boer Buiten","countryName":"Suriname","localeCode":"en","districtName":""},{"cityName":"Stolk Buiten","countryName":"Suriname","localeCode":"en","districtName":""},{"cityName":"Munder Buiten","countryName":"Suriname","localeCode":"en","districtName":""},{"cityName":"Janki","countryName":"Suriname","localeCode":"en","districtName":""},{"cityName":"Stolk","countryName":"Suriname","localeCode":"en","districtName":""},{"cityName":"Van Dijk II","countryName":"Suriname","localeCode":"en","districtName":""},{"cityName":"Polanen","countryName":"Suriname","localeCode":"en","districtName":""},{"cityName":"Van Dijk I","countryName":"Suriname","localeCode":"en","districtName":""},{"cityName":"Shaw","countryName":"Suriname","localeCode":"en","districtName":""},{"cityName":"Zweers","countryName":"Suriname","localeCode":"en","districtName":""},{"cityName":"Belair","countryName":"Suriname","localeCode":"en","districtName":""},{"cityName":"Rosenberg","countryName":"Suriname","localeCode":"en","districtName":""},{"cityName":"Tammenga","countryName":"Suriname","localeCode":"en","districtName":""},{"cityName":"Via Bella","countryName":"Suriname","localeCode":"en","districtName":""},{"cityName":"Volkswoning Projekt L'Hermitage","countryName":"Suriname","localeCode":"en","districtName":""},{"cityName":"Half Flora","countryName":"Suriname","localeCode":"en","districtName":""},{"cityName":"Bams","countryName":"Suriname","localeCode":"en","districtName":""},{"cityName":"Duisburg en Onverwacht","countryName":"Suriname","localeCode":"en","districtName":""},{"cityName":"Saron Zuid","countryName":"Suriname","localeCode":"en","districtName":""},{"cityName":"Land Van Dijk","countryName":"Suriname","localeCode":"en","districtName":""},{"cityName":"L'Hermitage","countryName":"Suriname","localeCode":"en","districtName":""},{"cityName":"Poelepantje","countryName":"Suriname","localeCode":"en","districtName":""},{"cityName":"Abrabrokie","countryName":"Suriname","localeCode":"en","districtName":""},{"cityName":"Ondrobon","countryName":"Suriname","localeCode":"en","districtName":""},{"cityName":"Bronsplein","countryName":"Suriname","localeCode":"en","districtName":""},{"cityName":"Doerga","countryName":"Suriname","localeCode":"en","districtName":""},{"cityName":"Van Kesselpark","countryName":"Suriname","localeCode":"en","districtName":""},{"cityName":"Balona Park","countryName":"Suriname","localeCode":"en","districtName":""},{"cityName":"Flamboyant","countryName":"Suriname","localeCode":"en","districtName":""},{"cityName":"Kalpoe","countryName":"Suriname","localeCode":"en","districtName":""},{"cityName":"Ramdjan","countryName":"Suriname","localeCode":"en","districtName":""},{"cityName":"Politiebond","countryName":"Suriname","localeCode":"en","districtName":""},{"cityName":"Welgelegen","countryName":"Suriname","localeCode":"en","districtName":""},{"cityName":"Naipal","countryName":"Suriname","localeCode":"en","districtName":""},{"cityName":"Militar","countryName":"Suriname","localeCode":"en","districtName":""},{"cityName":"Peu et Content","countryName":"Suriname","localeCode":"en","districtName":""},{"cityName":"Combe","countryName":"Suriname","localeCode":"en","districtName":""},{"cityName":"Ma Retraite III","countryName":"Suriname","localeCode":"en","districtName":""},{"cityName":"Ma Retraite II","countryName":"Suriname","localeCode":"en","districtName":""},{"cityName":"Flamingo Park","countryName":"Suriname","localeCode":"en","districtName":""},{"cityName":"Twee Kinderen","countryName":"Suriname","localeCode":"en","districtName":""},{"cityName":"Nawa","countryName":"Suriname","localeCode":"en","districtName":""},{"cityName":"Beekhuizen","countryName":"Suriname","localeCode":"en","districtName":""},{"cityName":"Koeldipsing","countryName":"Suriname","localeCode":"en","districtName":""},{"cityName":"Binda","countryName":"Suriname","localeCode":"en","districtName":""},{"cityName":"Saron Noord","countryName":"Suriname","localeCode":"en","districtName":""},{"cityName":"Ephraimszegen","countryName":"Suriname","localeCode":"en","districtName":""},{"cityName":"Maikoe","countryName":"Suriname","localeCode":"en","districtName":""},{"cityName":"Vogeiwijjk","countryName":"Suriname","localeCode":"en","districtName":""},{"cityName":"Leonsburg","countryName":"Suriname","localeCode":"en","districtName":""}]