[{"cityName":"Sveagruva","countryName":"Svalbard"},{"cityName":"Pyramiden","countryName":"Svalbard"},{"cityName":"Nybyen","countryName":"Svalbard"},{"cityName":"Longyearbyen","countryName":"Svalbard"},{"cityName":"Haugen","countryName":"Svalbard"},{"cityName":"Grumantbyen","countryName":"Svalbard"},{"cityName":"Barentsburg","countryName":"Svalbard"},{"cityName":"Jan Mayen","countryName":"Svalbard"},{"cityName":"Olonkinbyen","countryName":"Svalbard"},{"cityName":"Ny-Alesund","countryName":"Svalbard"}]