[{"cityName":"Von Wissel","countryName":"Swaziland","localeCode":"en","districtName":""},{"cityName":"Verdun","countryName":"Swaziland","localeCode":"en","districtName":""},{"cityName":"Usutu","countryName":"Swaziland","localeCode":"en","districtName":""},{"cityName":"Tshaneni","countryName":"Swaziland","localeCode":"en","districtName":""},{"cityName":"Stylkloof","countryName":"Swaziland","localeCode":"en","districtName":""},{"cityName":"Skombeni","countryName":"Swaziland","localeCode":"en","districtName":""},{"cityName":"Sitobela","countryName":"Swaziland","localeCode":"en","districtName":""},{"cityName":"Siteki","countryName":"Swaziland","localeCode":"en","districtName":""},{"cityName":"Siphofaneni","countryName":"Swaziland","localeCode":"en","districtName":""},{"cityName":"Singceni","countryName":"Swaziland","localeCode":"en","districtName":""},{"cityName":"Sidvokodvo","countryName":"Swaziland","localeCode":"en","districtName":""},{"cityName":"Sicunusa","countryName":"Swaziland","localeCode":"en","districtName":""},{"cityName":"Sandlane","countryName":"Swaziland","localeCode":"en","districtName":""},{"cityName":"Rondspring","countryName":"Swaziland","localeCode":"en","districtName":""},{"cityName":"Rocklands","countryName":"Swaziland","localeCode":"en","districtName":""},{"cityName":"Piggs Peak","countryName":"Swaziland","localeCode":"en","districtName":""},{"cityName":"Nyabe","countryName":"Swaziland","localeCode":"en","districtName":""},{"cityName":"Nsoko","countryName":"Swaziland","localeCode":"en","districtName":""},{"cityName":"Nokwane","countryName":"Swaziland","localeCode":"en","districtName":""},{"cityName":"Nkonjane","countryName":"Swaziland","localeCode":"en","districtName":""},{"cityName":"Nkanni","countryName":"Swaziland","localeCode":"en","districtName":""},{"cityName":"Nhlangano","countryName":"Swaziland","localeCode":"en","districtName":""},{"cityName":"Ngonini","countryName":"Swaziland","localeCode":"en","districtName":""},{"cityName":"Mvangatini","countryName":"Swaziland","localeCode":"en","districtName":""},{"cityName":"Mooihoek","countryName":"Swaziland","localeCode":"en","districtName":""},{"cityName":"Mliba","countryName":"Swaziland","localeCode":"en","districtName":""},{"cityName":"Mlawula","countryName":"Swaziland","localeCode":"en","districtName":""},{"cityName":"Mhlumeni","countryName":"Swaziland","localeCode":"en","districtName":""},{"cityName":"Mhlume","countryName":"Swaziland","localeCode":"en","districtName":""},{"cityName":"Mhlosheni","countryName":"Swaziland","localeCode":"en","districtName":""},{"cityName":"Mhlambanyatsi","countryName":"Swaziland","localeCode":"en","districtName":""},{"cityName":"Mgamane","countryName":"Swaziland","localeCode":"en","districtName":""},{"cityName":"Mbuluzana","countryName":"Swaziland","localeCode":"en","districtName":""},{"cityName":"Mbabane","countryName":"Swaziland","localeCode":"en","districtName":""},{"cityName":"Matsapha","countryName":"Swaziland","localeCode":"en","districtName":""},{"cityName":"Manzini","countryName":"Swaziland","localeCode":"en","districtName":""},{"cityName":"Mankayane","countryName":"Swaziland","localeCode":"en","districtName":""},{"cityName":"Maloma","countryName":"Swaziland","localeCode":"en","districtName":""},{"cityName":"Malkerns","countryName":"Swaziland","localeCode":"en","districtName":""},{"cityName":"Mahlanya","countryName":"Swaziland","localeCode":"en","districtName":""},{"cityName":"Mahamba","countryName":"Swaziland","localeCode":"en","districtName":""},{"cityName":"Magomba","countryName":"Swaziland","localeCode":"en","districtName":""},{"cityName":"Madlangampisi","countryName":"Swaziland","localeCode":"en","districtName":""},{"cityName":"Macnab","countryName":"Swaziland","localeCode":"en","districtName":""},{"cityName":"Luyengo","countryName":"Swaziland","localeCode":"en","districtName":""},{"cityName":"Lubuli","countryName":"Swaziland","localeCode":"en","districtName":""},{"cityName":"Lomati","countryName":"Swaziland","localeCode":"en","districtName":""},{"cityName":"Lomahasha","countryName":"Swaziland","localeCode":"en","districtName":""},{"cityName":"Lobamba","countryName":"Swaziland","localeCode":"en","districtName":""},{"cityName":"Lismore","countryName":"Swaziland","localeCode":"en","districtName":""},{"cityName":"Lavumisa","countryName":"Swaziland","localeCode":"en","districtName":""},{"cityName":"Kwaluseni","countryName":"Swaziland","localeCode":"en","districtName":""},{"cityName":"Kubuta","countryName":"Swaziland","localeCode":"en","districtName":""},{"cityName":"Kobolondo Heights","countryName":"Swaziland","localeCode":"en","districtName":""},{"cityName":"Inyetane","countryName":"Swaziland","localeCode":"en","districtName":""},{"cityName":"Horo","countryName":"Swaziland","localeCode":"en","districtName":""},{"cityName":"Holobela","countryName":"Swaziland","localeCode":"en","districtName":""},{"cityName":"Hluti","countryName":"Swaziland","localeCode":"en","districtName":""},{"cityName":"Hlatikulu","countryName":"Swaziland","localeCode":"en","districtName":""},{"cityName":"Herefords","countryName":"Swaziland","localeCode":"en","districtName":""},{"cityName":"Havelock","countryName":"Swaziland","localeCode":"en","districtName":""},{"cityName":"Granvalley","countryName":"Swaziland","localeCode":"en","districtName":""},{"cityName":"Gege","countryName":"Swaziland","localeCode":"en","districtName":""},{"cityName":"Forbes Reef","countryName":"Swaziland","localeCode":"en","districtName":""},{"cityName":"Ezulwini","countryName":"Swaziland","localeCode":"en","districtName":""},{"cityName":"Etjanine","countryName":"Swaziland","localeCode":"en","districtName":""},{"cityName":"Dwaleni","countryName":"Swaziland","localeCode":"en","districtName":""},{"cityName":"Darkton","countryName":"Swaziland","localeCode":"en","districtName":""},{"cityName":"Croydon","countryName":"Swaziland","localeCode":"en","districtName":""},{"cityName":"Commissie Nek","countryName":"Swaziland","localeCode":"en","districtName":""},{"cityName":"Bulembu","countryName":"Swaziland","localeCode":"en","districtName":""},{"cityName":"Big Bend","countryName":"Swaziland","localeCode":"en","districtName":""},{"cityName":"Bhunya","countryName":"Swaziland","localeCode":"en","districtName":""},{"cityName":"Bennets","countryName":"Swaziland","localeCode":"en","districtName":""},{"cityName":"Balegane","countryName":"Swaziland","localeCode":"en","districtName":""},{"cityName":"Abercorn","countryName":"Swaziland","localeCode":"en","districtName":""},{"cityName":"Vuvulane","countryName":"Swaziland","localeCode":"en","districtName":""},{"cityName":"Ngwenya","countryName":"Swaziland","localeCode":"en","districtName":""}]