[{"cityName":"Veitongo","countryName":"Tonga"},{"cityName":"Vaotu`u","countryName":"Tonga"},{"cityName":"Vaipoa","countryName":"Tonga"},{"cityName":"Vaini","countryName":"Tonga"},{"cityName":"Vaimalo","countryName":"Tonga"},{"cityName":"Utulei","countryName":"Tonga"},{"cityName":"`Utulau","countryName":"Tonga"},{"cityName":"Utui","countryName":"Tonga"},{"cityName":"Tufurai","countryName":"Tonga"},{"cityName":"Tu`anuku","countryName":"Tonga"},{"cityName":"Tu`anekivale","countryName":"Tonga"},{"cityName":"Tongamama`o","countryName":"Tonga"},{"cityName":"Tokomololo","countryName":"Tonga"},{"cityName":"Tofoa","countryName":"Tonga"},{"cityName":"Tefisi","countryName":"Tonga"},{"cityName":"Te`ekiu","countryName":"Tonga"},{"cityName":"Talafo`ou","countryName":"Tonga"},{"cityName":"Ta`anea","countryName":"Tonga"},{"cityName":"Sapa`ata","countryName":"Tonga"},{"cityName":"Puleieia","countryName":"Tonga"},{"cityName":"Pukutala","countryName":"Tonga"},{"cityName":"Puke","countryName":"Tonga"},{"cityName":"Petani","countryName":"Tonga"},{"cityName":"Pea","countryName":"Tonga"},{"cityName":"Pangai","countryName":"Tonga"},{"cityName":"`Ohonua","countryName":"Tonga"},{"cityName":"Nukunuku","countryName":"Tonga"},{"cityName":"Nukuleka","countryName":"Tonga"},{"cityName":"Nukuhetulu","countryName":"Tonga"},{"cityName":"Nuku`alofa","countryName":"Tonga"},{"cityName":"Nopapu","countryName":"Tonga"},{"cityName":"Niutoua","countryName":"Tonga"},{"cityName":"Neiafu","countryName":"Tonga"},{"cityName":"Navutoka","countryName":"Tonga"},{"cityName":"Navea","countryName":"Tonga"},{"cityName":"Nakolo","countryName":"Tonga"},{"cityName":"Muitoa","countryName":"Tonga"},{"cityName":"Mu`a","countryName":"Tonga"},{"cityName":"Matavai","countryName":"Tonga"},{"cityName":"Mataika","countryName":"Tonga"},{"cityName":"Matahau","countryName":"Tonga"},{"cityName":"Mata`aho","countryName":"Tonga"},{"cityName":"Masilamea","countryName":"Tonga"},{"cityName":"Manuka","countryName":"Tonga"},{"cityName":"Mangia","countryName":"Tonga"},{"cityName":"Malapo","countryName":"Tonga"},{"cityName":"Makave","countryName":"Tonga"},{"cityName":"Makaunga","countryName":"Tonga"},{"cityName":"Lotofoa","countryName":"Tonga"},{"cityName":"Longoteme","countryName":"Tonga"},{"cityName":"Longomapu","countryName":"Tonga"},{"cityName":"Leimatu`a","countryName":"Tonga"},{"cityName":"Lavengatonga","countryName":"Tonga"},{"cityName":"Lakepa","countryName":"Tonga"},{"cityName":"Koulo","countryName":"Tonga"},{"cityName":"Kolovai","countryName":"Tonga"},{"cityName":"Kolonga","countryName":"Tonga"},{"cityName":"Kolofuu","countryName":"Tonga"},{"cityName":"Koloa","countryName":"Tonga"},{"cityName":"Kanokupolu","countryName":"Tonga"},{"cityName":"Kala`au","countryName":"Tonga"},{"cityName":"Huma","countryName":"Tonga"},{"cityName":"Houma","countryName":"Tonga"},{"cityName":"Holopeka","countryName":"Tonga"},{"cityName":"Holonga","countryName":"Tonga"},{"cityName":"Hoi","countryName":"Tonga"},{"cityName":"Hofoa","countryName":"Tonga"},{"cityName":"Hihifo","countryName":"Tonga"},{"cityName":"Haveluliku","countryName":"Tonga"},{"cityName":"Havelu","countryName":"Tonga"},{"cityName":"Hatou","countryName":"Tonga"},{"cityName":"Hamula","countryName":"Tonga"},{"cityName":"Ha`avakatolo","countryName":"Tonga"},{"cityName":"Haatua","countryName":"Tonga"},{"cityName":"Ha`ateiho","countryName":"Tonga"},{"cityName":"Ha`atafu","countryName":"Tonga"},{"cityName":"Ha`asini","countryName":"Tonga"},{"cityName":"Ha`ano","countryName":"Tonga"},{"cityName":"Haalaufuli","countryName":"Tonga"},{"cityName":"Ha`alalo","countryName":"Tonga"},{"cityName":"Ha`akili","countryName":"Tonga"},{"cityName":"Ha`akame","countryName":"Tonga"},{"cityName":"Fua`amotu","countryName":"Tonga"},{"cityName":"Fo`ui","countryName":"Tonga"},{"cityName":"Fonginonga","countryName":"Tonga"},{"cityName":"Folaha","countryName":"Tonga"},{"cityName":"Feletoa","countryName":"Tonga"},{"cityName":"Fatumu","countryName":"Tonga"},{"cityName":"Fata`ulua","countryName":"Tonga"},{"cityName":"Fatai","countryName":"Tonga"},{"cityName":"Faleono","countryName":"Tonga"},{"cityName":"Faleloa","countryName":"Tonga"},{"cityName":"Falehau","countryName":"Tonga"},{"cityName":"Fakakai","countryName":"Tonga"},{"cityName":"Fahefa","countryName":"Tonga"},{"cityName":"Esia","countryName":"Tonga"},{"cityName":"Alaki Fonua","countryName":"Tonga"},{"cityName":"Alaki","countryName":"Tonga"},{"cityName":"`Ahau","countryName":"Tonga"},{"cityName":"Afa","countryName":"Tonga"},{"cityName":"Ha`utu","countryName":"Tonga"},{"cityName":"Ha'apai","countryName":"Tonga"},{"cityName":"Eua","countryName":"Tonga"}]