[{"cityName":"Veitongo","countryName":"Tonga","localeCode":"en","districtName":""},{"cityName":"Vaotu`u","countryName":"Tonga","localeCode":"en","districtName":""},{"cityName":"Vaipoa","countryName":"Tonga","localeCode":"en","districtName":""},{"cityName":"Vaini","countryName":"Tonga","localeCode":"en","districtName":""},{"cityName":"Vaimalo","countryName":"Tonga","localeCode":"en","districtName":""},{"cityName":"Utulei","countryName":"Tonga","localeCode":"en","districtName":""},{"cityName":"`Utulau","countryName":"Tonga","localeCode":"en","districtName":""},{"cityName":"Utui","countryName":"Tonga","localeCode":"en","districtName":""},{"cityName":"Tufurai","countryName":"Tonga","localeCode":"en","districtName":""},{"cityName":"Tu`anuku","countryName":"Tonga","localeCode":"en","districtName":""},{"cityName":"Tu`anekivale","countryName":"Tonga","localeCode":"en","districtName":""},{"cityName":"Tongamama`o","countryName":"Tonga","localeCode":"en","districtName":""},{"cityName":"Tokomololo","countryName":"Tonga","localeCode":"en","districtName":""},{"cityName":"Tofoa","countryName":"Tonga","localeCode":"en","districtName":""},{"cityName":"Tefisi","countryName":"Tonga","localeCode":"en","districtName":""},{"cityName":"Te`ekiu","countryName":"Tonga","localeCode":"en","districtName":""},{"cityName":"Talafo`ou","countryName":"Tonga","localeCode":"en","districtName":""},{"cityName":"Ta`anea","countryName":"Tonga","localeCode":"en","districtName":""},{"cityName":"Sapa`ata","countryName":"Tonga","localeCode":"en","districtName":""},{"cityName":"Puleieia","countryName":"Tonga","localeCode":"en","districtName":""},{"cityName":"Pukutala","countryName":"Tonga","localeCode":"en","districtName":""},{"cityName":"Puke","countryName":"Tonga","localeCode":"en","districtName":""},{"cityName":"Petani","countryName":"Tonga","localeCode":"en","districtName":""},{"cityName":"Pea","countryName":"Tonga","localeCode":"en","districtName":""},{"cityName":"Pangai","countryName":"Tonga","localeCode":"en","districtName":""},{"cityName":"`Ohonua","countryName":"Tonga","localeCode":"en","districtName":""},{"cityName":"Nukunuku","countryName":"Tonga","localeCode":"en","districtName":""},{"cityName":"Nukuleka","countryName":"Tonga","localeCode":"en","districtName":""},{"cityName":"Nukuhetulu","countryName":"Tonga","localeCode":"en","districtName":""},{"cityName":"Nuku`alofa","countryName":"Tonga","localeCode":"en","districtName":""},{"cityName":"Nopapu","countryName":"Tonga","localeCode":"en","districtName":""},{"cityName":"Niutoua","countryName":"Tonga","localeCode":"en","districtName":""},{"cityName":"Neiafu","countryName":"Tonga","localeCode":"en","districtName":""},{"cityName":"Navutoka","countryName":"Tonga","localeCode":"en","districtName":""},{"cityName":"Navea","countryName":"Tonga","localeCode":"en","districtName":""},{"cityName":"Nakolo","countryName":"Tonga","localeCode":"en","districtName":""},{"cityName":"Muitoa","countryName":"Tonga","localeCode":"en","districtName":""},{"cityName":"Mu`a","countryName":"Tonga","localeCode":"en","districtName":""},{"cityName":"Matavai","countryName":"Tonga","localeCode":"en","districtName":""},{"cityName":"Mataika","countryName":"Tonga","localeCode":"en","districtName":""},{"cityName":"Matahau","countryName":"Tonga","localeCode":"en","districtName":""},{"cityName":"Mata`aho","countryName":"Tonga","localeCode":"en","districtName":""},{"cityName":"Masilamea","countryName":"Tonga","localeCode":"en","districtName":""},{"cityName":"Manuka","countryName":"Tonga","localeCode":"en","districtName":""},{"cityName":"Mangia","countryName":"Tonga","localeCode":"en","districtName":""},{"cityName":"Malapo","countryName":"Tonga","localeCode":"en","districtName":""},{"cityName":"Makave","countryName":"Tonga","localeCode":"en","districtName":""},{"cityName":"Makaunga","countryName":"Tonga","localeCode":"en","districtName":""},{"cityName":"Lotofoa","countryName":"Tonga","localeCode":"en","districtName":""},{"cityName":"Longoteme","countryName":"Tonga","localeCode":"en","districtName":""},{"cityName":"Longomapu","countryName":"Tonga","localeCode":"en","districtName":""},{"cityName":"Leimatu`a","countryName":"Tonga","localeCode":"en","districtName":""},{"cityName":"Lavengatonga","countryName":"Tonga","localeCode":"en","districtName":""},{"cityName":"Lakepa","countryName":"Tonga","localeCode":"en","districtName":""},{"cityName":"Koulo","countryName":"Tonga","localeCode":"en","districtName":""},{"cityName":"Kolovai","countryName":"Tonga","localeCode":"en","districtName":""},{"cityName":"Kolonga","countryName":"Tonga","localeCode":"en","districtName":""},{"cityName":"Kolofuu","countryName":"Tonga","localeCode":"en","districtName":""},{"cityName":"Koloa","countryName":"Tonga","localeCode":"en","districtName":""},{"cityName":"Kanokupolu","countryName":"Tonga","localeCode":"en","districtName":""},{"cityName":"Kala`au","countryName":"Tonga","localeCode":"en","districtName":""},{"cityName":"Huma","countryName":"Tonga","localeCode":"en","districtName":""},{"cityName":"Houma","countryName":"Tonga","localeCode":"en","districtName":""},{"cityName":"Holopeka","countryName":"Tonga","localeCode":"en","districtName":""},{"cityName":"Holonga","countryName":"Tonga","localeCode":"en","districtName":""},{"cityName":"Hoi","countryName":"Tonga","localeCode":"en","districtName":""},{"cityName":"Hofoa","countryName":"Tonga","localeCode":"en","districtName":""},{"cityName":"Hihifo","countryName":"Tonga","localeCode":"en","districtName":""},{"cityName":"Haveluliku","countryName":"Tonga","localeCode":"en","districtName":""},{"cityName":"Havelu","countryName":"Tonga","localeCode":"en","districtName":""},{"cityName":"Hatou","countryName":"Tonga","localeCode":"en","districtName":""},{"cityName":"Hamula","countryName":"Tonga","localeCode":"en","districtName":""},{"cityName":"Ha`avakatolo","countryName":"Tonga","localeCode":"en","districtName":""},{"cityName":"Haatua","countryName":"Tonga","localeCode":"en","districtName":""},{"cityName":"Ha`ateiho","countryName":"Tonga","localeCode":"en","districtName":""},{"cityName":"Ha`atafu","countryName":"Tonga","localeCode":"en","districtName":""},{"cityName":"Ha`asini","countryName":"Tonga","localeCode":"en","districtName":""},{"cityName":"Ha`ano","countryName":"Tonga","localeCode":"en","districtName":""},{"cityName":"Haalaufuli","countryName":"Tonga","localeCode":"en","districtName":""},{"cityName":"Ha`alalo","countryName":"Tonga","localeCode":"en","districtName":""},{"cityName":"Ha`akili","countryName":"Tonga","localeCode":"en","districtName":""},{"cityName":"Ha`akame","countryName":"Tonga","localeCode":"en","districtName":""},{"cityName":"Fua`amotu","countryName":"Tonga","localeCode":"en","districtName":""},{"cityName":"Fo`ui","countryName":"Tonga","localeCode":"en","districtName":""},{"cityName":"Fonginonga","countryName":"Tonga","localeCode":"en","districtName":""},{"cityName":"Folaha","countryName":"Tonga","localeCode":"en","districtName":""},{"cityName":"Feletoa","countryName":"Tonga","localeCode":"en","districtName":""},{"cityName":"Fatumu","countryName":"Tonga","localeCode":"en","districtName":""},{"cityName":"Fata`ulua","countryName":"Tonga","localeCode":"en","districtName":""},{"cityName":"Fatai","countryName":"Tonga","localeCode":"en","districtName":""},{"cityName":"Faleono","countryName":"Tonga","localeCode":"en","districtName":""},{"cityName":"Faleloa","countryName":"Tonga","localeCode":"en","districtName":""},{"cityName":"Falehau","countryName":"Tonga","localeCode":"en","districtName":""},{"cityName":"Fakakai","countryName":"Tonga","localeCode":"en","districtName":""},{"cityName":"Fahefa","countryName":"Tonga","localeCode":"en","districtName":""},{"cityName":"Esia","countryName":"Tonga","localeCode":"en","districtName":""},{"cityName":"Alaki Fonua","countryName":"Tonga","localeCode":"en","districtName":""},{"cityName":"Alaki","countryName":"Tonga","localeCode":"en","districtName":""},{"cityName":"`Ahau","countryName":"Tonga","localeCode":"en","districtName":""},{"cityName":"Afa","countryName":"Tonga","localeCode":"en","districtName":""},{"cityName":"Ha`utu","countryName":"Tonga","localeCode":"en","districtName":""},{"cityName":"Ha'apai","countryName":"Tonga","localeCode":"en","districtName":""},{"cityName":"Eua","countryName":"Tonga","localeCode":"en","districtName":""}]