[{"cityName":"Yankee Town","countryName":"Turks and Caicos Islands","localeCode":"en","districtName":""},{"cityName":"Whitby","countryName":"Turks and Caicos Islands","localeCode":"en","districtName":""},{"cityName":"West Road","countryName":"Turks and Caicos Islands","localeCode":"en","districtName":""},{"cityName":"The Bight Settlements","countryName":"Turks and Caicos Islands","localeCode":"en","districtName":""},{"cityName":"Sandy Point","countryName":"Turks and Caicos Islands","localeCode":"en","districtName":""},{"cityName":"Over Back The Damp","countryName":"Turks and Caicos Islands","localeCode":"en","districtName":""},{"cityName":"Lorimers","countryName":"Turks and Caicos Islands","localeCode":"en","districtName":""},{"cityName":"Kew","countryName":"Turks and Caicos Islands","localeCode":"en","districtName":""},{"cityName":"Greenwich","countryName":"Turks and Caicos Islands","localeCode":"en","districtName":""},{"cityName":"Cockburn Town","countryName":"Turks and Caicos Islands","localeCode":"en","districtName":""},{"cityName":"Five Cays Settlement","countryName":"Turks and Caicos Islands","localeCode":"en","districtName":""},{"cityName":"Conch Bar","countryName":"Turks and Caicos Islands","localeCode":"en","districtName":""},{"cityName":"Cockburn Harbour","countryName":"Turks and Caicos Islands","localeCode":"en","districtName":""},{"cityName":"Bottle Creek Settlements","countryName":"Turks and Caicos Islands","localeCode":"en","districtName":""},{"cityName":"Blue Hills Settlements","countryName":"Turks and Caicos Islands","localeCode":"en","districtName":""},{"cityName":"Bambarra","countryName":"Turks and Caicos Islands","localeCode":"en","districtName":""},{"cityName":"Balfour Town","countryName":"Turks and Caicos Islands","localeCode":"en","districtName":""},{"cityName":"Back Salina","countryName":"Turks and Caicos Islands","localeCode":"en","districtName":""},{"cityName":"Grace Bay","countryName":"Turks and Caicos Islands","localeCode":"en","districtName":""}]