[{"cityName":"Goturdepe","countryName":"Turkmenistan","localeCode":"en","districtName":""},{"cityName":"Gyzyletrek","countryName":"Turkmenistan","localeCode":"en","districtName":""},{"cityName":"Esenguly","countryName":"Turkmenistan","localeCode":"en","districtName":""},{"cityName":"Zerdau","countryName":"Turkmenistan","localeCode":"en","districtName":""},{"cityName":"Zau","countryName":"Turkmenistan","localeCode":"en","districtName":""},{"cityName":"Yuvan-Kala","countryName":"Turkmenistan","localeCode":"en","districtName":""},{"cityName":"Yuldy-Dere","countryName":"Turkmenistan","localeCode":"en","districtName":""},{"cityName":"Yesheksiyen","countryName":"Turkmenistan","localeCode":"en","districtName":""},{"cityName":"Yerrikkala","countryName":"Turkmenistan","localeCode":"en","districtName":""},{"cityName":"Yerbent","countryName":"Turkmenistan","localeCode":"en","districtName":""},{"cityName":"Yele-Su","countryName":"Turkmenistan","localeCode":"en","districtName":""},{"cityName":"Yegene-Kala","countryName":"Turkmenistan","localeCode":"en","districtName":""},{"cityName":"Yauzy","countryName":"Turkmenistan","localeCode":"en","districtName":""},{"cityName":"Yasman","countryName":"Turkmenistan","localeCode":"en","districtName":""},{"cityName":"Yaskha","countryName":"Turkmenistan","localeCode":"en","districtName":""},{"cityName":"Yashlyk","countryName":"Turkmenistan","localeCode":"en","districtName":""},{"cityName":"Yarty-Kala","countryName":"Turkmenistan","localeCode":"en","districtName":""},{"cityName":"Yaradzhi","countryName":"Turkmenistan","localeCode":"en","districtName":""},{"cityName":"Yankala","countryName":"Turkmenistan","localeCode":"en","districtName":""},{"cityName":"Yan-Chashme","countryName":"Turkmenistan","localeCode":"en","districtName":""},{"cityName":"Yagman","countryName":"Turkmenistan","localeCode":"en","districtName":""},{"cityName":"Yaglyolum","countryName":"Turkmenistan","localeCode":"en","districtName":""},{"cityName":"Yagankazakh","countryName":"Turkmenistan","localeCode":"en","districtName":""},{"cityName":"Yablonovskiy","countryName":"Turkmenistan","localeCode":"en","districtName":""},{"cityName":"Vanovskiy","countryName":"Turkmenistan","localeCode":"en","districtName":""},{"cityName":"Uzyntokay","countryName":"Turkmenistan","localeCode":"en","districtName":""},{"cityName":"Uzun-Su","countryName":"Turkmenistan","localeCode":"en","districtName":""},{"cityName":"Ushak","countryName":"Turkmenistan","localeCode":"en","districtName":""},{"cityName":"Ufra","countryName":"Turkmenistan","localeCode":"en","districtName":""},{"cityName":"Udzhi","countryName":"Turkmenistan","localeCode":"en","districtName":""},{"cityName":"Uchgez","countryName":"Turkmenistan","localeCode":"en","districtName":""},{"cityName":"Tutly-Kala","countryName":"Turkmenistan","localeCode":"en","districtName":""},{"cityName":"Tumanovskiy","countryName":"Turkmenistan","localeCode":"en","districtName":""},{"cityName":"Tukli","countryName":"Turkmenistan","localeCode":"en","districtName":""},{"cityName":"Toutli","countryName":"Turkmenistan","localeCode":"en","districtName":""},{"cityName":"Tordzhul'ba","countryName":"Turkmenistan","localeCode":"en","districtName":""},{"cityName":"Topdzhul'ba","countryName":"Turkmenistan","localeCode":"en","districtName":""},{"cityName":"Togalak","countryName":"Turkmenistan","localeCode":"en","districtName":""},{"cityName":"Tezheva","countryName":"Turkmenistan","localeCode":"en","districtName":""},{"cityName":"Tertarach","countryName":"Turkmenistan","localeCode":"en","districtName":""},{"cityName":"Tersakan","countryName":"Turkmenistan","localeCode":"en","districtName":""},{"cityName":"Teki-Moor","countryName":"Turkmenistan","localeCode":"en","districtName":""},{"cityName":"Tazabad","countryName":"Turkmenistan","localeCode":"en","districtName":""},{"cityName":"Taumakindzhi","countryName":"Turkmenistan","localeCode":"en","districtName":""},{"cityName":"Tasharvat","countryName":"Turkmenistan","localeCode":"en","districtName":""},{"cityName":"Tamykli","countryName":"Turkmenistan","localeCode":"en","districtName":""},{"cityName":"Tamly","countryName":"Turkmenistan","localeCode":"en","districtName":""},{"cityName":"Syr-Su","countryName":"Turkmenistan","localeCode":"en","districtName":""},{"cityName":"Suncha","countryName":"Turkmenistan","localeCode":"en","districtName":""},{"cityName":"Staraya Kara-Khan-Kala","countryName":"Turkmenistan","localeCode":"en","districtName":""},{"cityName":"Sotsializm","countryName":"Turkmenistan","localeCode":"en","districtName":""},{"cityName":"Solyukli","countryName":"Turkmenistan","localeCode":"en","districtName":""},{"cityName":"Shor-Khaudan","countryName":"Turkmenistan","localeCode":"en","districtName":""},{"cityName":"Shor-Kala","countryName":"Turkmenistan","localeCode":"en","districtName":""},{"cityName":"Shirlama","countryName":"Turkmenistan","localeCode":"en","districtName":""},{"cityName":"Shemli","countryName":"Turkmenistan","localeCode":"en","districtName":""},{"cityName":"Sharlawuk","countryName":"Turkmenistan","localeCode":"en","districtName":""},{"cityName":"Sernyy Zavod","countryName":"Turkmenistan","localeCode":"en","districtName":""},{"cityName":"Sayvan","countryName":"Turkmenistan","localeCode":"en","districtName":""},{"cityName":"Sarykel'","countryName":"Turkmenistan","localeCode":"en","districtName":""},{"cityName":"Sansy","countryName":"Turkmenistan","localeCode":"en","districtName":""},{"cityName":"Salmiin","countryName":"Turkmenistan","localeCode":"en","districtName":""},{"cityName":"Sakarchaga","countryName":"Turkmenistan","localeCode":"en","districtName":""},{"cityName":"Put' Lenina","countryName":"Turkmenistan","localeCode":"en","districtName":""},{"cityName":"Purnuar","countryName":"Turkmenistan","localeCode":"en","districtName":""},{"cityName":"Prokhladnoye","countryName":"Turkmenistan","localeCode":"en","districtName":""},{"cityName":"Pervomayskiy","countryName":"Turkmenistan","localeCode":"en","districtName":""},{"cityName":"Pashtion","countryName":"Turkmenistan","localeCode":"en","districtName":""},{"cityName":"Parou","countryName":"Turkmenistan","localeCode":"en","districtName":""},{"cityName":"Onbirikzhi","countryName":"Turkmenistan","localeCode":"en","districtName":""},{"cityName":"On-Begi","countryName":"Turkmenistan","localeCode":"en","districtName":""},{"cityName":"Ekerem","countryName":"Turkmenistan","localeCode":"en","districtName":""},{"cityName":"Ogurjaly","countryName":"Turkmenistan","localeCode":"en","districtName":""},{"cityName":"Ogomana","countryName":"Turkmenistan","localeCode":"en","districtName":""},{"cityName":"Oglanly","countryName":"Turkmenistan","localeCode":"en","districtName":""},{"cityName":"Oboy","countryName":"Turkmenistan","localeCode":"en","districtName":""},{"cityName":"Nugri","countryName":"Turkmenistan","localeCode":"en","districtName":""},{"cityName":"Nova","countryName":"Turkmenistan","localeCode":"en","districtName":""},{"cityName":"Nokhur","countryName":"Turkmenistan","localeCode":"en","districtName":""},{"cityName":"Nogarli","countryName":"Turkmenistan","localeCode":"en","districtName":""},{"cityName":"Niyazdepe","countryName":"Turkmenistan","localeCode":"en","districtName":""},{"cityName":"Newtonow","countryName":"Turkmenistan","localeCode":"en","districtName":""},{"cityName":"Balkanabat","countryName":"Turkmenistan","localeCode":"en","districtName":""},{"cityName":"Naara","countryName":"Turkmenistan","localeCode":"en","districtName":""},{"cityName":"Murcha","countryName":"Turkmenistan","localeCode":"en","districtName":""},{"cityName":"Monzhukly","countryName":"Turkmenistan","localeCode":"en","districtName":""},{"cityName":"Mollagara","countryName":"Turkmenistan","localeCode":"en","districtName":""},{"cityName":"Modar","countryName":"Turkmenistan","localeCode":"en","districtName":""},{"cityName":"Miradzhi","countryName":"Turkmenistan","localeCode":"en","districtName":""},{"cityName":"Meshkhed","countryName":"Turkmenistan","localeCode":"en","districtName":""},{"cityName":"Mekhinli","countryName":"Turkmenistan","localeCode":"en","districtName":""},{"cityName":"Megin","countryName":"Turkmenistan","localeCode":"en","districtName":""},{"cityName":"Marat","countryName":"Turkmenistan","localeCode":"en","districtName":""},{"cityName":"Manysh","countryName":"Turkmenistan","localeCode":"en","districtName":""},{"cityName":"Mamed'yar","countryName":"Turkmenistan","localeCode":"en","districtName":""},{"cityName":"Mallarchilyk","countryName":"Turkmenistan","localeCode":"en","districtName":""},{"cityName":"Makhtym-Kala","countryName":"Turkmenistan","localeCode":"en","districtName":""},{"cityName":"Makhtum-Kala","countryName":"Turkmenistan","localeCode":"en","districtName":""},{"cityName":"Madaw","countryName":"Turkmenistan","localeCode":"en","districtName":""},{"cityName":"Kyzyl-Sakal","countryName":"Turkmenistan","localeCode":"en","districtName":""},{"cityName":"Kyzylimam","countryName":"Turkmenistan","localeCode":"en","districtName":""},{"cityName":"Kyzyl-Cheshme","countryName":"Turkmenistan","localeCode":"en","districtName":""},{"cityName":"Kyzyl","countryName":"Turkmenistan","localeCode":"en","districtName":""},{"cityName":"Kyurenkala","countryName":"Turkmenistan","localeCode":"en","districtName":""},{"cityName":"Kyrkkui","countryName":"Turkmenistan","localeCode":"en","districtName":""},{"cityName":"Kyasauli-Kala","countryName":"Turkmenistan","localeCode":"en","districtName":""},{"cityName":"Kyal'-Ata","countryName":"Turkmenistan","localeCode":"en","districtName":""},{"cityName":"Kuylyar","countryName":"Turkmenistan","localeCode":"en","districtName":""},{"cityName":"Kuruzhdey","countryName":"Turkmenistan","localeCode":"en","districtName":""},{"cityName":"Kurtli","countryName":"Turkmenistan","localeCode":"en","districtName":""},{"cityName":"Kursagir","countryName":"Turkmenistan","localeCode":"en","districtName":""},{"cityName":"Kurkulab","countryName":"Turkmenistan","localeCode":"en","districtName":""},{"cityName":"Kurbanseyid","countryName":"Turkmenistan","localeCode":"en","districtName":""},{"cityName":"Kui-Dzhuk","countryName":"Turkmenistan","localeCode":"en","districtName":""},{"cityName":"Kruchay","countryName":"Turkmenistan","localeCode":"en","districtName":""},{"cityName":"Koyno-Kumbez","countryName":"Turkmenistan","localeCode":"en","districtName":""},{"cityName":"Koshtemir","countryName":"Turkmenistan","localeCode":"en","districtName":""},{"cityName":"Koshkin","countryName":"Turkmenistan","localeCode":"en","districtName":""},{"cityName":"Koshakaudan","countryName":"Turkmenistan","localeCode":"en","districtName":""},{"cityName":"Koshakak","countryName":"Turkmenistan","localeCode":"en","districtName":""},{"cityName":"Koshagyr","countryName":"Turkmenistan","localeCode":"en","districtName":""},{"cityName":"Kordzhou","countryName":"Turkmenistan","localeCode":"en","districtName":""},{"cityName":"Kone-Borme","countryName":"Turkmenistan","localeCode":"en","districtName":""},{"cityName":"Kodzha","countryName":"Turkmenistan","localeCode":"en","districtName":""},{"cityName":"Koch-Kor","countryName":"Turkmenistan","localeCode":"en","districtName":""},{"cityName":"Gyzylsuw","countryName":"Turkmenistan","localeCode":"en","districtName":""},{"cityName":"Kizyl-Oktyabr'","countryName":"Turkmenistan","localeCode":"en","districtName":""},{"cityName":"Kizyl-Kemer","countryName":"Turkmenistan","localeCode":"en","districtName":""},{"cityName":"Kizyl-Cherek","countryName":"Turkmenistan","localeCode":"en","districtName":""},{"cityName":"Kirpili","countryName":"Turkmenistan","localeCode":"en","districtName":""},{"cityName":"Kirpichli","countryName":"Turkmenistan","localeCode":"en","districtName":""},{"cityName":"Khurmat-Kala","countryName":"Turkmenistan","localeCode":"en","districtName":""},{"cityName":"Khudayberdy","countryName":"Turkmenistan","localeCode":"en","districtName":""},{"cityName":"Khoudandzhik","countryName":"Turkmenistan","localeCode":"en","districtName":""},{"cityName":"Khorodzhokh-Kala","countryName":"Turkmenistan","localeCode":"en","districtName":""},{"cityName":"Khodzhaolen","countryName":"Turkmenistan","localeCode":"en","districtName":""},{"cityName":"Khodzhakala","countryName":"Turkmenistan","localeCode":"en","districtName":""},{"cityName":"Khodzhaguyma","countryName":"Turkmenistan","localeCode":"en","districtName":""},{"cityName":"Khivabad","countryName":"Turkmenistan","localeCode":"en","districtName":""},{"cityName":"Kheleulen","countryName":"Turkmenistan","localeCode":"en","districtName":""},{"cityName":"Khaz","countryName":"Turkmenistan","localeCode":"en","districtName":""},{"cityName":"Khasar-Kala","countryName":"Turkmenistan","localeCode":"en","districtName":""},{"cityName":"Khan-Kyariz","countryName":"Turkmenistan","localeCode":"en","districtName":""},{"cityName":"Keyikkodana","countryName":"Turkmenistan","localeCode":"en","districtName":""},{"cityName":"Keshi","countryName":"Turkmenistan","localeCode":"en","districtName":""},{"cityName":"Kert-Yakha","countryName":"Turkmenistan","localeCode":"en","districtName":""},{"cityName":"Kenekesir","countryName":"Turkmenistan","localeCode":"en","districtName":""},{"cityName":"Kelyazyar","countryName":"Turkmenistan","localeCode":"en","districtName":""},{"cityName":"Kelyata","countryName":"Turkmenistan","localeCode":"en","districtName":""},{"cityName":"Kazy","countryName":"Turkmenistan","localeCode":"en","districtName":""},{"cityName":"Kazgankala","countryName":"Turkmenistan","localeCode":"en","districtName":""},{"cityName":"Kazandzhi","countryName":"Turkmenistan","localeCode":"en","districtName":""},{"cityName":"Kayrayuz","countryName":"Turkmenistan","localeCode":"en","districtName":""},{"cityName":"Kaushut","countryName":"Turkmenistan","localeCode":"en","districtName":""},{"cityName":"Kaushek-Kyzyltakyr","countryName":"Turkmenistan","localeCode":"en","districtName":""},{"cityName":"Karry-Cherlya","countryName":"Turkmenistan","localeCode":"en","districtName":""},{"cityName":"Karnas","countryName":"Turkmenistan","localeCode":"en","districtName":""},{"cityName":"Karaul","countryName":"Turkmenistan","localeCode":"en","districtName":""},{"cityName":"Karadamak","countryName":"Turkmenistan","localeCode":"en","districtName":""},{"cityName":"Karasengir","countryName":"Turkmenistan","localeCode":"en","districtName":""},{"cityName":"Karakhan","countryName":"Turkmenistan","localeCode":"en","districtName":""},{"cityName":"Kara-Ker","countryName":"Turkmenistan","localeCode":"en","districtName":""},{"cityName":"Kara-Kala","countryName":"Turkmenistan","localeCode":"en","districtName":""},{"cityName":"Kara-Govok","countryName":"Turkmenistan","localeCode":"en","districtName":""},{"cityName":"Karagez","countryName":"Turkmenistan","localeCode":"en","districtName":""},{"cityName":"Karagel","countryName":"Turkmenistan","localeCode":"en","districtName":""},{"cityName":"Karagan","countryName":"Turkmenistan","localeCode":"en","districtName":""},{"cityName":"Kara-Dzhin","countryName":"Turkmenistan","localeCode":"en","districtName":""},{"cityName":"Karadepe","countryName":"Turkmenistan","localeCode":"en","districtName":""},{"cityName":"Garadegish","countryName":"Turkmenistan","localeCode":"en","districtName":""},{"cityName":"Karabakshi","countryName":"Turkmenistan","localeCode":"en","districtName":""},{"cityName":"Kara-Agach","countryName":"Turkmenistan","localeCode":"en","districtName":""},{"cityName":"Karaadzhi","countryName":"Turkmenistan","localeCode":"en","districtName":""},{"cityName":"Kaplanli","countryName":"Turkmenistan","localeCode":"en","districtName":""},{"cityName":"Kanav","countryName":"Turkmenistan","localeCode":"en","districtName":""},{"cityName":"Bagabat","countryName":"Turkmenistan","localeCode":"en","districtName":""},{"cityName":"Kalankui","countryName":"Turkmenistan","localeCode":"en","districtName":""},{"cityName":"Kala","countryName":"Turkmenistan","localeCode":"en","districtName":""},{"cityName":"Kaka","countryName":"Turkmenistan","localeCode":"en","districtName":""},{"cityName":"Izgant","countryName":"Turkmenistan","localeCode":"en","districtName":""},{"cityName":"Intush","countryName":"Turkmenistan","localeCode":"en","districtName":""},{"cityName":"Imeni Molotova","countryName":"Turkmenistan","localeCode":"en","districtName":""},{"cityName":"Imeni Lenina","countryName":"Turkmenistan","localeCode":"en","districtName":""},{"cityName":"Imeni Kalinina","countryName":"Turkmenistan","localeCode":"en","districtName":""},{"cityName":"Imeni Dvadtsati Shesti Bakinskikh Komissarov","countryName":"Turkmenistan","localeCode":"en","districtName":""},{"cityName":"Ilidzha","countryName":"Turkmenistan","localeCode":"en","districtName":""},{"cityName":"Ilen","countryName":"Turkmenistan","localeCode":"en","districtName":""},{"cityName":"Gyzylarbat","countryName":"Turkmenistan","localeCode":"en","districtName":""},{"cityName":"Gyaur","countryName":"Turkmenistan","localeCode":"en","districtName":""},{"cityName":"Gyami","countryName":"Turkmenistan","localeCode":"en","districtName":""},{"cityName":"Gumdag","countryName":"Turkmenistan","localeCode":"en","districtName":""},{"cityName":"Guri-Olum","countryName":"Turkmenistan","localeCode":"en","districtName":""},{"cityName":"Gokdepe","countryName":"Turkmenistan","localeCode":"en","districtName":""},{"cityName":"Geyn-Keriz","countryName":"Turkmenistan","localeCode":"en","districtName":""},{"cityName":"Gevers","countryName":"Turkmenistan","localeCode":"en","districtName":""},{"cityName":"Germab","countryName":"Turkmenistan","localeCode":"en","districtName":""},{"cityName":"Kipchak","countryName":"Turkmenistan","localeCode":"en","districtName":""},{"cityName":"Geok-Tepe Nomer Tretiy","countryName":"Turkmenistan","localeCode":"en","districtName":""},{"cityName":"Geok-Tepe Nomer Pervyy","countryName":"Turkmenistan","localeCode":"en","districtName":""},{"cityName":"Gekcha","countryName":"Turkmenistan","localeCode":"en","districtName":""},{"cityName":"Gazanjyk","countryName":"Turkmenistan","localeCode":"en","districtName":""},{"cityName":"Hawdan","countryName":"Turkmenistan","localeCode":"en","districtName":""},{"cityName":"Garrygala","countryName":"Turkmenistan","localeCode":"en","districtName":""},{"cityName":"Pewrize","countryName":"Turkmenistan","localeCode":"en","districtName":""},{"cityName":"Dzhuvaldy","countryName":"Turkmenistan","localeCode":"en","districtName":""},{"cityName":"Dzhoyruk","countryName":"Turkmenistan","localeCode":"en","districtName":""},{"cityName":"Dzhedzhirs","countryName":"Turkmenistan","localeCode":"en","districtName":""},{"cityName":"Jebel","countryName":"Turkmenistan","localeCode":"en","districtName":""},{"cityName":"Dzhanakhir","countryName":"Turkmenistan","localeCode":"en","districtName":""},{"cityName":"Duzlyolum","countryName":"Turkmenistan","localeCode":"en","districtName":""},{"cityName":"Duzlydepe","countryName":"Turkmenistan","localeCode":"en","districtName":""},{"cityName":"Duunchi","countryName":"Turkmenistan","localeCode":"en","districtName":""},{"cityName":"Durun","countryName":"Turkmenistan","localeCode":"en","districtName":""},{"cityName":"Durdykhan","countryName":"Turkmenistan","localeCode":"en","districtName":""},{"cityName":"Doyran","countryName":"Turkmenistan","localeCode":"en","districtName":""},{"cityName":"Dou-Kala","countryName":"Turkmenistan","localeCode":"en","districtName":""},{"cityName":"Deycha","countryName":"Turkmenistan","localeCode":"en","districtName":""},{"cityName":"Desht","countryName":"Turkmenistan","localeCode":"en","districtName":""},{"cityName":"Dekel'-Dash","countryName":"Turkmenistan","localeCode":"en","districtName":""},{"cityName":"Dayne","countryName":"Turkmenistan","localeCode":"en","districtName":""},{"cityName":"Daulet","countryName":"Turkmenistan","localeCode":"en","districtName":""},{"cityName":"Dargana","countryName":"Turkmenistan","localeCode":"en","districtName":""},{"cityName":"Dardali","countryName":"Turkmenistan","localeCode":"en","districtName":""},{"cityName":"Danata","countryName":"Turkmenistan","localeCode":"en","districtName":""},{"cityName":"Dagadzhik","countryName":"Turkmenistan","localeCode":"en","districtName":""},{"cityName":"Chuli","countryName":"Turkmenistan","localeCode":"en","districtName":""},{"cityName":"Chukurkala","countryName":"Turkmenistan","localeCode":"en","districtName":""},{"cityName":"Chukur-Kala","countryName":"Turkmenistan","localeCode":"en","districtName":""},{"cityName":"Choganly","countryName":"Turkmenistan","localeCode":"en","districtName":""},{"cityName":"Chil'gez","countryName":"Turkmenistan","localeCode":"en","districtName":""},{"cityName":"Cheshme","countryName":"Turkmenistan","localeCode":"en","districtName":""},{"cityName":"Cherkezli","countryName":"Turkmenistan","localeCode":"en","districtName":""},{"cityName":"Chemeli","countryName":"Turkmenistan","localeCode":"en","districtName":""},{"cityName":"Cheltek","countryName":"Turkmenistan","localeCode":"en","districtName":""},{"cityName":"Celeken","countryName":"Turkmenistan","localeCode":"en","districtName":""},{"cityName":"Chekur-Yurt","countryName":"Turkmenistan","localeCode":"en","districtName":""},{"cityName":"Chekichler","countryName":"Turkmenistan","localeCode":"en","districtName":""},{"cityName":"Chatli","countryName":"Turkmenistan","localeCode":"en","districtName":""},{"cityName":"Chat","countryName":"Turkmenistan","localeCode":"en","districtName":""},{"cityName":"Chalsu","countryName":"Turkmenistan","localeCode":"en","districtName":""},{"cityName":"Chaloyuk","countryName":"Turkmenistan","localeCode":"en","districtName":""},{"cityName":"Byurgyutli","countryName":"Turkmenistan","localeCode":"en","districtName":""},{"cityName":"Buzmeyin","countryName":"Turkmenistan","localeCode":"en","districtName":""},{"cityName":"Burk","countryName":"Turkmenistan","localeCode":"en","districtName":""},{"cityName":"Bugdayly","countryName":"Turkmenistan","localeCode":"en","districtName":""},{"cityName":"Bozogoli","countryName":"Turkmenistan","localeCode":"en","districtName":""},{"cityName":"Boydag","countryName":"Turkmenistan","localeCode":"en","districtName":""},{"cityName":"Bovart","countryName":"Turkmenistan","localeCode":"en","districtName":""},{"cityName":"Bokurdak","countryName":"Turkmenistan","localeCode":"en","districtName":""},{"cityName":"Bki","countryName":"Turkmenistan","localeCode":"en","districtName":""},{"cityName":"Birleshik Pervyy","countryName":"Turkmenistan","localeCode":"en","districtName":""},{"cityName":"Bekibent","countryName":"Turkmenistan","localeCode":"en","districtName":""},{"cityName":"Beurme","countryName":"Turkmenistan","localeCode":"en","districtName":""},{"cityName":"Beuradzhi","countryName":"Turkmenistan","localeCode":"en","districtName":""},{"cityName":"Bere","countryName":"Turkmenistan","localeCode":"en","districtName":""},{"cityName":"Bendesen","countryName":"Turkmenistan","localeCode":"en","districtName":""},{"cityName":"Belek","countryName":"Turkmenistan","localeCode":"en","districtName":""},{"cityName":"Bekuri","countryName":"Turkmenistan","localeCode":"en","districtName":""},{"cityName":"Bayat-Khadzhi","countryName":"Turkmenistan","localeCode":"en","districtName":""},{"cityName":"Barsli","countryName":"Turkmenistan","localeCode":"en","districtName":""},{"cityName":"Bamy","countryName":"Turkmenistan","localeCode":"en","districtName":""},{"cityName":"Balla-Ishem","countryName":"Turkmenistan","localeCode":"en","districtName":""},{"cityName":"Baherden","countryName":"Turkmenistan","localeCode":"en","districtName":""},{"cityName":"Bagyr","countryName":"Turkmenistan","localeCode":"en","districtName":""},{"cityName":"Babarabkala","countryName":"Turkmenistan","localeCode":"en","districtName":""},{"cityName":"Babakhodzha","countryName":"Turkmenistan","localeCode":"en","districtName":""},{"cityName":"Babadurmaz","countryName":"Turkmenistan","localeCode":"en","districtName":""},{"cityName":"Aydin","countryName":"Turkmenistan","localeCode":"en","districtName":""},{"cityName":"Aydere","countryName":"Turkmenistan","localeCode":"en","districtName":""},{"cityName":"Ashgabat","countryName":"Turkmenistan","localeCode":"en","districtName":""},{"cityName":"Artyk","countryName":"Turkmenistan","localeCode":"en","districtName":""},{"cityName":"Arpaklen","countryName":"Turkmenistan","localeCode":"en","districtName":""},{"cityName":"Archman","countryName":"Turkmenistan","localeCode":"en","districtName":""},{"cityName":"Archin'yak","countryName":"Turkmenistan","localeCode":"en","districtName":""},{"cityName":"Arapchuk","countryName":"Turkmenistan","localeCode":"en","districtName":""},{"cityName":"Arab-Kala","countryName":"Turkmenistan","localeCode":"en","districtName":""},{"cityName":"Annau","countryName":"Turkmenistan","localeCode":"en","districtName":""},{"cityName":"Ammanazar","countryName":"Turkmenistan","localeCode":"en","districtName":""},{"cityName":"Amannazar","countryName":"Turkmenistan","localeCode":"en","districtName":""},{"cityName":"Allatepe","countryName":"Turkmenistan","localeCode":"en","districtName":""},{"cityName":"Alaja","countryName":"Turkmenistan","localeCode":"en","districtName":""},{"cityName":"Akyayla","countryName":"Turkmenistan","localeCode":"en","districtName":""},{"cityName":"Ak-Kaya","countryName":"Turkmenistan","localeCode":"en","districtName":""},{"cityName":"Akhchaguyma","countryName":"Turkmenistan","localeCode":"en","districtName":""},{"cityName":"Ak-Gaudan","countryName":"Turkmenistan","localeCode":"en","districtName":""},{"cityName":"Akdepe","countryName":"Turkmenistan","localeCode":"en","districtName":""},{"cityName":"Akbogaz","countryName":"Turkmenistan","localeCode":"en","districtName":""},{"cityName":"Ak","countryName":"Turkmenistan","localeCode":"en","districtName":""},{"cityName":"Ajyyap","countryName":"Turkmenistan","localeCode":"en","districtName":""},{"cityName":"Adzhikui","countryName":"Turkmenistan","localeCode":"en","districtName":""},{"cityName":"Hasan Kuli","countryName":"Turkmenistan","localeCode":"en","districtName":""},{"cityName":"Chayek","countryName":"Turkmenistan","localeCode":"en","districtName":""},{"cityName":"Alibek","countryName":"Turkmenistan","localeCode":"en","districtName":""},{"cityName":"Yanbash","countryName":"Turkmenistan","localeCode":"en","districtName":""},{"cityName":"Aktepe","countryName":"Turkmenistan","localeCode":"en","districtName":""},{"cityName":"Firyuzinskoye Ushchel'ye","countryName":"Turkmenistan","localeCode":"en","districtName":""},{"cityName":"Herrikgala","countryName":"Turkmenistan","localeCode":"en","districtName":""},{"cityName":"Tsementnyy Gorodok","countryName":"Turkmenistan","localeCode":"en","districtName":""},{"cityName":"Geokcha","countryName":"Turkmenistan","localeCode":"en","districtName":""},{"cityName":"Yalkim","countryName":"Turkmenistan","localeCode":"en","districtName":""},{"cityName":"Bikrova","countryName":"Turkmenistan","localeCode":"en","districtName":""},{"cityName":"Lesopitomnik","countryName":"Turkmenistan","localeCode":"en","districtName":""},{"cityName":"Arzuv","countryName":"Turkmenistan","localeCode":"en","districtName":""},{"cityName":"Yekitut","countryName":"Turkmenistan","localeCode":"en","districtName":""},{"cityName":"Aktash","countryName":"Turkmenistan","localeCode":"en","districtName":""},{"cityName":"Karanki","countryName":"Turkmenistan","localeCode":"en","districtName":""},{"cityName":"Kurtusu","countryName":"Turkmenistan","localeCode":"en","districtName":""},{"cityName":"Berzengi","countryName":"Turkmenistan","localeCode":"en","districtName":""},{"cityName":"Karakhandere","countryName":"Turkmenistan","localeCode":"en","districtName":""},{"cityName":"Romanovskiy","countryName":"Turkmenistan","localeCode":"en","districtName":""},{"cityName":"Khodzhadere","countryName":"Turkmenistan","localeCode":"en","districtName":""},{"cityName":"Bazar","countryName":"Turkmenistan","localeCode":"en","districtName":""},{"cityName":"Inderlen","countryName":"Turkmenistan","localeCode":"en","districtName":""},{"cityName":"Garajabatyr","countryName":"Turkmenistan","localeCode":"en","districtName":""},{"cityName":"Yarymtyk","countryName":"Turkmenistan","localeCode":"en","districtName":""},{"cityName":"Yasydepe","countryName":"Turkmenistan","localeCode":"en","districtName":""},{"cityName":"Udey","countryName":"Turkmenistan","localeCode":"en","districtName":""},{"cityName":"Tekendzhik","countryName":"Turkmenistan","localeCode":"en","districtName":""},{"cityName":"Kyzylay","countryName":"Turkmenistan","localeCode":"en","districtName":""},{"cityName":"Agach-Arvat","countryName":"Turkmenistan","localeCode":"en","districtName":""},{"cityName":"Garadepe","countryName":"Turkmenistan","localeCode":"en","districtName":""},{"cityName":"Gamyshlyja","countryName":"Turkmenistan","localeCode":"en","districtName":""},{"cityName":"Altykui","countryName":"Turkmenistan","localeCode":"en","districtName":""},{"cityName":"Gagrandag","countryName":"Turkmenistan","localeCode":"en","districtName":""},{"cityName":"Yegridzhar","countryName":"Turkmenistan","localeCode":"en","districtName":""},{"cityName":"Alangyrtly","countryName":"Turkmenistan","localeCode":"en","districtName":""},{"cityName":"Orunchaga","countryName":"Turkmenistan","localeCode":"en","districtName":""},{"cityName":"Shakhman","countryName":"Turkmenistan","localeCode":"en","districtName":""},{"cityName":"Balkui","countryName":"Turkmenistan","localeCode":"en","districtName":""},{"cityName":"Suydzhermen","countryName":"Turkmenistan","localeCode":"en","districtName":""},{"cityName":"Jashan","countryName":"Turkmenistan","localeCode":"en","districtName":""},{"cityName":"Yylanly","countryName":"Turkmenistan","localeCode":"en","districtName":""},{"cityName":"Yangysu","countryName":"Turkmenistan","localeCode":"en","districtName":""},{"cityName":"Yangadzha","countryName":"Turkmenistan","localeCode":"en","districtName":""},{"cityName":"Ubetsk","countryName":"Turkmenistan","localeCode":"en","districtName":""},{"cityName":"Tuar","countryName":"Turkmenistan","localeCode":"en","districtName":""},{"cityName":"Teze-Yardzhi","countryName":"Turkmenistan","localeCode":"en","districtName":""},{"cityName":"Tezedurmysh","countryName":"Turkmenistan","localeCode":"en","districtName":""},{"cityName":"Teze-Chetyr","countryName":"Turkmenistan","localeCode":"en","districtName":""},{"cityName":"Tersakkan","countryName":"Turkmenistan","localeCode":"en","districtName":""},{"cityName":"Gubadag","countryName":"Turkmenistan","localeCode":"en","districtName":""},{"cityName":"Tarta","countryName":"Turkmenistan","localeCode":"en","districtName":""},{"cityName":"Taraba","countryName":"Turkmenistan","localeCode":"en","districtName":""},{"cityName":"Tagta","countryName":"Turkmenistan","localeCode":"en","districtName":""},{"cityName":"Suili","countryName":"Turkmenistan","localeCode":"en","districtName":""},{"cityName":"Shikhzyab","countryName":"Turkmenistan","localeCode":"en","districtName":""},{"cityName":"Shikh","countryName":"Turkmenistan","localeCode":"en","districtName":""},{"cityName":"Shamurad-Dzhinkul'","countryName":"Turkmenistan","localeCode":"en","districtName":""},{"cityName":"Shakhmurad","countryName":"Turkmenistan","localeCode":"en","districtName":""},{"cityName":"Shagatly","countryName":"Turkmenistan","localeCode":"en","districtName":""},{"cityName":"Severnykh Promyslov Ozera Nomera Shestogo","countryName":"Turkmenistan","localeCode":"en","districtName":""},{"cityName":"Sekizatlyk","countryName":"Turkmenistan","localeCode":"en","districtName":""},{"cityName":"Sazandy","countryName":"Turkmenistan","localeCode":"en","districtName":""},{"cityName":"Sarygurum","countryName":"Turkmenistan","localeCode":"en","districtName":""},{"cityName":"Sarydepe","countryName":"Turkmenistan","localeCode":"en","districtName":""},{"cityName":"Polisultan","countryName":"Turkmenistan","localeCode":"en","districtName":""},{"cityName":"Pioner","countryName":"Turkmenistan","localeCode":"en","districtName":""},{"cityName":"Orazkel'","countryName":"Turkmenistan","localeCode":"en","districtName":""},{"cityName":"Omchali","countryName":"Turkmenistan","localeCode":"en","districtName":""},{"cityName":"Omarata","countryName":"Turkmenistan","localeCode":"en","districtName":""},{"cityName":"Oktyabr'sk","countryName":"Turkmenistan","localeCode":"en","districtName":""},{"cityName":"Oktyabr'","countryName":"Turkmenistan","localeCode":"en","districtName":""},{"cityName":"Oglamysh","countryName":"Turkmenistan","localeCode":"en","districtName":""},{"cityName":"Nugunek","countryName":"Turkmenistan","localeCode":"en","districtName":""},{"cityName":"Moskva","countryName":"Turkmenistan","localeCode":"en","districtName":""},{"cityName":"Monchakly","countryName":"Turkmenistan","localeCode":"en","districtName":""},{"cityName":"Magarif","countryName":"Turkmenistan","localeCode":"en","districtName":""},{"cityName":"Leningrad","countryName":"Turkmenistan","localeCode":"en","districtName":""},{"cityName":"Lavak","countryName":"Turkmenistan","localeCode":"en","districtName":""},{"cityName":"Kyzylshark","countryName":"Turkmenistan","localeCode":"en","districtName":""},{"cityName":"Kyzylkup","countryName":"Turkmenistan","localeCode":"en","districtName":""},{"cityName":"Kyzylkumbet","countryName":"Turkmenistan","localeCode":"en","districtName":""},{"cityName":"Kyzylgyuych","countryName":"Turkmenistan","localeCode":"en","districtName":""},{"cityName":"Kyzylgar","countryName":"Turkmenistan","localeCode":"en","districtName":""},{"cityName":"Kyzylbaydak","countryName":"Turkmenistan","localeCode":"en","districtName":""},{"cityName":"Kuyzeshour","countryName":"Turkmenistan","localeCode":"en","districtName":""},{"cityName":"Kuuli-Mayak","countryName":"Turkmenistan","localeCode":"en","districtName":""},{"cityName":"Kushbegi","countryName":"Turkmenistan","localeCode":"en","districtName":""},{"cityName":"Kupakli","countryName":"Turkmenistan","localeCode":"en","districtName":""},{"cityName":"Kunya-Yarmysh","countryName":"Turkmenistan","localeCode":"en","districtName":""},{"cityName":"Turkmenbasy","countryName":"Turkmenistan","localeCode":"en","districtName":""},{"cityName":"Koshoba","countryName":"Turkmenistan","localeCode":"en","districtName":""},{"cityName":"Koshanda","countryName":"Turkmenistan","localeCode":"en","districtName":""},{"cityName":"Koeneuergench","countryName":"Turkmenistan","localeCode":"en","districtName":""},{"cityName":"Komsomol","countryName":"Turkmenistan","localeCode":"en","districtName":""},{"cityName":"Kommunizm","countryName":"Turkmenistan","localeCode":"en","districtName":""},{"cityName":"Kommuna","countryName":"Turkmenistan","localeCode":"en","districtName":""},{"cityName":"Kianly","countryName":"Turkmenistan","localeCode":"en","districtName":""},{"cityName":"Khodzhasu","countryName":"Turkmenistan","localeCode":"en","districtName":""},{"cityName":"Khodzhakumbet","countryName":"Turkmenistan","localeCode":"en","districtName":""},{"cityName":"Khellen","countryName":"Turkmenistan","localeCode":"en","districtName":""},{"cityName":"Khamay","countryName":"Turkmenistan","localeCode":"en","districtName":""},{"cityName":"Keseklik","countryName":"Turkmenistan","localeCode":"en","districtName":""},{"cityName":"Kergochemen","countryName":"Turkmenistan","localeCode":"en","districtName":""},{"cityName":"Kepekli","countryName":"Turkmenistan","localeCode":"en","districtName":""},{"cityName":"Keleli Vtoroy","countryName":"Turkmenistan","localeCode":"en","districtName":""},{"cityName":"Karshi","countryName":"Turkmenistan","localeCode":"en","districtName":""},{"cityName":"Karaulak","countryName":"Turkmenistan","localeCode":"en","districtName":""},{"cityName":"Kara-Sukut","countryName":"Turkmenistan","localeCode":"en","districtName":""},{"cityName":"Karaparsan","countryName":"Turkmenistan","localeCode":"en","districtName":""},{"cityName":"Kara-Nuri","countryName":"Turkmenistan","localeCode":"en","districtName":""},{"cityName":"Karakhodzha","countryName":"Turkmenistan","localeCode":"en","districtName":""},{"cityName":"Karadzhary","countryName":"Turkmenistan","localeCode":"en","districtName":""},{"cityName":"Karadashli","countryName":"Turkmenistan","localeCode":"en","districtName":""},{"cityName":"Karabagadzhe","countryName":"Turkmenistan","localeCode":"en","districtName":""},{"cityName":"Kamyshdzhik","countryName":"Turkmenistan","localeCode":"en","districtName":""},{"cityName":"Boldumsaz","countryName":"Turkmenistan","localeCode":"en","districtName":""},{"cityName":"Kabyl","countryName":"Turkmenistan","localeCode":"en","districtName":""},{"cityName":"Jangnga","countryName":"Turkmenistan","localeCode":"en","districtName":""},{"cityName":"Isrikkala","countryName":"Turkmenistan","localeCode":"en","districtName":""},{"cityName":"Iskra","countryName":"Turkmenistan","localeCode":"en","districtName":""},{"cityName":"Ishik-Bay","countryName":"Turkmenistan","localeCode":"en","districtName":""},{"cityName":"Irkli","countryName":"Turkmenistan","localeCode":"en","districtName":""},{"cityName":"Imeni Zhdanova","countryName":"Turkmenistan","localeCode":"en","districtName":""},{"cityName":"Imeni Vyshinskogo","countryName":"Turkmenistan","localeCode":"en","districtName":""},{"cityName":"Imeni Voroshilova","countryName":"Turkmenistan","localeCode":"en","districtName":""},{"cityName":"Imeni Tel'mana","countryName":"Turkmenistan","localeCode":"en","districtName":""},{"cityName":"Imeni Stalina","countryName":"Turkmenistan","localeCode":"en","districtName":""},{"cityName":"Imeni Stakhanova","countryName":"Turkmenistan","localeCode":"en","districtName":""},{"cityName":"Imeni Mikoyana","countryName":"Turkmenistan","localeCode":"en","districtName":""},{"cityName":"Imeni Kuybysheva","countryName":"Turkmenistan","localeCode":"en","districtName":""},{"cityName":"Imeni Kirova","countryName":"Turkmenistan","localeCode":"en","districtName":""},{"cityName":"Imeni Gor'kogo","countryName":"Turkmenistan","localeCode":"en","districtName":""},{"cityName":"Imeni Dimitrova","countryName":"Turkmenistan","localeCode":"en","districtName":""},{"cityName":"Imeni Chkalova","countryName":"Turkmenistan","localeCode":"en","districtName":""},{"cityName":"Imeni Chapayeva","countryName":"Turkmenistan","localeCode":"en","districtName":""},{"cityName":"Imeni Budennogo","countryName":"Turkmenistan","localeCode":"en","districtName":""},{"cityName":"Imeni Andreyeva","countryName":"Turkmenistan","localeCode":"en","districtName":""},{"cityName":"Gyzylgaya","countryName":"Turkmenistan","localeCode":"en","districtName":""},{"cityName":"Gulastan","countryName":"Turkmenistan","localeCode":"en","districtName":""},{"cityName":"Goklenkuyu","countryName":"Turkmenistan","localeCode":"en","districtName":""},{"cityName":"Geksay","countryName":"Turkmenistan","localeCode":"en","districtName":""},{"cityName":"Garabogazkol","countryName":"Turkmenistan","localeCode":"en","districtName":""},{"cityName":"Dzhafar","countryName":"Turkmenistan","localeCode":"en","districtName":""},{"cityName":"Denglikopry","countryName":"Turkmenistan","localeCode":"en","districtName":""},{"cityName":"Dashkuduk","countryName":"Turkmenistan","localeCode":"en","districtName":""},{"cityName":"Dasoguz","countryName":"Turkmenistan","localeCode":"en","districtName":""},{"cityName":"Darvaza","countryName":"Turkmenistan","localeCode":"en","districtName":""},{"cityName":"Damzak","countryName":"Turkmenistan","localeCode":"en","districtName":""},{"cityName":"Charvan-Kala","countryName":"Turkmenistan","localeCode":"en","districtName":""},{"cityName":"Chagyl","countryName":"Turkmenistan","localeCode":"en","districtName":""},{"cityName":"Chagali","countryName":"Turkmenistan","localeCode":"en","districtName":""},{"cityName":"Boy Pervyy","countryName":"Turkmenistan","localeCode":"en","districtName":""},{"cityName":"Bol'shevik","countryName":"Turkmenistan","localeCode":"en","districtName":""},{"cityName":"Birinchiboy","countryName":"Turkmenistan","localeCode":"en","districtName":""},{"cityName":"Karabogaz","countryName":"Turkmenistan","localeCode":"en","districtName":""},{"cityName":"Bayramtogan","countryName":"Turkmenistan","localeCode":"en","districtName":""},{"cityName":"Bagadzha","countryName":"Turkmenistan","localeCode":"en","districtName":""},{"cityName":"Auliye","countryName":"Turkmenistan","localeCode":"en","districtName":""},{"cityName":"Arykagyl","countryName":"Turkmenistan","localeCode":"en","districtName":""},{"cityName":"Arychagyl","countryName":"Turkmenistan","localeCode":"en","districtName":""},{"cityName":"Amandor","countryName":"Turkmenistan","localeCode":"en","districtName":""},{"cityName":"Ak-Kuyu","countryName":"Turkmenistan","localeCode":"en","districtName":""},{"cityName":"Akdash","countryName":"Turkmenistan","localeCode":"en","districtName":""},{"cityName":"Ak-Altyn","countryName":"Turkmenistan","localeCode":"en","districtName":""},{"cityName":"Orfa","countryName":"Turkmenistan","localeCode":"en","districtName":""},{"cityName":"Zergyar","countryName":"Turkmenistan","localeCode":"en","districtName":""},{"cityName":"Zergumen","countryName":"Turkmenistan","localeCode":"en","districtName":""},{"cityName":"Zergar","countryName":"Turkmenistan","localeCode":"en","districtName":""},{"cityName":"Zakhmet","countryName":"Turkmenistan","localeCode":"en","districtName":""},{"cityName":"Yulangyz","countryName":"Turkmenistan","localeCode":"en","districtName":""},{"cityName":"Yoloten","countryName":"Turkmenistan","localeCode":"en","districtName":""},{"cityName":"Yekindzhi","countryName":"Turkmenistan","localeCode":"en","districtName":""},{"cityName":"Yazygadzhik","countryName":"Turkmenistan","localeCode":"en","districtName":""},{"cityName":"Yazy","countryName":"Turkmenistan","localeCode":"en","districtName":""},{"cityName":"Yazdepe","countryName":"Turkmenistan","localeCode":"en","districtName":""},{"cityName":"Yaz-Aryk","countryName":"Turkmenistan","localeCode":"en","districtName":""},{"cityName":"Yash-Pioner","countryName":"Turkmenistan","localeCode":"en","districtName":""},{"cityName":"Yashlar","countryName":"Turkmenistan","localeCode":"en","districtName":""},{"cityName":"Yashguch","countryName":"Turkmenistan","localeCode":"en","districtName":""},{"cityName":"Yasa-Gul","countryName":"Turkmenistan","localeCode":"en","districtName":""},{"cityName":"Yapach","countryName":"Turkmenistan","localeCode":"en","districtName":""},{"cityName":"Yangi-Kuyu","countryName":"Turkmenistan","localeCode":"en","districtName":""},{"cityName":"Yangi-Kishlak","countryName":"Turkmenistan","localeCode":"en","districtName":""},{"cityName":"Yangi-Khodzhalyk","countryName":"Turkmenistan","localeCode":"en","districtName":""},{"cityName":"Yangiaryk","countryName":"Turkmenistan","localeCode":"en","districtName":""},{"cityName":"Yangi-Aryk","countryName":"Turkmenistan","localeCode":"en","districtName":""},{"cityName":"Yalovach","countryName":"Turkmenistan","localeCode":"en","districtName":""},{"cityName":"Yakeper","countryName":"Turkmenistan","localeCode":"en","districtName":""},{"cityName":"Yagty-Yel","countryName":"Turkmenistan","localeCode":"en","districtName":""},{"cityName":"Vtoraya Pyatiletka","countryName":"Turkmenistan","localeCode":"en","districtName":""},{"cityName":"Vos'moye Marta","countryName":"Turkmenistan","localeCode":"en","districtName":""},{"cityName":"Vekil'-Bazar","countryName":"Turkmenistan","localeCode":"en","districtName":""},{"cityName":"Uyger-Chage","countryName":"Turkmenistan","localeCode":"en","districtName":""},{"cityName":"Usty","countryName":"Turkmenistan","localeCode":"en","districtName":""},{"cityName":"Urazaly","countryName":"Turkmenistan","localeCode":"en","districtName":""},{"cityName":"Urazali","countryName":"Turkmenistan","localeCode":"en","districtName":""},{"cityName":"Umuk","countryName":"Turkmenistan","localeCode":"en","districtName":""},{"cityName":"Ulyash","countryName":"Turkmenistan","localeCode":"en","districtName":""},{"cityName":"Ulamsurkhi","countryName":"Turkmenistan","localeCode":"en","districtName":""},{"cityName":"Ugur","countryName":"Turkmenistan","localeCode":"en","districtName":""},{"cityName":"Udarnik","countryName":"Turkmenistan","localeCode":"en","districtName":""},{"cityName":"Uch-Bash","countryName":"Turkmenistan","localeCode":"en","districtName":""},{"cityName":"Utsch-Adshi","countryName":"Turkmenistan","localeCode":"en","districtName":""},{"cityName":"Tyuyachi","countryName":"Turkmenistan","localeCode":"en","districtName":""},{"cityName":"Tyl'-Ter","countryName":"Turkmenistan","localeCode":"en","districtName":""},{"cityName":"Turkmenkarakul'","countryName":"Turkmenistan","localeCode":"en","districtName":""},{"cityName":"Turkmen-Kala","countryName":"Turkmenistan","localeCode":"en","districtName":""},{"cityName":"Tura-Kishlak","countryName":"Turkmenistan","localeCode":"en","districtName":""},{"cityName":"Tezeyol","countryName":"Turkmenistan","localeCode":"en","districtName":""},{"cityName":"Tezeyel Vtoroy","countryName":"Turkmenistan","localeCode":"en","districtName":""},{"cityName":"Teze-Yel","countryName":"Turkmenistan","localeCode":"en","districtName":""},{"cityName":"Tezeoba","countryName":"Turkmenistan","localeCode":"en","districtName":""},{"cityName":"Teze-Oba","countryName":"Turkmenistan","localeCode":"en","districtName":""},{"cityName":"Tezedurmush","countryName":"Turkmenistan","localeCode":"en","districtName":""},{"cityName":"Temir-Khodzha","countryName":"Turkmenistan","localeCode":"en","districtName":""},{"cityName":"Tejen","countryName":"Turkmenistan","localeCode":"en","districtName":""},{"cityName":"Tedzhenstroy","countryName":"Turkmenistan","localeCode":"en","districtName":""},{"cityName":"Tashrabad","countryName":"Turkmenistan","localeCode":"en","districtName":""},{"cityName":"Tashlyk","countryName":"Turkmenistan","localeCode":"en","districtName":""},{"cityName":"Tash-Kishlak","countryName":"Turkmenistan","localeCode":"en","districtName":""},{"cityName":"Daskopri","countryName":"Turkmenistan","localeCode":"en","districtName":""},{"cityName":"Tarnov","countryName":"Turkmenistan","localeCode":"en","districtName":""},{"cityName":"Tarkhan","countryName":"Turkmenistan","localeCode":"en","districtName":""},{"cityName":"Tang-Kotan","countryName":"Turkmenistan","localeCode":"en","districtName":""},{"cityName":"Talimardzhan","countryName":"Turkmenistan","localeCode":"en","districtName":""},{"cityName":"Takyr","countryName":"Turkmenistan","localeCode":"en","districtName":""},{"cityName":"Takhtapara","countryName":"Turkmenistan","localeCode":"en","districtName":""},{"cityName":"Tagtabazar","countryName":"Turkmenistan","localeCode":"en","districtName":""},{"cityName":"Gursunmagdan Karhanasy","countryName":"Turkmenistan","localeCode":"en","districtName":""},{"cityName":"Surkhi","countryName":"Turkmenistan","localeCode":"en","districtName":""},{"cityName":"Sultanbent","countryName":"Turkmenistan","localeCode":"en","districtName":""},{"cityName":"Suli-Gokcha","countryName":"Turkmenistan","localeCode":"en","districtName":""},{"cityName":"Sukhty Vtoroy","countryName":"Turkmenistan","localeCode":"en","districtName":""},{"cityName":"Sukhty Pervyy","countryName":"Turkmenistan","localeCode":"en","districtName":""},{"cityName":"Sukhty","countryName":"Turkmenistan","localeCode":"en","districtName":""},{"cityName":"Soeyunaly","countryName":"Turkmenistan","localeCode":"en","districtName":""},{"cityName":"Sowetyap","countryName":"Turkmenistan","localeCode":"en","districtName":""},{"cityName":"Sotsializm-Yul","countryName":"Turkmenistan","localeCode":"en","districtName":""},{"cityName":"Siyadak-Sakar","countryName":"Turkmenistan","localeCode":"en","districtName":""},{"cityName":"Shurvogaz","countryName":"Turkmenistan","localeCode":"en","districtName":""},{"cityName":"Shura","countryName":"Turkmenistan","localeCode":"en","districtName":""},{"cityName":"Shori-Payan","countryName":"Turkmenistan","localeCode":"en","districtName":""},{"cityName":"Shor-Cheshme","countryName":"Turkmenistan","localeCode":"en","districtName":""},{"cityName":"Shor-Aryk","countryName":"Turkmenistan","localeCode":"en","districtName":""},{"cityName":"Shor","countryName":"Turkmenistan","localeCode":"en","districtName":""},{"cityName":"Sheykh","countryName":"Turkmenistan","localeCode":"en","districtName":""},{"cityName":"Shekh-Bala","countryName":"Turkmenistan","localeCode":"en","districtName":""},{"cityName":"Shatlyk","countryName":"Turkmenistan","localeCode":"en","districtName":""},{"cityName":"Shambebazar","countryName":"Turkmenistan","localeCode":"en","districtName":""},{"cityName":"Shagal","countryName":"Turkmenistan","localeCode":"en","districtName":""},{"cityName":"Seydi","countryName":"Turkmenistan","localeCode":"en","districtName":""},{"cityName":"Serakhskiy Rayon","countryName":"Turkmenistan","localeCode":"en","districtName":""},{"cityName":"Segli-Kar","countryName":"Turkmenistan","localeCode":"en","districtName":""},{"cityName":"Sayvatur","countryName":"Turkmenistan","localeCode":"en","districtName":""},{"cityName":"Sayat","countryName":"Turkmenistan","localeCode":"en","districtName":""},{"cityName":"Saryyazy","countryName":"Turkmenistan","localeCode":"en","districtName":""},{"cityName":"Sarykbala","countryName":"Turkmenistan","localeCode":"en","districtName":""},{"cityName":"Sarydag-Tugay","countryName":"Turkmenistan","localeCode":"en","districtName":""},{"cityName":"Sary-Bash","countryName":"Turkmenistan","localeCode":"en","districtName":""},{"cityName":"Sarahs","countryName":"Turkmenistan","localeCode":"en","districtName":""},{"cityName":"Sapardar","countryName":"Turkmenistan","localeCode":"en","districtName":""},{"cityName":"Sandykgacy","countryName":"Turkmenistan","localeCode":"en","districtName":""},{"cityName":"Sakarchage","countryName":"Turkmenistan","localeCode":"en","districtName":""},{"cityName":"Sakar-Adzhi","countryName":"Turkmenistan","localeCode":"en","districtName":""},{"cityName":"Sakar","countryName":"Turkmenistan","localeCode":"en","districtName":""},{"cityName":"Sabbuny","countryName":"Turkmenistan","localeCode":"en","districtName":""},{"cityName":"Romazak","countryName":"Turkmenistan","localeCode":"en","districtName":""},{"cityName":"Repetek","countryName":"Turkmenistan","localeCode":"en","districtName":""},{"cityName":"Ravnina","countryName":"Turkmenistan","localeCode":"en","districtName":""},{"cityName":"Rabochiy","countryName":"Turkmenistan","localeCode":"en","districtName":""},{"cityName":"Pravda","countryName":"Turkmenistan","localeCode":"en","districtName":""},{"cityName":"Poltavskiy","countryName":"Turkmenistan","localeCode":"en","districtName":""},{"cityName":"Pogranichnik","countryName":"Turkmenistan","localeCode":"en","districtName":""},{"cityName":"Pobeda","countryName":"Turkmenistan","localeCode":"en","districtName":""},{"cityName":"Pervyy Khodzhakuyu","countryName":"Turkmenistan","localeCode":"en","districtName":""},{"cityName":"Pervogo Maya","countryName":"Turkmenistan","localeCode":"en","districtName":""},{"cityName":"Permet","countryName":"Turkmenistan","localeCode":"en","districtName":""},{"cityName":"Parmasha","countryName":"Turkmenistan","localeCode":"en","districtName":""},{"cityName":"Ovaz-Dzhalatay","countryName":"Turkmenistan","localeCode":"en","districtName":""},{"cityName":"Ordy-Khodzha","countryName":"Turkmenistan","localeCode":"en","districtName":""},{"cityName":"Omar-Khodzha","countryName":"Turkmenistan","localeCode":"en","districtName":""},{"cityName":"Omar","countryName":"Turkmenistan","localeCode":"en","districtName":""},{"cityName":"Ogar","countryName":"Turkmenistan","localeCode":"en","districtName":""},{"cityName":"Odzharly","countryName":"Turkmenistan","localeCode":"en","districtName":""},{"cityName":"Oba","countryName":"Turkmenistan","localeCode":"en","districtName":""},{"cityName":"Nurata","countryName":"Turkmenistan","localeCode":"en","districtName":""},{"cityName":"Nurali","countryName":"Turkmenistan","localeCode":"en","districtName":""},{"cityName":"Nuradzhi","countryName":"Turkmenistan","localeCode":"en","districtName":""},{"cityName":"Nauruz-Abad","countryName":"Turkmenistan","localeCode":"en","districtName":""},{"cityName":"Narazym","countryName":"Turkmenistan","localeCode":"en","districtName":""},{"cityName":"Murgab","countryName":"Turkmenistan","localeCode":"en","districtName":""},{"cityName":"Muminchandyr","countryName":"Turkmenistan","localeCode":"en","districtName":""},{"cityName":"Mukry","countryName":"Turkmenistan","localeCode":"en","districtName":""},{"cityName":"Mugal-Bala","countryName":"Turkmenistan","localeCode":"en","districtName":""},{"cityName":"Moyak-Olum","countryName":"Turkmenistan","localeCode":"en","districtName":""},{"cityName":"Moyak","countryName":"Turkmenistan","localeCode":"en","districtName":""},{"cityName":"Moskovsk","countryName":"Turkmenistan","localeCode":"en","districtName":""},{"cityName":"Morgunow","countryName":"Turkmenistan","localeCode":"en","districtName":""},{"cityName":"Moor","countryName":"Turkmenistan","localeCode":"en","districtName":""},{"cityName":"Mirzachirla","countryName":"Turkmenistan","localeCode":"en","districtName":""},{"cityName":"Mirzabek","countryName":"Turkmenistan","localeCode":"en","districtName":""},{"cityName":"Miana","countryName":"Turkmenistan","localeCode":"en","districtName":""},{"cityName":"Mekrub","countryName":"Turkmenistan","localeCode":"en","districtName":""},{"cityName":"Mekan","countryName":"Turkmenistan","localeCode":"en","districtName":""},{"cityName":"Megejik","countryName":"Turkmenistan","localeCode":"en","districtName":""},{"cityName":"Mary","countryName":"Turkmenistan","localeCode":"en","districtName":""},{"cityName":"Martazi","countryName":"Turkmenistan","localeCode":"en","districtName":""},{"cityName":"Maraniyat","countryName":"Turkmenistan","localeCode":"en","districtName":""},{"cityName":"Mamur","countryName":"Turkmenistan","localeCode":"en","districtName":""},{"cityName":"Mamatay","countryName":"Turkmenistan","localeCode":"en","districtName":""},{"cityName":"Mamash","countryName":"Turkmenistan","localeCode":"en","districtName":""},{"cityName":"Malay-Adzhi","countryName":"Turkmenistan","localeCode":"en","districtName":""},{"cityName":"Makhmud-Adzhi","countryName":"Turkmenistan","localeCode":"en","districtName":""},{"cityName":"Makhmaldepe","countryName":"Turkmenistan","localeCode":"en","districtName":""},{"cityName":"Lambe","countryName":"Turkmenistan","localeCode":"en","districtName":""},{"cityName":"Kyzylyyldyz","countryName":"Turkmenistan","localeCode":"en","districtName":""},{"cityName":"Kyzyltayak","countryName":"Turkmenistan","localeCode":"en","districtName":""},{"cityName":"Kyzylpildyz","countryName":"Turkmenistan","localeCode":"en","districtName":""},{"cityName":"Kyzylkoshun","countryName":"Turkmenistan","localeCode":"en","districtName":""},{"cityName":"Kyzylkasyl","countryName":"Turkmenistan","localeCode":"en","districtName":""},{"cityName":"Kyzyl-Guch","countryName":"Turkmenistan","localeCode":"en","districtName":""},{"cityName":"Kyzyldaykhan","countryName":"Turkmenistan","localeCode":"en","districtName":""},{"cityName":"Kyzylcharva","countryName":"Turkmenistan","localeCode":"en","districtName":""},{"cityName":"Kyzylbayda","countryName":"Turkmenistan","localeCode":"en","districtName":""},{"cityName":"Kyrkuyli","countryName":"Turkmenistan","localeCode":"en","districtName":""},{"cityName":"Kyamtor","countryName":"Turkmenistan","localeCode":"en","districtName":""},{"cityName":"Kyal'tayab","countryName":"Turkmenistan","localeCode":"en","districtName":""},{"cityName":"Kuvak","countryName":"Turkmenistan","localeCode":"en","districtName":""},{"cityName":"Kushchi","countryName":"Turkmenistan","localeCode":"en","districtName":""},{"cityName":"Kuruksay","countryName":"Turkmenistan","localeCode":"en","districtName":""},{"cityName":"Kurgunuk","countryName":"Turkmenistan","localeCode":"en","districtName":""},{"cityName":"Kurdzhukly","countryName":"Turkmenistan","localeCode":"en","districtName":""},{"cityName":"Kurbanek","countryName":"Turkmenistan","localeCode":"en","districtName":""},{"cityName":"Kuraish","countryName":"Turkmenistan","localeCode":"en","districtName":""},{"cityName":"Kundzhak","countryName":"Turkmenistan","localeCode":"en","districtName":""},{"cityName":"Kumpete","countryName":"Turkmenistan","localeCode":"en","districtName":""},{"cityName":"Kul'tura","countryName":"Turkmenistan","localeCode":"en","districtName":""},{"cityName":"Kul'dzha","countryName":"Turkmenistan","localeCode":"en","districtName":""},{"cityName":"Kulayanchi","countryName":"Turkmenistan","localeCode":"en","districtName":""},{"cityName":"Kularyk","countryName":"Turkmenistan","localeCode":"en","districtName":""},{"cityName":"Kulandzhi","countryName":"Turkmenistan","localeCode":"en","districtName":""},{"cityName":"Kulanbay","countryName":"Turkmenistan","localeCode":"en","districtName":""},{"cityName":"Kuchuk","countryName":"Turkmenistan","localeCode":"en","districtName":""},{"cityName":"Krestovskiy","countryName":"Turkmenistan","localeCode":"en","districtName":""},{"cityName":"Krasnyy Turkmenistan","countryName":"Turkmenistan","localeCode":"en","districtName":""},{"cityName":"Krasnyy Oktyabr'","countryName":"Turkmenistan","localeCode":"en","districtName":""},{"cityName":"Krasnoye Znamya","countryName":"Turkmenistan","localeCode":"en","districtName":""},{"cityName":"Krach","countryName":"Turkmenistan","localeCode":"en","districtName":""},{"cityName":"Kozhe","countryName":"Turkmenistan","localeCode":"en","districtName":""},{"cityName":"Kozelkovskiy","countryName":"Turkmenistan","localeCode":"en","districtName":""},{"cityName":"Kopak-Chalak","countryName":"Turkmenistan","localeCode":"en","districtName":""},{"cityName":"Komsomol'sk","countryName":"Turkmenistan","localeCode":"en","districtName":""},{"cityName":"Kommunist","countryName":"Turkmenistan","localeCode":"en","districtName":""},{"cityName":"Kokmiyar","countryName":"Turkmenistan","localeCode":"en","districtName":""},{"cityName":"Kizyl-Turkmenistan","countryName":"Turkmenistan","localeCode":"en","districtName":""},{"cityName":"Kizyl-Murad","countryName":"Turkmenistan","localeCode":"en","districtName":""},{"cityName":"Kizyl-Ishchi","countryName":"Turkmenistan","localeCode":"en","districtName":""},{"cityName":"Kizyl-Ayak","countryName":"Turkmenistan","localeCode":"en","districtName":""},{"cityName":"Kishtivan","countryName":"Turkmenistan","localeCode":"en","districtName":""},{"cityName":"Kiikchi","countryName":"Turkmenistan","localeCode":"en","districtName":""},{"cityName":"Kichi-Aga Vtoraya","countryName":"Turkmenistan","localeCode":"en","districtName":""},{"cityName":"Kichi-Aga Pervaya","countryName":"Turkmenistan","localeCode":"en","districtName":""},{"cityName":"Khudzhum","countryName":"Turkmenistan","localeCode":"en","districtName":""},{"cityName":"Khozarek","countryName":"Turkmenistan","localeCode":"en","districtName":""},{"cityName":"Khodzhara","countryName":"Turkmenistan","localeCode":"en","districtName":""},{"cityName":"Khodzha-Mrasan","countryName":"Turkmenistan","localeCode":"en","districtName":""},{"cityName":"Khodzhameshed","countryName":"Turkmenistan","localeCode":"en","districtName":""},{"cityName":"Hojambaz","countryName":"Turkmenistan","localeCode":"en","districtName":""},{"cityName":"Gojaly","countryName":"Turkmenistan","localeCode":"en","districtName":""},{"cityName":"Durdyyew Adyndaky","countryName":"Turkmenistan","localeCode":"en","districtName":""},{"cityName":"Khodzhakishlak","countryName":"Turkmenistan","localeCode":"en","districtName":""},{"cityName":"Khodzha-Kenepsi","countryName":"Turkmenistan","localeCode":"en","districtName":""},{"cityName":"Khadzhikaraul","countryName":"Turkmenistan","localeCode":"en","districtName":""},{"cityName":"Khodzhakaraul","countryName":"Turkmenistan","localeCode":"en","districtName":""},{"cityName":"Khodzha-Irat","countryName":"Turkmenistan","localeCode":"en","districtName":""},{"cityName":"Khodzhapil'","countryName":"Turkmenistan","localeCode":"en","districtName":""},{"cityName":"Khodzha-Bulan","countryName":"Turkmenistan","localeCode":"en","districtName":""},{"cityName":"Khodzha-Ali","countryName":"Turkmenistan","localeCode":"en","districtName":""},{"cityName":"Khilak","countryName":"Turkmenistan","localeCode":"en","districtName":""},{"cityName":"Khatab","countryName":"Turkmenistan","localeCode":"en","districtName":""},{"cityName":"Khasyn","countryName":"Turkmenistan","localeCode":"en","districtName":""},{"cityName":"Khar-Bala","countryName":"Turkmenistan","localeCode":"en","districtName":""},{"cityName":"Khankui","countryName":"Turkmenistan","localeCode":"en","districtName":""},{"cityName":"Khandakli","countryName":"Turkmenistan","localeCode":"en","districtName":""},{"cityName":"Khandak","countryName":"Turkmenistan","localeCode":"en","districtName":""},{"cityName":"Khalyal'chilim","countryName":"Turkmenistan","localeCode":"en","districtName":""},{"cityName":"Khalil'-Bukry","countryName":"Turkmenistan","localeCode":"en","districtName":""},{"cityName":"Halac","countryName":"Turkmenistan","localeCode":"en","districtName":""},{"cityName":"Kessyr","countryName":"Turkmenistan","localeCode":"en","districtName":""},{"cityName":"Keske","countryName":"Turkmenistan","localeCode":"en","districtName":""},{"cityName":"Kerkici","countryName":"Turkmenistan","localeCode":"en","districtName":""},{"cityName":"Kerki-Aryk","countryName":"Turkmenistan","localeCode":"en","districtName":""},{"cityName":"Atamyrat","countryName":"Turkmenistan","localeCode":"en","districtName":""},{"cityName":"Kendikli","countryName":"Turkmenistan","localeCode":"en","districtName":""},{"cityName":"Kelyadzhi","countryName":"Turkmenistan","localeCode":"en","districtName":""},{"cityName":"Kel'teshor","countryName":"Turkmenistan","localeCode":"en","districtName":""},{"cityName":"Kelif","countryName":"Turkmenistan","localeCode":"en","districtName":""},{"cityName":"Kel'-Bash","countryName":"Turkmenistan","localeCode":"en","districtName":""},{"cityName":"Kazylyar","countryName":"Turkmenistan","localeCode":"en","districtName":""},{"cityName":"Kayli","countryName":"Turkmenistan","localeCode":"en","districtName":""},{"cityName":"Kausy","countryName":"Turkmenistan","localeCode":"en","districtName":""},{"cityName":"Katta-Sopiyab","countryName":"Turkmenistan","localeCode":"en","districtName":""},{"cityName":"Kata-kara-Tut","countryName":"Turkmenistan","localeCode":"en","districtName":""},{"cityName":"Kashgarskiy","countryName":"Turkmenistan","localeCode":"en","districtName":""},{"cityName":"Kary-Khodzha-Ata","countryName":"Turkmenistan","localeCode":"en","districtName":""},{"cityName":"Karry Bent","countryName":"Turkmenistan","localeCode":"en","districtName":""},{"cityName":"Garlyk","countryName":"Turkmenistan","localeCode":"en","districtName":""},{"cityName":"Karkinadzhi","countryName":"Turkmenistan","localeCode":"en","districtName":""},{"cityName":"Karkin","countryName":"Turkmenistan","localeCode":"en","districtName":""},{"cityName":"Kara-Yab Vtoroy","countryName":"Turkmenistan","localeCode":"en","districtName":""},{"cityName":"Kara-Yab Tretiy","countryName":"Turkmenistan","localeCode":"en","districtName":""},{"cityName":"Kara-Yab Pervyy","countryName":"Turkmenistan","localeCode":"en","districtName":""},{"cityName":"Kara-Vakil' Vtoroy","countryName":"Turkmenistan","localeCode":"en","districtName":""},{"cityName":"Kara-Vakil' Pervyy","countryName":"Turkmenistan","localeCode":"en","districtName":""},{"cityName":"Karaul-Kuyu","countryName":"Turkmenistan","localeCode":"en","districtName":""},{"cityName":"Kara-Tepe","countryName":"Turkmenistan","localeCode":"en","districtName":""},{"cityName":"Karategyan","countryName":"Turkmenistan","localeCode":"en","districtName":""},{"cityName":"Kararyk","countryName":"Turkmenistan","localeCode":"en","districtName":""},{"cityName":"Karamysh","countryName":"Turkmenistan","localeCode":"en","districtName":""},{"cityName":"Garamatnyyaz","countryName":"Turkmenistan","localeCode":"en","districtName":""},{"cityName":"Alam","countryName":"Turkmenistan","localeCode":"en","districtName":""},{"cityName":"Karaman","countryName":"Turkmenistan","localeCode":"en","districtName":""},{"cityName":"Karamakhmud","countryName":"Turkmenistan","localeCode":"en","districtName":""},{"cityName":"Kara-Kuli","countryName":"Turkmenistan","localeCode":"en","districtName":""},{"cityName":"Karakul'","countryName":"Turkmenistan","localeCode":"en","districtName":""},{"cityName":"Karakongur","countryName":"Turkmenistan","localeCode":"en","districtName":""},{"cityName":"Karadzha","countryName":"Turkmenistan","localeCode":"en","districtName":""},{"cityName":"Kara-Chapan","countryName":"Turkmenistan","localeCode":"en","districtName":""},{"cityName":"Karabulak","countryName":"Turkmenistan","localeCode":"en","districtName":""},{"cityName":"Kara-Boyen","countryName":"Turkmenistan","localeCode":"en","districtName":""},{"cityName":"Karabekaul","countryName":"Turkmenistan","localeCode":"en","districtName":""},{"cityName":"Kara-Bashlyk","countryName":"Turkmenistan","localeCode":"en","districtName":""},{"cityName":"Karaba-Akhun","countryName":"Turkmenistan","localeCode":"en","districtName":""},{"cityName":"Kapakly","countryName":"Turkmenistan","localeCode":"en","districtName":""},{"cityName":"Kanshar","countryName":"Turkmenistan","localeCode":"en","districtName":""},{"cityName":"Kandak","countryName":"Turkmenistan","localeCode":"en","districtName":""},{"cityName":"Kalyam","countryName":"Turkmenistan","localeCode":"en","districtName":""},{"cityName":"Galaymor","countryName":"Turkmenistan","localeCode":"en","districtName":""},{"cityName":"Kabasakal","countryName":"Turkmenistan","localeCode":"en","districtName":""},{"cityName":"Itbash","countryName":"Turkmenistan","localeCode":"en","districtName":""},{"cityName":"Ispas","countryName":"Turkmenistan","localeCode":"en","districtName":""},{"cityName":"Islim-Cheshme","countryName":"Turkmenistan","localeCode":"en","districtName":""},{"cityName":"Isamli","countryName":"Turkmenistan","localeCode":"en","districtName":""},{"cityName":"Internatsional","countryName":"Turkmenistan","localeCode":"en","districtName":""},{"cityName":"Inkylap","countryName":"Turkmenistan","localeCode":"en","districtName":""},{"cityName":"Imeni Shvernika","countryName":"Turkmenistan","localeCode":"en","districtName":""},{"cityName":"Imeni Revolyutsii","countryName":"Turkmenistan","localeCode":"en","districtName":""},{"cityName":"Imeni Poltoratskogo","countryName":"Turkmenistan","localeCode":"en","districtName":""},{"cityName":"Imeni Ordzhonikidze","countryName":"Turkmenistan","localeCode":"en","districtName":""},{"cityName":"Imeni Malenkova","countryName":"Turkmenistan","localeCode":"en","districtName":""},{"cityName":"Imeni Komsomola","countryName":"Turkmenistan","localeCode":"en","districtName":""},{"cityName":"Imeni Karla Marksa","countryName":"Turkmenistan","localeCode":"en","districtName":""},{"cityName":"Imeni Kaganovicha","countryName":"Turkmenistan","localeCode":"en","districtName":""},{"cityName":"Imeni Il'icha","countryName":"Turkmenistan","localeCode":"en","districtName":""},{"cityName":"Imeni Gorel'de","countryName":"Turkmenistan","localeCode":"en","districtName":""},{"cityName":"Imeni Engel'sa","countryName":"Turkmenistan","localeCode":"en","districtName":""},{"cityName":"Kolkhoz Imeni Engel'sa","countryName":"Turkmenistan","localeCode":"en","districtName":""},{"cityName":"Imeni Dzerzhinskogo","countryName":"Turkmenistan","localeCode":"en","districtName":""},{"cityName":"Suhty","countryName":"Turkmenistan","localeCode":"en","districtName":""},{"cityName":"Imeni Chubina","countryName":"Turkmenistan","localeCode":"en","districtName":""},{"cityName":"Imambaba","countryName":"Turkmenistan","localeCode":"en","districtName":""},{"cityName":"Ilyari","countryName":"Turkmenistan","localeCode":"en","districtName":""},{"cityName":"Ilyach","countryName":"Turkmenistan","localeCode":"en","districtName":""},{"cityName":"Il'mak","countryName":"Turkmenistan","localeCode":"en","districtName":""},{"cityName":"El'jik","countryName":"Turkmenistan","localeCode":"en","districtName":""},{"cityName":"Il'chik","countryName":"Turkmenistan","localeCode":"en","districtName":""},{"cityName":"Hanhowuz","countryName":"Turkmenistan","localeCode":"en","districtName":""},{"cityName":"Gyurmush-Tepe","countryName":"Turkmenistan","localeCode":"en","districtName":""},{"cityName":"Serhetabat","countryName":"Turkmenistan","localeCode":"en","districtName":""},{"cityName":"Gurumsay","countryName":"Turkmenistan","localeCode":"en","districtName":""},{"cityName":"Gurum-Say","countryName":"Turkmenistan","localeCode":"en","districtName":""},{"cityName":"Gunesh","countryName":"Turkmenistan","localeCode":"en","districtName":""},{"cityName":"Grodekovskiy","countryName":"Turkmenistan","localeCode":"en","districtName":""},{"cityName":"Gowurdak","countryName":"Turkmenistan","localeCode":"en","districtName":""},{"cityName":"Golovnoye","countryName":"Turkmenistan","localeCode":"en","districtName":""},{"cityName":"Gokcha","countryName":"Turkmenistan","localeCode":"en","districtName":""},{"cityName":"Gindukush","countryName":"Turkmenistan","localeCode":"en","districtName":""},{"cityName":"Gil'-Abad","countryName":"Turkmenistan","localeCode":"en","districtName":""},{"cityName":"Garrychyrla","countryName":"Turkmenistan","localeCode":"en","districtName":""},{"cityName":"Gadyn","countryName":"Turkmenistan","localeCode":"en","districtName":""},{"cityName":"Gaburdy","countryName":"Turkmenistan","localeCode":"en","districtName":""},{"cityName":"Gabakly","countryName":"Turkmenistan","localeCode":"en","districtName":""},{"cityName":"Farap","countryName":"Turkmenistan","localeCode":"en","districtName":""},{"cityName":"Jeyhun","countryName":"Turkmenistan","localeCode":"en","districtName":""},{"cityName":"Etbashi","countryName":"Turkmenistan","localeCode":"en","districtName":""},{"cityName":"Eski-Narazym","countryName":"Turkmenistan","localeCode":"en","districtName":""},{"cityName":"Eski","countryName":"Turkmenistan","localeCode":"en","districtName":""},{"cityName":"Esenmengli","countryName":"Turkmenistan","localeCode":"en","districtName":""},{"cityName":"Erdel'","countryName":"Turkmenistan","localeCode":"en","districtName":""},{"cityName":"Epo","countryName":"Turkmenistan","localeCode":"en","districtName":""},{"cityName":"Energetik","countryName":"Turkmenistan","localeCode":"en","districtName":""},{"cityName":"Egriyagyr","countryName":"Turkmenistan","localeCode":"en","districtName":""},{"cityName":"Egri-Guzar","countryName":"Turkmenistan","localeCode":"en","districtName":""},{"cityName":"Edrug","countryName":"Turkmenistan","localeCode":"en","districtName":""},{"cityName":"Dzhuppy","countryName":"Turkmenistan","localeCode":"en","districtName":""},{"cityName":"Dzhuma-Bazar","countryName":"Turkmenistan","localeCode":"en","districtName":""},{"cityName":"Dzhuma","countryName":"Turkmenistan","localeCode":"en","districtName":""},{"cityName":"Dzhity-Kuduk","countryName":"Turkmenistan","localeCode":"en","districtName":""},{"cityName":"Dzhengel'","countryName":"Turkmenistan","localeCode":"en","districtName":""},{"cityName":"Dzharguzar","countryName":"Turkmenistan","localeCode":"en","districtName":""},{"cityName":"Dzhapar","countryName":"Turkmenistan","localeCode":"en","districtName":""},{"cityName":"Dvadtsatiletiye Turkmenskoy Sovetskoy Sotsialisticheskoy Respubliki","countryName":"Turkmenistan","localeCode":"en","districtName":""},{"cityName":"Dusak","countryName":"Turkmenistan","localeCode":"en","districtName":""},{"cityName":"Durdy","countryName":"Turkmenistan","localeCode":"en","districtName":""},{"cityName":"Dukdrushtum","countryName":"Turkmenistan","localeCode":"en","districtName":""},{"cityName":"Dostluk","countryName":"Turkmenistan","localeCode":"en","districtName":""},{"cityName":"Galkynys","countryName":"Turkmenistan","localeCode":"en","districtName":""},{"cityName":"Dervezekem","countryName":"Turkmenistan","localeCode":"en","districtName":""},{"cityName":"Daz","countryName":"Turkmenistan","localeCode":"en","districtName":""},{"cityName":"Davlet","countryName":"Turkmenistan","localeCode":"en","districtName":""},{"cityName":"Dautly","countryName":"Turkmenistan","localeCode":"en","districtName":""},{"cityName":"Dag-Sakhkary","countryName":"Turkmenistan","localeCode":"en","districtName":""},{"cityName":"Dagarkishlak","countryName":"Turkmenistan","localeCode":"en","districtName":""},{"cityName":"Dadedogli","countryName":"Turkmenistan","localeCode":"en","districtName":""},{"cityName":"Dada-Ogly","countryName":"Turkmenistan","localeCode":"en","districtName":""},{"cityName":"Churga","countryName":"Turkmenistan","localeCode":"en","districtName":""},{"cityName":"Chupli","countryName":"Turkmenistan","localeCode":"en","districtName":""},{"cityName":"Chungurli","countryName":"Turkmenistan","localeCode":"en","districtName":""},{"cityName":"Cheshme Vtoroy","countryName":"Turkmenistan","localeCode":"en","districtName":""},{"cityName":"Cherkez","countryName":"Turkmenistan","localeCode":"en","districtName":""},{"cityName":"Cherenga","countryName":"Turkmenistan","localeCode":"en","districtName":""},{"cityName":"Chepek","countryName":"Turkmenistan","localeCode":"en","districtName":""},{"cityName":"Chenen","countryName":"Turkmenistan","localeCode":"en","districtName":""},{"cityName":"Cemenebit","countryName":"Turkmenistan","localeCode":"en","districtName":""},{"cityName":"Chemche","countryName":"Turkmenistan","localeCode":"en","districtName":""},{"cityName":"Chekmen","countryName":"Turkmenistan","localeCode":"en","districtName":""},{"cityName":"Chekich","countryName":"Turkmenistan","localeCode":"en","districtName":""},{"cityName":"Chegez","countryName":"Turkmenistan","localeCode":"en","districtName":""},{"cityName":"Chaudur","countryName":"Turkmenistan","localeCode":"en","districtName":""},{"cityName":"Chatryak","countryName":"Turkmenistan","localeCode":"en","districtName":""},{"cityName":"Chatrak","countryName":"Turkmenistan","localeCode":"en","districtName":""},{"cityName":"Chashkent","countryName":"Turkmenistan","localeCode":"en","districtName":""},{"cityName":"Chash","countryName":"Turkmenistan","localeCode":"en","districtName":""},{"cityName":"Charyy","countryName":"Turkmenistan","localeCode":"en","districtName":""},{"cityName":"Charvak","countryName":"Turkmenistan","localeCode":"en","districtName":""},{"cityName":"Charvadar","countryName":"Turkmenistan","localeCode":"en","districtName":""},{"cityName":"Chartma","countryName":"Turkmenistan","localeCode":"en","districtName":""},{"cityName":"Koytendag","countryName":"Turkmenistan","localeCode":"en","districtName":""},{"cityName":"Turkmenabat","countryName":"Turkmenistan","localeCode":"en","districtName":""},{"cityName":"Chamchakly","countryName":"Turkmenistan","localeCode":"en","districtName":""},{"cityName":"Chalysh","countryName":"Turkmenistan","localeCode":"en","districtName":""},{"cityName":"Chaltut","countryName":"Turkmenistan","localeCode":"en","districtName":""},{"cityName":"Chalapkuyu","countryName":"Turkmenistan","localeCode":"en","districtName":""},{"cityName":"Chakyr","countryName":"Turkmenistan","localeCode":"en","districtName":""},{"cityName":"Chakmaklychanga","countryName":"Turkmenistan","localeCode":"en","districtName":""},{"cityName":"Chakich","countryName":"Turkmenistan","localeCode":"en","districtName":""},{"cityName":"Chakal","countryName":"Turkmenistan","localeCode":"en","districtName":""},{"cityName":"Chagpata","countryName":"Turkmenistan","localeCode":"en","districtName":""},{"cityName":"Chaacha","countryName":"Turkmenistan","localeCode":"en","districtName":""},{"cityName":"Byr-Koz","countryName":"Turkmenistan","localeCode":"en","districtName":""},{"cityName":"Buyrabab","countryName":"Turkmenistan","localeCode":"en","districtName":""},{"cityName":"Burguchi","countryName":"Turkmenistan","localeCode":"en","districtName":""},{"cityName":"Burdalyk","countryName":"Turkmenistan","localeCode":"en","districtName":""},{"cityName":"Budzhak","countryName":"Turkmenistan","localeCode":"en","districtName":""},{"cityName":"Basaga","countryName":"Turkmenistan","localeCode":"en","districtName":""},{"cityName":"Boroshly","countryName":"Turkmenistan","localeCode":"en","districtName":""},{"cityName":"Bitik","countryName":"Turkmenistan","localeCode":"en","districtName":""},{"cityName":"Bikuri","countryName":"Turkmenistan","localeCode":"en","districtName":""},{"cityName":"Besheuray","countryName":"Turkmenistan","localeCode":"en","districtName":""},{"cityName":"Besheur","countryName":"Turkmenistan","localeCode":"en","districtName":""},{"cityName":"Beriket","countryName":"Turkmenistan","localeCode":"en","districtName":""},{"cityName":"Berenchi-Kara-Yab","countryName":"Turkmenistan","localeCode":"en","districtName":""},{"cityName":"Bereket","countryName":"Turkmenistan","localeCode":"en","districtName":""},{"cityName":"Bendi-Nadir","countryName":"Turkmenistan","localeCode":"en","districtName":""},{"cityName":"Begi-Sakar","countryName":"Turkmenistan","localeCode":"en","districtName":""},{"cityName":"Beden","countryName":"Turkmenistan","localeCode":"en","districtName":""},{"cityName":"Bazar-Sakhe","countryName":"Turkmenistan","localeCode":"en","districtName":""},{"cityName":"Bazardepe","countryName":"Turkmenistan","localeCode":"en","districtName":""},{"cityName":"Bayramaly","countryName":"Turkmenistan","localeCode":"en","districtName":""},{"cityName":"Bay-Kishlak","countryName":"Turkmenistan","localeCode":"en","districtName":""},{"cityName":"Bay-Kabyl'","countryName":"Turkmenistan","localeCode":"en","districtName":""},{"cityName":"Baygushli","countryName":"Turkmenistan","localeCode":"en","districtName":""},{"cityName":"Bayat","countryName":"Turkmenistan","localeCode":"en","districtName":""},{"cityName":"Bay","countryName":"Turkmenistan","localeCode":"en","districtName":""},{"cityName":"Batash","countryName":"Turkmenistan","localeCode":"en","districtName":""},{"cityName":"Bassar-Kish","countryName":"Turkmenistan","localeCode":"en","districtName":""},{"cityName":"Bashvak","countryName":"Turkmenistan","localeCode":"en","districtName":""},{"cityName":"Basbeden","countryName":"Turkmenistan","localeCode":"en","districtName":""},{"cityName":"Bardzan","countryName":"Turkmenistan","localeCode":"en","districtName":""},{"cityName":"Baragiz","countryName":"Turkmenistan","localeCode":"en","districtName":""},{"cityName":"Banysh","countryName":"Turkmenistan","localeCode":"en","districtName":""},{"cityName":"Bangil'dy","countryName":"Turkmenistan","localeCode":"en","districtName":""},{"cityName":"Bakhshimarish","countryName":"Turkmenistan","localeCode":"en","districtName":""},{"cityName":"Bakhshi","countryName":"Turkmenistan","localeCode":"en","districtName":""},{"cityName":"Bagt","countryName":"Turkmenistan","localeCode":"en","districtName":""},{"cityName":"Bagarka","countryName":"Turkmenistan","localeCode":"en","districtName":""},{"cityName":"Babadaykhan","countryName":"Turkmenistan","localeCode":"en","districtName":""},{"cityName":"Babadayhan","countryName":"Turkmenistan","localeCode":"en","districtName":""},{"cityName":"Ayak","countryName":"Turkmenistan","localeCode":"en","districtName":""},{"cityName":"Avchi","countryName":"Turkmenistan","localeCode":"en","districtName":""},{"cityName":"Aul Urazaly","countryName":"Turkmenistan","localeCode":"en","districtName":""},{"cityName":"Aul Nomer Shestoy","countryName":"Turkmenistan","localeCode":"en","districtName":""},{"cityName":"Aul Nomer Pyat'desyat Vtoroy","countryName":"Turkmenistan","localeCode":"en","districtName":""},{"cityName":"Aul Geok-Che","countryName":"Turkmenistan","localeCode":"en","districtName":""},{"cityName":"Kolodets Attadzhan","countryName":"Turkmenistan","localeCode":"en","districtName":""},{"cityName":"Ata-Yab","countryName":"Turkmenistan","localeCode":"en","districtName":""},{"cityName":"Atatlyk","countryName":"Turkmenistan","localeCode":"en","districtName":""},{"cityName":"Ata","countryName":"Turkmenistan","localeCode":"en","districtName":""},{"cityName":"Astanababa","countryName":"Turkmenistan","localeCode":"en","districtName":""},{"cityName":"Archin","countryName":"Turkmenistan","localeCode":"en","districtName":""},{"cityName":"Arapkhana","countryName":"Turkmenistan","localeCode":"en","districtName":""},{"cityName":"Araki","countryName":"Turkmenistan","localeCode":"en","districtName":""},{"cityName":"Arab-Khana","countryName":"Turkmenistan","localeCode":"en","districtName":""},{"cityName":"Annamurat","countryName":"Turkmenistan","localeCode":"en","districtName":""},{"cityName":"Angat","countryName":"Turkmenistan","localeCode":"en","districtName":""},{"cityName":"Amyderya","countryName":"Turkmenistan","localeCode":"en","districtName":""},{"cityName":"Amansha-Kapan","countryName":"Turkmenistan","localeCode":"en","districtName":""},{"cityName":"Amansha","countryName":"Turkmenistan","localeCode":"en","districtName":""},{"cityName":"Aman","countryName":"Turkmenistan","localeCode":"en","districtName":""},{"cityName":"Alyandor","countryName":"Turkmenistan","localeCode":"en","districtName":""},{"cityName":"Alpan","countryName":"Turkmenistan","localeCode":"en","districtName":""},{"cityName":"Alnysh","countryName":"Turkmenistan","localeCode":"en","districtName":""},{"cityName":"Almysh","countryName":"Turkmenistan","localeCode":"en","districtName":""},{"cityName":"Alla-Sakal","countryName":"Turkmenistan","localeCode":"en","districtName":""},{"cityName":"Ak-Tugay","countryName":"Turkmenistan","localeCode":"en","districtName":""},{"cityName":"Ak-Teri","countryName":"Turkmenistan","localeCode":"en","districtName":""},{"cityName":"Ak-Say","countryName":"Turkmenistan","localeCode":"en","districtName":""},{"cityName":"Ak-Rabat","countryName":"Turkmenistan","localeCode":"en","districtName":""},{"cityName":"Akrabat","countryName":"Turkmenistan","localeCode":"en","districtName":""},{"cityName":"Ak-Mechet","countryName":"Turkmenistan","localeCode":"en","districtName":""},{"cityName":"Ak-Kungur","countryName":"Turkmenistan","localeCode":"en","districtName":""},{"cityName":"Akkumulam","countryName":"Turkmenistan","localeCode":"en","districtName":""},{"cityName":"Ak-Kum","countryName":"Turkmenistan","localeCode":"en","districtName":""},{"cityName":"Akkala","countryName":"Turkmenistan","localeCode":"en","districtName":""},{"cityName":"Akhtash-Ovliya","countryName":"Turkmenistan","localeCode":"en","districtName":""},{"cityName":"Akhchadepe","countryName":"Turkmenistan","localeCode":"en","districtName":""},{"cityName":"Ak-Dashayak","countryName":"Turkmenistan","localeCode":"en","districtName":""},{"cityName":"Ak-Bulak","countryName":"Turkmenistan","localeCode":"en","districtName":""},{"cityName":"Ak-Bay","countryName":"Turkmenistan","localeCode":"en","districtName":""},{"cityName":"Agar","countryName":"Turkmenistan","localeCode":"en","districtName":""},{"cityName":"Adzhi","countryName":"Turkmenistan","localeCode":"en","districtName":""},{"cityName":"Shirtepe","countryName":"Turkmenistan","localeCode":"en","districtName":""},{"cityName":"Khadzhykulluk","countryName":"Turkmenistan","localeCode":"en","districtName":""},{"cityName":"Sardoba","countryName":"Turkmenistan","localeCode":"en","districtName":""},{"cityName":"Murgap","countryName":"Turkmenistan","localeCode":"en","districtName":""},{"cityName":"Gulanly","countryName":"Turkmenistan","localeCode":"en","districtName":""},{"cityName":"Takhta-Bazar","countryName":"Turkmenistan","localeCode":"en","districtName":""},{"cityName":"Nichka","countryName":"Turkmenistan","localeCode":"en","districtName":""},{"cityName":"Peski","countryName":"Turkmenistan","localeCode":"en","districtName":""},{"cityName":"Ene-Kuliyevo","countryName":"Turkmenistan","localeCode":"en","districtName":""},{"cityName":"Ymamnazar","countryName":"Turkmenistan","localeCode":"en","districtName":""},{"cityName":"Shaundi","countryName":"Turkmenistan","localeCode":"en","districtName":""},{"cityName":"Zarpchi","countryName":"Turkmenistan","localeCode":"en","districtName":""},{"cityName":"Berdelyk","countryName":"Turkmenistan","localeCode":"en","districtName":""},{"cityName":"Kolkhozabag","countryName":"Turkmenistan","localeCode":"en","districtName":""},{"cityName":"Gokje","countryName":"Turkmenistan","localeCode":"en","districtName":""},{"cityName":"Yaroshevskiy","countryName":"Turkmenistan","localeCode":"en","districtName":""},{"cityName":"Kurlugun","countryName":"Turkmenistan","localeCode":"en","districtName":""},{"cityName":"Golovnoye Staroye","countryName":"Turkmenistan","localeCode":"en","districtName":""},{"cityName":"Dzhingilkhatab","countryName":"Turkmenistan","localeCode":"en","districtName":""},{"cityName":"Chagaguzar","countryName":"Turkmenistan","localeCode":"en","districtName":""},{"cityName":"Birleshik","countryName":"Turkmenistan","localeCode":"en","districtName":""},{"cityName":"Amudar'ya","countryName":"Turkmenistan","localeCode":"en","districtName":""},{"cityName":"Karakhauz","countryName":"Turkmenistan","localeCode":"en","districtName":""},{"cityName":"Kazarma","countryName":"Turkmenistan","localeCode":"en","districtName":""},{"cityName":"Turkmenistan","countryName":"Turkmenistan","localeCode":"en","districtName":""},{"cityName":"Kyzyl-Daykhan","countryName":"Turkmenistan","localeCode":"en","districtName":""},{"cityName":"Mirnyy","countryName":"Turkmenistan","localeCode":"en","districtName":""},{"cityName":"Karaaygyr","countryName":"Turkmenistan","localeCode":"en","districtName":""},{"cityName":"Vayuar","countryName":"Turkmenistan","localeCode":"en","districtName":""},{"cityName":"Uch-Tepe","countryName":"Turkmenistan","localeCode":"en","districtName":""},{"cityName":"Nyyazow","countryName":"Turkmenistan","localeCode":"en","districtName":""},{"cityName":"Shik-Kala","countryName":"Turkmenistan","localeCode":"en","districtName":""},{"cityName":"Sheykharyk","countryName":"Turkmenistan","localeCode":"en","districtName":""},{"cityName":"Sadyvar","countryName":"Turkmenistan","localeCode":"en","districtName":""},{"cityName":"Pakmaksuidzhi","countryName":"Turkmenistan","localeCode":"en","districtName":""},{"cityName":"Lebap","countryName":"Turkmenistan","localeCode":"en","districtName":""},{"cityName":"Kranch","countryName":"Turkmenistan","localeCode":"en","districtName":""},{"cityName":"Gugerdzhengli","countryName":"Turkmenistan","localeCode":"en","districtName":""},{"cityName":"Gorel'de","countryName":"Turkmenistan","localeCode":"en","districtName":""},{"cityName":"Gazojak","countryName":"Turkmenistan","localeCode":"en","districtName":""},{"cityName":"Dzhigerbent","countryName":"Turkmenistan","localeCode":"en","districtName":""},{"cityName":"Dyuyeboyun","countryName":"Turkmenistan","localeCode":"en","districtName":""},{"cityName":"Donguz-Tugay","countryName":"Turkmenistan","localeCode":"en","districtName":""},{"cityName":"Dayakhatyn","countryName":"Turkmenistan","localeCode":"en","districtName":""},{"cityName":"Dargan-Ata","countryName":"Turkmenistan","localeCode":"en","districtName":""},{"cityName":"Darganata","countryName":"Turkmenistan","localeCode":"en","districtName":""},{"cityName":"Danisher","countryName":"Turkmenistan","localeCode":"en","districtName":""},{"cityName":"Chash-Kala","countryName":"Turkmenistan","localeCode":"en","districtName":""},{"cityName":"Birinchi-Chandyr","countryName":"Turkmenistan","localeCode":"en","districtName":""},{"cityName":"Besh-Aryk","countryName":"Turkmenistan","localeCode":"en","districtName":""},{"cityName":"Batyrkent","countryName":"Turkmenistan","localeCode":"en","districtName":""},{"cityName":"Arap","countryName":"Turkmenistan","localeCode":"en","districtName":""},{"cityName":"Kolkhoz Imeni Lenina","countryName":"Turkmenistan","localeCode":"en","districtName":""},{"cityName":"Zakhmetkesh","countryName":"Turkmenistan","localeCode":"en","districtName":""},{"cityName":"Uchastok Sovet","countryName":"Turkmenistan","localeCode":"en","districtName":""},{"cityName":"Gulja","countryName":"Turkmenistan","localeCode":"en","districtName":""},{"cityName":"Uchastok Imeni Tel'mana","countryName":"Turkmenistan","localeCode":"en","districtName":""},{"cityName":"Tektek","countryName":"Turkmenistan","localeCode":"en","districtName":""},{"cityName":"Poskrepko","countryName":"Turkmenistan","localeCode":"en","districtName":""},{"cityName":"Lekker","countryName":"Turkmenistan","localeCode":"en","districtName":""},{"cityName":"Medes","countryName":"Turkmenistan","localeCode":"en","districtName":""},{"cityName":"Urochishche Kel'tshor","countryName":"Turkmenistan","localeCode":"en","districtName":""},{"cityName":"Chaynakhash","countryName":"Turkmenistan","localeCode":"en","districtName":""},{"cityName":"Kolodets Tezekuy","countryName":"Turkmenistan","localeCode":"en","districtName":""},{"cityName":"Taezeguyy","countryName":"Turkmenistan","localeCode":"en","districtName":""},{"cityName":"Ahal","countryName":"Turkmenistan","localeCode":"en","districtName":""},{"cityName":"Goyunly","countryName":"Turkmenistan","localeCode":"en","districtName":""},{"cityName":"Rodnik Namakshor","countryName":"Turkmenistan","localeCode":"en","districtName":""},{"cityName":"Zyul'fagar","countryName":"Turkmenistan","localeCode":"en","districtName":""},{"cityName":"Hopbuk","countryName":"Turkmenistan","localeCode":"en","districtName":""}]