[{"cityName":"Tumaseu Village","countryName":"Tuvalu","localeCode":"en","districtName":""},{"cityName":"Toga Village","countryName":"Tuvalu","localeCode":"en","districtName":""},{"cityName":"Tanrake Village","countryName":"Tuvalu","localeCode":"en","districtName":""},{"cityName":"Temotu Village","countryName":"Tuvalu","localeCode":"en","districtName":""},{"cityName":"Funafala Village","countryName":"Tuvalu","localeCode":"en","districtName":""},{"cityName":"Kulia Village","countryName":"Tuvalu","localeCode":"en","districtName":""},{"cityName":"Amatuku Village","countryName":"Tuvalu","localeCode":"en","districtName":""},{"cityName":"Funafuti","countryName":"Tuvalu","localeCode":"en","districtName":""},{"cityName":"Tekavatoetoe Village","countryName":"Tuvalu","localeCode":"en","districtName":""},{"cityName":"Asau Village","countryName":"Tuvalu","localeCode":"en","districtName":""},{"cityName":"Vaiaku Village","countryName":"Tuvalu","localeCode":"en","districtName":""},{"cityName":"Niulakita","countryName":"Tuvalu","localeCode":"en","districtName":""},{"cityName":"Nukualofa Village","countryName":"Tuvalu","localeCode":"en","districtName":""},{"cityName":"Pepesala Village","countryName":"Tuvalu","localeCode":"en","districtName":""},{"cityName":"Displaced Atoll Population During WW2","countryName":"Tuvalu","localeCode":"en","districtName":""},{"cityName":"Lolua Village","countryName":"Tuvalu","localeCode":"en","districtName":""},{"cityName":"Hauma Village","countryName":"Tuvalu","localeCode":"en","districtName":""},{"cityName":"Tokelau Village","countryName":"Tuvalu","localeCode":"en","districtName":""},{"cityName":"Teava Village","countryName":"Tuvalu","localeCode":"en","districtName":""},{"cityName":"Meang Village","countryName":"Tuvalu","localeCode":"en","districtName":""},{"cityName":"Motufoua School","countryName":"Tuvalu","localeCode":"en","districtName":""},{"cityName":"Savave Village","countryName":"Tuvalu","localeCode":"en","districtName":""},{"cityName":"Alapi Village","countryName":"Tuvalu","localeCode":"en","districtName":""},{"cityName":"Senala Village","countryName":"Tuvalu","localeCode":"en","districtName":""},{"cityName":"Fakaifou Village","countryName":"Tuvalu","localeCode":"en","districtName":""},{"cityName":"Lofeagai Village","countryName":"Tuvalu","localeCode":"en","districtName":""},{"cityName":"Teone Village","countryName":"Tuvalu","localeCode":"en","districtName":""}]