[{"cityName":"Suhaylah","countryName":"United Arab Emirates","localeCode":"en","districtName":""},{"cityName":"Zuwayhir","countryName":"United Arab Emirates","localeCode":"en","districtName":""},{"cityName":"Zubarah","countryName":"United Arab Emirates","localeCode":"en","districtName":""},{"cityName":"Zikt","countryName":"United Arab Emirates","localeCode":"en","districtName":""},{"cityName":"Zanhah","countryName":"United Arab Emirates","localeCode":"en","districtName":""},{"cityName":"Zafir","countryName":"United Arab Emirates","localeCode":"en","districtName":""},{"cityName":"Yinas","countryName":"United Arab Emirates","localeCode":"en","districtName":""},{"cityName":"Warisan","countryName":"United Arab Emirates","localeCode":"en","districtName":""},{"cityName":"Wamm","countryName":"United Arab Emirates","localeCode":"en","districtName":""},{"cityName":"Wahala","countryName":"United Arab Emirates","localeCode":"en","districtName":""},{"cityName":"Wafd","countryName":"United Arab Emirates","localeCode":"en","districtName":""},{"cityName":"Wad Wid","countryName":"United Arab Emirates","localeCode":"en","districtName":""},{"cityName":"Wadi Shi","countryName":"United Arab Emirates","localeCode":"en","districtName":""},{"cityName":"Wadhil","countryName":"United Arab Emirates","localeCode":"en","districtName":""},{"cityName":"Wa`bayn","countryName":"United Arab Emirates","localeCode":"en","districtName":""},{"cityName":"`Urqub Juwayza","countryName":"United Arab Emirates","localeCode":"en","districtName":""},{"cityName":"`Uraybi","countryName":"United Arab Emirates","localeCode":"en","districtName":""},{"cityName":"`Uqayr","countryName":"United Arab Emirates","localeCode":"en","districtName":""},{"cityName":"Umm Suqaym","countryName":"United Arab Emirates","localeCode":"en","districtName":""},{"cityName":"Umm al Qurayn","countryName":"United Arab Emirates","localeCode":"en","districtName":""},{"cityName":"Umm al Qaywayn","countryName":"United Arab Emirates","localeCode":"en","districtName":""},{"cityName":"`Ud al Bayda'","countryName":"United Arab Emirates","localeCode":"en","districtName":""},{"cityName":"Tharwaniyah","countryName":"United Arab Emirates","localeCode":"en","districtName":""},{"cityName":"Tayyibah","countryName":"United Arab Emirates","localeCode":"en","districtName":""},{"cityName":"Tariqat Ja`d","countryName":"United Arab Emirates","localeCode":"en","districtName":""},{"cityName":"Tarif Kalba","countryName":"United Arab Emirates","localeCode":"en","districtName":""},{"cityName":"Tarif","countryName":"United Arab Emirates","localeCode":"en","districtName":""},{"cityName":"Taraq","countryName":"United Arab Emirates","localeCode":"en","districtName":""},{"cityName":"Sur","countryName":"United Arab Emirates","localeCode":"en","districtName":""},{"cityName":"Sumbrair","countryName":"United Arab Emirates","localeCode":"en","districtName":""},{"cityName":"Suhaybah","countryName":"United Arab Emirates","localeCode":"en","districtName":""},{"cityName":"Sufayri","countryName":"United Arab Emirates","localeCode":"en","districtName":""},{"cityName":"Sinnah","countryName":"United Arab Emirates","localeCode":"en","districtName":""},{"cityName":"Sinadil","countryName":"United Arab Emirates","localeCode":"en","districtName":""},{"cityName":"Tawi Siji","countryName":"United Arab Emirates","localeCode":"en","districtName":""},{"cityName":"Al Quwayz","countryName":"United Arab Emirates","localeCode":"en","districtName":""},{"cityName":"Nadd ash Shiba","countryName":"United Arab Emirates","localeCode":"en","districtName":""},{"cityName":"Shis","countryName":"United Arab Emirates","localeCode":"en","districtName":""},{"cityName":"Shimal","countryName":"United Arab Emirates","localeCode":"en","districtName":""},{"cityName":"Shawkah","countryName":"United Arab Emirates","localeCode":"en","districtName":""},{"cityName":"Shawiyah","countryName":"United Arab Emirates","localeCode":"en","districtName":""},{"cityName":"Sharm","countryName":"United Arab Emirates","localeCode":"en","districtName":""},{"cityName":"Shariyah","countryName":"United Arab Emirates","localeCode":"en","districtName":""},{"cityName":"Ash Shindaghah","countryName":"United Arab Emirates","localeCode":"en","districtName":""},{"cityName":"Shahawat","countryName":"United Arab Emirates","localeCode":"en","districtName":""},{"cityName":"Shah","countryName":"United Arab Emirates","localeCode":"en","districtName":""},{"cityName":"Shabakah","countryName":"United Arab Emirates","localeCode":"en","districtName":""},{"cityName":"Sayh as Saqlah","countryName":"United Arab Emirates","localeCode":"en","districtName":""},{"cityName":"Sayh","countryName":"United Arab Emirates","localeCode":"en","districtName":""},{"cityName":"Saruj","countryName":"United Arab Emirates","localeCode":"en","districtName":""},{"cityName":"Saqamqam","countryName":"United Arab Emirates","localeCode":"en","districtName":""},{"cityName":"Samarat","countryName":"United Arab Emirates","localeCode":"en","districtName":""},{"cityName":"Salihiyah","countryName":"United Arab Emirates","localeCode":"en","districtName":""},{"cityName":"Sa'if","countryName":"United Arab Emirates","localeCode":"en","districtName":""},{"cityName":"Sahanah","countryName":"United Arab Emirates","localeCode":"en","districtName":""},{"cityName":"Safad","countryName":"United Arab Emirates","localeCode":"en","districtName":""},{"cityName":"Sa`d","countryName":"United Arab Emirates","localeCode":"en","districtName":""},{"cityName":"Sabkhah","countryName":"United Arab Emirates","localeCode":"en","districtName":""},{"cityName":"Sa`abah","countryName":"United Arab Emirates","localeCode":"en","districtName":""},{"cityName":"Muhaysnah","countryName":"United Arab Emirates","localeCode":"en","districtName":""},{"cityName":"Rul Dadna","countryName":"United Arab Emirates","localeCode":"en","districtName":""},{"cityName":"Rughaylat","countryName":"United Arab Emirates","localeCode":"en","districtName":""},{"cityName":"Riyamah","countryName":"United Arab Emirates","localeCode":"en","districtName":""},{"cityName":"Rima","countryName":"United Arab Emirates","localeCode":"en","districtName":""},{"cityName":"Ar Rashidiyah","countryName":"United Arab Emirates","localeCode":"en","districtName":""},{"cityName":"Ra's al Khaymah","countryName":"United Arab Emirates","localeCode":"en","districtName":""},{"cityName":"Za`bil","countryName":"United Arab Emirates","localeCode":"en","districtName":""},{"cityName":"Ramlah","countryName":"United Arab Emirates","localeCode":"en","districtName":""},{"cityName":"Rafaq","countryName":"United Arab Emirates","localeCode":"en","districtName":""},{"cityName":"Rafa`","countryName":"United Arab Emirates","localeCode":"en","districtName":""},{"cityName":"Qutuf","countryName":"United Arab Emirates","localeCode":"en","districtName":""},{"cityName":"Qusaydat","countryName":"United Arab Emirates","localeCode":"en","districtName":""},{"cityName":"Qurmidah","countryName":"United Arab Emirates","localeCode":"en","districtName":""},{"cityName":"Qurm","countryName":"United Arab Emirates","localeCode":"en","districtName":""},{"cityName":"Qur","countryName":"United Arab Emirates","localeCode":"en","districtName":""},{"cityName":"Qu`aysah","countryName":"United Arab Emirates","localeCode":"en","districtName":""},{"cityName":"Quar Ah Qahlish","countryName":"United Arab Emirates","localeCode":"en","districtName":""},{"cityName":"Qimah","countryName":"United Arab Emirates","localeCode":"en","districtName":""},{"cityName":"Qidfa`","countryName":"United Arab Emirates","localeCode":"en","districtName":""},{"cityName":"Qattarah","countryName":"United Arab Emirates","localeCode":"en","districtName":""},{"cityName":"Qabas","countryName":"United Arab Emirates","localeCode":"en","districtName":""},{"cityName":"Nuqayrah","countryName":"United Arab Emirates","localeCode":"en","districtName":""},{"cityName":"Nuhayy","countryName":"United Arab Emirates","localeCode":"en","districtName":""},{"cityName":"Naqrah","countryName":"United Arab Emirates","localeCode":"en","districtName":""},{"cityName":"Nahwa","countryName":"United Arab Emirates","localeCode":"en","districtName":""},{"cityName":"Nafir","countryName":"United Arab Emirates","localeCode":"en","districtName":""},{"cityName":"Muzayri`","countryName":"United Arab Emirates","localeCode":"en","districtName":""},{"cityName":"Mu`taridah","countryName":"United Arab Emirates","localeCode":"en","districtName":""},{"cityName":"Murrah","countryName":"United Arab Emirates","localeCode":"en","districtName":""},{"cityName":"Murbah","countryName":"United Arab Emirates","localeCode":"en","districtName":""},{"cityName":"Murbad","countryName":"United Arab Emirates","localeCode":"en","districtName":""},{"cityName":"Muraytah","countryName":"United Arab Emirates","localeCode":"en","districtName":""},{"cityName":"Mundafinah","countryName":"United Arab Emirates","localeCode":"en","districtName":""},{"cityName":"Munay`i","countryName":"United Arab Emirates","localeCode":"en","districtName":""},{"cityName":"Mukhtaraqah","countryName":"United Arab Emirates","localeCode":"en","districtName":""},{"cityName":"Mujib","countryName":"United Arab Emirates","localeCode":"en","districtName":""},{"cityName":"Mu`ayrid","countryName":"United Arab Emirates","localeCode":"en","districtName":""},{"cityName":"Nedaifi","countryName":"United Arab Emirates","localeCode":"en","districtName":""},{"cityName":"Minha","countryName":"United Arab Emirates","localeCode":"en","districtName":""},{"cityName":"Minazif","countryName":"United Arab Emirates","localeCode":"en","districtName":""},{"cityName":"Milqatah","countryName":"United Arab Emirates","localeCode":"en","districtName":""},{"cityName":"Mawsil","countryName":"United Arab Emirates","localeCode":"en","districtName":""},{"cityName":"Mas`udi","countryName":"United Arab Emirates","localeCode":"en","districtName":""},{"cityName":"Masfut","countryName":"United Arab Emirates","localeCode":"en","districtName":""},{"cityName":"Masah","countryName":"United Arab Emirates","localeCode":"en","districtName":""},{"cityName":"Masafi","countryName":"United Arab Emirates","localeCode":"en","districtName":""},{"cityName":"Marhamid","countryName":"United Arab Emirates","localeCode":"en","districtName":""},{"cityName":"Marawwah","countryName":"United Arab Emirates","localeCode":"en","districtName":""},{"cityName":"Manqashah","countryName":"United Arab Emirates","localeCode":"en","districtName":""},{"cityName":"Mahdar Bin `Usayyan","countryName":"United Arab Emirates","localeCode":"en","districtName":""},{"cityName":"Maghribiyah","countryName":"United Arab Emirates","localeCode":"en","districtName":""},{"cityName":"Madinat Zayid","countryName":"United Arab Emirates","localeCode":"en","districtName":""},{"cityName":"Maydaq","countryName":"United Arab Emirates","localeCode":"en","districtName":""},{"cityName":"Ma`ali","countryName":"United Arab Emirates","localeCode":"en","districtName":""},{"cityName":"Lulayyah","countryName":"United Arab Emirates","localeCode":"en","districtName":""},{"cityName":"Liffah","countryName":"United Arab Emirates","localeCode":"en","districtName":""},{"cityName":"Lazimah","countryName":"United Arab Emirates","localeCode":"en","districtName":""},{"cityName":"Layyah","countryName":"United Arab Emirates","localeCode":"en","districtName":""},{"cityName":"Kub","countryName":"United Arab Emirates","localeCode":"en","districtName":""},{"cityName":"Khulaybiyah","countryName":"United Arab Emirates","localeCode":"en","districtName":""},{"cityName":"Khawr Khuwayr","countryName":"United Arab Emirates","localeCode":"en","districtName":""},{"cityName":"Khawr Kalba","countryName":"United Arab Emirates","localeCode":"en","districtName":""},{"cityName":"Khawr Fakkan","countryName":"United Arab Emirates","localeCode":"en","districtName":""},{"cityName":"Khatt","countryName":"United Arab Emirates","localeCode":"en","districtName":""},{"cityName":"Kharran","countryName":"United Arab Emirates","localeCode":"en","districtName":""},{"cityName":"Khannur","countryName":"United Arab Emirates","localeCode":"en","districtName":""},{"cityName":"Khabakhib","countryName":"United Arab Emirates","localeCode":"en","districtName":""},{"cityName":"Kayyah","countryName":"United Arab Emirates","localeCode":"en","districtName":""},{"cityName":"Kalba","countryName":"United Arab Emirates","localeCode":"en","districtName":""},{"cityName":"Jurayrah","countryName":"United Arab Emirates","localeCode":"en","districtName":""},{"cityName":"Jumayra","countryName":"United Arab Emirates","localeCode":"en","districtName":""},{"cityName":"Al Jazirah al Hamra'","countryName":"United Arab Emirates","localeCode":"en","districtName":""},{"cityName":"Jazirah","countryName":"United Arab Emirates","localeCode":"en","districtName":""},{"cityName":"Jayf","countryName":"United Arab Emirates","localeCode":"en","districtName":""},{"cityName":"Istayhah","countryName":"United Arab Emirates","localeCode":"en","districtName":""},{"cityName":"Adhan","countryName":"United Arab Emirates","localeCode":"en","districtName":""},{"cityName":"Huwaytayn","countryName":"United Arab Emirates","localeCode":"en","districtName":""},{"cityName":"Huwaylat","countryName":"United Arab Emirates","localeCode":"en","districtName":""},{"cityName":"Huwaylah","countryName":"United Arab Emirates","localeCode":"en","districtName":""},{"cityName":"Hunaywah","countryName":"United Arab Emirates","localeCode":"en","districtName":""},{"cityName":"Humar","countryName":"United Arab Emirates","localeCode":"en","districtName":""},{"cityName":"Hudaybah","countryName":"United Arab Emirates","localeCode":"en","districtName":""},{"cityName":"Hiyawah","countryName":"United Arab Emirates","localeCode":"en","districtName":""},{"cityName":"Hilli","countryName":"United Arab Emirates","localeCode":"en","districtName":""},{"cityName":"Al Hayl","countryName":"United Arab Emirates","localeCode":"en","districtName":""},{"cityName":"Hayl","countryName":"United Arab Emirates","localeCode":"en","districtName":""},{"cityName":"Hayat","countryName":"United Arab Emirates","localeCode":"en","districtName":""},{"cityName":"Hatiyah","countryName":"United Arab Emirates","localeCode":"en","districtName":""},{"cityName":"Harrah","countryName":"United Arab Emirates","localeCode":"en","districtName":""},{"cityName":"Harat Zutut","countryName":"United Arab Emirates","localeCode":"en","districtName":""},{"cityName":"Haqil","countryName":"United Arab Emirates","localeCode":"en","districtName":""},{"cityName":"Hamim","countryName":"United Arab Emirates","localeCode":"en","districtName":""},{"cityName":"Hamarur","countryName":"United Arab Emirates","localeCode":"en","districtName":""},{"cityName":"Hajar","countryName":"United Arab Emirates","localeCode":"en","districtName":""},{"cityName":"Hafif","countryName":"United Arab Emirates","localeCode":"en","districtName":""},{"cityName":"Afarah","countryName":"United Arab Emirates","localeCode":"en","districtName":""},{"cityName":"Habshan","countryName":"United Arab Emirates","localeCode":"en","districtName":""},{"cityName":"Habhab","countryName":"United Arab Emirates","localeCode":"en","districtName":""},{"cityName":"Gragrah","countryName":"United Arab Emirates","localeCode":"en","districtName":""},{"cityName":"Ghurfah","countryName":"United Arab Emirates","localeCode":"en","districtName":""},{"cityName":"Ghurbah","countryName":"United Arab Emirates","localeCode":"en","districtName":""},{"cityName":"Ghurah","countryName":"United Arab Emirates","localeCode":"en","districtName":""},{"cityName":"Ghunah","countryName":"United Arab Emirates","localeCode":"en","districtName":""},{"cityName":"Ghamarah","countryName":"United Arab Emirates","localeCode":"en","districtName":""},{"cityName":"Al Ghabah","countryName":"United Arab Emirates","localeCode":"en","districtName":""},{"cityName":"Ghubb","countryName":"United Arab Emirates","localeCode":"en","districtName":""},{"cityName":"Ghayl","countryName":"United Arab Emirates","localeCode":"en","districtName":""},{"cityName":"Ghalilah","countryName":"United Arab Emirates","localeCode":"en","districtName":""},{"cityName":"Ghaghah","countryName":"United Arab Emirates","localeCode":"en","districtName":""},{"cityName":"Ghadf","countryName":"United Arab Emirates","localeCode":"en","districtName":""},{"cityName":"Ferij al Muhadham","countryName":"United Arab Emirates","localeCode":"en","districtName":""},{"cityName":"Fayyad","countryName":"United Arab Emirates","localeCode":"en","districtName":""},{"cityName":"Fa'y","countryName":"United Arab Emirates","localeCode":"en","districtName":""},{"cityName":"Fashrah","countryName":"United Arab Emirates","localeCode":"en","districtName":""},{"cityName":"Fariq Tarif","countryName":"United Arab Emirates","localeCode":"en","districtName":""},{"cityName":"Fariq","countryName":"United Arab Emirates","localeCode":"en","districtName":""},{"cityName":"Furfar","countryName":"United Arab Emirates","localeCode":"en","districtName":""},{"cityName":"Far`ah","countryName":"United Arab Emirates","localeCode":"en","districtName":""},{"cityName":"Faqi","countryName":"United Arab Emirates","localeCode":"en","districtName":""},{"cityName":"Falaj al Mu`alla","countryName":"United Arab Emirates","localeCode":"en","districtName":""},{"cityName":"Dubai","countryName":"United Arab Emirates","localeCode":"en","districtName":""},{"cityName":"Dub","countryName":"United Arab Emirates","localeCode":"en","districtName":""},{"cityName":"Diqdaqah","countryName":"United Arab Emirates","localeCode":"en","districtName":""},{"cityName":"Dihan","countryName":"United Arab Emirates","localeCode":"en","districtName":""},{"cityName":"Diba","countryName":"United Arab Emirates","localeCode":"en","districtName":""},{"cityName":"Dhad al Arab","countryName":"United Arab Emirates","localeCode":"en","districtName":""},{"cityName":"Dayrah","countryName":"United Arab Emirates","localeCode":"en","districtName":""},{"cityName":"Daynah","countryName":"United Arab Emirates","localeCode":"en","districtName":""},{"cityName":"Dayah","countryName":"United Arab Emirates","localeCode":"en","districtName":""},{"cityName":"Da`sah","countryName":"United Arab Emirates","localeCode":"en","districtName":""},{"cityName":"Darah","countryName":"United Arab Emirates","localeCode":"en","districtName":""},{"cityName":"Dahir","countryName":"United Arab Emirates","localeCode":"en","districtName":""},{"cityName":"Dahin","countryName":"United Arab Emirates","localeCode":"en","districtName":""},{"cityName":"Daftah","countryName":"United Arab Emirates","localeCode":"en","districtName":""},{"cityName":"Dadna","countryName":"United Arab Emirates","localeCode":"en","districtName":""},{"cityName":"Dab`ah","countryName":"United Arab Emirates","localeCode":"en","districtName":""},{"cityName":"Bu Lifiyat","countryName":"United Arab Emirates","localeCode":"en","districtName":""},{"cityName":"Bulaydah","countryName":"United Arab Emirates","localeCode":"en","districtName":""},{"cityName":"Bin Ahmad","countryName":"United Arab Emirates","localeCode":"en","districtName":""},{"cityName":"Bidiyah","countryName":"United Arab Emirates","localeCode":"en","districtName":""},{"cityName":"Bida","countryName":"United Arab Emirates","localeCode":"en","districtName":""},{"cityName":"Batin","countryName":"United Arab Emirates","localeCode":"en","districtName":""},{"cityName":"Barr Dubayy","countryName":"United Arab Emirates","localeCode":"en","districtName":""},{"cityName":"Al Barahah","countryName":"United Arab Emirates","localeCode":"en","districtName":""},{"cityName":"Baqal","countryName":"United Arab Emirates","localeCode":"en","districtName":""},{"cityName":"Badiyah","countryName":"United Arab Emirates","localeCode":"en","districtName":""},{"cityName":"`Ayn al Faydah","countryName":"United Arab Emirates","localeCode":"en","districtName":""},{"cityName":"`Ayim","countryName":"United Arab Emirates","localeCode":"en","districtName":""},{"cityName":"`Uwaynat","countryName":"United Arab Emirates","localeCode":"en","districtName":""},{"cityName":"`Awafi","countryName":"United Arab Emirates","localeCode":"en","districtName":""},{"cityName":"`Attab","countryName":"United Arab Emirates","localeCode":"en","districtName":""},{"cityName":"Athabat","countryName":"United Arab Emirates","localeCode":"en","districtName":""},{"cityName":"As Sulaymat","countryName":"United Arab Emirates","localeCode":"en","districtName":""},{"cityName":"As Slabeikh","countryName":"United Arab Emirates","localeCode":"en","districtName":""},{"cityName":"As Sad","countryName":"United Arab Emirates","localeCode":"en","districtName":""},{"cityName":"Ash Shibhanah","countryName":"United Arab Emirates","localeCode":"en","districtName":""},{"cityName":"Sharjah","countryName":"United Arab Emirates","localeCode":"en","districtName":""},{"cityName":"Ash Sha`m","countryName":"United Arab Emirates","localeCode":"en","districtName":""},{"cityName":"`Ashashah","countryName":"United Arab Emirates","localeCode":"en","districtName":""},{"cityName":"`Asamah","countryName":"United Arab Emirates","localeCode":"en","districtName":""},{"cityName":"Ar Ruways","countryName":"United Arab Emirates","localeCode":"en","districtName":""},{"cityName":"Ar Rul","countryName":"United Arab Emirates","localeCode":"en","districtName":""},{"cityName":"Ar Rufaysah","countryName":"United Arab Emirates","localeCode":"en","districtName":""},{"cityName":"Ar Rams","countryName":"United Arab Emirates","localeCode":"en","districtName":""},{"cityName":"`Aradah","countryName":"United Arab Emirates","localeCode":"en","districtName":""},{"cityName":"`Aqqah","countryName":"United Arab Emirates","localeCode":"en","districtName":""},{"cityName":"Sha`biyat Naslah","countryName":"United Arab Emirates","localeCode":"en","districtName":""},{"cityName":"An Nashshash","countryName":"United Arab Emirates","localeCode":"en","districtName":""},{"cityName":"Al Wathbah","countryName":"United Arab Emirates","localeCode":"en","districtName":""},{"cityName":"Al `Uyaynah","countryName":"United Arab Emirates","localeCode":"en","districtName":""},{"cityName":"Al Usayli","countryName":"United Arab Emirates","localeCode":"en","districtName":""},{"cityName":"Al `Udayd","countryName":"United Arab Emirates","localeCode":"en","districtName":""},{"cityName":"Al Qusays","countryName":"United Arab Emirates","localeCode":"en","districtName":""},{"cityName":"Al Qurayyah","countryName":"United Arab Emirates","localeCode":"en","districtName":""},{"cityName":"Al Qir","countryName":"United Arab Emirates","localeCode":"en","districtName":""},{"cityName":"Al Qimi","countryName":"United Arab Emirates","localeCode":"en","districtName":""},{"cityName":"Al Qaia","countryName":"United Arab Emirates","localeCode":"en","districtName":""},{"cityName":"Al Muwayqi`i","countryName":"United Arab Emirates","localeCode":"en","districtName":""},{"cityName":"Al Mu`tarad","countryName":"United Arab Emirates","localeCode":"en","districtName":""},{"cityName":"Al Mughayra'","countryName":"United Arab Emirates","localeCode":"en","districtName":""},{"cityName":"Al Mataf","countryName":"United Arab Emirates","localeCode":"en","districtName":""},{"cityName":"Al Mashrub","countryName":"United Arab Emirates","localeCode":"en","districtName":""},{"cityName":"Al Mariyah al Gharbiyah","countryName":"United Arab Emirates","localeCode":"en","districtName":""},{"cityName":"Al Mariyah","countryName":"United Arab Emirates","localeCode":"en","districtName":""},{"cityName":"Al Marfa'","countryName":"United Arab Emirates","localeCode":"en","districtName":""},{"cityName":"Al Manamah","countryName":"United Arab Emirates","localeCode":"en","districtName":""},{"cityName":"Al Mahamm","countryName":"United Arab Emirates","localeCode":"en","districtName":""},{"cityName":"Al Kubus","countryName":"United Arab Emirates","localeCode":"en","districtName":""},{"cityName":"Al Khis","countryName":"United Arab Emirates","localeCode":"en","districtName":""},{"cityName":"Al Khaznah","countryName":"United Arab Emirates","localeCode":"en","districtName":""},{"cityName":"Al Khatim","countryName":"United Arab Emirates","localeCode":"en","districtName":""},{"cityName":"Al Khari","countryName":"United Arab Emirates","localeCode":"en","districtName":""},{"cityName":"Al Khan","countryName":"United Arab Emirates","localeCode":"en","districtName":""},{"cityName":"Al Jazirah","countryName":"United Arab Emirates","localeCode":"en","districtName":""},{"cityName":"Al Jahr","countryName":"United Arab Emirates","localeCode":"en","districtName":""},{"cityName":"Al `Idd","countryName":"United Arab Emirates","localeCode":"en","districtName":""},{"cityName":"Al Hayrah","countryName":"United Arab Emirates","localeCode":"en","districtName":""},{"cityName":"Al Hayr","countryName":"United Arab Emirates","localeCode":"en","districtName":""},{"cityName":"Al Hamriyah","countryName":"United Arab Emirates","localeCode":"en","districtName":""},{"cityName":"Al Halah","countryName":"United Arab Emirates","localeCode":"en","districtName":""},{"cityName":"Al Hajarayn","countryName":"United Arab Emirates","localeCode":"en","districtName":""},{"cityName":"Al Hadhi","countryName":"United Arab Emirates","localeCode":"en","districtName":""},{"cityName":"Al Jaddah","countryName":"United Arab Emirates","localeCode":"en","districtName":""},{"cityName":"Al Ghurfah","countryName":"United Arab Emirates","localeCode":"en","districtName":""},{"cityName":"Al Fulayyah","countryName":"United Arab Emirates","localeCode":"en","districtName":""},{"cityName":"Al Fujayrah","countryName":"United Arab Emirates","localeCode":"en","districtName":""},{"cityName":"Al Fiyay","countryName":"United Arab Emirates","localeCode":"en","districtName":""},{"cityName":"Al Fay`","countryName":"United Arab Emirates","localeCode":"en","districtName":""},{"cityName":"Al Fara`","countryName":"United Arab Emirates","localeCode":"en","districtName":""},{"cityName":"Al Fahlayn","countryName":"United Arab Emirates","localeCode":"en","districtName":""},{"cityName":"Bitnah","countryName":"United Arab Emirates","localeCode":"en","districtName":""},{"cityName":"Al `Ayn al Ghumur","countryName":"United Arab Emirates","localeCode":"en","districtName":""},{"cityName":"Al `Ayn","countryName":"United Arab Emirates","localeCode":"en","districtName":""},{"cityName":"Al `Awdah","countryName":"United Arab Emirates","localeCode":"en","districtName":""},{"cityName":"Al Atir","countryName":"United Arab Emirates","localeCode":"en","districtName":""},{"cityName":"Al Ardiyah","countryName":"United Arab Emirates","localeCode":"en","districtName":""},{"cityName":"`Akamiyah","countryName":"United Arab Emirates","localeCode":"en","districtName":""},{"cityName":"`Ajman","countryName":"United Arab Emirates","localeCode":"en","districtName":""},{"cityName":"Adh Dhayd","countryName":"United Arab Emirates","localeCode":"en","districtName":""},{"cityName":"Adh Dharbaniyah","countryName":"United Arab Emirates","localeCode":"en","districtName":""},{"cityName":"Abu Dhabi","countryName":"United Arab Emirates","localeCode":"en","districtName":""},{"cityName":"Abu Hayl","countryName":"United Arab Emirates","localeCode":"en","districtName":""},{"cityName":"`Abadilah","countryName":"United Arab Emirates","localeCode":"en","districtName":""},{"cityName":"As Satwah","countryName":"United Arab Emirates","localeCode":"en","districtName":""},{"cityName":"Harat `Awali","countryName":"United Arab Emirates","localeCode":"en","districtName":""},{"cityName":"Al Hulaylah","countryName":"United Arab Emirates","localeCode":"en","districtName":""},{"cityName":"Al Khashfah","countryName":"United Arab Emirates","localeCode":"en","districtName":""},{"cityName":"Wayb Hawf","countryName":"United Arab Emirates","localeCode":"en","districtName":""},{"cityName":"Al Ghabam","countryName":"United Arab Emirates","localeCode":"en","districtName":""},{"cityName":"Qaf'ah","countryName":"United Arab Emirates","localeCode":"en","districtName":""},{"cityName":"Sharyat","countryName":"United Arab Emirates","localeCode":"en","districtName":""},{"cityName":"Al Mafraq","countryName":"United Arab Emirates","localeCode":"en","districtName":""},{"cityName":"Al Muqattarah","countryName":"United Arab Emirates","localeCode":"en","districtName":""},{"cityName":"Madinat an Nahdah","countryName":"United Arab Emirates","localeCode":"en","districtName":""},{"cityName":"Ash Shahamah","countryName":"United Arab Emirates","localeCode":"en","districtName":""},{"cityName":"Al Maqta`","countryName":"United Arab Emirates","localeCode":"en","districtName":""},{"cityName":"Mawrid","countryName":"United Arab Emirates","localeCode":"en","districtName":""},{"cityName":"Qarat ad Dum","countryName":"United Arab Emirates","localeCode":"en","districtName":""},{"cityName":"Sall","countryName":"United Arab Emirates","localeCode":"en","districtName":""},{"cityName":"Yinainir","countryName":"United Arab Emirates","localeCode":"en","districtName":""},{"cityName":"Yafur","countryName":"United Arab Emirates","localeCode":"en","districtName":""},{"cityName":"Al Ghashban","countryName":"United Arab Emirates","localeCode":"en","districtName":""},{"cityName":"Ghubbat Khawrah","countryName":"United Arab Emirates","localeCode":"en","districtName":""},{"cityName":"Qaraytaysah","countryName":"United Arab Emirates","localeCode":"en","districtName":""},{"cityName":"Margham","countryName":"United Arab Emirates","localeCode":"en","districtName":""},{"cityName":"Ash Shu`ayb","countryName":"United Arab Emirates","localeCode":"en","districtName":""},{"cityName":"Al Faq`","countryName":"United Arab Emirates","localeCode":"en","districtName":""},{"cityName":"Al Khabb","countryName":"United Arab Emirates","localeCode":"en","districtName":""},{"cityName":"Zarub","countryName":"United Arab Emirates","localeCode":"en","districtName":""},{"cityName":"Malaqat","countryName":"United Arab Emirates","localeCode":"en","districtName":""},{"cityName":"`Aqbiyah","countryName":"United Arab Emirates","localeCode":"en","districtName":""},{"cityName":"Mazyad","countryName":"United Arab Emirates","localeCode":"en","districtName":""},{"cityName":"Majra al Ghaf","countryName":"United Arab Emirates","localeCode":"en","districtName":""},{"cityName":"Hasat al Bidiyah","countryName":"United Arab Emirates","localeCode":"en","districtName":""},{"cityName":"Al Masafirah","countryName":"United Arab Emirates","localeCode":"en","districtName":""},{"cityName":"Ham Ham","countryName":"United Arab Emirates","localeCode":"en","districtName":""},{"cityName":"Ar Ra`fah","countryName":"United Arab Emirates","localeCode":"en","districtName":""},{"cityName":"Al Hamraniyah","countryName":"United Arab Emirates","localeCode":"en","districtName":""},{"cityName":"Nadd al Humr","countryName":"United Arab Emirates","localeCode":"en","districtName":""},{"cityName":"Ar Ra's","countryName":"United Arab Emirates","localeCode":"en","districtName":""},{"cityName":"At Tawar","countryName":"United Arab Emirates","localeCode":"en","districtName":""},{"cityName":"Al Qawz","countryName":"United Arab Emirates","localeCode":"en","districtName":""},{"cityName":"Bu Rays","countryName":"United Arab Emirates","localeCode":"en","districtName":""},{"cityName":"Sikkat al Khayl","countryName":"United Arab Emirates","localeCode":"en","districtName":""},{"cityName":"Al Lusayli","countryName":"United Arab Emirates","localeCode":"en","districtName":""},{"cityName":"Suwayhan","countryName":"United Arab Emirates","localeCode":"en","districtName":""},{"cityName":"An Nakhil","countryName":"United Arab Emirates","localeCode":"en","districtName":""},{"cityName":"As Sur","countryName":"United Arab Emirates","localeCode":"en","districtName":""},{"cityName":"Al Mu`amurah","countryName":"United Arab Emirates","localeCode":"en","districtName":""},{"cityName":"Difan","countryName":"United Arab Emirates","localeCode":"en","districtName":""},{"cityName":"Khazam","countryName":"United Arab Emirates","localeCode":"en","districtName":""},{"cityName":"Sal Dora","countryName":"United Arab Emirates","localeCode":"en","districtName":""},{"cityName":"Al Hamidiyah","countryName":"United Arab Emirates","localeCode":"en","districtName":""},{"cityName":"Hizayib az Zanah","countryName":"United Arab Emirates","localeCode":"en","districtName":""},{"cityName":"Bu Hasa","countryName":"United Arab Emirates","localeCode":"en","districtName":""},{"cityName":"Al Waheda","countryName":"United Arab Emirates","localeCode":"en","districtName":""},{"cityName":"Al Mamzer","countryName":"United Arab Emirates","localeCode":"en","districtName":""},{"cityName":"Hor Al Anz","countryName":"United Arab Emirates","localeCode":"en","districtName":""},{"cityName":"Al Khabeesi","countryName":"United Arab Emirates","localeCode":"en","districtName":""},{"cityName":"Al Twar First","countryName":"United Arab Emirates","localeCode":"en","districtName":""},{"cityName":"Al Qusais First","countryName":"United Arab Emirates","localeCode":"en","districtName":""},{"cityName":"AL Twar Second","countryName":"United Arab Emirates","localeCode":"en","districtName":""},{"cityName":"Al Qusais Second","countryName":"United Arab Emirates","localeCode":"en","districtName":""},{"cityName":"Al Qusais Third","countryName":"United Arab Emirates","localeCode":"en","districtName":""},{"cityName":"Muhaisanah Third","countryName":"United Arab Emirates","localeCode":"en","districtName":""},{"cityName":"Muhaisanah Fourth","countryName":"United Arab Emirates","localeCode":"en","districtName":""},{"cityName":"Muhaisanah Second","countryName":"United Arab Emirates","localeCode":"en","districtName":""},{"cityName":"Al Karama","countryName":"United Arab Emirates","localeCode":"en","districtName":""},{"cityName":"Al Jafliya","countryName":"United Arab Emirates","localeCode":"en","districtName":""},{"cityName":"Al Hudaiba","countryName":"United Arab Emirates","localeCode":"en","districtName":""},{"cityName":"Al Hudaba","countryName":"United Arab Emirates","localeCode":"en","districtName":""},{"cityName":"Al Bada","countryName":"United Arab Emirates","localeCode":"en","districtName":""},{"cityName":"Al Wasl","countryName":"United Arab Emirates","localeCode":"en","districtName":""},{"cityName":"Jumeira Second","countryName":"United Arab Emirates","localeCode":"en","districtName":""},{"cityName":"Jumeira Third","countryName":"United Arab Emirates","localeCode":"en","districtName":""},{"cityName":"Al Saffa First","countryName":"United Arab Emirates","localeCode":"en","districtName":""},{"cityName":"Al Saffa Second","countryName":"United Arab Emirates","localeCode":"en","districtName":""},{"cityName":"Um Suqaim Second","countryName":"United Arab Emirates","localeCode":"en","districtName":""},{"cityName":"Al Manara","countryName":"United Arab Emirates","localeCode":"en","districtName":""},{"cityName":"Um Al Sheif","countryName":"United Arab Emirates","localeCode":"en","districtName":""},{"cityName":"Al Goze Industrial District","countryName":"United Arab Emirates","localeCode":"en","districtName":""},{"cityName":"Al Safouh First","countryName":"United Arab Emirates","localeCode":"en","districtName":""},{"cityName":"Al Barsha First","countryName":"United Arab Emirates","localeCode":"en","districtName":""},{"cityName":"Al Barshaa Second","countryName":"United Arab Emirates","localeCode":"en","districtName":""},{"cityName":"Al Barshaa Third","countryName":"United Arab Emirates","localeCode":"en","districtName":""},{"cityName":"Knowledge Village","countryName":"United Arab Emirates","localeCode":"en","districtName":""},{"cityName":"Emirates Hill Second","countryName":"United Arab Emirates","localeCode":"en","districtName":""},{"cityName":"Emirates Hill Third","countryName":"United Arab Emirates","localeCode":"en","districtName":""},{"cityName":"Emirates Hill First","countryName":"United Arab Emirates","localeCode":"en","districtName":""},{"cityName":"The Palm Jumeirah","countryName":"United Arab Emirates","localeCode":"en","districtName":""},{"cityName":"Zabeel First","countryName":"United Arab Emirates","localeCode":"en","districtName":""},{"cityName":"Oud Metha","countryName":"United Arab Emirates","localeCode":"en","districtName":""},{"cityName":"AL Khaildia Suburb","countryName":"United Arab Emirates","localeCode":"en","districtName":""},{"cityName":"Al Nud","countryName":"United Arab Emirates","localeCode":"en","districtName":""},{"cityName":"Abu Sangara","countryName":"United Arab Emirates","localeCode":"en","districtName":""},{"cityName":"Bu Danig","countryName":"United Arab Emirates","localeCode":"en","districtName":""},{"cityName":"Al Mahatah","countryName":"United Arab Emirates","localeCode":"en","districtName":""},{"cityName":"Al Ghuhaiba","countryName":"United Arab Emirates","localeCode":"en","districtName":""},{"cityName":"Al Yarmook","countryName":"United Arab Emirates","localeCode":"en","districtName":""},{"cityName":"Al Manakh","countryName":"United Arab Emirates","localeCode":"en","districtName":""},{"cityName":"Al Aber","countryName":"United Arab Emirates","localeCode":"en","districtName":""},{"cityName":"Samnan","countryName":"United Arab Emirates","localeCode":"en","districtName":""},{"cityName":"Al Khouzamiya","countryName":"United Arab Emirates","localeCode":"en","districtName":""},{"cityName":"Al Shahab","countryName":"United Arab Emirates","localeCode":"en","districtName":""},{"cityName":"Al Talae","countryName":"United Arab Emirates","localeCode":"en","districtName":""},{"cityName":"Al Rifa","countryName":"United Arab Emirates","localeCode":"en","districtName":""},{"cityName":"Al Darrare","countryName":"United Arab Emirates","localeCode":"en","districtName":""},{"cityName":"Turrfana","countryName":"United Arab Emirates","localeCode":"en","districtName":""},{"cityName":"Um Tarrafa","countryName":"United Arab Emirates","localeCode":"en","districtName":""},{"cityName":"Al Marijah","countryName":"United Arab Emirates","localeCode":"en","districtName":""},{"cityName":"Al Shuwaiheen","countryName":"United Arab Emirates","localeCode":"en","districtName":""},{"cityName":"Al Ghuwair","countryName":"United Arab Emirates","localeCode":"en","districtName":""},{"cityName":"Al Nabba","countryName":"United Arab Emirates","localeCode":"en","districtName":""},{"cityName":"Maysaloon","countryName":"United Arab Emirates","localeCode":"en","districtName":""},{"cityName":"AL Sharq","countryName":"United Arab Emirates","localeCode":"en","districtName":""},{"cityName":"Al Hazana","countryName":"United Arab Emirates","localeCode":"en","districtName":""},{"cityName":"Al Jazzat","countryName":"United Arab Emirates","localeCode":"en","districtName":""},{"cityName":"AL Nahda First","countryName":"United Arab Emirates","localeCode":"en","districtName":""},{"cityName":"AL Nahda Second","countryName":"United Arab Emirates","localeCode":"en","districtName":""},{"cityName":"Al Qusais Industrial Area First","countryName":"United Arab Emirates","localeCode":"en","districtName":""},{"cityName":"Al Qusais Industrial Area Second","countryName":"United Arab Emirates","localeCode":"en","districtName":""},{"cityName":"Al Qusais Industrial Area Third","countryName":"United Arab Emirates","localeCode":"en","districtName":""},{"cityName":"Al Fayha","countryName":"United Arab Emirates","localeCode":"en","districtName":""},{"cityName":"Al Fallaj","countryName":"United Arab Emirates","localeCode":"en","districtName":""},{"cityName":"Al Azrra","countryName":"United Arab Emirates","localeCode":"en","districtName":""},{"cityName":"Al Riqa Suburb","countryName":"United Arab Emirates","localeCode":"en","districtName":""},{"cityName":"AL Ghafiya","countryName":"United Arab Emirates","localeCode":"en","districtName":""},{"cityName":"Al Subaikhi","countryName":"United Arab Emirates","localeCode":"en","districtName":""},{"cityName":"Shargan","countryName":"United Arab Emirates","localeCode":"en","districtName":""},{"cityName":"AL Ramla West","countryName":"United Arab Emirates","localeCode":"en","districtName":""},{"cityName":"Al Ramla East","countryName":"United Arab Emirates","localeCode":"en","districtName":""},{"cityName":"Al Nasserya","countryName":"United Arab Emirates","localeCode":"en","districtName":""},{"cityName":"Al Ramtha","countryName":"United Arab Emirates","localeCode":"en","districtName":""},{"cityName":"Al Goaz","countryName":"United Arab Emirates","localeCode":"en","districtName":""},{"cityName":"Al Ramaqia","countryName":"United Arab Emirates","localeCode":"en","districtName":""},{"cityName":"Wasit Suburb","countryName":"United Arab Emirates","localeCode":"en","districtName":""},{"cityName":"Al Swehat","countryName":"United Arab Emirates","localeCode":"en","districtName":""},{"cityName":"Muwafjah","countryName":"United Arab Emirates","localeCode":"en","districtName":""},{"cityName":"Eliash","countryName":"United Arab Emirates","localeCode":"en","districtName":""},{"cityName":"AL Heera Suburb","countryName":"United Arab Emirates","localeCode":"en","districtName":""},{"cityName":"Al nekhailat","countryName":"United Arab Emirates","localeCode":"en","districtName":""},{"cityName":"Al Mirgab","countryName":"United Arab Emirates","localeCode":"en","districtName":""},{"cityName":"Al Rifah","countryName":"United Arab Emirates","localeCode":"en","districtName":""},{"cityName":"Al Rumailah","countryName":"United Arab Emirates","localeCode":"en","districtName":""},{"cityName":"Al Nakhil","countryName":"United Arab Emirates","localeCode":"en","districtName":""},{"cityName":"Al Owan","countryName":"United Arab Emirates","localeCode":"en","districtName":""},{"cityName":"Al Bustan","countryName":"United Arab Emirates","localeCode":"en","districtName":""},{"cityName":"Al Butain","countryName":"United Arab Emirates","localeCode":"en","districtName":""},{"cityName":"Al Raha Corniche","countryName":"United Arab Emirates","localeCode":"en","districtName":""},{"cityName":"Jumeirah","countryName":"United Arab Emirates","localeCode":"en","districtName":""},{"cityName":"Jebel Dhanna","countryName":"United Arab Emirates","localeCode":"en","districtName":""},{"cityName":"Al Aqah","countryName":"United Arab Emirates","localeCode":"en","districtName":""},{"cityName":"Bur Dubai","countryName":"United Arab Emirates","localeCode":"en","districtName":""},{"cityName":"Theeb","countryName":"United Arab Emirates","localeCode":"en","districtName":""},{"cityName":"Al Gissemari","countryName":"United Arab Emirates","localeCode":"en","districtName":""},{"cityName":"Girath","countryName":"United Arab Emirates","localeCode":"en","districtName":""},{"cityName":"Al Fuqait","countryName":"United Arab Emirates","localeCode":"en","districtName":""},{"cityName":"Tawian","countryName":"United Arab Emirates","localeCode":"en","districtName":""},{"cityName":"Jareef","countryName":"United Arab Emirates","localeCode":"en","districtName":""},{"cityName":"Sram","countryName":"United Arab Emirates","localeCode":"en","districtName":""},{"cityName":"Yalah","countryName":"United Arab Emirates","localeCode":"en","districtName":""},{"cityName":"Thoban","countryName":"United Arab Emirates","localeCode":"en","districtName":""},{"cityName":"Al Hinya","countryName":"United Arab Emirates","localeCode":"en","districtName":""},{"cityName":"Al Mariah United Group","countryName":"United Arab Emirates","localeCode":"en","districtName":""},{"cityName":"Mintaqat al Madinah al Qadimah","countryName":"United Arab Emirates","localeCode":"en","districtName":""},{"cityName":"Mintaqat ar Rawdah","countryName":"United Arab Emirates","localeCode":"en","districtName":""},{"cityName":"Mintaqat Limghadar","countryName":"United Arab Emirates","localeCode":"en","districtName":""},{"cityName":"Mintaqat al Hawiyah","countryName":"United Arab Emirates","localeCode":"en","districtName":""},{"cityName":"Mintaqat ar Ra's B","countryName":"United Arab Emirates","localeCode":"en","districtName":""},{"cityName":"Mintaqat ar Ra's D","countryName":"United Arab Emirates","localeCode":"en","districtName":""},{"cityName":"Mintaqat ar Ra's A","countryName":"United Arab Emirates","localeCode":"en","districtName":""},{"cityName":"Mintaqat ad Dar al Bayda' A","countryName":"United Arab Emirates","localeCode":"en","districtName":""},{"cityName":"Mintaqat ad Dar al Bayda' B","countryName":"United Arab Emirates","localeCode":"en","districtName":""},{"cityName":"Mintaqat al Khawr","countryName":"United Arab Emirates","localeCode":"en","districtName":""},{"cityName":"Mintaqat ar Riqqah","countryName":"United Arab Emirates","localeCode":"en","districtName":""},{"cityName":"Mintaqat ar Ra's J","countryName":"United Arab Emirates","localeCode":"en","districtName":""},{"cityName":"Mintaqat al Maydan","countryName":"United Arab Emirates","localeCode":"en","districtName":""},{"cityName":"Mintaqah al Hadithah","countryName":"United Arab Emirates","localeCode":"en","districtName":""},{"cityName":"Mintaqat al Humrah B","countryName":"United Arab Emirates","localeCode":"en","districtName":""},{"cityName":"Mintaqat al Humrah J","countryName":"United Arab Emirates","localeCode":"en","districtName":""},{"cityName":"Mintaqat al `Ahd","countryName":"United Arab Emirates","localeCode":"en","districtName":""},{"cityName":"Mintaqat al Humrah D","countryName":"United Arab Emirates","localeCode":"en","districtName":""},{"cityName":"Mintaqat Umm al Qaywayn at Tibbiyah","countryName":"United Arab Emirates","localeCode":"en","districtName":""},{"cityName":"Mintaqat al Humrah A","countryName":"United Arab Emirates","localeCode":"en","districtName":""},{"cityName":"Al Hazaywah","countryName":"United Arab Emirates","localeCode":"en","districtName":""},{"cityName":"Al `Adhib","countryName":"United Arab Emirates","localeCode":"en","districtName":""},{"cityName":"Ar Ramlah","countryName":"United Arab Emirates","localeCode":"en","districtName":""},{"cityName":"As Salamah","countryName":"United Arab Emirates","localeCode":"en","districtName":""},{"cityName":"Al Abraq","countryName":"United Arab Emirates","localeCode":"en","districtName":""},{"cityName":"As Surrah","countryName":"United Arab Emirates","localeCode":"en","districtName":""},{"cityName":"Muhadhdhib","countryName":"United Arab Emirates","localeCode":"en","districtName":""},{"cityName":"Kabir","countryName":"United Arab Emirates","localeCode":"en","districtName":""},{"cityName":"Al Labsah","countryName":"United Arab Emirates","localeCode":"en","districtName":""},{"cityName":"Qasr al Bahr","countryName":"United Arab Emirates","localeCode":"en","districtName":""},{"cityName":"Ar Ra's al Akhdar","countryName":"United Arab Emirates","localeCode":"en","districtName":""},{"cityName":"Al Khubayrah","countryName":"United Arab Emirates","localeCode":"en","districtName":""},{"cityName":"Al Khalidiyah","countryName":"United Arab Emirates","localeCode":"en","districtName":""},{"cityName":"Al Hisn","countryName":"United Arab Emirates","localeCode":"en","districtName":""},{"cityName":"Qaryat at Turath","countryName":"United Arab Emirates","localeCode":"en","districtName":""},{"cityName":"Al Manhal","countryName":"United Arab Emirates","localeCode":"en","districtName":""},{"cityName":"An Nadi as Siyahi","countryName":"United Arab Emirates","localeCode":"en","districtName":""},{"cityName":"Al Baladiyah","countryName":"United Arab Emirates","localeCode":"en","districtName":""},{"cityName":"Az Zafrah","countryName":"United Arab Emirates","localeCode":"en","districtName":""},{"cityName":"Az Za`ab","countryName":"United Arab Emirates","localeCode":"en","districtName":""},{"cityName":"Ar Rawdah","countryName":"United Arab Emirates","localeCode":"en","districtName":""},{"cityName":"Al Karamah","countryName":"United Arab Emirates","localeCode":"en","districtName":""},{"cityName":"Al Musalla","countryName":"United Arab Emirates","localeCode":"en","districtName":""},{"cityName":"Al Ittihad","countryName":"United Arab Emirates","localeCode":"en","districtName":""},{"cityName":"Al Nahyan","countryName":"United Arab Emirates","localeCode":"en","districtName":""},{"cityName":"Al Wahdah","countryName":"United Arab Emirates","localeCode":"en","districtName":""},{"cityName":"Al Murur","countryName":"United Arab Emirates","localeCode":"en","districtName":""},{"cityName":"Al Mushrif","countryName":"United Arab Emirates","localeCode":"en","districtName":""},{"cityName":"Qasr ash Shati'","countryName":"United Arab Emirates","localeCode":"en","districtName":""},{"cityName":"Hadbat az Za`faranah","countryName":"United Arab Emirates","localeCode":"en","districtName":""},{"cityName":"Az Zahra'","countryName":"United Arab Emirates","localeCode":"en","districtName":""},{"cityName":"Al Aman","countryName":"United Arab Emirates","localeCode":"en","districtName":""},{"cityName":"Ar Rihan","countryName":"United Arab Emirates","localeCode":"en","districtName":""},{"cityName":"Al Muzun","countryName":"United Arab Emirates","localeCode":"en","districtName":""},{"cityName":"Mintaqat al Matar","countryName":"United Arab Emirates","localeCode":"en","districtName":""},{"cityName":"Sas an Nakhl","countryName":"United Arab Emirates","localeCode":"en","districtName":""},{"cityName":"Al Jami` al Kabir","countryName":"United Arab Emirates","localeCode":"en","districtName":""},{"cityName":"Mintaqah Bayn al Jisrayn","countryName":"United Arab Emirates","localeCode":"en","districtName":""},{"cityName":"Madinat ad Dubbat","countryName":"United Arab Emirates","localeCode":"en","districtName":""},{"cityName":"Shati' ar Rahah","countryName":"United Arab Emirates","localeCode":"en","districtName":""},{"cityName":"Madinat Khalifah A","countryName":"United Arab Emirates","localeCode":"en","districtName":""},{"cityName":"Madinat Khalifah B","countryName":"United Arab Emirates","localeCode":"en","districtName":""},{"cityName":"Discovery Gardens","countryName":"United Arab Emirates","localeCode":"en","districtName":""},{"cityName":"Al Mizhar","countryName":"United Arab Emirates","localeCode":"en","districtName":""},{"cityName":"Mirdif","countryName":"United Arab Emirates","localeCode":"en","districtName":""},{"cityName":"Madinat Badr","countryName":"United Arab Emirates","localeCode":"en","districtName":""},{"cityName":"Muhaysnah Shamal","countryName":"United Arab Emirates","localeCode":"en","districtName":""},{"cityName":"Mintaqat Dubayy at Ta`limiyah","countryName":"United Arab Emirates","localeCode":"en","districtName":""},{"cityName":"Hawr al `Anz","countryName":"United Arab Emirates","localeCode":"en","districtName":""},{"cityName":"Mintaqat as Suq","countryName":"United Arab Emirates","localeCode":"en","districtName":""},{"cityName":"Hayy al Bastakiyah","countryName":"United Arab Emirates","localeCode":"en","districtName":""},{"cityName":"Zaribat Dawiy","countryName":"United Arab Emirates","localeCode":"en","districtName":""},{"cityName":"Mankhul","countryName":"United Arab Emirates","localeCode":"en","districtName":""},{"cityName":"Al Hudaybah","countryName":"United Arab Emirates","localeCode":"en","districtName":""},{"cityName":"As Safa","countryName":"United Arab Emirates","localeCode":"en","districtName":""},{"cityName":"Qaryat Shikaghu Bitsh","countryName":"United Arab Emirates","localeCode":"en","districtName":""},{"cityName":"Dawwar Burj Nahar","countryName":"United Arab Emirates","localeCode":"en","districtName":""},{"cityName":"Burj Nahar","countryName":"United Arab Emirates","localeCode":"en","districtName":""},{"cityName":"Al Matinah","countryName":"United Arab Emirates","localeCode":"en","districtName":""},{"cityName":"Al Muraqqabat","countryName":"United Arab Emirates","localeCode":"en","districtName":""},{"cityName":"Ar Riqqah Sharq","countryName":"United Arab Emirates","localeCode":"en","districtName":""},{"cityName":"Riqqah al Butayn","countryName":"United Arab Emirates","localeCode":"en","districtName":""},{"cityName":"Bur Sa`id","countryName":"United Arab Emirates","localeCode":"en","districtName":""},{"cityName":"Nayf","countryName":"United Arab Emirates","localeCode":"en","districtName":""},{"cityName":"As Sabkhah","countryName":"United Arab Emirates","localeCode":"en","districtName":""},{"cityName":"Ash Shamal","countryName":"United Arab Emirates","localeCode":"en","districtName":""},{"cityName":"Ad Daghayah","countryName":"United Arab Emirates","localeCode":"en","districtName":""},{"cityName":"`Ayal Nasir","countryName":"United Arab Emirates","localeCode":"en","districtName":""},{"cityName":"Al Murar al Qadim","countryName":"United Arab Emirates","localeCode":"en","districtName":""},{"cityName":"Al Murar al Jadid","countryName":"United Arab Emirates","localeCode":"en","districtName":""},{"cityName":"An Nakhl","countryName":"United Arab Emirates","localeCode":"en","districtName":""},{"cityName":"Ar Riqqah Gharb","countryName":"United Arab Emirates","localeCode":"en","districtName":""},{"cityName":"Ar Riqqah","countryName":"United Arab Emirates","localeCode":"en","districtName":""},{"cityName":"Hamriyah Dubayy","countryName":"United Arab Emirates","localeCode":"en","districtName":""},{"cityName":"Al Baharnah","countryName":"United Arab Emirates","localeCode":"en","districtName":""},{"cityName":"Tawi as Saygh","countryName":"United Arab Emirates","localeCode":"en","districtName":""},{"cityName":"Al `Usbij","countryName":"United Arab Emirates","localeCode":"en","districtName":""},{"cityName":"Ma`sharat al Baharnah","countryName":"United Arab Emirates","localeCode":"en","districtName":""},{"cityName":"Umm Hurayr","countryName":"United Arab Emirates","localeCode":"en","districtName":""},{"cityName":"Ar Rifa`ah","countryName":"United Arab Emirates","localeCode":"en","districtName":""},{"cityName":"Al Balush","countryName":"United Arab Emirates","localeCode":"en","districtName":""},{"cityName":"Ras Dibba","countryName":"United Arab Emirates","localeCode":"en","districtName":""},{"cityName":"Biyatah","countryName":"United Arab Emirates","localeCode":"en","districtName":""},{"cityName":"Al Khawanij","countryName":"United Arab Emirates","localeCode":"en","districtName":""},{"cityName":"Jaddaf","countryName":"United Arab Emirates","localeCode":"en","districtName":""},{"cityName":"Al Butin","countryName":"United Arab Emirates","localeCode":"en","districtName":""},{"cityName":"Ras al Khor","countryName":"United Arab Emirates","localeCode":"en","districtName":""},{"cityName":"Al Warqaa","countryName":"United Arab Emirates","localeCode":"en","districtName":""},{"cityName":"International City","countryName":"United Arab Emirates","localeCode":"en","districtName":""},{"cityName":"Dubailand","countryName":"United Arab Emirates","localeCode":"en","districtName":""},{"cityName":"Academic City","countryName":"United Arab Emirates","localeCode":"en","districtName":""},{"cityName":"Al Marqadh","countryName":"United Arab Emirates","localeCode":"en","districtName":""},{"cityName":"Jebel Ali Village","countryName":"United Arab Emirates","localeCode":"en","districtName":""},{"cityName":"Al Mina al Seyahi","countryName":"United Arab Emirates","localeCode":"en","districtName":""},{"cityName":"Dubai Marina","countryName":"United Arab Emirates","localeCode":"en","districtName":""},{"cityName":"Dubai Sports City","countryName":"United Arab Emirates","localeCode":"en","districtName":""},{"cityName":"Dubai Media City","countryName":"United Arab Emirates","localeCode":"en","districtName":""},{"cityName":"Dubai Internet City","countryName":"United Arab Emirates","localeCode":"en","districtName":""},{"cityName":"Al Sufouh","countryName":"United Arab Emirates","localeCode":"en","districtName":""},{"cityName":"Al Safa","countryName":"United Arab Emirates","localeCode":"en","districtName":""},{"cityName":"Al Kifaf","countryName":"United Arab Emirates","localeCode":"en","districtName":""},{"cityName":"Ar Rumaylah","countryName":"United Arab Emirates","localeCode":"en","districtName":""},{"cityName":"As Sawan","countryName":"United Arab Emirates","localeCode":"en","districtName":""},{"cityName":"Mushayrif","countryName":"United Arab Emirates","localeCode":"en","districtName":""},{"cityName":"Mushayrif at Tijariyah","countryName":"United Arab Emirates","localeCode":"en","districtName":""},{"cityName":"An Na`imiyah","countryName":"United Arab Emirates","localeCode":"en","districtName":""},{"cityName":"Al Jurf","countryName":"United Arab Emirates","localeCode":"en","districtName":""},{"cityName":"Al Muwayhat","countryName":"United Arab Emirates","localeCode":"en","districtName":""},{"cityName":"Az Zawra'","countryName":"United Arab Emirates","localeCode":"en","districtName":""},{"cityName":"Al Hilyu","countryName":"United Arab Emirates","localeCode":"en","districtName":""},{"cityName":"Al Majaz 1","countryName":"United Arab Emirates","localeCode":"en","districtName":""},{"cityName":"Al Majaz 2","countryName":"United Arab Emirates","localeCode":"en","districtName":""},{"cityName":"Al Majaz 3","countryName":"United Arab Emirates","localeCode":"en","districtName":""},{"cityName":"Abu Shagara","countryName":"United Arab Emirates","localeCode":"en","districtName":""},{"cityName":"Al Bu Deniq","countryName":"United Arab Emirates","localeCode":"en","districtName":""},{"cityName":"Al Mussalla","countryName":"United Arab Emirates","localeCode":"en","districtName":""},{"cityName":"Al Soor","countryName":"United Arab Emirates","localeCode":"en","districtName":""},{"cityName":"Dasman","countryName":"United Arab Emirates","localeCode":"en","districtName":""},{"cityName":"Al Abar","countryName":"United Arab Emirates","localeCode":"en","districtName":""},{"cityName":"Al Khezammia","countryName":"United Arab Emirates","localeCode":"en","districtName":""},{"cityName":"Al Shahba","countryName":"United Arab Emirates","localeCode":"en","districtName":""},{"cityName":"Al Darari","countryName":"United Arab Emirates","localeCode":"en","districtName":""},{"cityName":"Al Tala'a","countryName":"United Arab Emirates","localeCode":"en","districtName":""},{"cityName":"Al Ghaphia","countryName":"United Arab Emirates","localeCode":"en","districtName":""},{"cityName":"Al Ezra","countryName":"United Arab Emirates","localeCode":"en","districtName":""},{"cityName":"Al Homah","countryName":"United Arab Emirates","localeCode":"en","districtName":""},{"cityName":"Al Mansura","countryName":"United Arab Emirates","localeCode":"en","districtName":""},{"cityName":"Al Qadasia","countryName":"United Arab Emirates","localeCode":"en","districtName":""},{"cityName":"Sharqan","countryName":"United Arab Emirates","localeCode":"en","districtName":""},{"cityName":"Al Fisht","countryName":"United Arab Emirates","localeCode":"en","districtName":""},{"cityName":"Al Rifa'ah","countryName":"United Arab Emirates","localeCode":"en","districtName":""},{"cityName":"Al Seef","countryName":"United Arab Emirates","localeCode":"en","districtName":""},{"cityName":"Al Gulayaa","countryName":"United Arab Emirates","localeCode":"en","districtName":""},{"cityName":"Bu Tina","countryName":"United Arab Emirates","localeCode":"en","districtName":""},{"cityName":"Al Nabba'a","countryName":"United Arab Emirates","localeCode":"en","districtName":""},{"cityName":"Al Mujarrah","countryName":"United Arab Emirates","localeCode":"en","districtName":""},{"cityName":"Al Merraija","countryName":"United Arab Emirates","localeCode":"en","districtName":""},{"cityName":"Al Sheyoukh","countryName":"United Arab Emirates","localeCode":"en","districtName":""},{"cityName":"Al Juhail","countryName":"United Arab Emirates","localeCode":"en","districtName":""},{"cityName":"Al Soor Square","countryName":"United Arab Emirates","localeCode":"en","districtName":""},{"cityName":"King Faisal Square","countryName":"United Arab Emirates","localeCode":"en","districtName":""},{"cityName":"Mowaileh Commercial","countryName":"United Arab Emirates","localeCode":"en","districtName":""},{"cityName":"Mowaileh Camp","countryName":"United Arab Emirates","localeCode":"en","districtName":""},{"cityName":"University City","countryName":"United Arab Emirates","localeCode":"en","districtName":""},{"cityName":"Al Juraina","countryName":"United Arab Emirates","localeCode":"en","districtName":""},{"cityName":"Al Rifa'a","countryName":"United Arab Emirates","localeCode":"en","districtName":""},{"cityName":"Al Tarrfah","countryName":"United Arab Emirates","localeCode":"en","districtName":""},{"cityName":"Al Noaf","countryName":"United Arab Emirates","localeCode":"en","districtName":""},{"cityName":"Al Qarrayen","countryName":"United Arab Emirates","localeCode":"en","districtName":""},{"cityName":"Al Hoashi","countryName":"United Arab Emirates","localeCode":"en","districtName":""},{"cityName":"Basteen Falah","countryName":"United Arab Emirates","localeCode":"en","districtName":""}]