[{"cityName":"Suhaylah","countryName":"United Arab Emirates"},{"cityName":"Zuwayhir","countryName":"United Arab Emirates"},{"cityName":"Zubarah","countryName":"United Arab Emirates"},{"cityName":"Zikt","countryName":"United Arab Emirates"},{"cityName":"Zanhah","countryName":"United Arab Emirates"},{"cityName":"Zafir","countryName":"United Arab Emirates"},{"cityName":"Yinas","countryName":"United Arab Emirates"},{"cityName":"Warisan","countryName":"United Arab Emirates"},{"cityName":"Wamm","countryName":"United Arab Emirates"},{"cityName":"Wahala","countryName":"United Arab Emirates"},{"cityName":"Wafd","countryName":"United Arab Emirates"},{"cityName":"Wad Wid","countryName":"United Arab Emirates"},{"cityName":"Wadi Shi","countryName":"United Arab Emirates"},{"cityName":"Wadhil","countryName":"United Arab Emirates"},{"cityName":"Wa`bayn","countryName":"United Arab Emirates"},{"cityName":"`Urqub Juwayza","countryName":"United Arab Emirates"},{"cityName":"`Uraybi","countryName":"United Arab Emirates"},{"cityName":"`Uqayr","countryName":"United Arab Emirates"},{"cityName":"Umm Suqaym","countryName":"United Arab Emirates"},{"cityName":"Umm al Qurayn","countryName":"United Arab Emirates"},{"cityName":"Umm al Qaywayn","countryName":"United Arab Emirates"},{"cityName":"`Ud al Bayda'","countryName":"United Arab Emirates"},{"cityName":"Tharwaniyah","countryName":"United Arab Emirates"},{"cityName":"Tayyibah","countryName":"United Arab Emirates"},{"cityName":"Tariqat Ja`d","countryName":"United Arab Emirates"},{"cityName":"Tarif Kalba","countryName":"United Arab Emirates"},{"cityName":"Tarif","countryName":"United Arab Emirates"},{"cityName":"Taraq","countryName":"United Arab Emirates"},{"cityName":"Sur","countryName":"United Arab Emirates"},{"cityName":"Sumbrair","countryName":"United Arab Emirates"},{"cityName":"Suhaybah","countryName":"United Arab Emirates"},{"cityName":"Sufayri","countryName":"United Arab Emirates"},{"cityName":"Sinnah","countryName":"United Arab Emirates"},{"cityName":"Sinadil","countryName":"United Arab Emirates"},{"cityName":"Tawi Siji","countryName":"United Arab Emirates"},{"cityName":"Al Quwayz","countryName":"United Arab Emirates"},{"cityName":"Nadd ash Shiba","countryName":"United Arab Emirates"},{"cityName":"Shis","countryName":"United Arab Emirates"},{"cityName":"Shimal","countryName":"United Arab Emirates"},{"cityName":"Shawkah","countryName":"United Arab Emirates"},{"cityName":"Shawiyah","countryName":"United Arab Emirates"},{"cityName":"Sharm","countryName":"United Arab Emirates"},{"cityName":"Shariyah","countryName":"United Arab Emirates"},{"cityName":"Ash Shindaghah","countryName":"United Arab Emirates"},{"cityName":"Shahawat","countryName":"United Arab Emirates"},{"cityName":"Shah","countryName":"United Arab Emirates"},{"cityName":"Shabakah","countryName":"United Arab Emirates"},{"cityName":"Sayh as Saqlah","countryName":"United Arab Emirates"},{"cityName":"Sayh","countryName":"United Arab Emirates"},{"cityName":"Saruj","countryName":"United Arab Emirates"},{"cityName":"Saqamqam","countryName":"United Arab Emirates"},{"cityName":"Samarat","countryName":"United Arab Emirates"},{"cityName":"Salihiyah","countryName":"United Arab Emirates"},{"cityName":"Sa'if","countryName":"United Arab Emirates"},{"cityName":"Sahanah","countryName":"United Arab Emirates"},{"cityName":"Safad","countryName":"United Arab Emirates"},{"cityName":"Sa`d","countryName":"United Arab Emirates"},{"cityName":"Sabkhah","countryName":"United Arab Emirates"},{"cityName":"Sa`abah","countryName":"United Arab Emirates"},{"cityName":"Muhaysnah","countryName":"United Arab Emirates"},{"cityName":"Rul Dadna","countryName":"United Arab Emirates"},{"cityName":"Rughaylat","countryName":"United Arab Emirates"},{"cityName":"Riyamah","countryName":"United Arab Emirates"},{"cityName":"Rima","countryName":"United Arab Emirates"},{"cityName":"Ar Rashidiyah","countryName":"United Arab Emirates"},{"cityName":"Ra's al Khaymah","countryName":"United Arab Emirates"},{"cityName":"Za`bil","countryName":"United Arab Emirates"},{"cityName":"Ramlah","countryName":"United Arab Emirates"},{"cityName":"Rafaq","countryName":"United Arab Emirates"},{"cityName":"Rafa`","countryName":"United Arab Emirates"},{"cityName":"Qutuf","countryName":"United Arab Emirates"},{"cityName":"Qusaydat","countryName":"United Arab Emirates"},{"cityName":"Qurmidah","countryName":"United Arab Emirates"},{"cityName":"Qurm","countryName":"United Arab Emirates"},{"cityName":"Qur","countryName":"United Arab Emirates"},{"cityName":"Qu`aysah","countryName":"United Arab Emirates"},{"cityName":"Quar Ah Qahlish","countryName":"United Arab Emirates"},{"cityName":"Qimah","countryName":"United Arab Emirates"},{"cityName":"Qidfa`","countryName":"United Arab Emirates"},{"cityName":"Qattarah","countryName":"United Arab Emirates"},{"cityName":"Qabas","countryName":"United Arab Emirates"},{"cityName":"Nuqayrah","countryName":"United Arab Emirates"},{"cityName":"Nuhayy","countryName":"United Arab Emirates"},{"cityName":"Naqrah","countryName":"United Arab Emirates"},{"cityName":"Nahwa","countryName":"United Arab Emirates"},{"cityName":"Nafir","countryName":"United Arab Emirates"},{"cityName":"Muzayri`","countryName":"United Arab Emirates"},{"cityName":"Mu`taridah","countryName":"United Arab Emirates"},{"cityName":"Murrah","countryName":"United Arab Emirates"},{"cityName":"Murbah","countryName":"United Arab Emirates"},{"cityName":"Murbad","countryName":"United Arab Emirates"},{"cityName":"Muraytah","countryName":"United Arab Emirates"},{"cityName":"Mundafinah","countryName":"United Arab Emirates"},{"cityName":"Munay`i","countryName":"United Arab Emirates"},{"cityName":"Mukhtaraqah","countryName":"United Arab Emirates"},{"cityName":"Mujib","countryName":"United Arab Emirates"},{"cityName":"Mu`ayrid","countryName":"United Arab Emirates"},{"cityName":"Nedaifi","countryName":"United Arab Emirates"},{"cityName":"Minha","countryName":"United Arab Emirates"},{"cityName":"Minazif","countryName":"United Arab Emirates"},{"cityName":"Milqatah","countryName":"United Arab Emirates"},{"cityName":"Mawsil","countryName":"United Arab Emirates"},{"cityName":"Mas`udi","countryName":"United Arab Emirates"},{"cityName":"Masfut","countryName":"United Arab Emirates"},{"cityName":"Masah","countryName":"United Arab Emirates"},{"cityName":"Masafi","countryName":"United Arab Emirates"},{"cityName":"Marhamid","countryName":"United Arab Emirates"},{"cityName":"Marawwah","countryName":"United Arab Emirates"},{"cityName":"Manqashah","countryName":"United Arab Emirates"},{"cityName":"Mahdar Bin `Usayyan","countryName":"United Arab Emirates"},{"cityName":"Maghribiyah","countryName":"United Arab Emirates"},{"cityName":"Madinat Zayid","countryName":"United Arab Emirates"},{"cityName":"Maydaq","countryName":"United Arab Emirates"},{"cityName":"Ma`ali","countryName":"United Arab Emirates"},{"cityName":"Lulayyah","countryName":"United Arab Emirates"},{"cityName":"Liffah","countryName":"United Arab Emirates"},{"cityName":"Lazimah","countryName":"United Arab Emirates"},{"cityName":"Layyah","countryName":"United Arab Emirates"},{"cityName":"Kub","countryName":"United Arab Emirates"},{"cityName":"Khulaybiyah","countryName":"United Arab Emirates"},{"cityName":"Khawr Khuwayr","countryName":"United Arab Emirates"},{"cityName":"Khawr Kalba","countryName":"United Arab Emirates"},{"cityName":"Khawr Fakkan","countryName":"United Arab Emirates"},{"cityName":"Khatt","countryName":"United Arab Emirates"},{"cityName":"Kharran","countryName":"United Arab Emirates"},{"cityName":"Khannur","countryName":"United Arab Emirates"},{"cityName":"Khabakhib","countryName":"United Arab Emirates"},{"cityName":"Kayyah","countryName":"United Arab Emirates"},{"cityName":"Kalba","countryName":"United Arab Emirates"},{"cityName":"Jurayrah","countryName":"United Arab Emirates"},{"cityName":"Jumayra","countryName":"United Arab Emirates"},{"cityName":"Al Jazirah al Hamra'","countryName":"United Arab Emirates"},{"cityName":"Jazirah","countryName":"United Arab Emirates"},{"cityName":"Jayf","countryName":"United Arab Emirates"},{"cityName":"Istayhah","countryName":"United Arab Emirates"},{"cityName":"Adhan","countryName":"United Arab Emirates"},{"cityName":"Huwaytayn","countryName":"United Arab Emirates"},{"cityName":"Huwaylat","countryName":"United Arab Emirates"},{"cityName":"Huwaylah","countryName":"United Arab Emirates"},{"cityName":"Hunaywah","countryName":"United Arab Emirates"},{"cityName":"Humar","countryName":"United Arab Emirates"},{"cityName":"Hudaybah","countryName":"United Arab Emirates"},{"cityName":"Hiyawah","countryName":"United Arab Emirates"},{"cityName":"Hilli","countryName":"United Arab Emirates"},{"cityName":"Al Hayl","countryName":"United Arab Emirates"},{"cityName":"Hayl","countryName":"United Arab Emirates"},{"cityName":"Hayat","countryName":"United Arab Emirates"},{"cityName":"Hatiyah","countryName":"United Arab Emirates"},{"cityName":"Harrah","countryName":"United Arab Emirates"},{"cityName":"Harat Zutut","countryName":"United Arab Emirates"},{"cityName":"Haqil","countryName":"United Arab Emirates"},{"cityName":"Hamim","countryName":"United Arab Emirates"},{"cityName":"Hamarur","countryName":"United Arab Emirates"},{"cityName":"Hajar","countryName":"United Arab Emirates"},{"cityName":"Hafif","countryName":"United Arab Emirates"},{"cityName":"Afarah","countryName":"United Arab Emirates"},{"cityName":"Habshan","countryName":"United Arab Emirates"},{"cityName":"Habhab","countryName":"United Arab Emirates"},{"cityName":"Gragrah","countryName":"United Arab Emirates"},{"cityName":"Ghurfah","countryName":"United Arab Emirates"},{"cityName":"Ghurbah","countryName":"United Arab Emirates"},{"cityName":"Ghurah","countryName":"United Arab Emirates"},{"cityName":"Ghunah","countryName":"United Arab Emirates"},{"cityName":"Ghamarah","countryName":"United Arab Emirates"},{"cityName":"Al Ghabah","countryName":"United Arab Emirates"},{"cityName":"Ghubb","countryName":"United Arab Emirates"},{"cityName":"Ghayl","countryName":"United Arab Emirates"},{"cityName":"Ghalilah","countryName":"United Arab Emirates"},{"cityName":"Ghaghah","countryName":"United Arab Emirates"},{"cityName":"Ghadf","countryName":"United Arab Emirates"},{"cityName":"Ferij al Muhadham","countryName":"United Arab Emirates"},{"cityName":"Fayyad","countryName":"United Arab Emirates"},{"cityName":"Fa'y","countryName":"United Arab Emirates"},{"cityName":"Fashrah","countryName":"United Arab Emirates"},{"cityName":"Fariq Tarif","countryName":"United Arab Emirates"},{"cityName":"Fariq","countryName":"United Arab Emirates"},{"cityName":"Furfar","countryName":"United Arab Emirates"},{"cityName":"Far`ah","countryName":"United Arab Emirates"},{"cityName":"Faqi","countryName":"United Arab Emirates"},{"cityName":"Falaj al Mu`alla","countryName":"United Arab Emirates"},{"cityName":"Dubai","countryName":"United Arab Emirates"},{"cityName":"Dub","countryName":"United Arab Emirates"},{"cityName":"Diqdaqah","countryName":"United Arab Emirates"},{"cityName":"Dihan","countryName":"United Arab Emirates"},{"cityName":"Diba","countryName":"United Arab Emirates"},{"cityName":"Dhad al Arab","countryName":"United Arab Emirates"},{"cityName":"Dayrah","countryName":"United Arab Emirates"},{"cityName":"Daynah","countryName":"United Arab Emirates"},{"cityName":"Dayah","countryName":"United Arab Emirates"},{"cityName":"Da`sah","countryName":"United Arab Emirates"},{"cityName":"Darah","countryName":"United Arab Emirates"},{"cityName":"Dahir","countryName":"United Arab Emirates"},{"cityName":"Dahin","countryName":"United Arab Emirates"},{"cityName":"Daftah","countryName":"United Arab Emirates"},{"cityName":"Dadna","countryName":"United Arab Emirates"},{"cityName":"Dab`ah","countryName":"United Arab Emirates"},{"cityName":"Bu Lifiyat","countryName":"United Arab Emirates"},{"cityName":"Bulaydah","countryName":"United Arab Emirates"},{"cityName":"Bin Ahmad","countryName":"United Arab Emirates"},{"cityName":"Bidiyah","countryName":"United Arab Emirates"},{"cityName":"Bida","countryName":"United Arab Emirates"},{"cityName":"Batin","countryName":"United Arab Emirates"},{"cityName":"Barr Dubayy","countryName":"United Arab Emirates"},{"cityName":"Al Barahah","countryName":"United Arab Emirates"},{"cityName":"Baqal","countryName":"United Arab Emirates"},{"cityName":"Badiyah","countryName":"United Arab Emirates"},{"cityName":"`Ayn al Faydah","countryName":"United Arab Emirates"},{"cityName":"`Ayim","countryName":"United Arab Emirates"},{"cityName":"`Uwaynat","countryName":"United Arab Emirates"},{"cityName":"`Awafi","countryName":"United Arab Emirates"},{"cityName":"`Attab","countryName":"United Arab Emirates"},{"cityName":"Athabat","countryName":"United Arab Emirates"},{"cityName":"As Sulaymat","countryName":"United Arab Emirates"},{"cityName":"As Slabeikh","countryName":"United Arab Emirates"},{"cityName":"As Sad","countryName":"United Arab Emirates"},{"cityName":"Ash Shibhanah","countryName":"United Arab Emirates"},{"cityName":"Sharjah","countryName":"United Arab Emirates"},{"cityName":"Ash Sha`m","countryName":"United Arab Emirates"},{"cityName":"`Ashashah","countryName":"United Arab Emirates"},{"cityName":"`Asamah","countryName":"United Arab Emirates"},{"cityName":"Ar Ruways","countryName":"United Arab Emirates"},{"cityName":"Ar Rul","countryName":"United Arab Emirates"},{"cityName":"Ar Rufaysah","countryName":"United Arab Emirates"},{"cityName":"Ar Rams","countryName":"United Arab Emirates"},{"cityName":"`Aradah","countryName":"United Arab Emirates"},{"cityName":"`Aqqah","countryName":"United Arab Emirates"},{"cityName":"Sha`biyat Naslah","countryName":"United Arab Emirates"},{"cityName":"An Nashshash","countryName":"United Arab Emirates"},{"cityName":"Al Wathbah","countryName":"United Arab Emirates"},{"cityName":"Al `Uyaynah","countryName":"United Arab Emirates"},{"cityName":"Al Usayli","countryName":"United Arab Emirates"},{"cityName":"Al `Udayd","countryName":"United Arab Emirates"},{"cityName":"Al Qusays","countryName":"United Arab Emirates"},{"cityName":"Al Qurayyah","countryName":"United Arab Emirates"},{"cityName":"Al Qir","countryName":"United Arab Emirates"},{"cityName":"Al Qimi","countryName":"United Arab Emirates"},{"cityName":"Al Qaia","countryName":"United Arab Emirates"},{"cityName":"Al Muwayqi`i","countryName":"United Arab Emirates"},{"cityName":"Al Mu`tarad","countryName":"United Arab Emirates"},{"cityName":"Al Mughayra'","countryName":"United Arab Emirates"},{"cityName":"Al Mataf","countryName":"United Arab Emirates"},{"cityName":"Al Mashrub","countryName":"United Arab Emirates"},{"cityName":"Al Mariyah al Gharbiyah","countryName":"United Arab Emirates"},{"cityName":"Al Mariyah","countryName":"United Arab Emirates"},{"cityName":"Al Marfa'","countryName":"United Arab Emirates"},{"cityName":"Al Manamah","countryName":"United Arab Emirates"},{"cityName":"Al Mahamm","countryName":"United Arab Emirates"},{"cityName":"Al Kubus","countryName":"United Arab Emirates"},{"cityName":"Al Khis","countryName":"United Arab Emirates"},{"cityName":"Al Khaznah","countryName":"United Arab Emirates"},{"cityName":"Al Khatim","countryName":"United Arab Emirates"},{"cityName":"Al Khari","countryName":"United Arab Emirates"},{"cityName":"Al Khan","countryName":"United Arab Emirates"},{"cityName":"Al Jazirah","countryName":"United Arab Emirates"},{"cityName":"Al Jahr","countryName":"United Arab Emirates"},{"cityName":"Al `Idd","countryName":"United Arab Emirates"},{"cityName":"Al Hayrah","countryName":"United Arab Emirates"},{"cityName":"Al Hayr","countryName":"United Arab Emirates"},{"cityName":"Al Hamriyah","countryName":"United Arab Emirates"},{"cityName":"Al Halah","countryName":"United Arab Emirates"},{"cityName":"Al Hajarayn","countryName":"United Arab Emirates"},{"cityName":"Al Hadhi","countryName":"United Arab Emirates"},{"cityName":"Al Jaddah","countryName":"United Arab Emirates"},{"cityName":"Al Ghurfah","countryName":"United Arab Emirates"},{"cityName":"Al Fulayyah","countryName":"United Arab Emirates"},{"cityName":"Al Fujayrah","countryName":"United Arab Emirates"},{"cityName":"Al Fiyay","countryName":"United Arab Emirates"},{"cityName":"Al Fay`","countryName":"United Arab Emirates"},{"cityName":"Al Fara`","countryName":"United Arab Emirates"},{"cityName":"Al Fahlayn","countryName":"United Arab Emirates"},{"cityName":"Bitnah","countryName":"United Arab Emirates"},{"cityName":"Al `Ayn al Ghumur","countryName":"United Arab Emirates"},{"cityName":"Al `Ayn","countryName":"United Arab Emirates"},{"cityName":"Al `Awdah","countryName":"United Arab Emirates"},{"cityName":"Al Atir","countryName":"United Arab Emirates"},{"cityName":"Al Ardiyah","countryName":"United Arab Emirates"},{"cityName":"`Akamiyah","countryName":"United Arab Emirates"},{"cityName":"`Ajman","countryName":"United Arab Emirates"},{"cityName":"Adh Dhayd","countryName":"United Arab Emirates"},{"cityName":"Adh Dharbaniyah","countryName":"United Arab Emirates"},{"cityName":"Abu Dhabi","countryName":"United Arab Emirates"},{"cityName":"Abu Hayl","countryName":"United Arab Emirates"},{"cityName":"`Abadilah","countryName":"United Arab Emirates"},{"cityName":"As Satwah","countryName":"United Arab Emirates"},{"cityName":"Harat `Awali","countryName":"United Arab Emirates"},{"cityName":"Al Hulaylah","countryName":"United Arab Emirates"},{"cityName":"Al Khashfah","countryName":"United Arab Emirates"},{"cityName":"Wayb Hawf","countryName":"United Arab Emirates"},{"cityName":"Al Ghabam","countryName":"United Arab Emirates"},{"cityName":"Qaf'ah","countryName":"United Arab Emirates"},{"cityName":"Sharyat","countryName":"United Arab Emirates"},{"cityName":"Al Mafraq","countryName":"United Arab Emirates"},{"cityName":"Al Muqattarah","countryName":"United Arab Emirates"},{"cityName":"Madinat an Nahdah","countryName":"United Arab Emirates"},{"cityName":"Ash Shahamah","countryName":"United Arab Emirates"},{"cityName":"Al Maqta`","countryName":"United Arab Emirates"},{"cityName":"Mawrid","countryName":"United Arab Emirates"},{"cityName":"Qarat ad Dum","countryName":"United Arab Emirates"},{"cityName":"Sall","countryName":"United Arab Emirates"},{"cityName":"Yinainir","countryName":"United Arab Emirates"},{"cityName":"Yafur","countryName":"United Arab Emirates"},{"cityName":"Al Ghashban","countryName":"United Arab Emirates"},{"cityName":"Ghubbat Khawrah","countryName":"United Arab Emirates"},{"cityName":"Qaraytaysah","countryName":"United Arab Emirates"},{"cityName":"Margham","countryName":"United Arab Emirates"},{"cityName":"Ash Shu`ayb","countryName":"United Arab Emirates"},{"cityName":"Al Faq`","countryName":"United Arab Emirates"},{"cityName":"Al Khabb","countryName":"United Arab Emirates"},{"cityName":"Zarub","countryName":"United Arab Emirates"},{"cityName":"Malaqat","countryName":"United Arab Emirates"},{"cityName":"`Aqbiyah","countryName":"United Arab Emirates"},{"cityName":"Mazyad","countryName":"United Arab Emirates"},{"cityName":"Majra al Ghaf","countryName":"United Arab Emirates"},{"cityName":"Hasat al Bidiyah","countryName":"United Arab Emirates"},{"cityName":"Al Masafirah","countryName":"United Arab Emirates"},{"cityName":"Ham Ham","countryName":"United Arab Emirates"},{"cityName":"Ar Ra`fah","countryName":"United Arab Emirates"},{"cityName":"Al Hamraniyah","countryName":"United Arab Emirates"},{"cityName":"Nadd al Humr","countryName":"United Arab Emirates"},{"cityName":"Ar Ra's","countryName":"United Arab Emirates"},{"cityName":"At Tawar","countryName":"United Arab Emirates"},{"cityName":"Al Qawz","countryName":"United Arab Emirates"},{"cityName":"Bu Rays","countryName":"United Arab Emirates"},{"cityName":"Sikkat al Khayl","countryName":"United Arab Emirates"},{"cityName":"Al Lusayli","countryName":"United Arab Emirates"},{"cityName":"Suwayhan","countryName":"United Arab Emirates"},{"cityName":"An Nakhil","countryName":"United Arab Emirates"},{"cityName":"As Sur","countryName":"United Arab Emirates"},{"cityName":"Al Mu`amurah","countryName":"United Arab Emirates"},{"cityName":"Difan","countryName":"United Arab Emirates"},{"cityName":"Khazam","countryName":"United Arab Emirates"},{"cityName":"Sal Dora","countryName":"United Arab Emirates"},{"cityName":"Al Hamidiyah","countryName":"United Arab Emirates"},{"cityName":"Hizayib az Zanah","countryName":"United Arab Emirates"},{"cityName":"Bu Hasa","countryName":"United Arab Emirates"},{"cityName":"Al Waheda","countryName":"United Arab Emirates"},{"cityName":"Al Mamzer","countryName":"United Arab Emirates"},{"cityName":"Hor Al Anz","countryName":"United Arab Emirates"},{"cityName":"Al Khabeesi","countryName":"United Arab Emirates"},{"cityName":"Al Twar First","countryName":"United Arab Emirates"},{"cityName":"Al Qusais First","countryName":"United Arab Emirates"},{"cityName":"AL Twar Second","countryName":"United Arab Emirates"},{"cityName":"Al Qusais Second","countryName":"United Arab Emirates"},{"cityName":"Al Qusais Third","countryName":"United Arab Emirates"},{"cityName":"Muhaisanah Third","countryName":"United Arab Emirates"},{"cityName":"Muhaisanah Fourth","countryName":"United Arab Emirates"},{"cityName":"Muhaisanah Second","countryName":"United Arab Emirates"},{"cityName":"Al Karama","countryName":"United Arab Emirates"},{"cityName":"Al Jafliya","countryName":"United Arab Emirates"},{"cityName":"Al Hudaiba","countryName":"United Arab Emirates"},{"cityName":"Al Hudaba","countryName":"United Arab Emirates"},{"cityName":"Al Bada","countryName":"United Arab Emirates"},{"cityName":"Al Wasl","countryName":"United Arab Emirates"},{"cityName":"Jumeira Second","countryName":"United Arab Emirates"},{"cityName":"Jumeira Third","countryName":"United Arab Emirates"},{"cityName":"Al Saffa First","countryName":"United Arab Emirates"},{"cityName":"Al Saffa Second","countryName":"United Arab Emirates"},{"cityName":"Um Suqaim Second","countryName":"United Arab Emirates"},{"cityName":"Al Manara","countryName":"United Arab Emirates"},{"cityName":"Um Al Sheif","countryName":"United Arab Emirates"},{"cityName":"Al Goze Industrial District","countryName":"United Arab Emirates"},{"cityName":"Al Safouh First","countryName":"United Arab Emirates"},{"cityName":"Al Barsha First","countryName":"United Arab Emirates"},{"cityName":"Al Barshaa Second","countryName":"United Arab Emirates"},{"cityName":"Al Barshaa Third","countryName":"United Arab Emirates"},{"cityName":"Knowledge Village","countryName":"United Arab Emirates"},{"cityName":"Emirates Hill Second","countryName":"United Arab Emirates"},{"cityName":"Emirates Hill Third","countryName":"United Arab Emirates"},{"cityName":"Emirates Hill First","countryName":"United Arab Emirates"},{"cityName":"The Palm Jumeirah","countryName":"United Arab Emirates"},{"cityName":"Zabeel First","countryName":"United Arab Emirates"},{"cityName":"Oud Metha","countryName":"United Arab Emirates"},{"cityName":"AL Khaildia Suburb","countryName":"United Arab Emirates"},{"cityName":"Al Nud","countryName":"United Arab Emirates"},{"cityName":"Abu Sangara","countryName":"United Arab Emirates"},{"cityName":"Bu Danig","countryName":"United Arab Emirates"},{"cityName":"Al Mahatah","countryName":"United Arab Emirates"},{"cityName":"Al Ghuhaiba","countryName":"United Arab Emirates"},{"cityName":"Al Yarmook","countryName":"United Arab Emirates"},{"cityName":"Al Manakh","countryName":"United Arab Emirates"},{"cityName":"Al Aber","countryName":"United Arab Emirates"},{"cityName":"Samnan","countryName":"United Arab Emirates"},{"cityName":"Al Khouzamiya","countryName":"United Arab Emirates"},{"cityName":"Al Shahab","countryName":"United Arab Emirates"},{"cityName":"Al Talae","countryName":"United Arab Emirates"},{"cityName":"Al Rifa","countryName":"United Arab Emirates"},{"cityName":"Al Darrare","countryName":"United Arab Emirates"},{"cityName":"Turrfana","countryName":"United Arab Emirates"},{"cityName":"Um Tarrafa","countryName":"United Arab Emirates"},{"cityName":"Al Marijah","countryName":"United Arab Emirates"},{"cityName":"Al Shuwaiheen","countryName":"United Arab Emirates"},{"cityName":"Al Ghuwair","countryName":"United Arab Emirates"},{"cityName":"Al Nabba","countryName":"United Arab Emirates"},{"cityName":"Maysaloon","countryName":"United Arab Emirates"},{"cityName":"AL Sharq","countryName":"United Arab Emirates"},{"cityName":"Al Hazana","countryName":"United Arab Emirates"},{"cityName":"Al Jazzat","countryName":"United Arab Emirates"},{"cityName":"AL Nahda First","countryName":"United Arab Emirates"},{"cityName":"AL Nahda Second","countryName":"United Arab Emirates"},{"cityName":"Al Qusais Industrial Area First","countryName":"United Arab Emirates"},{"cityName":"Al Qusais Industrial Area Second","countryName":"United Arab Emirates"},{"cityName":"Al Qusais Industrial Area Third","countryName":"United Arab Emirates"},{"cityName":"Al Fayha","countryName":"United Arab Emirates"},{"cityName":"Al Fallaj","countryName":"United Arab Emirates"},{"cityName":"Al Azrra","countryName":"United Arab Emirates"},{"cityName":"Al Riqa Suburb","countryName":"United Arab Emirates"},{"cityName":"AL Ghafiya","countryName":"United Arab Emirates"},{"cityName":"Al Subaikhi","countryName":"United Arab Emirates"},{"cityName":"Shargan","countryName":"United Arab Emirates"},{"cityName":"AL Ramla West","countryName":"United Arab Emirates"},{"cityName":"Al Ramla East","countryName":"United Arab Emirates"},{"cityName":"Al Nasserya","countryName":"United Arab Emirates"},{"cityName":"Al Ramtha","countryName":"United Arab Emirates"},{"cityName":"Al Goaz","countryName":"United Arab Emirates"},{"cityName":"Al Ramaqia","countryName":"United Arab Emirates"},{"cityName":"Wasit Suburb","countryName":"United Arab Emirates"},{"cityName":"Al Swehat","countryName":"United Arab Emirates"},{"cityName":"Muwafjah","countryName":"United Arab Emirates"},{"cityName":"Eliash","countryName":"United Arab Emirates"},{"cityName":"AL Heera Suburb","countryName":"United Arab Emirates"},{"cityName":"Al nekhailat","countryName":"United Arab Emirates"},{"cityName":"Al Mirgab","countryName":"United Arab Emirates"},{"cityName":"Al Rifah","countryName":"United Arab Emirates"},{"cityName":"Al Rumailah","countryName":"United Arab Emirates"},{"cityName":"Al Nakhil","countryName":"United Arab Emirates"},{"cityName":"Al Owan","countryName":"United Arab Emirates"},{"cityName":"Al Bustan","countryName":"United Arab Emirates"},{"cityName":"Al Butain","countryName":"United Arab Emirates"},{"cityName":"Al Raha Corniche","countryName":"United Arab Emirates"},{"cityName":"Jumeirah","countryName":"United Arab Emirates"},{"cityName":"Jebel Dhanna","countryName":"United Arab Emirates"},{"cityName":"Al Aqah","countryName":"United Arab Emirates"},{"cityName":"Bur Dubai","countryName":"United Arab Emirates"},{"cityName":"Theeb","countryName":"United Arab Emirates"},{"cityName":"Al Gissemari","countryName":"United Arab Emirates"},{"cityName":"Girath","countryName":"United Arab Emirates"},{"cityName":"Al Fuqait","countryName":"United Arab Emirates"},{"cityName":"Tawian","countryName":"United Arab Emirates"},{"cityName":"Jareef","countryName":"United Arab Emirates"},{"cityName":"Sram","countryName":"United Arab Emirates"},{"cityName":"Yalah","countryName":"United Arab Emirates"},{"cityName":"Thoban","countryName":"United Arab Emirates"},{"cityName":"Al Hinya","countryName":"United Arab Emirates"},{"cityName":"Al Mariah United Group","countryName":"United Arab Emirates"},{"cityName":"Mintaqat al Madinah al Qadimah","countryName":"United Arab Emirates"},{"cityName":"Mintaqat ar Rawdah","countryName":"United Arab Emirates"},{"cityName":"Mintaqat Limghadar","countryName":"United Arab Emirates"},{"cityName":"Mintaqat al Hawiyah","countryName":"United Arab Emirates"},{"cityName":"Mintaqat ar Ra's B","countryName":"United Arab Emirates"},{"cityName":"Mintaqat ar Ra's D","countryName":"United Arab Emirates"},{"cityName":"Mintaqat ar Ra's A","countryName":"United Arab Emirates"},{"cityName":"Mintaqat ad Dar al Bayda' A","countryName":"United Arab Emirates"},{"cityName":"Mintaqat ad Dar al Bayda' B","countryName":"United Arab Emirates"},{"cityName":"Mintaqat al Khawr","countryName":"United Arab Emirates"},{"cityName":"Mintaqat ar Riqqah","countryName":"United Arab Emirates"},{"cityName":"Mintaqat ar Ra's J","countryName":"United Arab Emirates"},{"cityName":"Mintaqat al Maydan","countryName":"United Arab Emirates"},{"cityName":"Mintaqah al Hadithah","countryName":"United Arab Emirates"},{"cityName":"Mintaqat al Humrah B","countryName":"United Arab Emirates"},{"cityName":"Mintaqat al Humrah J","countryName":"United Arab Emirates"},{"cityName":"Mintaqat al `Ahd","countryName":"United Arab Emirates"},{"cityName":"Mintaqat al Humrah D","countryName":"United Arab Emirates"},{"cityName":"Mintaqat Umm al Qaywayn at Tibbiyah","countryName":"United Arab Emirates"},{"cityName":"Mintaqat al Humrah A","countryName":"United Arab Emirates"},{"cityName":"Al Hazaywah","countryName":"United Arab Emirates"},{"cityName":"Al `Adhib","countryName":"United Arab Emirates"},{"cityName":"Ar Ramlah","countryName":"United Arab Emirates"},{"cityName":"As Salamah","countryName":"United Arab Emirates"},{"cityName":"Al Abraq","countryName":"United Arab Emirates"},{"cityName":"As Surrah","countryName":"United Arab Emirates"},{"cityName":"Muhadhdhib","countryName":"United Arab Emirates"},{"cityName":"Kabir","countryName":"United Arab Emirates"},{"cityName":"Al Labsah","countryName":"United Arab Emirates"},{"cityName":"Qasr al Bahr","countryName":"United Arab Emirates"},{"cityName":"Ar Ra's al Akhdar","countryName":"United Arab Emirates"},{"cityName":"Al Khubayrah","countryName":"United Arab Emirates"},{"cityName":"Al Khalidiyah","countryName":"United Arab Emirates"},{"cityName":"Al Hisn","countryName":"United Arab Emirates"},{"cityName":"Qaryat at Turath","countryName":"United Arab Emirates"},{"cityName":"Al Manhal","countryName":"United Arab Emirates"},{"cityName":"An Nadi as Siyahi","countryName":"United Arab Emirates"},{"cityName":"Al Baladiyah","countryName":"United Arab Emirates"},{"cityName":"Az Zafrah","countryName":"United Arab Emirates"},{"cityName":"Az Za`ab","countryName":"United Arab Emirates"},{"cityName":"Ar Rawdah","countryName":"United Arab Emirates"},{"cityName":"Al Karamah","countryName":"United Arab Emirates"},{"cityName":"Al Musalla","countryName":"United Arab Emirates"},{"cityName":"Al Ittihad","countryName":"United Arab Emirates"},{"cityName":"Al Nahyan","countryName":"United Arab Emirates"},{"cityName":"Al Wahdah","countryName":"United Arab Emirates"},{"cityName":"Al Murur","countryName":"United Arab Emirates"},{"cityName":"Al Mushrif","countryName":"United Arab Emirates"},{"cityName":"Qasr ash Shati'","countryName":"United Arab Emirates"},{"cityName":"Hadbat az Za`faranah","countryName":"United Arab Emirates"},{"cityName":"Az Zahra'","countryName":"United Arab Emirates"},{"cityName":"Al Aman","countryName":"United Arab Emirates"},{"cityName":"Ar Rihan","countryName":"United Arab Emirates"},{"cityName":"Al Muzun","countryName":"United Arab Emirates"},{"cityName":"Mintaqat al Matar","countryName":"United Arab Emirates"},{"cityName":"Sas an Nakhl","countryName":"United Arab Emirates"},{"cityName":"Al Jami` al Kabir","countryName":"United Arab Emirates"},{"cityName":"Mintaqah Bayn al Jisrayn","countryName":"United Arab Emirates"},{"cityName":"Madinat ad Dubbat","countryName":"United Arab Emirates"},{"cityName":"Shati' ar Rahah","countryName":"United Arab Emirates"},{"cityName":"Madinat Khalifah A","countryName":"United Arab Emirates"},{"cityName":"Madinat Khalifah B","countryName":"United Arab Emirates"},{"cityName":"Discovery Gardens","countryName":"United Arab Emirates"},{"cityName":"Al Mizhar","countryName":"United Arab Emirates"},{"cityName":"Mirdif","countryName":"United Arab Emirates"},{"cityName":"Madinat Badr","countryName":"United Arab Emirates"},{"cityName":"Muhaysnah Shamal","countryName":"United Arab Emirates"},{"cityName":"Mintaqat Dubayy at Ta`limiyah","countryName":"United Arab Emirates"},{"cityName":"Hawr al `Anz","countryName":"United Arab Emirates"},{"cityName":"Mintaqat as Suq","countryName":"United Arab Emirates"},{"cityName":"Hayy al Bastakiyah","countryName":"United Arab Emirates"},{"cityName":"Zaribat Dawiy","countryName":"United Arab Emirates"},{"cityName":"Mankhul","countryName":"United Arab Emirates"},{"cityName":"Al Hudaybah","countryName":"United Arab Emirates"},{"cityName":"As Safa","countryName":"United Arab Emirates"},{"cityName":"Qaryat Shikaghu Bitsh","countryName":"United Arab Emirates"},{"cityName":"Dawwar Burj Nahar","countryName":"United Arab Emirates"},{"cityName":"Burj Nahar","countryName":"United Arab Emirates"},{"cityName":"Al Matinah","countryName":"United Arab Emirates"},{"cityName":"Al Muraqqabat","countryName":"United Arab Emirates"},{"cityName":"Ar Riqqah Sharq","countryName":"United Arab Emirates"},{"cityName":"Riqqah al Butayn","countryName":"United Arab Emirates"},{"cityName":"Bur Sa`id","countryName":"United Arab Emirates"},{"cityName":"Nayf","countryName":"United Arab Emirates"},{"cityName":"As Sabkhah","countryName":"United Arab Emirates"},{"cityName":"Ash Shamal","countryName":"United Arab Emirates"},{"cityName":"Ad Daghayah","countryName":"United Arab Emirates"},{"cityName":"`Ayal Nasir","countryName":"United Arab Emirates"},{"cityName":"Al Murar al Qadim","countryName":"United Arab Emirates"},{"cityName":"Al Murar al Jadid","countryName":"United Arab Emirates"},{"cityName":"An Nakhl","countryName":"United Arab Emirates"},{"cityName":"Ar Riqqah Gharb","countryName":"United Arab Emirates"},{"cityName":"Ar Riqqah","countryName":"United Arab Emirates"},{"cityName":"Hamriyah Dubayy","countryName":"United Arab Emirates"},{"cityName":"Al Baharnah","countryName":"United Arab Emirates"},{"cityName":"Tawi as Saygh","countryName":"United Arab Emirates"},{"cityName":"Al `Usbij","countryName":"United Arab Emirates"},{"cityName":"Ma`sharat al Baharnah","countryName":"United Arab Emirates"},{"cityName":"Umm Hurayr","countryName":"United Arab Emirates"},{"cityName":"Ar Rifa`ah","countryName":"United Arab Emirates"},{"cityName":"Al Balush","countryName":"United Arab Emirates"},{"cityName":"Ras Dibba","countryName":"United Arab Emirates"},{"cityName":"Biyatah","countryName":"United Arab Emirates"},{"cityName":"Al Khawanij","countryName":"United Arab Emirates"},{"cityName":"Jaddaf","countryName":"United Arab Emirates"},{"cityName":"Al Butin","countryName":"United Arab Emirates"},{"cityName":"Ras al Khor","countryName":"United Arab Emirates"},{"cityName":"Al Warqaa","countryName":"United Arab Emirates"},{"cityName":"International City","countryName":"United Arab Emirates"},{"cityName":"Dubailand","countryName":"United Arab Emirates"},{"cityName":"Academic City","countryName":"United Arab Emirates"},{"cityName":"Al Marqadh","countryName":"United Arab Emirates"},{"cityName":"Jebel Ali Village","countryName":"United Arab Emirates"},{"cityName":"Al Mina al Seyahi","countryName":"United Arab Emirates"},{"cityName":"Dubai Marina","countryName":"United Arab Emirates"},{"cityName":"Dubai Sports City","countryName":"United Arab Emirates"},{"cityName":"Dubai Media City","countryName":"United Arab Emirates"},{"cityName":"Dubai Internet City","countryName":"United Arab Emirates"},{"cityName":"Al Sufouh","countryName":"United Arab Emirates"},{"cityName":"Al Safa","countryName":"United Arab Emirates"},{"cityName":"Al Kifaf","countryName":"United Arab Emirates"},{"cityName":"Ar Rumaylah","countryName":"United Arab Emirates"},{"cityName":"As Sawan","countryName":"United Arab Emirates"},{"cityName":"Mushayrif","countryName":"United Arab Emirates"},{"cityName":"Mushayrif at Tijariyah","countryName":"United Arab Emirates"},{"cityName":"An Na`imiyah","countryName":"United Arab Emirates"},{"cityName":"Al Jurf","countryName":"United Arab Emirates"},{"cityName":"Al Muwayhat","countryName":"United Arab Emirates"},{"cityName":"Az Zawra'","countryName":"United Arab Emirates"},{"cityName":"Al Hilyu","countryName":"United Arab Emirates"},{"cityName":"Al Majaz 1","countryName":"United Arab Emirates"},{"cityName":"Al Majaz 2","countryName":"United Arab Emirates"},{"cityName":"Al Majaz 3","countryName":"United Arab Emirates"},{"cityName":"Abu Shagara","countryName":"United Arab Emirates"},{"cityName":"Al Bu Deniq","countryName":"United Arab Emirates"},{"cityName":"Al Mussalla","countryName":"United Arab Emirates"},{"cityName":"Al Soor","countryName":"United Arab Emirates"},{"cityName":"Dasman","countryName":"United Arab Emirates"},{"cityName":"Al Abar","countryName":"United Arab Emirates"},{"cityName":"Al Khezammia","countryName":"United Arab Emirates"},{"cityName":"Al Shahba","countryName":"United Arab Emirates"},{"cityName":"Al Darari","countryName":"United Arab Emirates"},{"cityName":"Al Tala'a","countryName":"United Arab Emirates"},{"cityName":"Al Ghaphia","countryName":"United Arab Emirates"},{"cityName":"Al Ezra","countryName":"United Arab Emirates"},{"cityName":"Al Homah","countryName":"United Arab Emirates"},{"cityName":"Al Mansura","countryName":"United Arab Emirates"},{"cityName":"Al Qadasia","countryName":"United Arab Emirates"},{"cityName":"Sharqan","countryName":"United Arab Emirates"},{"cityName":"Al Fisht","countryName":"United Arab Emirates"},{"cityName":"Al Rifa'ah","countryName":"United Arab Emirates"},{"cityName":"Al Seef","countryName":"United Arab Emirates"},{"cityName":"Al Gulayaa","countryName":"United Arab Emirates"},{"cityName":"Bu Tina","countryName":"United Arab Emirates"},{"cityName":"Al Nabba'a","countryName":"United Arab Emirates"},{"cityName":"Al Mujarrah","countryName":"United Arab Emirates"},{"cityName":"Al Merraija","countryName":"United Arab Emirates"},{"cityName":"Al Sheyoukh","countryName":"United Arab Emirates"},{"cityName":"Al Juhail","countryName":"United Arab Emirates"},{"cityName":"Al Soor Square","countryName":"United Arab Emirates"},{"cityName":"King Faisal Square","countryName":"United Arab Emirates"},{"cityName":"Mowaileh Commercial","countryName":"United Arab Emirates"},{"cityName":"Mowaileh Camp","countryName":"United Arab Emirates"},{"cityName":"University City","countryName":"United Arab Emirates"},{"cityName":"Al Juraina","countryName":"United Arab Emirates"},{"cityName":"Al Rifa'a","countryName":"United Arab Emirates"},{"cityName":"Al Tarrfah","countryName":"United Arab Emirates"},{"cityName":"Al Noaf","countryName":"United Arab Emirates"},{"cityName":"Al Qarrayen","countryName":"United Arab Emirates"},{"cityName":"Al Hoashi","countryName":"United Arab Emirates"},{"cityName":"Basteen Falah","countryName":"United Arab Emirates"}]