[{"cityName":"Vele","countryName":"Wallis and Futuna","localeCode":"en","districtName":""},{"cityName":"Vaitupu","countryName":"Wallis and Futuna","localeCode":"en","districtName":""},{"cityName":"Vaimatau","countryName":"Wallis and Futuna","localeCode":"en","districtName":""},{"cityName":"Vailala","countryName":"Wallis and Futuna","localeCode":"en","districtName":""},{"cityName":"Utuloa","countryName":"Wallis and Futuna","localeCode":"en","districtName":""},{"cityName":"Utufua","countryName":"Wallis and Futuna","localeCode":"en","districtName":""},{"cityName":"Tufuone","countryName":"Wallis and Futuna","localeCode":"en","districtName":""},{"cityName":"Tepa","countryName":"Wallis and Futuna","localeCode":"en","districtName":""},{"cityName":"Teesi","countryName":"Wallis and Futuna","localeCode":"en","districtName":""},{"cityName":"Tauai","countryName":"Wallis and Futuna","localeCode":"en","districtName":""},{"cityName":"Sigave","countryName":"Wallis and Futuna","localeCode":"en","districtName":""},{"cityName":"Mua","countryName":"Wallis and Futuna","localeCode":"en","districtName":""},{"cityName":"Mata-Utu","countryName":"Wallis and Futuna","localeCode":"en","districtName":""},{"cityName":"Liku","countryName":"Wallis and Futuna","localeCode":"en","districtName":""},{"cityName":"Lano","countryName":"Wallis and Futuna","localeCode":"en","districtName":""},{"cityName":"Kolopopo","countryName":"Wallis and Futuna","localeCode":"en","districtName":""},{"cityName":"Kolia","countryName":"Wallis and Futuna","localeCode":"en","districtName":""},{"cityName":"Halamaitai","countryName":"Wallis and Futuna","localeCode":"en","districtName":""},{"cityName":"Halalo","countryName":"Wallis and Futuna","localeCode":"en","districtName":""},{"cityName":"Haatofo","countryName":"Wallis and Futuna","localeCode":"en","districtName":""},{"cityName":"Haafusia","countryName":"Wallis and Futuna","localeCode":"en","districtName":""},{"cityName":"Gamua","countryName":"Wallis and Futuna","localeCode":"en","districtName":""},{"cityName":"Gahi","countryName":"Wallis and Futuna","localeCode":"en","districtName":""},{"cityName":"Foi","countryName":"Wallis and Futuna","localeCode":"en","districtName":""},{"cityName":"Fineveke","countryName":"Wallis and Futuna","localeCode":"en","districtName":""},{"cityName":"Falaleu","countryName":"Wallis and Futuna","localeCode":"en","districtName":""},{"cityName":"Fakauita","countryName":"Wallis and Futuna","localeCode":"en","districtName":""},{"cityName":"Alo","countryName":"Wallis and Futuna","localeCode":"en","districtName":""},{"cityName":"Alele","countryName":"Wallis and Futuna","localeCode":"en","districtName":""},{"cityName":"Akaka","countryName":"Wallis and Futuna","localeCode":"en","districtName":""},{"cityName":"Ahoa","countryName":"Wallis and Futuna","localeCode":"en","districtName":""}]