[{"cityName":"Echdeiria","countryName":"Western Sahara","localeCode":"en","districtName":""},{"cityName":"Zug","countryName":"Western Sahara","localeCode":"en","districtName":""},{"cityName":"Tifariti","countryName":"Western Sahara","localeCode":"en","districtName":""},{"cityName":"Tichla","countryName":"Western Sahara","localeCode":"en","districtName":""},{"cityName":"Smara","countryName":"Western Sahara","localeCode":"en","districtName":""},{"cityName":"Laayoune Plage","countryName":"Western Sahara","localeCode":"en","districtName":""},{"cityName":"Oum Dreyga","countryName":"Western Sahara","localeCode":"en","districtName":""},{"cityName":"Metmarfag","countryName":"Western Sahara","localeCode":"en","districtName":""},{"cityName":"Mahbes","countryName":"Western Sahara","localeCode":"en","districtName":""},{"cityName":"Lemsid","countryName":"Western Sahara","localeCode":"en","districtName":""},{"cityName":"Piedra del Kaisser","countryName":"Western Sahara","localeCode":"en","districtName":""},{"cityName":"Jcheibi el Gardeg","countryName":"Western Sahara","localeCode":"en","districtName":""},{"cityName":"Samlat el Hafad","countryName":"Western Sahara","localeCode":"en","districtName":""},{"cityName":"Uad Guenifa","countryName":"Western Sahara","localeCode":"en","districtName":""},{"cityName":"Guelta Zemmur","countryName":"Western Sahara","localeCode":"en","districtName":""},{"cityName":"Hasi el Fauuar","countryName":"Western Sahara","localeCode":"en","districtName":""},{"cityName":"El Aargub","countryName":"Western Sahara","localeCode":"en","districtName":""},{"cityName":"Laayoune / El Aaiun","countryName":"Western Sahara","localeCode":"en","districtName":""},{"cityName":"Edchera","countryName":"Western Sahara","localeCode":"en","districtName":""},{"cityName":"Ad Dchira","countryName":"Western Sahara","localeCode":"en","districtName":""},{"cityName":"Uad Damran","countryName":"Western Sahara","localeCode":"en","districtName":""},{"cityName":"Hasi Chor","countryName":"Western Sahara","localeCode":"en","districtName":""},{"cityName":"Cabo Bojador","countryName":"Western Sahara","localeCode":"en","districtName":""},{"cityName":"Bu Craa","countryName":"Western Sahara","localeCode":"en","districtName":""},{"cityName":"Bir Gundus","countryName":"Western Sahara","localeCode":"en","districtName":""},{"cityName":"Bir Gandus","countryName":"Western Sahara","localeCode":"en","districtName":""},{"cityName":"Bir Anzarane","countryName":"Western Sahara","localeCode":"en","districtName":""},{"cityName":"Ausert","countryName":"Western Sahara","localeCode":"en","districtName":""},{"cityName":"Amseisat Saccum","countryName":"Western Sahara","localeCode":"en","districtName":""},{"cityName":"Aguenit","countryName":"Western Sahara","localeCode":"en","districtName":""},{"cityName":"Ad Dakhla","countryName":"Western Sahara","localeCode":"en","districtName":""},{"cityName":"Sdar","countryName":"Western Sahara","localeCode":"en","districtName":""},{"cityName":"Itmlily","countryName":"Western Sahara","localeCode":"en","districtName":""},{"cityName":"Mijek","countryName":"Western Sahara","localeCode":"en","districtName":""},{"cityName":"Oum Tlayha","countryName":"Western Sahara","localeCode":"en","districtName":""}]